InvoiceID,Date,CustomerID,CustomerCategory,CustomerState,CoffeeOrigin,Quantity_lbs,UnitPrice,COGS_per_unit,Sales,TotalCOGS,GrossMargin
INV-10001,2023-12-20,CUST-751,Wholesale,FL,Vietnam,40,17.56,11.27,702.4,450.8,251.6
INV-10002,2023-04-04,CUST-234,Wholesale,NY,Costa Rica,186,16.75,11.04,3115.5,2053.44,1062.06
INV-10003,2023-05-06,CUST-386,Wholesale,WA,Colombia,26,21.08,9.37,548.08,243.62,304.46
INV-10004,2023-08-11,CUST-842,Retail,CA,Costa Rica,24,18.64,10.1,447.36,242.4,204.96
INV-10005,2023-01-04,CUST-632,Retail,NY,Costa Rica,12,27.14,12.98,325.68,155.76,169.92
INV-10006,2023-06-13,CUST-732,Wholesale,CA,Brazil,401,22.61,15.19,9066.61,6091.19,2975.42
INV-10007,2023-12-30,CUST-135,Wholesale,IL,Guatemala,328,28.63,14.4,9390.64,4723.2,4667.44
INV-10008,2023-06-15,CUST-447,Retail,CA,Costa Rica,13,20.57,13.99,267.41,181.87,85.54
INV-10009,2023-01-04,CUST-887,Retail,FL,Vietnam,15,18.28,9.53,274.2,142.95,131.25
INV-10010,2023-09-12,CUST-822,Wholesale,NY,Vietnam,392,25.33,15.75,9929.36,6174.0,3755.36
INV-10011,2023-10-02,CUST-197,Online,IL,Colombia,45,25.94,10.7,1167.3,481.5,685.8
INV-10012,2023-08-15,CUST-241,Retail,FL,Vietnam,19,27.6,15.67,524.4,297.73,226.67
INV-10013,2023-07-01,CUST-371,Online,FL,Ethiopia,27,27.69,11.29,747.63,304.83,442.8
INV-10014,2023-06-17,CUST-453,Online,NY,Guatemala,28,19.21,12.45,537.88,348.6,189.28
INV-10015,2023-07-04,CUST-945,Retail,FL,Guatemala,10,17.46,8.42,174.6,84.2,90.4
INV-10016,2023-12-19,CUST-809,Online,FL,Costa Rica,29,16.7,9.38,484.3,272.02,212.28
INV-10017,2023-09-17,CUST-134,Retail,NY,Costa Rica,13,19.0,9.79,247.0,127.27,119.73
INV-10018,2023-01-17,CUST-792,Retail,NY,Brazil,5,19.02,9.72,95.1,48.6,46.5
INV-10019,2023-12-17,CUST-281,Online,TX,Guatemala,12,29.08,16.97,348.96,203.64,145.32
INV-10020,2023-11-25,CUST-841,Retail,CA,Ethiopia,22,27.31,12.15,600.82,267.3,333.52
INV-10021,2023-09-30,CUST-513,Wholesale,CA,Ethiopia,375,17.62,11.56,6607.5,4335.0,2272.5
INV-10022,2023-12-02,CUST-917,Online,IL,Vietnam,41,27.44,12.52,1125.04,513.32,611.72
INV-10023,2023-11-17,CUST-966,Retail,WA,Vietnam,24,20.17,12.09,484.08,290.16,193.92
INV-10024,2023-12-27,CUST-855,Wholesale,TX,Costa Rica,256,22.54,14.84,5770.24,3799.04,1971.2
INV-10025,2023-03-15,CUST-229,Retail,WA,Guatemala,9,26.06,17.09,234.54,153.81,80.73
INV-10026,2023-08-13,CUST-920,Online,IL,Guatemala,13,28.26,18.04,367.38,234.52,132.86
INV-10027,2023-12-29,CUST-708,Retail,IL,Vietnam,17,16.87,9.97,286.79,169.49,117.3
INV-10028,2023-05-21,CUST-646,Online,TX,Costa Rica,2,25.41,13.09,50.82,26.18,24.64
INV-10029,2023-04-14,CUST-508,Retail,IL,Ethiopia,32,25.54,12.61,817.28,403.52,413.76
INV-10030,2023-04-25,CUST-371,Retail,FL,Costa Rica,20,23.16,9.32,463.2,186.4,276.8
INV-10031,2023-10-26,CUST-694,Online,NY,Colombia,21,27.05,15.36,568.05,322.56,245.49
INV-10032,2023-11-13,CUST-857,Online,CA,Costa Rica,1,15.49,6.96,15.49,6.96,8.53
INV-10033,2023-08-31,CUST-139,Retail,WA,Brazil,21,29.66,15.99,622.86,335.79,287.07
INV-10034,2023-03-03,CUST-520,Retail,WA,Guatemala,16,24.96,13.48,399.36,215.68,183.68
INV-10035,2023-09-10,CUST-313,Retail,WA,Colombia,1,26.49,15.05,26.49,15.05,11.44
INV-10036,2023-06-29,CUST-797,Online,FL,Costa Rica,40,17.99,9.22,719.6,368.8,350.8
INV-10037,2023-06-08,CUST-450,Wholesale,TX,Colombia,107,25.78,13.5,2758.46,1444.5,1313.96
INV-10038,2023-02-25,CUST-691,Wholesale,NY,Vietnam,187,23.37,11.99,4370.19,2242.13,2128.06
INV-10039,2023-03-02,CUST-523,Online,IL,Colombia,5,24.82,15.0,124.1,75.0,49.1
INV-10040,2023-08-15,CUST-851,Online,IL,Vietnam,44,16.1,7.4,708.4,325.6,382.8
INV-10041,2023-02-27,CUST-192,Online,TX,Guatemala,24,26.89,11.75,645.36,282.0,363.36
INV-10042,2023-11-30,CUST-358,Retail,CA,Colombia,29,17.64,11.41,511.56,330.89,180.67
INV-10043,2023-07-17,CUST-335,Wholesale,TX,Brazil,375,22.02,9.98,8257.5,3742.5,4515.0
INV-10044,2023-03-18,CUST-463,Retail,TX,Brazil,16,18.44,9.72,295.04,155.52,139.52
INV-10045,2023-09-19,CUST-823,Retail,TX,Vietnam,43,23.24,11.01,999.32,473.43,525.89
INV-10046,2023-04-17,CUST-915,Wholesale,FL,Costa Rica,435,22.78,10.71,9909.3,4658.85,5250.45
INV-10047,2023-01-24,CUST-320,Retail,TX,Guatemala,31,27.17,17.65,842.27,547.15,295.12
INV-10048,2023-01-25,CUST-565,Online,TX,Ethiopia,5,23.0,15.53,115.0,77.65,37.35
INV-10049,2023-03-23,CUST-695,Retail,CA,Costa Rica,49,17.94,11.63,879.06,569.87,309.19
INV-10050,2023-11-04,CUST-332,Online,WA,Guatemala,42,17.83,9.67,748.86,406.14,342.72
INV-10051,2023-10-26,CUST-597,Online,TX,Colombia,9,29.11,18.96,261.99,170.64,91.35
INV-10052,2023-07-07,CUST-138,Retail,IL,Brazil,26,20.06,10.17,521.56,264.42,257.14
INV-10053,2023-11-03,CUST-604,Retail,NY,Vietnam,36,17.01,8.66,612.36,311.76,300.6
INV-10054,2023-10-08,CUST-469,Wholesale,FL,Costa Rica,366,27.03,14.24,9892.98,5211.84,4681.14
INV-10055,2023-12-11,CUST-395,Wholesale,WA,Colombia,423,20.7,11.58,8756.1,4898.34,3857.76
INV-10056,2023-01-15,CUST-962,Retail,NY,Vietnam,15,25.47,16.09,382.05,241.35,140.7
INV-10057,2023-04-02,CUST-270,Retail,IL,Costa Rica,45,20.61,8.53,927.45,383.85,543.6
INV-10058,2023-09-27,CUST-874,Online,WA,Vietnam,21,15.48,9.25,325.08,194.25,130.83
INV-10059,2023-04-20,CUST-826,Retail,WA,Guatemala,13,19.91,11.2,258.83,145.6,113.23
INV-10060,2023-08-01,CUST-165,Retail,WA,Brazil,45,29.5,14.85,1327.5,668.25,659.25
INV-10061,2023-01-13,CUST-603,Wholesale,FL,Guatemala,319,29.08,13.18,9276.52,4204.42,5072.1
INV-10062,2023-08-21,CUST-673,Online,WA,Ethiopia,2,28.48,17.69,56.96,35.38,21.58
INV-10063,2023-01-26,CUST-196,Online,IL,Costa Rica,47,26.24,12.98,1233.28,610.06,623.22
INV-10064,2023-09-28,CUST-745,Online,TX,Brazil,1,15.96,7.93,15.96,7.93,8.03
INV-10065,2023-12-27,CUST-140,Retail,NY,Vietnam,16,29.96,18.0,479.36,288.0,191.36
INV-10066,2023-05-06,CUST-863,Retail,TX,Guatemala,50,21.78,14.38,1089.0,719.0,370.0
INV-10067,2023-01-13,CUST-405,Wholesale,TX,Colombia,16,19.88,8.24,318.08,131.84,186.24
INV-10068,2023-04-02,CUST-695,Retail,WA,Costa Rica,3,27.95,17.78,83.85,53.34,30.51
INV-10069,2023-10-27,CUST-135,Retail,WA,Brazil,20,23.94,9.58,478.8,191.6,287.2
INV-10070,2023-12-07,CUST-233,Wholesale,IL,Costa Rica,73,24.13,13.9,1761.49,1014.7,746.79
INV-10071,2023-08-07,CUST-987,Online,IL,Vietnam,24,26.49,15.69,635.76,376.56,259.2
INV-10072,2023-04-23,CUST-728,Wholesale,FL,Colombia,495,29.51,17.77,14607.45,8796.15,5811.3
INV-10073,2023-01-01,CUST-193,Wholesale,NY,Ethiopia,321,22.11,12.42,7097.31,3986.82,3110.49
INV-10074,2023-08-10,CUST-944,Retail,FL,Costa Rica,11,28.82,15.36,317.02,168.96,148.06
INV-10075,2023-08-01,CUST-346,Retail,FL,Ethiopia,27,22.11,9.81,596.97,264.87,332.1
INV-10076,2023-09-30,CUST-964,Online,IL,Brazil,11,19.83,8.02,218.13,88.22,129.91
INV-10077,2023-02-19,CUST-943,Online,WA,Colombia,42,26.43,16.74,1110.06,703.08,406.98
INV-10078,2023-04-16,CUST-309,Retail,WA,Brazil,31,29.07,17.78,901.17,551.18,349.99
INV-10079,2023-01-16,CUST-597,Wholesale,WA,Guatemala,297,23.17,11.88,6881.49,3528.36,3353.13
INV-10080,2023-07-23,CUST-537,Wholesale,WA,Costa Rica,244,22.81,9.7,5565.64,2366.8,3198.84
INV-10081,2023-09-09,CUST-312,Wholesale,NY,Brazil,492,18.47,10.81,9087.24,5318.52,3768.72
INV-10082,2023-12-18,CUST-831,Online,TX,Costa Rica,47,16.83,11.28,791.01,530.16,260.85
INV-10083,2023-07-15,CUST-396,Online,FL,Brazil,21,21.75,13.16,456.75,276.36,180.39
INV-10084,2023-07-09,CUST-938,Online,NY,Ethiopia,29,26.86,11.65,778.94,337.85,441.09
INV-10085,2023-01-05,CUST-300,Online,TX,Brazil,38,22.2,10.04,843.6,381.52,462.08
INV-10086,2023-09-14,CUST-623,Retail,FL,Guatemala,7,24.24,15.08,169.68,105.56,64.12
INV-10087,2023-08-18,CUST-196,Wholesale,TX,Guatemala,49,17.46,11.11,855.54,544.39,311.15
INV-10088,2023-06-26,CUST-119,Retail,WA,Ethiopia,50,18.28,12.48,914.0,624.0,290.0
INV-10089,2023-10-29,CUST-158,Retail,TX,Guatemala,47,18.49,10.79,869.03,507.13,361.9
INV-10090,2023-05-31,CUST-238,Retail,IL,Guatemala,31,23.85,15.46,739.35,479.26,260.09
INV-10091,2023-12-13,CUST-872,Wholesale,TX,Costa Rica,142,22.64,11.44,3214.88,1624.48,1590.4
INV-10092,2023-12-24,CUST-787,Wholesale,IL,Costa Rica,31,16.68,10.04,517.08,311.24,205.84
INV-10093,2023-06-04,CUST-362,Retail,IL,Guatemala,28,15.76,7.54,441.28,211.12,230.16
INV-10094,2023-05-31,CUST-634,Online,NY,Colombia,34,17.6,8.76,598.4,297.84,300.56
INV-10095,2023-02-27,CUST-441,Online,TX,Colombia,19,15.54,7.68,295.26,145.92,149.34
INV-10096,2023-02-23,CUST-642,Retail,WA,Vietnam,44,19.72,12.35,867.68,543.4,324.28
INV-10097,2023-02-07,CUST-364,Wholesale,NY,Vietnam,308,19.82,12.05,6104.56,3711.4,2393.16
INV-10098,2023-12-12,CUST-451,Online,TX,Colombia,47,26.16,13.16,1229.52,618.52,611.0
INV-10099,2023-05-08,CUST-698,Wholesale,WA,Ethiopia,137,25.12,12.74,3441.44,1745.38,1696.06
INV-10100,2023-09-15,CUST-270,Wholesale,FL,Colombia,409,15.52,8.29,6347.68,3390.61,2957.07
INV-10101,2023-02-13,CUST-591,Online,FL,Brazil,21,16.31,11.12,342.51,233.52,108.99
INV-10102,2023-03-07,CUST-155,Wholesale,IL,Costa Rica,377,15.54,6.99,5858.58,2635.23,3223.35
INV-10103,2023-02-26,CUST-509,Online,FL,Brazil,47,29.73,12.68,1397.31,595.96,801.35
INV-10104,2023-12-27,CUST-430,Retail,TX,Brazil,8,29.71,15.1,237.68,120.8,116.88
INV-10105,2023-01-22,CUST-804,Wholesale,NY,Colombia,61,27.4,18.29,1671.4,1115.69,555.71
INV-10106,2023-10-14,CUST-925,Wholesale,IL,Vietnam,112,23.2,15.98,2598.4,1789.76,808.64
INV-10107,2023-08-16,CUST-441,Online,WA,Guatemala,47,22.73,13.39,1068.31,629.33,438.98
INV-10108,2023-05-05,CUST-605,Online,NY,Vietnam,16,20.18,8.34,322.88,133.44,189.44
INV-10109,2023-11-15,CUST-592,Retail,NY,Ethiopia,45,25.88,14.88,1164.6,669.6,495.0
INV-10110,2023-01-21,CUST-541,Wholesale,CA,Ethiopia,142,20.57,10.18,2920.94,1445.56,1475.38
INV-10111,2023-11-08,CUST-584,Retail,FL,Guatemala,33,27.24,14.59,898.92,481.47,417.45
INV-10112,2023-12-08,CUST-591,Online,CA,Vietnam,4,26.45,12.85,105.8,51.4,54.4
INV-10113,2023-12-30,CUST-991,Retail,FL,Brazil,25,17.41,7.42,435.25,185.5,249.75
INV-10114,2023-04-02,CUST-473,Retail,CA,Brazil,46,24.32,15.93,1118.72,732.78,385.94
INV-10115,2023-03-10,CUST-112,Online,NY,Guatemala,47,25.94,15.88,1219.18,746.36,472.82
INV-10116,2023-07-13,CUST-352,Online,TX,Brazil,25,29.82,20.74,745.5,518.5,227.0
INV-10117,2023-03-20,CUST-655,Retail,CA,Ethiopia,10,20.07,12.71,200.7,127.1,73.6
INV-10118,2023-04-08,CUST-759,Retail,NY,Colombia,45,24.86,10.13,1118.7,455.85,662.85
INV-10119,2023-12-17,CUST-157,Online,WA,Vietnam,17,19.96,9.22,339.32,156.74,182.58
INV-10120,2023-11-24,CUST-506,Online,NY,Brazil,44,27.91,18.54,1228.04,815.76,412.28
INV-10121,2023-04-01,CUST-200,Online,CA,Brazil,23,26.97,13.52,620.31,310.96,309.35
INV-10122,2023-02-09,CUST-172,Wholesale,CA,Ethiopia,49,19.91,9.85,975.59,482.65,492.94
INV-10123,2023-08-14,CUST-317,Retail,FL,Brazil,16,21.85,11.64,349.6,186.24,163.36
INV-10124,2023-06-27,CUST-471,Retail,TX,Guatemala,49,16.66,7.27,816.34,356.23,460.11
INV-10125,2023-04-10,CUST-819,Online,WA,Ethiopia,16,15.03,8.32,240.48,133.12,107.36
INV-10126,2023-05-25,CUST-778,Wholesale,WA,Brazil,214,15.37,9.8,3289.18,2097.2,1191.98
INV-10127,2023-03-24,CUST-487,Online,WA,Costa Rica,34,16.31,7.81,554.54,265.54,289.0
INV-10128,2023-03-09,CUST-111,Retail,WA,Vietnam,30,19.66,11.92,589.8,357.6,232.2
INV-10129,2023-06-02,CUST-403,Retail,TX,Guatemala,31,18.08,11.51,560.48,356.81,203.67
INV-10130,2023-04-10,CUST-763,Wholesale,FL,Costa Rica,210,26.36,15.47,5535.6,3248.7,2286.9
INV-10131,2023-05-08,CUST-319,Wholesale,TX,Guatemala,215,20.43,12.28,4392.45,2640.2,1752.25
INV-10132,2023-08-05,CUST-469,Online,WA,Guatemala,7,20.68,9.67,144.76,67.69,77.07
INV-10133,2023-12-29,CUST-324,Wholesale,CA,Costa Rica,484,25.37,14.69,12279.08,7109.96,5169.12
INV-10134,2023-11-05,CUST-864,Online,TX,Costa Rica,31,24.68,11.16,765.08,345.96,419.12
INV-10135,2023-02-20,CUST-874,Online,FL,Brazil,30,20.78,9.09,623.4,272.7,350.7
INV-10136,2023-10-14,CUST-289,Wholesale,TX,Brazil,396,20.82,13.91,8244.72,5508.36,2736.36
INV-10137,2023-07-13,CUST-697,Online,CA,Colombia,20,16.98,11.1,339.6,222.0,117.6
INV-10138,2023-04-29,CUST-204,Online,CA,Ethiopia,11,29.75,16.77,327.25,184.47,142.78
INV-10139,2023-04-17,CUST-908,Retail,CA,Colombia,35,23.21,13.5,812.35,472.5,339.85
INV-10140,2023-01-21,CUST-905,Online,WA,Costa Rica,28,28.48,19.8,797.44,554.4,243.04
INV-10141,2023-05-25,CUST-246,Online,CA,Costa Rica,43,22.05,12.24,948.15,526.32,421.83
INV-10142,2023-11-09,CUST-843,Online,WA,Colombia,26,23.35,15.9,607.1,413.4,193.7
INV-10143,2023-04-03,CUST-792,Retail,CA,Guatemala,17,15.14,7.64,257.38,129.88,127.5
INV-10144,2023-10-11,CUST-440,Retail,NY,Vietnam,31,20.33,10.22,630.23,316.82,313.41
INV-10145,2023-06-15,CUST-353,Online,NY,Ethiopia,16,26.78,17.63,428.48,282.08,146.4
INV-10146,2023-05-27,CUST-414,Wholesale,IL,Vietnam,348,19.75,11.05,6873.0,3845.4,3027.6
INV-10147,2023-12-11,CUST-173,Retail,TX,Ethiopia,13,17.18,11.34,223.34,147.42,75.92
INV-10148,2023-01-02,CUST-358,Retail,NY,Brazil,40,18.71,9.29,748.4,371.6,376.8
INV-10149,2023-07-23,CUST-306,Wholesale,WA,Brazil,123,29.2,15.07,3591.6,1853.61,1737.99
INV-10150,2023-06-23,CUST-186,Wholesale,NY,Vietnam,34,26.54,17.1,902.36,581.4,320.96
INV-10151,2023-08-13,CUST-449,Online,WA,Vietnam,11,19.16,10.52,210.76,115.72,95.04
INV-10152,2023-06-25,CUST-305,Online,NY,Ethiopia,16,24.13,9.73,386.08,155.68,230.4
INV-10153,2023-10-29,CUST-835,Wholesale,IL,Ethiopia,341,29.22,12.3,9964.02,4194.3,5769.72
INV-10154,2023-06-13,CUST-286,Wholesale,NY,Colombia,236,28.5,11.76,6726.0,2775.36,3950.64
INV-10155,2023-07-02,CUST-693,Retail,IL,Ethiopia,7,23.17,10.96,162.19,76.72,85.47
INV-10156,2023-07-01,CUST-395,Wholesale,IL,Ethiopia,409,20.47,14.14,8372.23,5783.26,2588.97
INV-10157,2023-06-10,CUST-727,Wholesale,NY,Brazil,218,22.77,10.05,4963.86,2190.9,2772.96
INV-10158,2023-06-16,CUST-691,Online,FL,Costa Rica,20,25.75,12.99,515.0,259.8,255.2
INV-10159,2023-07-08,CUST-176,Wholesale,FL,Costa Rica,73,25.51,15.89,1862.23,1159.97,702.26
INV-10160,2023-03-25,CUST-195,Online,FL,Guatemala,49,25.19,17.03,1234.31,834.47,399.84
INV-10161,2023-08-30,CUST-998,Retail,FL,Vietnam,36,24.35,13.91,876.6,500.76,375.84
INV-10162,2023-05-26,CUST-471,Retail,WA,Ethiopia,25,27.11,11.34,677.75,283.5,394.25
INV-10163,2023-10-09,CUST-773,Online,NY,Ethiopia,15,16.95,8.81,254.25,132.15,122.1
INV-10164,2023-10-22,CUST-773,Online,IL,Brazil,41,22.8,15.41,934.8,631.81,302.99
INV-10165,2023-07-19,CUST-208,Online,WA,Brazil,38,19.83,11.02,753.54,418.76,334.78
INV-10166,2023-01-18,CUST-137,Retail,WA,Ethiopia,23,15.09,6.77,347.07,155.71,191.36
INV-10167,2023-10-01,CUST-387,Online,NY,Colombia,1,17.58,8.99,17.58,8.99,8.59
INV-10168,2023-08-02,CUST-599,Retail,FL,Ethiopia,12,21.46,11.44,257.52,137.28,120.24
INV-10169,2023-07-22,CUST-666,Retail,NY,Guatemala,40,25.6,17.12,1024.0,684.8,339.2
INV-10170,2023-04-07,CUST-430,Wholesale,CA,Guatemala,409,15.61,10.4,6384.49,4253.6,2130.89
INV-10171,2023-03-16,CUST-516,Retail,FL,Guatemala,2,23.91,12.27,47.82,24.54,23.28
INV-10172,2023-11-10,CUST-959,Online,FL,Guatemala,7,21.51,13.7,150.57,95.9,54.67
INV-10173,2023-12-17,CUST-676,Online,TX,Brazil,12,17.44,11.33,209.28,135.96,73.32
INV-10174,2023-10-18,CUST-448,Online,FL,Ethiopia,45,23.32,11.89,1049.4,535.05,514.35
INV-10175,2023-07-19,CUST-454,Retail,IL,Vietnam,22,19.3,9.47,424.6,208.34,216.26
INV-10176,2023-03-25,CUST-132,Wholesale,IL,Guatemala,479,15.69,8.44,7515.51,4042.76,3472.75
INV-10177,2023-03-15,CUST-390,Wholesale,FL,Vietnam,461,17.33,8.31,7989.13,3830.91,4158.22
INV-10178,2023-08-21,CUST-490,Retail,CA,Vietnam,6,29.2,19.16,175.2,114.96,60.24
INV-10179,2023-09-26,CUST-504,Wholesale,IL,Costa Rica,174,22.52,14.92,3918.48,2596.08,1322.4
INV-10180,2023-11-01,CUST-279,Retail,NY,Colombia,3,16.36,7.33,49.08,21.99,27.09
INV-10181,2023-07-25,CUST-570,Online,FL,Brazil,9,25.96,15.45,233.64,139.05,94.59
INV-10182,2023-11-28,CUST-304,Online,FL,Ethiopia,20,24.61,16.25,492.2,325.0,167.2
INV-10183,2023-03-30,CUST-826,Wholesale,TX,Colombia,163,27.69,13.22,4513.47,2154.86,2358.61
INV-10184,2023-12-25,CUST-128,Online,IL,Colombia,7,28.15,16.69,197.05,116.83,80.22
INV-10185,2023-08-31,CUST-636,Online,NY,Brazil,18,16.99,9.62,305.82,173.16,132.66
INV-10186,2023-08-11,CUST-645,Wholesale,IL,Costa Rica,397,27.64,16.2,10973.08,6431.4,4541.68
INV-10187,2023-01-27,CUST-118,Wholesale,FL,Brazil,142,16.72,11.65,2374.24,1654.3,719.94
INV-10188,2023-04-21,CUST-335,Retail,TX,Vietnam,16,18.45,10.19,295.2,163.04,132.16
INV-10189,2023-09-09,CUST-303,Retail,NY,Brazil,3,21.58,8.99,64.74,26.97,37.77
INV-10190,2023-12-01,CUST-232,Wholesale,FL,Brazil,46,22.91,10.71,1053.86,492.66,561.2
INV-10191,2023-04-11,CUST-216,Retail,NY,Colombia,12,20.1,11.73,241.2,140.76,100.44
INV-10192,2023-08-24,CUST-249,Wholesale,NY,Vietnam,362,29.48,14.4,10671.76,5212.8,5458.96
INV-10193,2023-10-28,CUST-774,Wholesale,WA,Costa Rica,140,15.69,9.57,2196.6,1339.8,856.8
INV-10194,2023-01-25,CUST-589,Retail,WA,Costa Rica,22,24.46,11.74,538.12,258.28,279.84
INV-10195,2023-11-02,CUST-321,Retail,FL,Ethiopia,40,19.74,13.07,789.6,522.8,266.8
INV-10196,2023-05-27,CUST-476,Retail,IL,Costa Rica,14,28.48,14.33,398.72,200.62,198.1
INV-10197,2023-12-29,CUST-511,Wholesale,FL,Brazil,345,16.22,7.65,5595.9,2639.25,2956.65
INV-10198,2023-10-26,CUST-637,Online,NY,Brazil,19,16.48,8.11,313.12,154.09,159.03
INV-10199,2023-05-18,CUST-158,Wholesale,FL,Costa Rica,147,27.01,13.1,3970.47,1925.7,2044.77
INV-10200,2023-02-08,CUST-275,Retail,IL,Guatemala,48,23.41,15.91,1123.68,763.68,360.0
INV-10201,2023-12-10,CUST-110,Wholesale,NY,Brazil,445,27.16,15.96,12086.2,7102.2,4984.0
INV-10202,2023-07-07,CUST-126,Online,NY,Vietnam,31,19.44,11.37,602.64,352.47,250.17
INV-10203,2023-04-18,CUST-928,Online,CA,Vietnam,8,25.62,11.97,204.96,95.76,109.2
INV-10204,2023-02-24,CUST-942,Retail,WA,Colombia,40,25.99,10.72,1039.6,428.8,610.8
INV-10205,2023-05-06,CUST-537,Wholesale,WA,Guatemala,492,24.69,13.83,12147.48,6804.36,5343.12
INV-10206,2023-09-15,CUST-509,Online,IL,Brazil,18,27.83,16.93,500.94,304.74,196.2
INV-10207,2023-03-06,CUST-817,Wholesale,CA,Ethiopia,265,21.08,8.59,5586.2,2276.35,3309.85
INV-10208,2023-11-23,CUST-805,Online,NY,Brazil,20,21.28,11.81,425.6,236.2,189.4
INV-10209,2023-05-05,CUST-834,Retail,IL,Vietnam,7,23.91,11.22,167.37,78.54,88.83
INV-10210,2023-10-02,CUST-226,Online,TX,Colombia,33,19.08,7.82,629.64,258.06,371.58
INV-10211,2023-08-16,CUST-473,Wholesale,NY,Costa Rica,253,18.72,12.89,4736.16,3261.17,1474.99
INV-10212,2023-08-06,CUST-434,Wholesale,CA,Ethiopia,337,25.65,16.3,8644.05,5493.1,3150.95
INV-10213,2023-12-23,CUST-522,Online,FL,Brazil,16,21.79,13.56,348.64,216.96,131.68
INV-10214,2023-08-04,CUST-399,Wholesale,IL,Colombia,197,25.71,10.91,5064.87,2149.27,2915.6
INV-10215,2023-01-16,CUST-895,Online,NY,Vietnam,24,25.02,11.93,600.48,286.32,314.16
INV-10216,2023-09-20,CUST-191,Online,IL,Brazil,45,24.76,14.81,1114.2,666.45,447.75
INV-10217,2023-08-03,CUST-975,Retail,CA,Vietnam,35,23.02,13.81,805.7,483.35,322.35
INV-10218,2023-05-24,CUST-638,Retail,NY,Ethiopia,27,29.09,13.14,785.43,354.78,430.65
INV-10219,2023-01-26,CUST-241,Retail,FL,Colombia,30,26.36,16.49,790.8,494.7,296.1
INV-10220,2023-11-10,CUST-547,Retail,IL,Colombia,2,19.17,10.24,38.34,20.48,17.86
INV-10221,2023-09-02,CUST-650,Retail,IL,Colombia,47,16.3,9.84,766.1,462.48,303.62
INV-10222,2023-06-26,CUST-351,Wholesale,WA,Brazil,480,22.02,14.11,10569.6,6772.8,3796.8
INV-10223,2023-11-22,CUST-203,Online,WA,Colombia,13,21.34,10.55,277.42,137.15,140.27
INV-10224,2023-08-30,CUST-131,Retail,WA,Vietnam,6,17.31,8.47,103.86,50.82,53.04
INV-10225,2023-10-23,CUST-155,Retail,NY,Brazil,27,28.89,13.59,780.03,366.93,413.1
INV-10226,2023-07-25,CUST-258,Retail,WA,Ethiopia,25,22.25,9.43,556.25,235.75,320.5
INV-10227,2023-07-25,CUST-844,Online,TX,Brazil,20,22.17,12.62,443.4,252.4,191.0
INV-10228,2023-01-14,CUST-966,Retail,NY,Vietnam,22,21.17,12.61,465.74,277.42,188.32
INV-10229,2023-08-04,CUST-927,Online,NY,Colombia,10,22.79,14.12,227.9,141.2,86.7
INV-10230,2023-08-18,CUST-223,Online,IL,Ethiopia,36,23.44,12.16,843.84,437.76,406.08
INV-10231,2023-03-14,CUST-712,Online,WA,Guatemala,48,20.02,11.24,960.96,539.52,421.44
INV-10232,2023-12-02,CUST-919,Online,NY,Guatemala,45,20.29,10.12,913.05,455.4,457.65
INV-10233,2023-08-09,CUST-213,Wholesale,WA,Colombia,260,29.43,20.27,7651.8,5270.2,2381.6
INV-10234,2023-04-05,CUST-812,Wholesale,FL,Ethiopia,255,25.5,17.08,6502.5,4355.4,2147.1
INV-10235,2023-08-03,CUST-883,Retail,TX,Colombia,29,25.78,13.46,747.62,390.34,357.28
INV-10236,2023-05-16,CUST-214,Online,WA,Costa Rica,5,24.8,10.97,124.0,54.85,69.15
INV-10237,2023-04-13,CUST-815,Retail,FL,Vietnam,46,29.72,14.97,1367.12,688.62,678.5
INV-10238,2023-02-25,CUST-716,Wholesale,NY,Colombia,466,27.56,15.17,12842.96,7069.22,5773.74
INV-10239,2023-10-17,CUST-833,Online,NY,Brazil,49,24.6,13.29,1205.4,651.21,554.19
INV-10240,2023-02-11,CUST-606,Wholesale,WA,Colombia,436,22.14,9.76,9653.04,4255.36,5397.68
INV-10241,2023-09-30,CUST-948,Online,NY,Colombia,28,28.65,14.84,802.2,415.52,386.68
INV-10242,2023-02-14,CUST-344,Online,IL,Costa Rica,11,23.27,9.98,255.97,109.78,146.19
INV-10243,2023-06-01,CUST-900,Online,FL,Ethiopia,48,22.88,15.7,1098.24,753.6,344.64
INV-10244,2023-02-25,CUST-352,Retail,WA,Ethiopia,24,26.79,12.39,642.96,297.36,345.6
INV-10245,2023-12-28,CUST-788,Retail,WA,Vietnam,41,23.05,13.53,945.05,554.73,390.32
INV-10246,2023-08-21,CUST-603,Online,IL,Ethiopia,28,20.12,12.33,563.36,345.24,218.12
INV-10247,2023-08-06,CUST-272,Online,WA,Ethiopia,25,17.67,11.55,441.75,288.75,153.0
INV-10248,2023-03-26,CUST-889,Retail,TX,Colombia,34,23.58,10.53,801.72,358.02,443.7
INV-10249,2023-12-09,CUST-508,Wholesale,CA,Colombia,387,27.65,11.96,10700.55,4628.52,6072.03
INV-10250,2023-11-28,CUST-517,Wholesale,CA,Ethiopia,230,21.28,12.67,4894.4,2914.1,1980.3
INV-10251,2023-02-20,CUST-884,Wholesale,FL,Colombia,410,15.2,8.05,6232.0,3300.5,2931.5
INV-10252,2023-05-18,CUST-337,Online,IL,Brazil,13,26.67,11.18,346.71,145.34,201.37
INV-10253,2023-12-07,CUST-795,Retail,NY,Colombia,36,26.64,13.75,959.04,495.0,464.04
INV-10254,2023-04-26,CUST-539,Wholesale,TX,Vietnam,76,16.64,7.35,1264.64,558.6,706.04
INV-10255,2023-04-06,CUST-308,Online,NY,Brazil,26,26.11,10.98,678.86,285.48,393.38
INV-10256,2023-12-01,CUST-551,Online,CA,Guatemala,11,24.18,11.51,265.98,126.61,139.37
INV-10257,2023-02-01,CUST-326,Retail,IL,Guatemala,4,27.57,13.26,110.28,53.04,57.24
INV-10258,2023-12-05,CUST-855,Online,CA,Colombia,22,15.56,8.73,342.32,192.06,150.26
INV-10259,2023-01-11,CUST-911,Wholesale,IL,Brazil,316,22.23,12.73,7024.68,4022.68,3002.0
INV-10260,2023-05-27,CUST-718,Retail,TX,Ethiopia,18,22.27,14.25,400.86,256.5,144.36
INV-10261,2023-01-03,CUST-852,Retail,WA,Vietnam,43,23.37,15.92,1004.91,684.56,320.35
INV-10262,2023-01-05,CUST-152,Wholesale,FL,Brazil,105,28.44,17.04,2986.2,1789.2,1197.0
INV-10263,2023-01-14,CUST-585,Online,IL,Guatemala,37,24.43,13.53,903.91,500.61,403.3
INV-10264,2023-02-16,CUST-450,Retail,NY,Vietnam,47,19.82,8.47,931.54,398.09,533.45
INV-10265,2023-04-11,CUST-994,Online,WA,Ethiopia,20,19.88,12.48,397.6,249.6,148.0
INV-10266,2023-08-28,CUST-816,Wholesale,WA,Guatemala,328,25.49,11.66,8360.72,3824.48,4536.24
INV-10267,2023-05-01,CUST-258,Retail,CA,Guatemala,20,25.98,15.26,519.6,305.2,214.4
INV-10268,2023-12-09,CUST-712,Retail,WA,Brazil,41,29.91,20.78,1226.31,851.98,374.33
INV-10269,2023-01-24,CUST-811,Retail,NY,Colombia,23,29.43,13.41,676.89,308.43,368.46
INV-10270,2023-02-10,CUST-869,Online,TX,Ethiopia,19,18.7,11.8,355.3,224.2,131.1
INV-10271,2023-11-27,CUST-903,Online,CA,Costa Rica,44,16.46,7.4,724.24,325.6,398.64
INV-10272,2023-11-03,CUST-969,Retail,IL,Guatemala,26,16.12,10.0,419.12,260.0,159.12
INV-10273,2023-01-13,CUST-155,Wholesale,WA,Vietnam,50,24.2,15.33,1210.0,766.5,443.5
INV-10274,2023-02-17,CUST-108,Online,FL,Ethiopia,19,20.45,11.88,388.55,225.72,162.83
INV-10275,2023-05-13,CUST-370,Retail,NY,Ethiopia,37,24.96,12.11,923.52,448.07,475.45
INV-10276,2023-04-11,CUST-298,Online,FL,Ethiopia,36,18.34,10.2,660.24,367.2,293.04
INV-10277,2023-03-31,CUST-441,Online,TX,Brazil,11,18.66,8.74,205.26,96.14,109.12
INV-10278,2023-05-14,CUST-537,Wholesale,NY,Costa Rica,344,24.66,16.95,8483.04,5830.8,2652.24
INV-10279,2023-03-18,CUST-573,Online,WA,Brazil,35,24.04,15.23,841.4,533.05,308.35
INV-10280,2023-02-16,CUST-401,Wholesale,TX,Guatemala,440,28.03,15.31,12333.2,6736.4,5596.8
INV-10281,2023-05-19,CUST-954,Retail,WA,Guatemala,13,23.17,14.16,301.21,184.08,117.13
INV-10282,2023-07-21,CUST-126,Wholesale,NY,Brazil,227,29.07,18.5,6598.89,4199.5,2399.39
INV-10283,2023-01-07,CUST-897,Wholesale,NY,Colombia,106,15.13,9.97,1603.78,1056.82,546.96
INV-10284,2023-05-23,CUST-413,Online,WA,Ethiopia,27,29.23,15.36,789.21,414.72,374.49
INV-10285,2023-09-30,CUST-571,Retail,TX,Vietnam,30,23.87,9.93,716.1,297.9,418.2
INV-10286,2023-07-31,CUST-403,Online,FL,Brazil,26,24.76,12.72,643.76,330.72,313.04
INV-10287,2023-05-02,CUST-752,Retail,WA,Colombia,9,28.63,19.35,257.67,174.15,83.52
INV-10288,2023-08-18,CUST-275,Online,NY,Guatemala,32,22.01,11.9,704.32,380.8,323.52
INV-10289,2023-01-12,CUST-571,Online,TX,Ethiopia,46,23.02,14.51,1058.92,667.46,391.46
INV-10290,2023-09-26,CUST-734,Online,IL,Costa Rica,20,27.15,14.55,543.0,291.0,252.0
INV-10291,2023-11-02,CUST-136,Wholesale,NY,Costa Rica,367,20.24,13.04,7428.08,4785.68,2642.4
INV-10292,2023-01-21,CUST-614,Retail,TX,Guatemala,50,28.94,20.0,1447.0,1000.0,447.0
INV-10293,2023-02-26,CUST-177,Wholesale,IL,Guatemala,167,26.95,16.62,4500.65,2775.54,1725.11
INV-10294,2023-04-05,CUST-102,Wholesale,FL,Costa Rica,272,21.22,10.54,5771.84,2866.88,2904.96
INV-10295,2023-05-25,CUST-720,Wholesale,IL,Brazil,433,21.23,13.16,9192.59,5698.28,3494.31
INV-10296,2023-04-01,CUST-379,Wholesale,WA,Colombia,77,20.44,11.73,1573.88,903.21,670.67
INV-10297,2023-07-12,CUST-229,Online,IL,Brazil,31,25.68,13.77,796.08,426.87,369.21
INV-10298,2023-07-19,CUST-845,Retail,IL,Costa Rica,26,26.38,11.97,685.88,311.22,374.66
INV-10299,2023-04-17,CUST-464,Retail,NY,Ethiopia,36,25.37,10.54,913.32,379.44,533.88
INV-10300,2024-01-01,CUST-296,Retail,CA,Vietnam,10,23.24,14.3,232.4,143.0,89.4
INV-10301,2023-04-29,CUST-398,Retail,FL,Vietnam,17,25.06,14.58,426.02,247.86,178.16
INV-10302,2023-06-21,CUST-191,Wholesale,FL,Brazil,350,16.85,9.0,5897.5,3150.0,2747.5
INV-10303,2023-02-17,CUST-446,Wholesale,TX,Costa Rica,45,24.13,15.34,1085.85,690.3,395.55
INV-10304,2023-11-12,CUST-464,Wholesale,CA,Ethiopia,109,18.47,10.17,2013.23,1108.53,904.7
INV-10305,2023-10-11,CUST-989,Online,FL,Guatemala,5,29.5,18.18,147.5,90.9,56.6
INV-10306,2023-01-21,CUST-290,Online,IL,Brazil,20,20.16,8.2,403.2,164.0,239.2
INV-10307,2023-05-16,CUST-326,Online,NY,Colombia,15,27.68,13.73,415.2,205.95,209.25
INV-10308,2023-06-08,CUST-338,Online,NY,Colombia,38,25.32,14.26,962.16,541.88,420.28
INV-10309,2023-10-28,CUST-974,Retail,NY,Colombia,17,22.48,12.78,382.16,217.26,164.9
INV-10310,2023-09-18,CUST-665,Online,WA,Brazil,41,17.74,11.32,727.34,464.12,263.22
INV-10311,2023-12-01,CUST-142,Retail,TX,Costa Rica,9,20.08,11.81,180.72,106.29,74.43
INV-10312,2023-06-22,CUST-708,Wholesale,NY,Colombia,177,16.91,7.71,2993.07,1364.67,1628.4
INV-10313,2023-01-11,CUST-279,Online,TX,Guatemala,29,24.26,16.26,703.54,471.54,232.0
INV-10314,2023-11-22,CUST-428,Wholesale,IL,Colombia,409,15.01,8.49,6139.09,3472.41,2666.68
INV-10315,2023-07-25,CUST-946,Retail,IL,Colombia,1,22.79,13.23,22.79,13.23,9.56
INV-10316,2023-01-17,CUST-163,Online,IL,Ethiopia,21,19.95,11.01,418.95,231.21,187.74
INV-10317,2023-11-20,CUST-468,Online,IL,Ethiopia,46,24.85,11.46,1143.1,527.16,615.94
INV-10318,2023-06-05,CUST-780,Wholesale,NY,Vietnam,170,27.73,19.32,4714.1,3284.4,1429.7
INV-10319,2023-05-14,CUST-666,Retail,TX,Guatemala,7,26.95,10.78,188.65,75.46,113.19
INV-10320,2023-03-01,CUST-334,Wholesale,IL,Ethiopia,310,24.84,13.2,7700.4,4092.0,3608.4
INV-10321,2023-01-26,CUST-637,Online,FL,Ethiopia,41,26.83,11.83,1100.03,485.03,615.0
INV-10322,2023-01-01,CUST-264,Online,NY,Vietnam,34,18.27,9.56,621.18,325.04,296.14
INV-10323,2023-06-10,CUST-676,Online,WA,Brazil,13,23.84,13.71,309.92,178.23,131.69
INV-10324,2023-07-24,CUST-494,Online,TX,Costa Rica,37,20.87,14.07,772.19,520.59,251.6
INV-10325,2023-12-30,CUST-245,Retail,WA,Guatemala,10,16.16,9.99,161.6,99.9,61.7
INV-10326,2023-10-08,CUST-931,Wholesale,NY,Ethiopia,117,19.55,9.29,2287.35,1086.93,1200.42
INV-10327,2023-05-30,CUST-647,Online,CA,Vietnam,11,18.91,7.62,208.01,83.82,124.19
INV-10328,2023-12-07,CUST-813,Online,IL,Ethiopia,50,15.04,8.16,752.0,408.0,344.0
INV-10329,2023-02-18,CUST-191,Retail,IL,Guatemala,18,20.63,11.0,371.34,198.0,173.34
INV-10330,2023-10-13,CUST-799,Online,NY,Vietnam,33,19.76,12.93,652.08,426.69,225.39
INV-10331,2023-09-05,CUST-960,Wholesale,TX,Ethiopia,158,21.91,13.92,3461.78,2199.36,1262.42
INV-10332,2023-01-07,CUST-586,Online,CA,Guatemala,12,20.81,8.63,249.72,103.56,146.16
INV-10333,2023-07-21,CUST-448,Wholesale,IL,Colombia,208,18.99,9.45,3949.92,1965.6,1984.32
INV-10334,2023-07-27,CUST-411,Retail,TX,Vietnam,24,21.59,13.65,518.16,327.6,190.56
INV-10335,2023-07-21,CUST-120,Online,FL,Guatemala,26,16.31,11.09,424.06,288.34,135.72
INV-10336,2023-02-21,CUST-482,Retail,FL,Ethiopia,18,26.44,12.69,475.92,228.42,247.5
INV-10337,2023-11-10,CUST-895,Retail,NY,Costa Rica,50,26.88,13.25,1344.0,662.5,681.5
INV-10338,2023-03-29,CUST-830,Online,WA,Ethiopia,37,20.59,12.57,761.83,465.09,296.74
INV-10339,2023-06-25,CUST-291,Retail,FL,Colombia,50,17.35,12.04,867.5,602.0,265.5
INV-10340,2023-03-27,CUST-965,Wholesale,IL,Guatemala,144,22.86,14.39,3291.84,2072.16,1219.68
INV-10341,2023-06-17,CUST-291,Wholesale,CA,Vietnam,404,28.92,13.7,11683.68,5534.8,6148.88
INV-10342,2023-02-04,CUST-235,Retail,TX,Ethiopia,48,28.77,11.81,1380.96,566.88,814.08
INV-10343,2023-08-20,CUST-997,Online,CA,Colombia,11,29.21,20.29,321.31,223.19,98.12
INV-10344,2023-08-31,CUST-223,Retail,CA,Costa Rica,49,25.71,15.33,1259.79,751.17,508.62
INV-10345,2023-10-07,CUST-562,Wholesale,FL,Brazil,182,26.08,16.1,4746.56,2930.2,1816.36
INV-10346,2023-08-19,CUST-321,Retail,WA,Colombia,49,29.44,18.48,1442.56,905.52,537.04
INV-10347,2023-06-05,CUST-183,Wholesale,WA,Colombia,325,27.49,13.55,8934.25,4403.75,4530.5
INV-10348,2023-11-18,CUST-204,Retail,NY,Ethiopia,49,17.41,8.66,853.09,424.34,428.75
INV-10349,2023-12-06,CUST-289,Retail,CA,Colombia,5,27.93,13.2,139.65,66.0,73.65
INV-10350,2023-06-30,CUST-554,Online,CA,Guatemala,44,23.5,16.25,1034.0,715.0,319.0
INV-10351,2023-02-21,CUST-195,Online,TX,Ethiopia,38,18.89,8.98,717.82,341.24,376.58
INV-10352,2023-12-30,CUST-190,Online,FL,Costa Rica,42,23.44,9.92,984.48,416.64,567.84
INV-10353,2023-09-10,CUST-995,Online,IL,Brazil,28,22.77,12.13,637.56,339.64,297.92
INV-10354,2023-05-05,CUST-344,Wholesale,FL,Vietnam,151,27.19,15.59,4105.69,2354.09,1751.6
INV-10355,2023-11-14,CUST-509,Retail,CA,Colombia,18,23.39,11.49,421.02,206.82,214.2
INV-10356,2023-08-17,CUST-828,Online,WA,Guatemala,48,28.3,17.26,1358.4,828.48,529.92
INV-10357,2023-09-30,CUST-998,Wholesale,TX,Vietnam,60,24.55,11.72,1473.0,703.2,769.8
INV-10358,2023-09-13,CUST-600,Retail,FL,Brazil,43,16.46,9.65,707.78,414.95,292.83
INV-10359,2023-11-06,CUST-425,Retail,WA,Brazil,27,28.24,19.32,762.48,521.64,240.84
INV-10360,2023-06-02,CUST-166,Online,CA,Colombia,2,27.26,16.57,54.52,33.14,21.38
INV-10361,2023-05-14,CUST-547,Online,NY,Costa Rica,16,28.06,18.04,448.96,288.64,160.32
INV-10362,2023-09-07,CUST-139,Wholesale,TX,Guatemala,113,22.95,13.96,2593.35,1577.48,1015.87
INV-10363,2023-08-17,CUST-204,Online,FL,Colombia,15,29.42,13.99,441.3,209.85,231.45
INV-10364,2023-01-05,CUST-731,Online,CA,Vietnam,26,17.6,12.24,457.6,318.24,139.36
INV-10365,2023-08-17,CUST-781,Wholesale,IL,Colombia,377,27.93,13.85,10529.61,5221.45,5308.16
INV-10366,2023-07-15,CUST-772,Wholesale,FL,Vietnam,325,20.72,10.94,6734.0,3555.5,3178.5
INV-10367,2023-04-04,CUST-996,Retail,IL,Guatemala,25,25.56,14.14,639.0,353.5,285.5
INV-10368,2023-04-08,CUST-658,Retail,WA,Guatemala,42,28.08,14.15,1179.36,594.3,585.06
INV-10369,2023-02-23,CUST-313,Retail,NY,Colombia,43,20.51,13.06,881.93,561.58,320.35
INV-10370,2023-11-19,CUST-960,Online,WA,Costa Rica,19,16.21,7.24,307.99,137.56,170.43
INV-10371,2023-01-13,CUST-203,Online,CA,Brazil,28,18.57,10.07,519.96,281.96,238.0
INV-10372,2023-12-02,CUST-490,Retail,TX,Ethiopia,8,28.8,14.48,230.4,115.84,114.56
INV-10373,2023-07-13,CUST-975,Retail,NY,Ethiopia,28,28.66,14.31,802.48,400.68,401.8
INV-10374,2023-12-17,CUST-476,Retail,TX,Brazil,38,16.48,8.6,626.24,326.8,299.44
INV-10375,2023-04-19,CUST-281,Wholesale,IL,Costa Rica,111,15.32,6.79,1700.52,753.69,946.83
INV-10376,2023-09-15,CUST-624,Online,NY,Vietnam,35,27.35,15.9,957.25,556.5,400.75
INV-10377,2023-10-13,CUST-435,Online,TX,Colombia,26,27.56,15.37,716.56,399.62,316.94
INV-10378,2023-06-29,CUST-577,Retail,NY,Colombia,45,26.25,12.56,1181.25,565.2,616.05
INV-10379,2023-10-23,CUST-653,Online,TX,Brazil,30,22.01,11.63,660.3,348.9,311.4
INV-10380,2023-11-29,CUST-289,Wholesale,NY,Vietnam,448,15.77,9.28,7064.96,4157.44,2907.52
INV-10381,2023-07-25,CUST-939,Retail,CA,Guatemala,12,16.93,9.96,203.16,119.52,83.64
INV-10382,2023-03-04,CUST-464,Retail,FL,Brazil,33,22.02,10.43,726.66,344.19,382.47
INV-10383,2023-12-04,CUST-120,Wholesale,CA,Ethiopia,437,16.93,9.73,7398.41,4252.01,3146.4
INV-10384,2023-10-06,CUST-378,Wholesale,FL,Vietnam,34,18.79,7.82,638.86,265.88,372.98
INV-10385,2023-03-09,CUST-616,Wholesale,CA,Guatemala,318,28.57,12.41,9085.26,3946.38,5138.88
INV-10386,2023-12-26,CUST-515,Wholesale,NY,Colombia,60,22.49,15.06,1349.4,903.6,445.8
INV-10387,2023-10-16,CUST-139,Online,CA,Costa Rica,29,26.86,14.57,778.94,422.53,356.41
INV-10388,2023-08-27,CUST-520,Wholesale,FL,Colombia,236,24.65,16.61,5817.4,3919.96,1897.44
INV-10389,2023-04-28,CUST-242,Online,IL,Guatemala,42,29.54,18.2,1240.68,764.4,476.28
INV-10390,2023-06-07,CUST-291,Retail,TX,Ethiopia,20,26.1,12.74,522.0,254.8,267.2
INV-10391,2023-05-30,CUST-143,Retail,IL,Costa Rica,45,27.5,14.05,1237.5,632.25,605.25
INV-10392,2023-08-10,CUST-423,Retail,CA,Costa Rica,4,26.94,13.43,107.76,53.72,54.04
INV-10393,2023-03-18,CUST-516,Online,TX,Vietnam,18,22.65,15.79,407.7,284.22,123.48
INV-10394,2023-05-12,CUST-526,Wholesale,CA,Guatemala,447,25.94,13.81,11595.18,6173.07,5422.11
INV-10395,2023-11-16,CUST-767,Retail,NY,Vietnam,29,19.19,11.04,556.51,320.16,236.35
INV-10396,2023-04-22,CUST-278,Wholesale,TX,Guatemala,338,17.59,8.77,5945.42,2964.26,2981.16
INV-10397,2023-08-09,CUST-105,Wholesale,WA,Vietnam,491,17.43,10.51,8558.13,5160.41,3397.72
INV-10398,2023-05-19,CUST-691,Online,TX,Colombia,22,24.5,15.79,539.0,347.38,191.62
INV-10399,2023-10-26,CUST-339,Online,NY,Vietnam,32,17.02,9.73,544.64,311.36,233.28
INV-10400,2023-04-22,CUST-840,Retail,CA,Vietnam,20,26.9,18.34,538.0,366.8,171.2
INV-10401,2023-03-15,CUST-110,Wholesale,FL,Colombia,440,27.59,16.43,12139.6,7229.2,4910.4
INV-10402,2023-01-28,CUST-543,Wholesale,TX,Guatemala,16,18.39,9.07,294.24,145.12,149.12
INV-10403,2023-06-09,CUST-523,Online,FL,Costa Rica,18,19.95,9.49,359.1,170.82,188.28
INV-10404,2023-08-18,CUST-356,Online,CA,Guatemala,42,23.55,11.21,989.1,470.82,518.28
INV-10405,2023-12-17,CUST-160,Wholesale,NY,Guatemala,50,15.23,9.79,761.5,489.5,272.0
INV-10406,2023-12-07,CUST-761,Online,CA,Guatemala,42,17.39,8.8,730.38,369.6,360.78
INV-10407,2023-09-09,CUST-160,Retail,IL,Brazil,45,29.31,18.83,1318.95,847.35,471.6
INV-10408,2023-05-02,CUST-645,Wholesale,CA,Costa Rica,301,18.46,12.36,5556.46,3720.36,1836.1
INV-10409,2023-08-02,CUST-699,Wholesale,WA,Ethiopia,426,29.09,18.91,12392.34,8055.66,4336.68
INV-10410,2023-07-11,CUST-378,Retail,IL,Costa Rica,4,23.26,14.84,93.04,59.36,33.68
INV-10411,2023-09-01,CUST-739,Retail,IL,Ethiopia,11,18.74,7.83,206.14,86.13,120.01
INV-10412,2023-04-28,CUST-408,Wholesale,IL,Ethiopia,412,24.98,11.6,10291.76,4779.2,5512.56
INV-10413,2023-09-01,CUST-475,Online,WA,Ethiopia,6,29.54,17.3,177.24,103.8,73.44
INV-10414,2023-01-15,CUST-521,Online,IL,Guatemala,36,21.31,11.74,767.16,422.64,344.52
INV-10415,2023-01-03,CUST-706,Wholesale,WA,Colombia,61,22.69,11.23,1384.09,685.03,699.06
INV-10416,2023-10-31,CUST-548,Wholesale,NY,Costa Rica,189,27.62,11.38,5220.18,2150.82,3069.36
INV-10417,2023-04-04,CUST-264,Online,TX,Brazil,9,21.25,13.29,191.25,119.61,71.64
INV-10418,2023-02-26,CUST-569,Retail,IL,Colombia,10,15.6,6.73,156.0,67.3,88.7
INV-10419,2023-12-03,CUST-221,Wholesale,FL,Costa Rica,271,17.16,8.56,4650.36,2319.76,2330.6
INV-10420,2023-12-17,CUST-782,Online,TX,Colombia,27,15.04,7.01,406.08,189.27,216.81
INV-10421,2023-05-03,CUST-622,Retail,FL,Colombia,35,17.17,7.83,600.95,274.05,326.9
INV-10422,2023-11-06,CUST-624,Online,FL,Costa Rica,31,25.59,16.11,793.29,499.41,293.88
INV-10423,2023-05-16,CUST-975,Online,FL,Costa Rica,43,27.49,13.38,1182.07,575.34,606.73
INV-10424,2023-06-07,CUST-648,Retail,WA,Ethiopia,32,22.48,11.1,719.36,355.2,364.16
INV-10425,2023-04-26,CUST-826,Online,CA,Brazil,40,20.24,13.71,809.6,548.4,261.2
INV-10426,2023-01-16,CUST-516,Wholesale,FL,Ethiopia,148,15.66,7.56,2317.68,1118.88,1198.8
INV-10427,2023-04-03,CUST-261,Retail,IL,Brazil,28,27.5,12.55,770.0,351.4,418.6
INV-10428,2023-11-29,CUST-934,Online,NY,Costa Rica,10,18.48,8.93,184.8,89.3,95.5
INV-10429,2023-08-14,CUST-897,Wholesale,TX,Brazil,439,19.82,9.29,8700.98,4078.31,4622.67
INV-10430,2023-01-10,CUST-755,Retail,CA,Colombia,44,27.71,13.2,1219.24,580.8,638.44
INV-10431,2023-05-13,CUST-477,Retail,IL,Ethiopia,45,28.6,15.38,1287.0,692.1,594.9
INV-10432,2023-08-13,CUST-773,Online,NY,Ethiopia,43,27.18,18.73,1168.74,805.39,363.35
INV-10433,2023-10-01,CUST-242,Retail,NY,Guatemala,47,16.08,7.98,755.76,375.06,380.7
INV-10434,2023-02-11,CUST-482,Retail,CA,Costa Rica,18,20.33,8.24,365.94,148.32,217.62
INV-10435,2023-09-10,CUST-654,Retail,FL,Colombia,5,17.29,10.24,86.45,51.2,35.25
INV-10436,2023-06-12,CUST-405,Wholesale,FL,Guatemala,25,21.31,9.41,532.75,235.25,297.5
INV-10437,2023-06-04,CUST-423,Retail,WA,Brazil,25,28.19,18.06,704.75,451.5,253.25
INV-10438,2023-08-23,CUST-188,Retail,IL,Costa Rica,23,21.71,10.36,499.33,238.28,261.05
INV-10439,2023-07-05,CUST-967,Wholesale,IL,Guatemala,166,21.27,14.12,3530.82,2343.92,1186.9
INV-10440,2023-06-19,CUST-960,Wholesale,NY,Brazil,484,24.51,16.53,11862.84,8000.52,3862.32
INV-10441,2023-09-22,CUST-994,Online,NY,Colombia,19,24.71,14.42,469.49,273.98,195.51
INV-10442,2023-10-10,CUST-772,Retail,FL,Brazil,48,19.73,10.45,947.04,501.6,445.44
INV-10443,2023-11-13,CUST-354,Online,FL,Vietnam,2,28.66,13.74,57.32,27.48,29.84
INV-10444,2023-12-04,CUST-783,Online,NY,Colombia,28,16.87,9.32,472.36,260.96,211.4
INV-10445,2023-02-25,CUST-306,Retail,IL,Brazil,25,20.87,11.04,521.75,276.0,245.75
INV-10446,2023-04-20,CUST-592,Online,WA,Brazil,12,17.9,8.77,214.8,105.24,109.56
INV-10447,2023-03-01,CUST-430,Online,FL,Vietnam,41,23.75,12.01,973.75,492.41,481.34
INV-10448,2023-03-25,CUST-791,Retail,CA,Brazil,34,20.15,13.71,685.1,466.14,218.96
INV-10449,2023-10-02,CUST-807,Online,WA,Ethiopia,48,19.56,12.16,938.88,583.68,355.2
INV-10450,2023-12-21,CUST-615,Online,WA,Vietnam,18,25.36,12.6,456.48,226.8,229.68
INV-10451,2023-08-07,CUST-610,Retail,IL,Costa Rica,12,26.75,15.71,321.0,188.52,132.48
INV-10452,2023-02-28,CUST-803,Online,IL,Brazil,3,19.29,7.86,57.87,23.58,34.29
INV-10453,2023-06-20,CUST-403,Retail,WA,Vietnam,42,29.56,17.64,1241.52,740.88,500.64
INV-10454,2023-12-16,CUST-434,Retail,IL,Brazil,39,24.45,16.83,953.55,656.37,297.18
INV-10455,2023-01-13,CUST-648,Retail,WA,Costa Rica,22,24.22,10.76,532.84,236.72,296.12
INV-10456,2023-04-05,CUST-180,Online,NY,Guatemala,30,27.16,16.63,814.8,498.9,315.9
INV-10457,2023-02-02,CUST-837,Online,FL,Vietnam,34,20.74,12.14,705.16,412.76,292.4
INV-10458,2023-07-18,CUST-179,Retail,NY,Brazil,15,23.42,13.9,351.3,208.5,142.8
INV-10459,2023-01-13,CUST-670,Online,CA,Ethiopia,22,28.68,16.88,630.96,371.36,259.6
INV-10460,2023-11-13,CUST-908,Wholesale,FL,Vietnam,428,19.36,10.3,8286.08,4408.4,3877.68
INV-10461,2023-10-31,CUST-753,Retail,NY,Vietnam,13,25.91,14.68,336.83,190.84,145.99
INV-10462,2023-07-08,CUST-675,Online,NY,Vietnam,34,29.62,11.91,1007.08,404.94,602.14
INV-10463,2023-06-19,CUST-947,Online,CA,Ethiopia,8,15.01,7.51,120.08,60.08,60.0
INV-10464,2023-08-05,CUST-825,Wholesale,TX,Brazil,496,17.87,11.19,8863.52,5550.24,3313.28
INV-10465,2023-06-19,CUST-727,Wholesale,NY,Costa Rica,460,29.66,17.3,13643.6,7958.0,5685.6
INV-10466,2023-06-08,CUST-605,Retail,FL,Colombia,25,28.88,16.64,722.0,416.0,306.0
INV-10467,2023-10-13,CUST-960,Online,CA,Ethiopia,7,20.68,10.05,144.76,70.35,74.41
INV-10468,2023-02-26,CUST-424,Wholesale,WA,Ethiopia,270,19.5,10.58,5265.0,2856.6,2408.4
INV-10469,2023-04-22,CUST-594,Online,TX,Brazil,44,19.34,11.56,850.96,508.64,342.32
INV-10470,2023-07-14,CUST-152,Retail,WA,Ethiopia,4,17.12,7.11,68.48,28.44,40.04
INV-10471,2023-08-03,CUST-771,Online,IL,Colombia,21,17.11,9.59,359.31,201.39,157.92
INV-10472,2023-09-10,CUST-836,Retail,TX,Colombia,36,19.78,8.93,712.08,321.48,390.6
INV-10473,2023-08-09,CUST-597,Wholesale,WA,Ethiopia,330,26.3,12.67,8679.0,4181.1,4497.9
INV-10474,2023-06-19,CUST-389,Wholesale,WA,Brazil,31,25.12,15.17,778.72,470.27,308.45
INV-10475,2023-12-14,CUST-379,Online,FL,Guatemala,39,15.4,10.77,600.6,420.03,180.57
INV-10476,2023-03-07,CUST-509,Wholesale,NY,Costa Rica,497,16.37,9.53,8135.89,4736.41,3399.48
INV-10477,2023-09-25,CUST-287,Online,CA,Costa Rica,19,25.64,15.41,487.16,292.79,194.37
INV-10478,2023-09-25,CUST-877,Wholesale,TX,Brazil,59,21.95,14.76,1295.05,870.84,424.21
INV-10479,2023-11-08,CUST-496,Online,IL,Guatemala,29,27.81,15.02,806.49,435.58,370.91
INV-10480,2023-09-05,CUST-653,Online,TX,Ethiopia,48,16.16,10.3,775.68,494.4,281.28
INV-10481,2023-06-09,CUST-959,Wholesale,TX,Costa Rica,451,26.94,17.75,12149.94,8005.25,4144.69
INV-10482,2023-07-22,CUST-505,Retail,NY,Brazil,37,19.92,11.42,737.04,422.54,314.5
INV-10483,2023-03-18,CUST-640,Online,WA,Ethiopia,11,15.25,9.35,167.75,102.85,64.9
INV-10484,2023-10-13,CUST-430,Retail,FL,Colombia,9,15.82,9.22,142.38,82.98,59.4
INV-10485,2023-12-20,CUST-394,Retail,IL,Vietnam,43,17.07,11.78,734.01,506.54,227.47
INV-10486,2023-03-01,CUST-440,Online,WA,Guatemala,34,15.1,8.52,513.4,289.68,223.72
INV-10487,2023-03-31,CUST-196,Wholesale,TX,Colombia,51,22.81,13.0,1163.31,663.0,500.31
INV-10488,2023-07-31,CUST-963,Wholesale,IL,Guatemala,386,26.97,14.65,10410.42,5654.9,4755.52
INV-10489,2023-09-11,CUST-814,Retail,WA,Guatemala,6,17.89,8.66,107.34,51.96,55.38
INV-10490,2023-02-23,CUST-679,Retail,CA,Costa Rica,19,26.77,18.29,508.63,347.51,161.12
INV-10491,2023-04-11,CUST-147,Online,WA,Brazil,49,29.87,12.65,1463.63,619.85,843.78
INV-10492,2023-02-21,CUST-447,Online,TX,Brazil,12,22.69,13.47,272.28,161.64,110.64
INV-10493,2023-11-16,CUST-831,Wholesale,CA,Costa Rica,285,29.5,12.21,8407.5,3479.85,4927.65
INV-10494,2023-06-03,CUST-955,Retail,FL,Colombia,17,26.4,17.48,448.8,297.16,151.64
INV-10495,2023-10-10,CUST-143,Online,NY,Costa Rica,5,25.49,15.96,127.45,79.8,47.65
INV-10496,2023-07-20,CUST-475,Wholesale,WA,Ethiopia,43,29.16,16.52,1253.88,710.36,543.52
INV-10497,2023-05-23,CUST-741,Retail,TX,Vietnam,24,23.54,13.66,564.96,327.84,237.12
INV-10498,2023-02-06,CUST-323,Retail,WA,Guatemala,35,29.4,18.83,1029.0,659.05,369.95
INV-10499,2023-11-24,CUST-675,Online,NY,Costa Rica,30,27.0,14.9,810.0,447.0,363.0
INV-10500,2023-01-04,CUST-349,Online,IL,Costa Rica,17,29.82,12.33,506.94,209.61,297.33
INV-10501,2023-10-01,CUST-206,Wholesale,TX,Vietnam,417,16.74,8.14,6980.58,3394.38,3586.2
INV-10502,2023-04-12,CUST-767,Online,NY,Guatemala,36,24.35,14.55,876.6,523.8,352.8
INV-10503,2023-07-29,CUST-673,Online,NY,Costa Rica,38,22.75,13.05,864.5,495.9,368.6
INV-10504,2023-07-24,CUST-681,Retail,TX,Vietnam,5,24.62,10.58,123.1,52.9,70.2
INV-10505,2023-01-24,CUST-320,Retail,WA,Costa Rica,20,21.9,15.09,438.0,301.8,136.2
INV-10506,2023-02-04,CUST-662,Wholesale,FL,Ethiopia,211,27.52,15.73,5806.72,3319.03,2487.69
INV-10507,2023-11-20,CUST-509,Online,NY,Colombia,44,28.51,11.92,1254.44,524.48,729.96
INV-10508,2023-05-28,CUST-903,Wholesale,IL,Guatemala,69,19.29,12.5,1331.01,862.5,468.51
INV-10509,2023-04-12,CUST-853,Retail,NY,Vietnam,37,19.54,13.08,722.98,483.96,239.02
INV-10510,2023-10-19,CUST-983,Online,FL,Guatemala,3,19.37,11.56,58.11,34.68,23.43
INV-10511,2023-02-02,CUST-688,Online,WA,Guatemala,43,29.37,12.16,1262.91,522.88,740.03
INV-10512,2023-11-10,CUST-663,Retail,WA,Vietnam,31,25.33,16.4,785.23,508.4,276.83
INV-10513,2023-09-21,CUST-725,Retail,WA,Brazil,18,24.35,14.84,438.3,267.12,171.18
INV-10514,2023-07-11,CUST-199,Wholesale,TX,Vietnam,332,29.49,20.1,9790.68,6673.2,3117.48
INV-10515,2023-12-10,CUST-619,Retail,WA,Colombia,16,23.61,16.26,377.76,260.16,117.6
INV-10516,2023-12-05,CUST-599,Wholesale,FL,Brazil,186,20.44,10.84,3801.84,2016.24,1785.6
INV-10517,2023-10-19,CUST-345,Online,WA,Colombia,18,26.47,11.71,476.46,210.78,265.68
INV-10518,2023-03-10,CUST-317,Wholesale,CA,Vietnam,182,22.97,13.12,4180.54,2387.84,1792.7
INV-10519,2023-02-02,CUST-205,Online,IL,Vietnam,47,28.42,19.19,1335.74,901.93,433.81
INV-10520,2023-12-04,CUST-307,Online,WA,Guatemala,43,28.13,14.6,1209.59,627.8,581.79
INV-10521,2023-11-12,CUST-465,Online,CA,Vietnam,41,29.25,13.23,1199.25,542.43,656.82
INV-10522,2023-06-16,CUST-162,Retail,FL,Ethiopia,40,16.77,11.48,670.8,459.2,211.6
INV-10523,2023-04-05,CUST-935,Retail,TX,Ethiopia,32,23.96,9.63,766.72,308.16,458.56
INV-10524,2023-03-08,CUST-890,Wholesale,CA,Colombia,412,16.34,9.75,6732.08,4017.0,2715.08
INV-10525,2023-09-27,CUST-940,Online,WA,Guatemala,16,27.59,13.44,441.44,215.04,226.4
INV-10526,2023-05-19,CUST-796,Online,FL,Colombia,18,21.36,9.24,384.48,166.32,218.16
INV-10527,2023-12-04,CUST-417,Online,TX,Ethiopia,8,25.78,10.91,206.24,87.28,118.96
INV-10528,2023-06-10,CUST-556,Retail,FL,Brazil,44,15.47,7.52,680.68,330.88,349.8
INV-10529,2023-11-09,CUST-838,Online,IL,Ethiopia,12,22.42,14.46,269.04,173.52,95.52
INV-10530,2023-09-13,CUST-918,Online,CA,Ethiopia,29,20.77,12.66,602.33,367.14,235.19
INV-10531,2023-03-16,CUST-189,Wholesale,NY,Ethiopia,398,26.43,13.36,10519.14,5317.28,5201.86
INV-10532,2023-07-18,CUST-565,Online,IL,Guatemala,6,19.71,9.0,118.26,54.0,64.26
INV-10533,2023-03-14,CUST-680,Online,TX,Ethiopia,29,17.08,10.2,495.32,295.8,199.52
INV-10534,2023-03-14,CUST-545,Online,NY,Guatemala,17,29.69,12.99,504.73,220.83,283.9
INV-10535,2023-09-23,CUST-891,Retail,FL,Ethiopia,16,19.76,11.94,316.16,191.04,125.12
INV-10536,2023-07-09,CUST-190,Wholesale,FL,Vietnam,500,28.01,18.45,14005.0,9225.0,4780.0
INV-10537,2023-12-19,CUST-116,Online,CA,Colombia,8,25.46,11.55,203.68,92.4,111.28
INV-10538,2023-08-14,CUST-635,Wholesale,IL,Colombia,120,27.31,12.47,3277.2,1496.4,1780.8
INV-10539,2023-01-02,CUST-734,Wholesale,TX,Vietnam,153,17.57,8.88,2688.21,1358.64,1329.57
INV-10540,2023-08-07,CUST-745,Wholesale,FL,Vietnam,31,21.76,13.49,674.56,418.19,256.37
INV-10541,2023-02-26,CUST-918,Wholesale,IL,Colombia,361,21.07,10.06,7606.27,3631.66,3974.61
INV-10542,2023-01-17,CUST-567,Wholesale,IL,Colombia,180,29.02,19.8,5223.6,3564.0,1659.6
INV-10543,2023-02-14,CUST-279,Wholesale,NY,Ethiopia,191,15.37,9.1,2935.67,1738.1,1197.57
INV-10544,2023-10-17,CUST-388,Wholesale,FL,Brazil,64,27.6,13.88,1766.4,888.32,878.08
INV-10545,2023-11-01,CUST-387,Online,TX,Vietnam,44,21.51,10.71,946.44,471.24,475.2
INV-10546,2023-12-01,CUST-937,Wholesale,FL,Costa Rica,434,15.84,7.64,6874.56,3315.76,3558.8
INV-10547,2023-04-12,CUST-481,Retail,CA,Brazil,33,15.67,9.46,517.11,312.18,204.93
INV-10548,2023-06-20,CUST-242,Retail,NY,Guatemala,50,29.35,16.09,1467.5,804.5,663.0
INV-10549,2023-03-05,CUST-110,Wholesale,FL,Brazil,17,28.11,18.44,477.87,313.48,164.39
INV-10550,2023-11-22,CUST-116,Retail,TX,Vietnam,41,24.45,11.21,1002.45,459.61,542.84
INV-10551,2023-10-08,CUST-961,Wholesale,TX,Brazil,254,21.98,11.4,5582.92,2895.6,2687.32
INV-10552,2023-01-21,CUST-605,Retail,IL,Brazil,21,21.51,8.67,451.71,182.07,269.64
INV-10553,2023-11-11,CUST-632,Retail,NY,Brazil,17,26.78,14.23,455.26,241.91,213.35
INV-10554,2023-08-28,CUST-385,Online,NY,Colombia,49,29.35,18.26,1438.15,894.74,543.41
INV-10555,2023-05-04,CUST-392,Wholesale,WA,Costa Rica,268,17.33,8.55,4644.44,2291.4,2353.04
INV-10556,2023-07-15,CUST-568,Online,NY,Colombia,47,28.66,14.25,1347.02,669.75,677.27
INV-10557,2023-01-02,CUST-151,Retail,TX,Brazil,11,20.89,12.6,229.79,138.6,91.19
INV-10558,2023-07-07,CUST-779,Wholesale,IL,Guatemala,167,15.05,7.83,2513.35,1307.61,1205.74
INV-10559,2023-10-18,CUST-928,Wholesale,CA,Guatemala,336,20.01,11.46,6723.36,3850.56,2872.8
INV-10560,2023-07-09,CUST-308,Wholesale,CA,Vietnam,256,28.41,14.38,7272.96,3681.28,3591.68
INV-10561,2023-05-17,CUST-150,Online,CA,Costa Rica,33,25.47,11.13,840.51,367.29,473.22
INV-10562,2023-04-07,CUST-626,Online,CA,Brazil,24,24.7,16.0,592.8,384.0,208.8
INV-10563,2023-05-13,CUST-856,Retail,IL,Guatemala,1,16.02,9.01,16.02,9.01,7.01
INV-10564,2023-08-30,CUST-598,Retail,FL,Brazil,1,18.43,11.24,18.43,11.24,7.19
INV-10565,2023-11-22,CUST-941,Retail,TX,Vietnam,48,18.67,12.3,896.16,590.4,305.76
INV-10566,2023-12-01,CUST-401,Wholesale,IL,Colombia,405,29.06,20.04,11769.3,8116.2,3653.1
INV-10567,2023-01-30,CUST-363,Online,NY,Vietnam,4,27.75,14.57,111.0,58.28,52.72
INV-10568,2023-05-04,CUST-882,Online,NY,Guatemala,19,17.92,8.78,340.48,166.82,173.66
INV-10569,2023-03-28,CUST-525,Retail,NY,Brazil,44,28.02,13.51,1232.88,594.44,638.44
INV-10570,2023-08-10,CUST-199,Wholesale,FL,Costa Rica,462,22.78,15.22,10524.36,7031.64,3492.72
INV-10571,2023-07-28,CUST-382,Wholesale,TX,Brazil,331,26.48,15.75,8764.88,5213.25,3551.63
INV-10572,2023-11-09,CUST-544,Online,CA,Costa Rica,34,23.17,11.48,787.78,390.32,397.46
INV-10573,2023-12-06,CUST-683,Online,NY,Brazil,48,18.33,8.31,879.84,398.88,480.96
INV-10574,2023-07-24,CUST-492,Wholesale,IL,Vietnam,176,18.2,11.74,3203.2,2066.24,1136.96
INV-10575,2023-10-19,CUST-465,Online,CA,Costa Rica,49,27.44,15.94,1344.56,781.06,563.5
INV-10576,2023-06-16,CUST-803,Wholesale,FL,Vietnam,422,19.9,10.43,8397.8,4401.46,3996.34
INV-10577,2023-12-01,CUST-117,Retail,WA,Vietnam,23,25.82,18.07,593.86,415.61,178.25
INV-10578,2023-04-01,CUST-635,Wholesale,CA,Colombia,295,17.9,7.31,5280.5,2156.45,3124.05
INV-10579,2023-10-07,CUST-696,Wholesale,IL,Ethiopia,205,28.61,18.71,5865.05,3835.55,2029.5
INV-10580,2023-10-31,CUST-128,Online,CA,Vietnam,50,27.7,11.92,1385.0,596.0,789.0
INV-10581,2023-11-22,CUST-878,Online,IL,Brazil,18,29.15,18.02,524.7,324.36,200.34
INV-10582,2023-06-23,CUST-323,Retail,FL,Colombia,30,28.85,13.69,865.5,410.7,454.8
INV-10583,2023-06-02,CUST-799,Wholesale,CA,Brazil,25,27.77,12.49,694.25,312.25,382.0
INV-10584,2023-03-26,CUST-221,Wholesale,NY,Vietnam,196,20.71,8.39,4059.16,1644.44,2414.72
INV-10585,2023-06-13,CUST-452,Wholesale,IL,Vietnam,136,29.73,16.59,4043.28,2256.24,1787.04
INV-10586,2023-04-24,CUST-359,Online,IL,Costa Rica,4,25.2,16.89,100.8,67.56,33.24
INV-10587,2023-04-11,CUST-330,Wholesale,CA,Vietnam,358,17.27,10.21,6182.66,3655.18,2527.48
INV-10588,2023-01-15,CUST-153,Retail,TX,Colombia,6,16.29,7.44,97.74,44.64,53.1
INV-10589,2023-01-17,CUST-200,Retail,IL,Guatemala,28,19.13,12.28,535.64,343.84,191.8
INV-10590,2023-01-03,CUST-616,Wholesale,NY,Colombia,48,19.98,10.7,959.04,513.6,445.44
INV-10591,2023-12-29,CUST-478,Online,TX,Brazil,42,28.44,17.9,1194.48,751.8,442.68
INV-10592,2023-06-29,CUST-159,Retail,IL,Ethiopia,23,16.29,11.21,374.67,257.83,116.84
INV-10593,2023-09-29,CUST-816,Retail,TX,Brazil,39,19.74,12.36,769.86,482.04,287.82
INV-10594,2023-10-31,CUST-999,Wholesale,IL,Ethiopia,326,25.23,16.52,8224.98,5385.52,2839.46
INV-10595,2023-08-10,CUST-969,Wholesale,CA,Colombia,403,28.45,11.5,11465.35,4634.5,6830.85
INV-10596,2023-10-24,CUST-510,Wholesale,CA,Colombia,432,17.48,11.86,7551.36,5123.52,2427.84
INV-10597,2023-11-12,CUST-811,Wholesale,IL,Guatemala,167,20.4,10.71,3406.8,1788.57,1618.23
INV-10598,2023-10-08,CUST-345,Retail,FL,Brazil,29,19.17,8.56,555.93,248.24,307.69
INV-10599,2023-10-10,CUST-825,Online,NY,Vietnam,7,26.44,12.22,185.08,85.54,99.54
INV-10600,2023-06-10,CUST-302,Online,FL,Brazil,10,24.08,12.17,240.8,121.7,119.1
INV-10601,2023-11-12,CUST-862,Retail,NY,Vietnam,25,22.56,14.39,564.0,359.75,204.25
INV-10602,2023-09-19,CUST-319,Retail,TX,Vietnam,16,22.81,10.25,364.96,164.0,200.96
INV-10603,2023-04-17,CUST-614,Retail,IL,Vietnam,21,25.6,16.91,537.6,355.11,182.49
INV-10604,2023-03-22,CUST-462,Online,TX,Vietnam,24,26.02,13.84,624.48,332.16,292.32
INV-10605,2023-01-27,CUST-816,Wholesale,TX,Costa Rica,81,21.06,14.48,1705.86,1172.88,532.98
INV-10606,2023-09-28,CUST-659,Retail,FL,Vietnam,9,25.4,14.43,228.6,129.87,98.73
INV-10607,2023-09-18,CUST-288,Wholesale,NY,Guatemala,405,23.28,16.1,9428.4,6520.5,2907.9
INV-10608,2023-11-29,CUST-861,Retail,FL,Guatemala,36,15.72,10.6,565.92,381.6,184.32
INV-10609,2023-09-23,CUST-515,Wholesale,WA,Ethiopia,124,24.17,16.79,2997.08,2081.96,915.12
INV-10610,2023-09-10,CUST-552,Wholesale,NY,Brazil,368,18.03,10.84,6635.04,3989.12,2645.92
INV-10611,2023-08-03,CUST-981,Retail,IL,Colombia,26,26.49,11.15,688.74,289.9,398.84
INV-10612,2023-02-13,CUST-697,Wholesale,IL,Guatemala,263,27.06,14.22,7116.78,3739.86,3376.92
INV-10613,2023-08-24,CUST-487,Retail,NY,Colombia,28,26.24,10.8,734.72,302.4,432.32
INV-10614,2023-07-04,CUST-536,Retail,IL,Ethiopia,26,28.2,17.52,733.2,455.52,277.68
INV-10615,2023-07-11,CUST-508,Retail,IL,Brazil,29,29.39,14.86,852.31,430.94,421.37
INV-10616,2023-12-27,CUST-569,Online,IL,Costa Rica,19,20.18,9.01,383.42,171.19,212.23
INV-10617,2023-04-13,CUST-855,Online,WA,Ethiopia,25,24.38,11.87,609.5,296.75,312.75
INV-10618,2023-05-30,CUST-436,Online,TX,Guatemala,35,23.56,10.73,824.6,375.55,449.05
INV-10619,2023-09-27,CUST-973,Retail,WA,Costa Rica,33,24.47,13.83,807.51,456.39,351.12
INV-10620,2023-03-06,CUST-718,Online,IL,Colombia,50,20.9,14.57,1045.0,728.5,316.5
INV-10621,2023-07-17,CUST-813,Online,IL,Ethiopia,25,26.12,17.67,653.0,441.75,211.25
INV-10622,2023-05-13,CUST-122,Online,NY,Vietnam,42,29.62,14.45,1244.04,606.9,637.14
INV-10623,2023-02-16,CUST-210,Wholesale,WA,Costa Rica,485,27.77,15.26,13468.45,7401.1,6067.35
INV-10624,2023-12-13,CUST-710,Wholesale,IL,Costa Rica,178,26.13,18.25,4651.14,3248.5,1402.64
INV-10625,2023-03-19,CUST-329,Online,CA,Guatemala,43,17.3,11.87,743.9,510.41,233.49
INV-10626,2023-05-14,CUST-118,Wholesale,FL,Colombia,55,20.82,9.19,1145.1,505.45,639.65
INV-10627,2023-07-31,CUST-826,Wholesale,TX,Colombia,135,21.9,9.67,2956.5,1305.45,1651.05
INV-10628,2023-12-14,CUST-170,Retail,WA,Brazil,33,16.76,8.36,553.08,275.88,277.2
INV-10629,2023-07-31,CUST-748,Retail,WA,Vietnam,12,19.58,11.23,234.96,134.76,100.2
INV-10630,2023-07-31,CUST-377,Retail,NY,Brazil,14,27.09,13.49,379.26,188.86,190.4
INV-10631,2023-08-12,CUST-568,Wholesale,IL,Colombia,374,18.21,11.25,6810.54,4207.5,2603.04
INV-10632,2023-01-02,CUST-217,Online,CA,Ethiopia,16,25.92,13.87,414.72,221.92,192.8
INV-10633,2023-03-04,CUST-862,Wholesale,NY,Colombia,129,20.98,8.69,2706.42,1121.01,1585.41
INV-10634,2023-05-22,CUST-371,Retail,IL,Ethiopia,26,24.73,10.8,642.98,280.8,362.18
INV-10635,2023-05-02,CUST-682,Wholesale,IL,Costa Rica,438,27.25,13.15,11935.5,5759.7,6175.8
INV-10636,2023-09-11,CUST-867,Wholesale,FL,Ethiopia,129,24.99,14.75,3223.71,1902.75,1320.96
INV-10637,2023-01-23,CUST-392,Wholesale,IL,Brazil,38,29.88,19.01,1135.44,722.38,413.06
INV-10638,2023-08-11,CUST-605,Wholesale,WA,Guatemala,450,24.74,13.64,11133.0,6138.0,4995.0
INV-10639,2023-03-17,CUST-806,Online,TX,Ethiopia,47,15.46,6.42,726.62,301.74,424.88
INV-10640,2023-12-11,CUST-167,Wholesale,FL,Costa Rica,60,29.63,12.09,1777.8,725.4,1052.4
INV-10641,2023-11-02,CUST-693,Online,NY,Colombia,44,15.48,8.53,681.12,375.32,305.8
INV-10642,2023-10-11,CUST-745,Online,CA,Brazil,18,24.28,11.02,437.04,198.36,238.68
INV-10643,2023-07-16,CUST-604,Wholesale,WA,Guatemala,449,28.41,18.33,12756.09,8230.17,4525.92
INV-10644,2023-06-07,CUST-275,Online,FL,Brazil,33,25.09,12.48,827.97,411.84,416.13
INV-10645,2023-10-05,CUST-789,Online,CA,Colombia,9,22.82,14.48,205.38,130.32,75.06
INV-10646,2023-10-31,CUST-857,Retail,FL,Costa Rica,5,27.39,16.22,136.95,81.1,55.85
INV-10647,2023-03-06,CUST-832,Retail,IL,Colombia,48,18.95,12.07,909.6,579.36,330.24
INV-10648,2023-07-03,CUST-532,Retail,TX,Costa Rica,21,29.83,18.92,626.43,397.32,229.11
INV-10649,2023-08-07,CUST-712,Retail,FL,Brazil,37,22.31,12.99,825.47,480.63,344.84
INV-10650,2023-08-17,CUST-782,Wholesale,FL,Ethiopia,256,17.08,7.49,4372.48,1917.44,2455.04
INV-10651,2023-03-28,CUST-677,Retail,FL,Ethiopia,32,16.96,7.84,542.72,250.88,291.84
INV-10652,2023-03-19,CUST-199,Retail,TX,Ethiopia,18,28.57,14.81,514.26,266.58,247.68
INV-10653,2023-09-06,CUST-105,Retail,IL,Colombia,7,17.74,9.03,124.18,63.21,60.97
INV-10654,2023-12-06,CUST-742,Online,NY,Guatemala,14,25.26,10.36,353.64,145.04,208.6
INV-10655,2023-01-15,CUST-892,Retail,CA,Ethiopia,7,24.05,14.65,168.35,102.55,65.8
INV-10656,2023-01-05,CUST-244,Online,IL,Costa Rica,35,29.17,15.11,1020.95,528.85,492.1
INV-10657,2023-08-23,CUST-227,Retail,CA,Costa Rica,18,29.71,18.66,534.78,335.88,198.9
INV-10658,2023-05-06,CUST-401,Retail,TX,Vietnam,41,23.2,14.72,951.2,603.52,347.68
INV-10659,2023-12-29,CUST-839,Retail,TX,Colombia,48,21.5,11.42,1032.0,548.16,483.84
INV-10660,2023-09-18,CUST-619,Retail,CA,Vietnam,43,24.24,10.23,1042.32,439.89,602.43
INV-10661,2023-01-08,CUST-947,Retail,WA,Vietnam,17,19.08,10.19,324.36,173.23,151.13
INV-10662,2023-09-16,CUST-843,Online,CA,Brazil,47,19.37,12.57,910.39,590.79,319.6
INV-10663,2023-12-06,CUST-523,Retail,NY,Costa Rica,49,29.46,18.8,1443.54,921.2,522.34
INV-10664,2023-11-24,CUST-112,Retail,CA,Vietnam,25,17.1,9.28,427.5,232.0,195.5
INV-10665,2023-06-30,CUST-606,Wholesale,FL,Brazil,265,15.18,8.11,4022.7,2149.15,1873.55
INV-10666,2023-03-02,CUST-658,Retail,TX,Colombia,36,23.45,15.48,844.2,557.28,286.92
INV-10667,2023-06-20,CUST-286,Online,FL,Guatemala,8,27.92,17.53,223.36,140.24,83.12
INV-10668,2023-07-01,CUST-272,Retail,TX,Guatemala,40,19.55,11.06,782.0,442.4,339.6
INV-10669,2023-09-20,CUST-376,Retail,IL,Brazil,12,28.55,17.33,342.6,207.96,134.64
INV-10670,2023-03-26,CUST-456,Wholesale,TX,Costa Rica,331,18.47,8.91,6113.57,2949.21,3164.36
INV-10671,2023-09-06,CUST-417,Retail,TX,Costa Rica,13,18.94,8.27,246.22,107.51,138.71
INV-10672,2023-12-31,CUST-176,Retail,NY,Ethiopia,47,17.0,11.87,799.0,557.89,241.11
INV-10673,2023-02-24,CUST-590,Wholesale,CA,Brazil,496,25.81,16.87,12801.76,8367.52,4434.24
INV-10674,2023-01-22,CUST-767,Online,TX,Brazil,43,22.19,13.92,954.17,598.56,355.61
INV-10675,2023-11-22,CUST-995,Retail,IL,Ethiopia,30,24.28,15.98,728.4,479.4,249.0
INV-10676,2023-11-04,CUST-473,Retail,IL,Costa Rica,1,23.94,10.99,23.94,10.99,12.95
INV-10677,2023-01-09,CUST-733,Retail,CA,Colombia,27,15.87,7.11,428.49,191.97,236.52
INV-10678,2023-09-16,CUST-544,Online,IL,Vietnam,12,19.26,12.87,231.12,154.44,76.68
INV-10679,2023-07-09,CUST-647,Online,NY,Brazil,48,26.86,16.19,1289.28,777.12,512.16
INV-10680,2023-02-27,CUST-358,Wholesale,NY,Costa Rica,242,27.16,16.15,6572.72,3908.3,2664.42
INV-10681,2023-08-21,CUST-953,Retail,WA,Brazil,33,27.74,16.07,915.42,530.31,385.11
INV-10682,2023-07-02,CUST-594,Retail,TX,Vietnam,26,29.39,15.99,764.14,415.74,348.4
INV-10683,2023-04-26,CUST-150,Wholesale,TX,Brazil,193,19.34,13.27,3732.62,2561.11,1171.51
INV-10684,2023-02-18,CUST-229,Wholesale,NY,Vietnam,296,25.13,14.75,7438.48,4366.0,3072.48
INV-10685,2023-06-20,CUST-717,Retail,TX,Colombia,21,19.62,13.12,412.02,275.52,136.5
INV-10686,2023-04-04,CUST-421,Online,CA,Brazil,5,28.7,16.03,143.5,80.15,63.35
INV-10687,2023-01-30,CUST-352,Retail,FL,Brazil,9,22.16,12.27,199.44,110.43,89.01
INV-10688,2023-11-22,CUST-318,Retail,WA,Ethiopia,22,15.32,9.25,337.04,203.5,133.54
INV-10689,2023-08-05,CUST-222,Online,FL,Costa Rica,47,26.63,16.04,1251.61,753.88,497.73
INV-10690,2023-08-27,CUST-575,Retail,TX,Vietnam,6,28.65,15.85,171.9,95.1,76.8
INV-10691,2023-10-07,CUST-741,Online,NY,Guatemala,4,17.03,6.81,68.12,27.24,40.88
INV-10692,2023-01-31,CUST-741,Retail,IL,Guatemala,21,19.91,11.58,418.11,243.18,174.93
INV-10693,2023-05-25,CUST-296,Wholesale,FL,Brazil,296,25.26,15.11,7476.96,4472.56,3004.4
INV-10694,2023-04-20,CUST-562,Wholesale,IL,Costa Rica,435,19.63,9.98,8539.05,4341.3,4197.75
INV-10695,2023-07-13,CUST-799,Wholesale,NY,Costa Rica,357,22.06,14.14,7875.42,5047.98,2827.44
INV-10696,2023-06-29,CUST-263,Online,NY,Brazil,37,17.41,11.3,644.17,418.1,226.07
INV-10697,2023-05-29,CUST-961,Retail,IL,Colombia,21,27.35,15.87,574.35,333.27,241.08
INV-10698,2023-11-20,CUST-604,Online,WA,Brazil,25,24.17,11.24,604.25,281.0,323.25
INV-10699,2023-03-21,CUST-437,Online,IL,Costa Rica,28,28.59,16.83,800.52,471.24,329.28
INV-10700,2023-10-12,CUST-385,Retail,TX,Ethiopia,5,22.9,12.89,114.5,64.45,50.05
INV-10701,2023-01-07,CUST-676,Wholesale,WA,Brazil,96,23.21,12.16,2228.16,1167.36,1060.8
INV-10702,2023-04-12,CUST-875,Retail,NY,Colombia,39,27.19,11.93,1060.41,465.27,595.14
INV-10703,2023-05-24,CUST-162,Retail,NY,Guatemala,49,28.27,14.94,1385.23,732.06,653.17
INV-10704,2023-10-24,CUST-400,Online,FL,Brazil,11,28.84,15.88,317.24,174.68,142.56
INV-10705,2023-05-18,CUST-509,Online,TX,Vietnam,42,23.1,13.59,970.2,570.78,399.42
INV-10706,2023-07-04,CUST-374,Online,WA,Brazil,49,21.68,9.85,1062.32,482.65,579.67
INV-10707,2023-08-17,CUST-975,Wholesale,WA,Vietnam,141,16.55,9.25,2333.55,1304.25,1029.3
INV-10708,2023-01-18,CUST-115,Retail,TX,Colombia,15,18.08,9.71,271.2,145.65,125.55
INV-10709,2023-10-12,CUST-642,Wholesale,CA,Guatemala,493,18.77,10.76,9253.61,5304.68,3948.93
INV-10710,2023-04-18,CUST-181,Online,TX,Costa Rica,2,20.2,8.28,40.4,16.56,23.84
INV-10711,2023-12-07,CUST-508,Wholesale,CA,Colombia,488,15.18,7.73,7407.84,3772.24,3635.6
INV-10712,2023-02-10,CUST-583,Retail,NY,Costa Rica,10,23.34,16.23,233.4,162.3,71.1
INV-10713,2023-11-19,CUST-296,Online,CA,Guatemala,2,26.13,11.08,52.26,22.16,30.1
INV-10714,2023-01-09,CUST-205,Retail,FL,Ethiopia,21,26.96,17.17,566.16,360.57,205.59
INV-10715,2023-10-13,CUST-306,Wholesale,IL,Colombia,296,24.29,11.27,7189.84,3335.92,3853.92
INV-10716,2023-06-01,CUST-836,Retail,WA,Ethiopia,35,17.49,10.53,612.15,368.55,243.6
INV-10717,2023-01-05,CUST-304,Online,IL,Ethiopia,9,20.74,10.72,186.66,96.48,90.18
INV-10718,2023-11-17,CUST-791,Retail,FL,Colombia,50,26.36,15.97,1318.0,798.5,519.5
INV-10719,2023-08-13,CUST-682,Retail,NY,Guatemala,5,15.76,9.76,78.8,48.8,30.0
INV-10720,2023-09-16,CUST-140,Retail,FL,Vietnam,4,20.39,11.26,81.56,45.04,36.52
INV-10721,2023-08-24,CUST-161,Online,TX,Vietnam,20,29.68,20.73,593.6,414.6,179.0
INV-10722,2023-08-28,CUST-266,Wholesale,NY,Colombia,480,21.78,10.6,10454.4,5088.0,5366.4
INV-10723,2023-05-19,CUST-278,Online,IL,Ethiopia,3,27.18,17.11,81.54,51.33,30.21
INV-10724,2023-11-22,CUST-326,Retail,WA,Colombia,7,27.63,15.42,193.41,107.94,85.47
INV-10725,2023-11-22,CUST-688,Wholesale,IL,Ethiopia,425,16.33,8.57,6940.25,3642.25,3298.0
INV-10726,2023-07-25,CUST-592,Online,NY,Colombia,15,25.77,10.54,386.55,158.1,228.45
INV-10727,2023-05-05,CUST-445,Wholesale,TX,Colombia,305,17.67,10.97,5389.35,3345.85,2043.5
INV-10728,2023-05-13,CUST-962,Online,WA,Brazil,3,18.37,12.78,55.11,38.34,16.77
INV-10729,2023-01-18,CUST-957,Retail,WA,Ethiopia,34,17.71,11.97,602.14,406.98,195.16
INV-10730,2023-06-15,CUST-387,Retail,IL,Colombia,18,29.95,16.93,539.1,304.74,234.36
INV-10731,2023-12-18,CUST-531,Retail,WA,Brazil,6,19.88,8.72,119.28,52.32,66.96
INV-10732,2023-07-04,CUST-551,Online,IL,Ethiopia,27,21.77,11.59,587.79,312.93,274.86
INV-10733,2023-02-10,CUST-330,Wholesale,NY,Vietnam,198,20.47,12.85,4053.06,2544.3,1508.76
INV-10734,2023-05-09,CUST-731,Retail,CA,Colombia,31,28.43,11.5,881.33,356.5,524.83
INV-10735,2023-04-22,CUST-863,Online,IL,Brazil,23,29.35,17.28,675.05,397.44,277.61
INV-10736,2023-02-07,CUST-497,Online,CA,Guatemala,2,26.0,11.55,52.0,23.1,28.9
INV-10737,2023-08-25,CUST-431,Retail,TX,Guatemala,40,24.73,16.51,989.2,660.4,328.8
INV-10738,2023-01-03,CUST-112,Online,TX,Costa Rica,18,16.72,7.64,300.96,137.52,163.44
INV-10739,2023-10-10,CUST-825,Retail,TX,Vietnam,2,24.6,12.69,49.2,25.38,23.82
INV-10740,2023-06-06,CUST-831,Retail,NY,Guatemala,23,26.71,13.55,614.33,311.65,302.68
INV-10741,2023-11-03,CUST-538,Online,NY,Brazil,6,21.16,9.38,126.96,56.28,70.68
INV-10742,2023-02-22,CUST-658,Online,IL,Vietnam,18,29.75,20.33,535.5,365.94,169.56
INV-10743,2023-08-22,CUST-479,Retail,NY,Colombia,32,24.07,11.2,770.24,358.4,411.84
INV-10744,2023-11-03,CUST-726,Online,NY,Vietnam,13,19.32,13.45,251.16,174.85,76.31
INV-10745,2023-09-11,CUST-116,Retail,IL,Costa Rica,10,16.96,9.63,169.6,96.3,73.3
INV-10746,2023-11-16,CUST-268,Wholesale,IL,Colombia,332,24.44,9.98,8114.08,3313.36,4800.72
INV-10747,2023-05-12,CUST-887,Online,IL,Brazil,20,28.57,14.54,571.4,290.8,280.6
INV-10748,2023-05-19,CUST-337,Retail,CA,Costa Rica,30,19.81,12.65,594.3,379.5,214.8
INV-10749,2023-07-04,CUST-505,Retail,FL,Costa Rica,31,17.54,11.07,543.74,343.17,200.57
INV-10750,2023-05-14,CUST-383,Retail,TX,Colombia,30,17.21,11.22,516.3,336.6,179.7
INV-10751,2023-03-30,CUST-478,Wholesale,NY,Colombia,24,16.77,7.78,402.48,186.72,215.76
INV-10752,2023-10-02,CUST-770,Wholesale,WA,Colombia,336,22.8,13.58,7660.8,4562.88,3097.92
INV-10753,2023-04-26,CUST-559,Retail,TX,Ethiopia,35,16.57,9.07,579.95,317.45,262.5
INV-10754,2023-05-19,CUST-392,Wholesale,FL,Costa Rica,156,19.37,9.0,3021.72,1404.0,1617.72
INV-10755,2023-07-02,CUST-199,Online,TX,Ethiopia,46,23.61,10.32,1086.06,474.72,611.34
INV-10756,2023-09-01,CUST-144,Wholesale,WA,Vietnam,160,18.97,7.8,3035.2,1248.0,1787.2
INV-10757,2023-10-20,CUST-713,Retail,CA,Costa Rica,25,28.61,19.69,715.25,492.25,223.0
INV-10758,2023-03-16,CUST-362,Wholesale,TX,Brazil,32,23.03,15.82,736.96,506.24,230.72
INV-10759,2023-03-13,CUST-612,Online,WA,Ethiopia,42,26.09,17.0,1095.78,714.0,381.78
INV-10760,2023-04-07,CUST-671,Wholesale,IL,Colombia,301,20.47,10.58,6161.47,3184.58,2976.89
INV-10761,2023-10-15,CUST-253,Wholesale,FL,Brazil,20,20.86,12.92,417.2,258.4,158.8
INV-10762,2023-04-15,CUST-201,Wholesale,TX,Ethiopia,301,20.8,10.98,6260.8,3304.98,2955.82
INV-10763,2023-06-30,CUST-875,Wholesale,NY,Costa Rica,191,15.21,7.13,2905.11,1361.83,1543.28
INV-10764,2023-09-16,CUST-176,Wholesale,WA,Costa Rica,279,25.71,15.04,7173.09,4196.16,2976.93
INV-10765,2023-05-03,CUST-923,Online,TX,Brazil,31,23.14,12.55,717.34,389.05,328.29
INV-10766,2023-05-10,CUST-213,Retail,CA,Costa Rica,49,17.62,11.22,863.38,549.78,313.6
INV-10767,2023-04-27,CUST-557,Online,FL,Costa Rica,13,18.99,11.74,246.87,152.62,94.25
INV-10768,2023-12-16,CUST-128,Wholesale,IL,Colombia,379,16.34,10.23,6192.86,3877.17,2315.69
INV-10769,2023-07-15,CUST-686,Retail,CA,Colombia,22,23.96,15.36,527.12,337.92,189.2
INV-10770,2023-05-23,CUST-382,Online,NY,Costa Rica,17,25.78,11.31,438.26,192.27,245.99
INV-10771,2023-02-01,CUST-774,Retail,IL,Colombia,45,26.03,11.75,1171.35,528.75,642.6
INV-10772,2023-04-02,CUST-947,Retail,WA,Brazil,40,21.14,12.7,845.6,508.0,337.6
INV-10773,2023-09-21,CUST-333,Retail,IL,Guatemala,19,17.19,11.33,326.61,215.27,111.34
INV-10774,2023-07-16,CUST-869,Wholesale,NY,Ethiopia,350,19.99,9.45,6996.5,3307.5,3689.0
INV-10775,2023-10-21,CUST-140,Online,NY,Guatemala,17,27.34,13.98,464.78,237.66,227.12
INV-10776,2023-05-02,CUST-292,Wholesale,WA,Brazil,313,17.47,8.71,5468.11,2726.23,2741.88
INV-10777,2023-07-28,CUST-286,Retail,TX,Guatemala,49,27.56,13.21,1350.44,647.29,703.15
INV-10778,2023-03-06,CUST-917,Online,FL,Ethiopia,39,28.87,13.57,1125.93,529.23,596.7
INV-10779,2023-05-09,CUST-227,Retail,TX,Vietnam,8,19.7,12.45,157.6,99.6,58.0
INV-10780,2023-05-03,CUST-297,Online,CA,Brazil,25,22.3,12.15,557.5,303.75,253.75
INV-10781,2023-03-08,CUST-742,Retail,FL,Vietnam,28,19.73,13.39,552.44,374.92,177.52
INV-10782,2023-06-01,CUST-953,Wholesale,WA,Brazil,161,19.12,11.56,3078.32,1861.16,1217.16
INV-10783,2023-01-16,CUST-581,Wholesale,WA,Brazil,476,27.7,19.08,13185.2,9082.08,4103.12
INV-10784,2023-10-07,CUST-940,Retail,CA,Colombia,47,19.28,9.01,906.16,423.47,482.69
INV-10785,2023-05-01,CUST-457,Online,CA,Colombia,8,27.04,14.49,216.32,115.92,100.4
INV-10786,2023-01-09,CUST-893,Retail,NY,Vietnam,21,19.94,9.2,418.74,193.2,225.54
INV-10787,2023-08-27,CUST-174,Wholesale,CA,Brazil,50,29.01,19.59,1450.5,979.5,471.0
INV-10788,2023-12-24,CUST-585,Wholesale,NY,Ethiopia,236,27.74,19.12,6546.64,4512.32,2034.32
INV-10789,2023-07-12,CUST-152,Online,WA,Brazil,15,23.38,15.42,350.7,231.3,119.4
INV-10790,2023-12-09,CUST-517,Online,IL,Costa Rica,37,16.21,8.31,599.77,307.47,292.3
INV-10791,2023-05-27,CUST-167,Online,TX,Ethiopia,34,18.86,13.18,641.24,448.12,193.12
INV-10792,2023-02-27,CUST-946,Online,NY,Guatemala,19,24.0,14.5,456.0,275.5,180.5
INV-10793,2023-06-25,CUST-877,Retail,NY,Vietnam,30,29.7,14.38,891.0,431.4,459.6
INV-10794,2023-11-10,CUST-412,Retail,CA,Costa Rica,17,22.35,9.8,379.95,166.6,213.35
INV-10795,2023-05-29,CUST-868,Online,WA,Guatemala,6,20.53,9.08,123.18,54.48,68.7
INV-10796,2023-07-21,CUST-845,Wholesale,WA,Guatemala,204,17.37,11.69,3543.48,2384.76,1158.72
INV-10797,2023-06-24,CUST-956,Online,CA,Vietnam,40,20.62,13.41,824.8,536.4,288.4
INV-10798,2023-12-04,CUST-394,Wholesale,TX,Colombia,184,16.9,7.81,3109.6,1437.04,1672.56
INV-10799,2023-03-18,CUST-562,Retail,IL,Guatemala,42,27.7,13.74,1163.4,577.08,586.32
INV-10800,2023-02-17,CUST-498,Online,IL,Brazil,1,29.89,19.8,29.89,19.8,10.09
INV-10801,2023-09-11,CUST-830,Wholesale,FL,Colombia,286,24.32,10.95,6955.52,3131.7,3823.82
INV-10802,2023-03-03,CUST-591,Retail,TX,Costa Rica,45,15.67,10.19,705.15,458.55,246.6
INV-10803,2023-12-16,CUST-626,Online,CA,Vietnam,26,17.06,9.59,443.56,249.34,194.22
INV-10804,2023-10-21,CUST-961,Retail,CA,Ethiopia,20,21.08,13.88,421.6,277.6,144.0
INV-10805,2023-10-12,CUST-552,Online,NY,Brazil,1,20.13,9.57,20.13,9.57,10.56
INV-10806,2023-02-11,CUST-183,Wholesale,TX,Vietnam,52,18.18,12.19,945.36,633.88,311.48
INV-10807,2023-10-27,CUST-957,Wholesale,TX,Brazil,223,18.21,8.85,4060.83,1973.55,2087.28
INV-10808,2023-08-31,CUST-971,Wholesale,FL,Colombia,334,22.78,11.89,7608.52,3971.26,3637.26
INV-10809,2023-09-15,CUST-187,Online,CA,Guatemala,18,23.78,13.7,428.04,246.6,181.44
INV-10810,2023-03-11,CUST-337,Online,WA,Vietnam,30,21.01,9.64,630.3,289.2,341.1
INV-10811,2023-09-05,CUST-359,Wholesale,FL,Colombia,345,28.88,20.05,9963.6,6917.25,3046.35
INV-10812,2023-08-07,CUST-432,Wholesale,CA,Colombia,277,25.29,15.65,7005.33,4335.05,2670.28
INV-10813,2023-01-04,CUST-824,Retail,TX,Vietnam,28,29.24,16.57,818.72,463.96,354.76
INV-10814,2023-11-21,CUST-979,Wholesale,TX,Costa Rica,268,29.4,16.94,7879.2,4539.92,3339.28
INV-10815,2023-09-08,CUST-463,Online,WA,Ethiopia,15,27.38,13.01,410.7,195.15,215.55
INV-10816,2023-11-18,CUST-423,Retail,NY,Guatemala,43,26.39,15.68,1134.77,674.24,460.53
INV-10817,2023-05-15,CUST-895,Retail,WA,Brazil,21,26.56,13.4,557.76,281.4,276.36
INV-10818,2023-01-29,CUST-637,Wholesale,FL,Ethiopia,355,19.36,7.84,6872.8,2783.2,4089.6
INV-10819,2023-04-27,CUST-758,Retail,WA,Brazil,50,28.47,14.39,1423.5,719.5,704.0
INV-10820,2023-11-08,CUST-566,Wholesale,WA,Guatemala,44,26.45,14.5,1163.8,638.0,525.8
INV-10821,2023-02-08,CUST-730,Online,FL,Colombia,34,22.71,11.57,772.14,393.38,378.76
INV-10822,2023-08-25,CUST-851,Retail,NY,Colombia,47,28.92,13.6,1359.24,639.2,720.04
INV-10823,2023-04-28,CUST-916,Online,FL,Guatemala,49,20.43,12.76,1001.07,625.24,375.83
INV-10824,2023-11-26,CUST-591,Wholesale,FL,Brazil,172,27.93,17.53,4803.96,3015.16,1788.8
INV-10825,2023-06-15,CUST-107,Retail,IL,Costa Rica,17,25.0,10.54,425.0,179.18,245.82
INV-10826,2023-04-05,CUST-147,Retail,WA,Costa Rica,40,22.26,14.19,890.4,567.6,322.8
INV-10827,2023-03-02,CUST-183,Online,NY,Guatemala,41,16.8,9.67,688.8,396.47,292.33
INV-10828,2023-05-03,CUST-177,Wholesale,CA,Guatemala,396,29.47,15.21,11670.12,6023.16,5646.96
INV-10829,2023-11-28,CUST-509,Wholesale,TX,Brazil,410,15.43,10.69,6326.3,4382.9,1943.4
INV-10830,2023-09-06,CUST-941,Wholesale,CA,Colombia,269,20.39,8.61,5484.91,2316.09,3168.82
INV-10831,2023-10-16,CUST-393,Wholesale,FL,Guatemala,280,25.4,15.64,7112.0,4379.2,2732.8
INV-10832,2023-01-20,CUST-858,Retail,IL,Brazil,18,23.84,11.66,429.12,209.88,219.24
INV-10833,2023-07-17,CUST-219,Wholesale,CA,Guatemala,239,18.46,8.35,4411.94,1995.65,2416.29
INV-10834,2023-12-04,CUST-877,Online,WA,Guatemala,37,16.5,8.48,610.5,313.76,296.74
INV-10835,2023-09-23,CUST-735,Wholesale,WA,Colombia,374,21.12,10.15,7898.88,3796.1,4102.78
INV-10836,2023-08-14,CUST-296,Online,WA,Ethiopia,13,24.77,15.32,322.01,199.16,122.85
INV-10837,2023-06-13,CUST-834,Retail,NY,Vietnam,22,27.75,16.97,610.5,373.34,237.16
INV-10838,2023-09-13,CUST-858,Wholesale,IL,Vietnam,63,27.79,11.28,1750.77,710.64,1040.13
INV-10839,2023-10-22,CUST-375,Online,FL,Costa Rica,14,19.05,9.32,266.7,130.48,136.22
INV-10840,2023-11-22,CUST-889,Online,CA,Costa Rica,19,21.31,10.86,404.89,206.34,198.55
INV-10841,2023-04-13,CUST-249,Retail,CA,Vietnam,12,15.65,10.78,187.8,129.36,58.44
INV-10842,2023-11-21,CUST-800,Wholesale,TX,Colombia,325,25.26,10.44,8209.5,3393.0,4816.5
INV-10843,2023-08-10,CUST-678,Online,FL,Ethiopia,32,21.57,9.8,690.24,313.6,376.64
INV-10844,2023-03-21,CUST-593,Wholesale,CA,Vietnam,489,21.76,11.64,10640.64,5691.96,4948.68
INV-10845,2023-01-22,CUST-754,Retail,FL,Vietnam,50,18.06,8.15,903.0,407.5,495.5
INV-10846,2023-05-20,CUST-540,Online,NY,Costa Rica,39,15.1,10.47,588.9,408.33,180.57
INV-10847,2023-08-09,CUST-418,Retail,TX,Colombia,9,22.34,13.63,201.06,122.67,78.39
INV-10848,2023-10-03,CUST-219,Wholesale,IL,Vietnam,390,24.65,12.27,9613.5,4785.3,4828.2
INV-10849,2023-10-19,CUST-176,Online,IL,Vietnam,18,15.52,6.29,279.36,113.22,166.14
INV-10850,2023-08-20,CUST-481,Wholesale,TX,Brazil,186,24.32,15.25,4523.52,2836.5,1687.02
INV-10851,2023-02-08,CUST-123,Retail,IL,Ethiopia,6,27.76,12.92,166.56,77.52,89.04
INV-10852,2023-07-10,CUST-897,Retail,NY,Brazil,32,24.48,15.2,783.36,486.4,296.96
INV-10853,2023-08-09,CUST-123,Wholesale,NY,Guatemala,292,17.99,12.33,5253.08,3600.36,1652.72
INV-10854,2023-03-31,CUST-600,Retail,IL,Ethiopia,40,26.15,11.13,1046.0,445.2,600.8
INV-10855,2023-06-01,CUST-875,Online,TX,Vietnam,7,15.37,9.62,107.59,67.34,40.25
INV-10856,2023-09-12,CUST-564,Online,IL,Colombia,5,18.54,8.43,92.7,42.15,50.55
INV-10857,2023-03-27,CUST-198,Retail,WA,Colombia,25,22.75,15.09,568.75,377.25,191.5
INV-10858,2023-05-06,CUST-884,Retail,TX,Ethiopia,25,21.08,9.21,527.0,230.25,296.75
INV-10859,2023-09-06,CUST-656,Wholesale,IL,Costa Rica,327,17.62,8.67,5761.74,2835.09,2926.65
INV-10860,2023-09-30,CUST-291,Online,CA,Guatemala,3,18.44,7.83,55.32,23.49,31.83
INV-10861,2023-02-13,CUST-332,Wholesale,WA,Costa Rica,474,25.42,13.09,12049.08,6204.66,5844.42
INV-10862,2023-07-08,CUST-663,Retail,TX,Vietnam,2,23.76,16.3,47.52,32.6,14.92
INV-10863,2023-03-07,CUST-957,Wholesale,CA,Costa Rica,153,29.36,14.41,4492.08,2204.73,2287.35
INV-10864,2023-12-15,CUST-442,Online,NY,Guatemala,30,19.11,9.62,573.3,288.6,284.7
INV-10865,2023-12-25,CUST-263,Wholesale,CA,Brazil,492,20.92,12.44,10292.64,6120.48,4172.16
INV-10866,2023-05-30,CUST-660,Wholesale,FL,Colombia,423,19.39,11.35,8201.97,4801.05,3400.92
INV-10867,2023-07-24,CUST-731,Wholesale,CA,Guatemala,54,15.45,10.29,834.3,555.66,278.64
INV-10868,2023-01-05,CUST-741,Retail,WA,Vietnam,39,15.77,7.73,615.03,301.47,313.56
INV-10869,2023-08-14,CUST-398,Online,WA,Vietnam,47,21.02,13.51,987.94,634.97,352.97
INV-10870,2023-01-07,CUST-259,Retail,FL,Guatemala,48,20.34,12.27,976.32,588.96,387.36
INV-10871,2023-09-01,CUST-266,Online,FL,Costa Rica,20,28.53,19.6,570.6,392.0,178.6
INV-10872,2023-08-21,CUST-792,Wholesale,WA,Costa Rica,153,23.32,15.93,3567.96,2437.29,1130.67
INV-10873,2023-10-11,CUST-252,Wholesale,TX,Guatemala,163,19.69,8.0,3209.47,1304.0,1905.47
INV-10874,2023-06-21,CUST-915,Online,IL,Costa Rica,21,28.21,13.58,592.41,285.18,307.23
INV-10875,2023-01-07,CUST-581,Online,IL,Colombia,21,27.85,17.56,584.85,368.76,216.09
INV-10876,2023-12-10,CUST-872,Retail,IL,Vietnam,22,24.19,14.62,532.18,321.64,210.54
INV-10877,2023-03-17,CUST-779,Retail,CA,Ethiopia,16,18.95,11.19,303.2,179.04,124.16
INV-10878,2023-09-19,CUST-701,Retail,TX,Vietnam,10,25.71,11.86,257.1,118.6,138.5
INV-10879,2023-03-14,CUST-580,Online,WA,Ethiopia,11,19.01,7.75,209.11,85.25,123.86
INV-10880,2023-05-10,CUST-885,Wholesale,NY,Costa Rica,228,25.32,10.48,5772.96,2389.44,3383.52
INV-10881,2023-10-18,CUST-251,Wholesale,TX,Vietnam,379,21.17,10.08,8023.43,3820.32,4203.11
INV-10882,2023-05-21,CUST-396,Wholesale,WA,Brazil,252,21.03,13.65,5299.56,3439.8,1859.76
INV-10883,2023-07-21,CUST-679,Online,CA,Colombia,5,19.51,11.36,97.55,56.8,40.75
INV-10884,2023-01-11,CUST-886,Online,FL,Brazil,1,19.35,11.21,19.35,11.21,8.14
INV-10885,2023-12-22,CUST-539,Retail,NY,Colombia,11,16.78,6.71,184.58,73.81,110.77
INV-10886,2023-02-23,CUST-460,Online,FL,Costa Rica,10,15.97,7.43,159.7,74.3,85.4
INV-10887,2023-01-21,CUST-354,Online,CA,Ethiopia,45,16.26,7.6,731.7,342.0,389.7
INV-10888,2023-05-31,CUST-657,Retail,CA,Guatemala,30,18.43,11.61,552.9,348.3,204.6
INV-10889,2023-06-23,CUST-126,Wholesale,NY,Guatemala,474,28.41,18.07,13466.34,8565.18,4901.16
INV-10890,2023-12-12,CUST-988,Wholesale,TX,Colombia,287,17.44,11.59,5005.28,3326.33,1678.95
INV-10891,2023-11-21,CUST-671,Retail,FL,Brazil,32,27.44,13.08,878.08,418.56,459.52
INV-10892,2023-01-08,CUST-729,Online,TX,Ethiopia,2,17.51,8.73,35.02,17.46,17.56
INV-10893,2023-06-16,CUST-952,Online,TX,Vietnam,47,21.7,14.72,1019.9,691.84,328.06
INV-10894,2023-11-12,CUST-676,Retail,TX,Guatemala,5,15.01,8.1,75.05,40.5,34.55
INV-10895,2023-06-19,CUST-198,Wholesale,CA,Vietnam,101,24.85,11.58,2509.85,1169.58,1340.27
INV-10896,2023-03-23,CUST-432,Wholesale,WA,Ethiopia,250,27.04,14.05,6760.0,3512.5,3247.5
INV-10897,2023-04-28,CUST-771,Retail,IL,Colombia,36,23.78,10.85,856.08,390.6,465.48
INV-10898,2023-05-11,CUST-746,Retail,CA,Brazil,17,23.63,12.8,401.71,217.6,184.11
INV-10899,2023-05-11,CUST-369,Wholesale,IL,Guatemala,396,26.71,15.93,10577.16,6308.28,4268.88
INV-10900,2023-10-11,CUST-102,Retail,FL,Costa Rica,48,28.93,12.35,1388.64,592.8,795.84
INV-10901,2023-10-01,CUST-311,Wholesale,TX,Ethiopia,350,19.6,13.67,6860.0,4784.5,2075.5
INV-10902,2023-08-11,CUST-250,Retail,FL,Guatemala,10,28.16,16.23,281.6,162.3,119.3
INV-10903,2023-01-09,CUST-387,Online,CA,Guatemala,27,27.54,15.56,743.58,420.12,323.46
INV-10904,2023-06-21,CUST-390,Wholesale,CA,Colombia,323,27.76,11.66,8966.48,3766.18,5200.3
INV-10905,2023-02-16,CUST-655,Retail,NY,Colombia,8,29.94,19.12,239.52,152.96,86.56
INV-10906,2023-12-04,CUST-285,Retail,NY,Costa Rica,37,24.99,17.22,924.63,637.14,287.49
INV-10907,2023-05-22,CUST-173,Wholesale,NY,Vietnam,25,21.86,11.6,546.5,290.0,256.5
INV-10908,2023-07-28,CUST-135,Retail,IL,Brazil,30,23.73,10.42,711.9,312.6,399.3
INV-10909,2023-03-15,CUST-452,Online,TX,Guatemala,7,29.77,20.44,208.39,143.08,65.31
INV-10910,2023-02-06,CUST-982,Wholesale,TX,Guatemala,493,29.06,20.2,14326.58,9958.6,4367.98
INV-10911,2023-11-17,CUST-878,Retail,WA,Guatemala,1,29.22,16.2,29.22,16.2,13.02
INV-10912,2023-11-13,CUST-854,Online,NY,Guatemala,41,28.85,16.75,1182.85,686.75,496.1
INV-10913,2023-10-10,CUST-367,Wholesale,WA,Vietnam,449,23.98,11.02,10767.02,4947.98,5819.04
INV-10914,2023-08-25,CUST-195,Wholesale,NY,Colombia,231,20.66,9.05,4772.46,2090.55,2681.91
INV-10915,2023-10-16,CUST-711,Wholesale,WA,Guatemala,205,25.04,11.62,5133.2,2382.1,2751.1
INV-10916,2023-04-07,CUST-977,Online,IL,Costa Rica,1,23.27,11.35,23.27,11.35,11.92
INV-10917,2023-12-24,CUST-668,Online,CA,Brazil,41,19.27,9.77,790.07,400.57,389.5
INV-10918,2023-02-18,CUST-822,Wholesale,TX,Colombia,313,23.35,10.3,7308.55,3223.9,4084.65
INV-10919,2023-04-11,CUST-526,Retail,CA,Ethiopia,46,29.99,15.35,1379.54,706.1,673.44
INV-10920,2023-08-26,CUST-719,Online,IL,Ethiopia,49,16.15,10.02,791.35,490.98,300.37
INV-10921,2023-10-09,CUST-743,Wholesale,TX,Vietnam,138,25.36,15.34,3499.68,2116.92,1382.76
INV-10922,2023-06-01,CUST-772,Retail,NY,Guatemala,14,25.3,12.71,354.2,177.94,176.26
INV-10923,2023-04-11,CUST-219,Wholesale,NY,Costa Rica,326,21.55,14.54,7025.3,4740.04,2285.26
INV-10924,2023-05-18,CUST-110,Online,CA,Ethiopia,16,25.08,10.39,401.28,166.24,235.04
INV-10925,2023-05-10,CUST-457,Retail,NY,Colombia,33,21.15,13.43,697.95,443.19,254.76
INV-10926,2023-08-29,CUST-433,Wholesale,IL,Vietnam,499,16.55,8.87,8258.45,4426.13,3832.32
INV-10927,2023-12-11,CUST-895,Retail,IL,Brazil,11,29.76,17.64,327.36,194.04,133.32
INV-10928,2023-05-22,CUST-543,Retail,TX,Costa Rica,38,18.68,9.96,709.84,378.48,331.36
INV-10929,2023-10-11,CUST-567,Wholesale,WA,Brazil,42,23.81,13.71,1000.02,575.82,424.2
INV-10930,2023-04-16,CUST-180,Wholesale,IL,Brazil,84,24.69,13.2,2073.96,1108.8,965.16
INV-10931,2023-03-10,CUST-100,Wholesale,NY,Colombia,313,29.79,20.69,9324.27,6475.97,2848.3
INV-10932,2023-04-18,CUST-782,Retail,NY,Colombia,7,25.01,16.27,175.07,113.89,61.18
INV-10933,2023-07-15,CUST-384,Online,CA,Vietnam,3,16.63,10.62,49.89,31.86,18.03
INV-10934,2023-04-26,CUST-321,Retail,WA,Vietnam,36,17.13,11.33,616.68,407.88,208.8
INV-10935,2023-11-02,CUST-596,Online,NY,Brazil,19,26.29,12.3,499.51,233.7,265.81
INV-10936,2023-02-10,CUST-577,Retail,FL,Guatemala,23,17.01,10.67,391.23,245.41,145.82
INV-10937,2023-01-25,CUST-550,Wholesale,NY,Vietnam,281,25.89,13.46,7275.09,3782.26,3492.83
INV-10938,2023-07-16,CUST-620,Wholesale,WA,Guatemala,308,17.2,11.17,5297.6,3440.36,1857.24
INV-10939,2023-05-07,CUST-400,Retail,FL,Costa Rica,5,28.29,18.01,141.45,90.05,51.4
INV-10940,2023-01-01,CUST-616,Online,NY,Costa Rica,28,28.49,16.83,797.72,471.24,326.48
INV-10941,2023-01-17,CUST-621,Online,FL,Ethiopia,36,21.49,9.18,773.64,330.48,443.16
INV-10942,2023-12-27,CUST-759,Online,IL,Guatemala,46,21.53,8.76,990.38,402.96,587.42
INV-10943,2023-08-27,CUST-631,Online,NY,Costa Rica,27,24.16,13.08,652.32,353.16,299.16
INV-10944,2023-06-16,CUST-586,Online,FL,Guatemala,35,23.0,13.33,805.0,466.55,338.45
INV-10945,2023-02-26,CUST-105,Retail,WA,Colombia,14,18.9,12.98,264.6,181.72,82.88
INV-10946,2023-06-18,CUST-476,Retail,WA,Colombia,30,28.56,12.58,856.8,377.4,479.4
INV-10947,2023-02-18,CUST-667,Online,WA,Vietnam,19,23.48,12.01,446.12,228.19,217.93
INV-10948,2023-04-11,CUST-417,Wholesale,CA,Colombia,131,25.6,13.8,3353.6,1807.8,1545.8
INV-10949,2023-07-04,CUST-402,Wholesale,WA,Colombia,298,20.77,11.26,6189.46,3355.48,2833.98
INV-10950,2023-04-06,CUST-160,Retail,WA,Colombia,39,28.03,12.11,1093.17,472.29,620.88
INV-10951,2023-10-31,CUST-149,Retail,IL,Costa Rica,17,18.21,9.06,309.57,154.02,155.55
INV-10952,2023-05-16,CUST-761,Wholesale,FL,Brazil,197,29.44,17.88,5799.68,3522.36,2277.32
INV-10953,2023-06-16,CUST-153,Retail,IL,Guatemala,43,29.94,20.16,1287.42,866.88,420.54
INV-10954,2023-12-11,CUST-574,Wholesale,FL,Costa Rica,491,26.4,14.37,12962.4,7055.67,5906.73
INV-10955,2023-08-04,CUST-238,Wholesale,TX,Vietnam,30,21.61,9.19,648.3,275.7,372.6
INV-10956,2023-02-21,CUST-213,Wholesale,WA,Brazil,343,15.04,6.92,5158.72,2373.56,2785.16
INV-10957,2023-03-05,CUST-401,Retail,WA,Brazil,47,26.61,14.14,1250.67,664.58,586.09
INV-10958,2023-03-29,CUST-370,Wholesale,NY,Brazil,146,24.12,14.53,3521.52,2121.38,1400.14
INV-10959,2023-12-25,CUST-138,Online,NY,Vietnam,8,20.01,11.74,160.08,93.92,66.16
INV-10960,2023-04-17,CUST-906,Retail,TX,Ethiopia,7,20.9,12.84,146.3,89.88,56.42
INV-10961,2023-07-06,CUST-210,Online,NY,Costa Rica,25,23.58,11.34,589.5,283.5,306.0
INV-10962,2023-06-18,CUST-864,Wholesale,IL,Guatemala,99,22.77,14.58,2254.23,1443.42,810.81
INV-10963,2023-09-11,CUST-947,Wholesale,FL,Ethiopia,289,24.23,12.86,7002.47,3716.54,3285.93
INV-10964,2023-01-11,CUST-878,Wholesale,WA,Guatemala,387,16.24,7.56,6284.88,2925.72,3359.16
INV-10965,2023-06-19,CUST-222,Online,WA,Costa Rica,31,24.23,14.68,751.13,455.08,296.05
INV-10966,2023-06-09,CUST-675,Online,TX,Colombia,32,16.75,7.17,536.0,229.44,306.56
INV-10967,2023-08-08,CUST-125,Online,WA,Colombia,43,21.19,9.06,911.17,389.58,521.59
INV-10968,2023-04-01,CUST-199,Wholesale,NY,Costa Rica,91,22.19,13.5,2019.29,1228.5,790.79
INV-10969,2023-06-21,CUST-116,Retail,FL,Guatemala,47,28.16,17.84,1323.52,838.48,485.04
INV-10970,2023-01-09,CUST-176,Online,NY,Costa Rica,8,21.36,11.53,170.88,92.24,78.64
INV-10971,2023-06-29,CUST-954,Retail,FL,Colombia,16,26.23,13.44,419.68,215.04,204.64
INV-10972,2023-04-13,CUST-161,Retail,FL,Guatemala,20,27.37,17.76,547.4,355.2,192.2
INV-10973,2023-01-16,CUST-715,Online,IL,Brazil,7,15.09,8.95,105.63,62.65,42.98
INV-10974,2023-09-26,CUST-323,Wholesale,WA,Brazil,109,26.32,11.81,2868.88,1287.29,1581.59
INV-10975,2023-05-08,CUST-134,Wholesale,FL,Ethiopia,368,21.7,13.32,7985.6,4901.76,3083.84
INV-10976,2023-03-09,CUST-279,Online,NY,Colombia,37,18.95,9.06,701.15,335.22,365.93
INV-10977,2023-06-05,CUST-267,Retail,WA,Colombia,14,27.06,12.14,378.84,169.96,208.88
INV-10978,2023-10-18,CUST-427,Online,CA,Costa Rica,47,25.23,13.28,1185.81,624.16,561.65
INV-10979,2023-11-19,CUST-559,Online,NY,Guatemala,48,18.55,8.33,890.4,399.84,490.56
INV-10980,2023-08-07,CUST-630,Retail,WA,Guatemala,50,22.04,11.59,1102.0,579.5,522.5
INV-10981,2023-09-12,CUST-690,Wholesale,FL,Costa Rica,292,20.66,10.56,6032.72,3083.52,2949.2
INV-10982,2023-10-01,CUST-220,Wholesale,FL,Brazil,55,15.09,7.73,829.95,425.15,404.8
INV-10983,2023-01-22,CUST-981,Retail,TX,Vietnam,38,17.07,7.34,648.66,278.92,369.74
INV-10984,2023-07-23,CUST-807,Wholesale,NY,Costa Rica,375,29.61,20.21,11103.75,7578.75,3525.0
INV-10985,2023-01-29,CUST-328,Retail,WA,Colombia,17,19.29,12.69,327.93,215.73,112.2
INV-10986,2023-09-22,CUST-421,Wholesale,NY,Colombia,143,16.15,9.32,2309.45,1332.76,976.69
INV-10987,2023-01-25,CUST-390,Retail,FL,Brazil,26,22.6,13.4,587.6,348.4,239.2
INV-10988,2023-10-18,CUST-137,Online,IL,Vietnam,49,26.36,11.53,1291.64,564.97,726.67
INV-10989,2023-03-27,CUST-970,Wholesale,WA,Vietnam,22,24.28,16.11,534.16,354.42,179.74
INV-10990,2023-08-16,CUST-376,Retail,NY,Ethiopia,17,25.3,14.74,430.1,250.58,179.52
INV-10991,2023-02-05,CUST-388,Wholesale,NY,Vietnam,154,23.99,11.78,3694.46,1814.12,1880.34
INV-10992,2023-03-26,CUST-752,Retail,WA,Costa Rica,49,26.71,18.21,1308.79,892.29,416.5
INV-10993,2023-08-29,CUST-471,Wholesale,FL,Colombia,317,23.46,12.89,7436.82,4086.13,3350.69
INV-10994,2023-05-04,CUST-392,Wholesale,IL,Ethiopia,245,20.21,9.98,4951.45,2445.1,2506.35
INV-10995,2023-10-23,CUST-795,Online,IL,Guatemala,41,19.04,8.7,780.64,356.7,423.94
INV-10996,2023-12-18,CUST-676,Wholesale,TX,Costa Rica,346,18.33,9.89,6342.18,3421.94,2920.24
INV-10997,2023-05-14,CUST-157,Wholesale,NY,Ethiopia,438,29.14,19.2,12763.32,8409.6,4353.72
INV-10998,2023-02-21,CUST-107,Wholesale,TX,Costa Rica,179,18.47,9.49,3306.13,1698.71,1607.42
INV-10999,2023-03-18,CUST-919,Wholesale,IL,Ethiopia,489,23.32,15.6,11403.48,7628.4,3775.08
INV-11000,2023-05-09,CUST-460,Wholesale,CA,Costa Rica,271,16.51,8.0,4474.21,2168.0,2306.21
INV-11001,2023-05-04,CUST-172,Wholesale,IL,Ethiopia,94,24.98,13.95,2348.12,1311.3,1036.82
INV-11002,2023-12-20,CUST-810,Retail,IL,Ethiopia,12,25.41,13.93,304.92,167.16,137.76
INV-11003,2023-06-07,CUST-262,Online,WA,Brazil,10,17.83,7.75,178.3,77.5,100.8
INV-11004,2023-03-03,CUST-242,Retail,FL,Guatemala,41,20.22,10.2,829.02,418.2,410.82
INV-11005,2023-06-01,CUST-606,Online,IL,Ethiopia,50,17.38,9.56,869.0,478.0,391.0
INV-11006,2023-06-07,CUST-593,Wholesale,NY,Colombia,395,20.34,11.11,8034.3,4388.45,3645.85
INV-11007,2023-02-07,CUST-352,Wholesale,TX,Ethiopia,105,18.54,11.82,1946.7,1241.1,705.6
INV-11008,2023-01-03,CUST-598,Online,IL,Ethiopia,1,18.56,10.22,18.56,10.22,8.34
INV-11009,2023-01-23,CUST-411,Retail,NY,Ethiopia,20,25.38,17.3,507.6,346.0,161.6
INV-11010,2023-07-10,CUST-566,Online,FL,Vietnam,9,24.17,10.9,217.53,98.1,119.43
INV-11011,2023-02-25,CUST-404,Wholesale,TX,Brazil,167,28.93,18.13,4831.31,3027.71,1803.6
INV-11012,2023-04-04,CUST-511,Online,CA,Ethiopia,3,25.87,14.79,77.61,44.37,33.24
INV-11013,2023-10-01,CUST-725,Online,NY,Colombia,8,27.59,17.44,220.72,139.52,81.2
INV-11014,2023-05-13,CUST-769,Online,NY,Vietnam,17,29.58,17.45,502.86,296.65,206.21
INV-11015,2023-11-22,CUST-367,Online,FL,Ethiopia,41,25.19,16.21,1032.79,664.61,368.18
INV-11016,2023-01-03,CUST-758,Online,IL,Ethiopia,7,18.73,10.59,131.11,74.13,56.98
INV-11017,2023-03-08,CUST-198,Online,CA,Colombia,49,20.73,9.76,1015.77,478.24,537.53
INV-11018,2023-08-27,CUST-550,Wholesale,TX,Brazil,80,19.56,11.17,1564.8,893.6,671.2
INV-11019,2023-11-02,CUST-285,Wholesale,NY,Costa Rica,346,23.81,15.02,8238.26,5196.92,3041.34
INV-11020,2023-07-26,CUST-906,Online,WA,Costa Rica,26,27.14,17.73,705.64,460.98,244.66
INV-11021,2023-05-24,CUST-260,Online,TX,Vietnam,24,19.45,13.42,466.8,322.08,144.72
INV-11022,2023-11-29,CUST-957,Wholesale,NY,Costa Rica,135,22.66,9.27,3059.1,1251.45,1807.65
INV-11023,2023-07-22,CUST-882,Online,CA,Vietnam,45,15.51,10.76,697.95,484.2,213.75
INV-11024,2023-01-27,CUST-560,Online,CA,Costa Rica,44,24.64,13.82,1084.16,608.08,476.08
INV-11025,2023-12-06,CUST-697,Online,WA,Guatemala,8,24.08,13.34,192.64,106.72,85.92
INV-11026,2023-01-20,CUST-716,Wholesale,CA,Costa Rica,458,22.68,14.25,10387.44,6526.5,3860.94
INV-11027,2023-02-11,CUST-656,Wholesale,IL,Ethiopia,478,22.02,11.71,10525.56,5597.38,4928.18
INV-11028,2023-12-09,CUST-272,Online,FL,Ethiopia,38,22.19,10.88,843.22,413.44,429.78
INV-11029,2023-01-03,CUST-646,Wholesale,WA,Brazil,73,25.65,11.2,1872.45,817.6,1054.85
INV-11030,2023-06-24,CUST-364,Wholesale,CA,Ethiopia,455,19.87,11.25,9040.85,5118.75,3922.1
INV-11031,2023-04-26,CUST-383,Online,NY,Costa Rica,43,23.98,10.53,1031.14,452.79,578.35
INV-11032,2023-02-08,CUST-763,Retail,NY,Vietnam,42,20.46,8.44,859.32,354.48,504.84
INV-11033,2023-01-13,CUST-140,Online,WA,Costa Rica,21,27.05,17.26,568.05,362.46,205.59
INV-11034,2023-04-29,CUST-809,Online,CA,Guatemala,28,28.33,19.35,793.24,541.8,251.44
INV-11035,2023-05-02,CUST-602,Retail,TX,Brazil,10,24.95,16.12,249.5,161.2,88.3
INV-11036,2023-09-01,CUST-380,Online,IL,Costa Rica,11,18.1,9.21,199.1,101.31,97.79
INV-11037,2023-08-28,CUST-698,Wholesale,NY,Guatemala,466,16.36,9.77,7623.76,4552.82,3070.94
INV-11038,2023-03-08,CUST-539,Retail,CA,Guatemala,26,15.38,7.75,399.88,201.5,198.38
INV-11039,2023-12-02,CUST-582,Retail,NY,Vietnam,40,18.53,9.35,741.2,374.0,367.2
INV-11040,2023-08-09,CUST-356,Retail,CA,Brazil,36,16.0,7.08,576.0,254.88,321.12
INV-11041,2023-02-14,CUST-736,Retail,TX,Brazil,6,15.11,8.07,90.66,48.42,42.24
INV-11042,2023-04-13,CUST-618,Online,FL,Ethiopia,8,16.13,9.46,129.04,75.68,53.36
INV-11043,2023-11-19,CUST-510,Wholesale,NY,Ethiopia,262,21.89,15.15,5735.18,3969.3,1765.88
INV-11044,2023-10-21,CUST-117,Wholesale,WA,Guatemala,236,15.04,6.58,3549.44,1552.88,1996.56
INV-11045,2023-10-26,CUST-819,Wholesale,WA,Vietnam,126,24.77,12.4,3121.02,1562.4,1558.62
INV-11046,2023-02-20,CUST-642,Retail,CA,Costa Rica,23,21.2,10.17,487.6,233.91,253.69
INV-11047,2023-03-26,CUST-275,Online,WA,Guatemala,28,15.31,8.64,428.68,241.92,186.76
INV-11048,2023-10-27,CUST-936,Online,WA,Ethiopia,43,28.78,16.44,1237.54,706.92,530.62
INV-11049,2023-07-30,CUST-470,Retail,FL,Ethiopia,31,23.31,15.83,722.61,490.73,231.88
INV-11050,2023-07-08,CUST-631,Online,TX,Ethiopia,32,29.48,15.52,943.36,496.64,446.72
INV-11051,2023-03-27,CUST-543,Retail,TX,Brazil,8,27.04,15.85,216.32,126.8,89.52
INV-11052,2023-07-28,CUST-588,Wholesale,FL,Guatemala,473,26.02,17.73,12307.46,8386.29,3921.17
INV-11053,2023-07-10,CUST-320,Retail,NY,Colombia,13,19.02,10.8,247.26,140.4,106.86
INV-11054,2023-02-11,CUST-180,Wholesale,TX,Costa Rica,98,21.56,12.02,2112.88,1177.96,934.92
INV-11055,2023-04-09,CUST-282,Online,IL,Ethiopia,1,20.22,9.35,20.22,9.35,10.87
INV-11056,2023-03-20,CUST-626,Wholesale,CA,Brazil,357,20.31,10.48,7250.67,3741.36,3509.31
INV-11057,2023-12-22,CUST-400,Wholesale,FL,Ethiopia,351,23.95,10.01,8406.45,3513.51,4892.94
INV-11058,2023-01-03,CUST-170,Retail,CA,Guatemala,38,24.28,12.09,922.64,459.42,463.22
INV-11059,2023-05-19,CUST-950,Wholesale,FL,Ethiopia,493,16.04,9.49,7907.72,4678.57,3229.15
INV-11060,2023-04-15,CUST-495,Retail,TX,Ethiopia,12,15.65,8.23,187.8,98.76,89.04
INV-11061,2023-05-01,CUST-104,Retail,CA,Ethiopia,20,18.89,13.02,377.8,260.4,117.4
INV-11062,2023-07-09,CUST-408,Online,CA,Costa Rica,42,23.72,10.14,996.24,425.88,570.36
INV-11063,2023-10-19,CUST-639,Wholesale,IL,Guatemala,377,28.61,19.51,10785.97,7355.27,3430.7
INV-11064,2023-12-12,CUST-615,Wholesale,FL,Guatemala,408,26.44,17.5,10787.52,7140.0,3647.52
INV-11065,2023-09-09,CUST-647,Online,NY,Vietnam,36,19.51,12.09,702.36,435.24,267.12
INV-11066,2023-04-11,CUST-888,Wholesale,FL,Costa Rica,272,19.77,13.21,5377.44,3593.12,1784.32
INV-11067,2023-12-31,CUST-694,Wholesale,WA,Costa Rica,412,17.71,7.64,7296.52,3147.68,4148.84
INV-11068,2023-01-13,CUST-138,Wholesale,FL,Ethiopia,191,20.07,13.72,3833.37,2620.52,1212.85
INV-11069,2023-11-02,CUST-559,Wholesale,CA,Colombia,73,24.09,15.7,1758.57,1146.1,612.47
INV-11070,2023-11-06,CUST-869,Online,TX,Ethiopia,11,19.65,13.0,216.15,143.0,73.15
INV-11071,2023-01-20,CUST-917,Retail,TX,Vietnam,42,17.12,9.36,719.04,393.12,325.92
INV-11072,2023-06-26,CUST-727,Retail,TX,Colombia,31,20.6,9.98,638.6,309.38,329.22
INV-11073,2023-04-18,CUST-598,Online,WA,Colombia,13,27.86,14.63,362.18,190.19,171.99
INV-11074,2023-02-22,CUST-933,Online,FL,Costa Rica,35,23.49,12.56,822.15,439.6,382.55
INV-11075,2023-09-15,CUST-411,Online,IL,Ethiopia,11,29.97,19.87,329.67,218.57,111.1
INV-11076,2023-04-25,CUST-437,Retail,NY,Brazil,39,22.29,11.02,869.31,429.78,439.53
INV-11077,2023-05-16,CUST-721,Wholesale,TX,Colombia,224,25.32,12.43,5671.68,2784.32,2887.36
INV-11078,2023-11-19,CUST-398,Wholesale,WA,Brazil,139,25.59,14.99,3557.01,2083.61,1473.4
INV-11079,2023-03-20,CUST-907,Retail,CA,Brazil,25,19.22,11.55,480.5,288.75,191.75
INV-11080,2023-03-20,CUST-191,Online,CA,Vietnam,3,29.17,12.78,87.51,38.34,49.17
INV-11081,2023-12-09,CUST-448,Retail,NY,Ethiopia,16,25.24,14.19,403.84,227.04,176.8
INV-11082,2023-12-31,CUST-680,Online,WA,Costa Rica,4,15.07,8.1,60.28,32.4,27.88
INV-11083,2023-08-23,CUST-331,Online,NY,Guatemala,41,26.59,15.59,1090.19,639.19,451.0
INV-11084,2023-08-01,CUST-534,Retail,CA,Ethiopia,26,18.44,10.73,479.44,278.98,200.46
INV-11085,2023-12-14,CUST-938,Online,WA,Guatemala,27,16.58,9.25,447.66,249.75,197.91
INV-11086,2023-06-27,CUST-541,Wholesale,IL,Costa Rica,49,25.17,10.69,1233.33,523.81,709.52
INV-11087,2023-07-10,CUST-438,Wholesale,WA,Vietnam,395,19.73,11.92,7793.35,4708.4,3084.95
INV-11088,2023-08-30,CUST-531,Retail,FL,Ethiopia,42,22.23,15.49,933.66,650.58,283.08
INV-11089,2023-07-23,CUST-972,Online,WA,Vietnam,24,20.18,10.66,484.32,255.84,228.48
INV-11090,2023-10-04,CUST-156,Online,IL,Costa Rica,23,29.87,14.32,687.01,329.36,357.65
INV-11091,2023-11-01,CUST-627,Wholesale,FL,Vietnam,312,17.7,9.68,5522.4,3020.16,2502.24
INV-11092,2023-04-01,CUST-207,Retail,CA,Colombia,3,15.7,9.3,47.1,27.9,19.2
INV-11093,2023-05-26,CUST-950,Online,NY,Colombia,37,15.41,6.2,570.17,229.4,340.77
INV-11094,2023-02-19,CUST-308,Wholesale,WA,Brazil,248,27.43,19.07,6802.64,4729.36,2073.28
INV-11095,2023-02-08,CUST-525,Retail,TX,Vietnam,13,23.65,15.74,307.45,204.62,102.83
INV-11096,2023-05-07,CUST-213,Retail,IL,Ethiopia,2,29.79,14.99,59.58,29.98,29.6
INV-11097,2023-06-20,CUST-229,Retail,FL,Ethiopia,40,28.99,17.34,1159.6,693.6,466.0
INV-11098,2023-10-26,CUST-762,Online,IL,Colombia,6,26.4,14.68,158.4,88.08,70.32
INV-11099,2023-12-22,CUST-993,Wholesale,TX,Guatemala,321,23.46,16.26,7530.66,5219.46,2311.2
INV-11100,2023-07-17,CUST-174,Retail,FL,Costa Rica,50,25.9,13.75,1295.0,687.5,607.5
INV-11101,2023-05-01,CUST-400,Online,FL,Ethiopia,16,24.06,15.99,384.96,255.84,129.12
INV-11102,2023-08-25,CUST-340,Retail,CA,Colombia,16,16.38,7.97,262.08,127.52,134.56
INV-11103,2023-10-07,CUST-994,Online,CA,Guatemala,7,29.85,13.69,208.95,95.83,113.12
INV-11104,2023-09-03,CUST-877,Wholesale,NY,Colombia,271,21.35,11.97,5785.85,3243.87,2541.98
INV-11105,2023-03-21,CUST-488,Wholesale,WA,Brazil,453,16.69,9.76,7560.57,4421.28,3139.29
INV-11106,2023-05-02,CUST-907,Retail,CA,Guatemala,37,20.57,10.29,761.09,380.73,380.36
INV-11107,2023-09-28,CUST-202,Retail,IL,Brazil,39,25.83,13.67,1007.37,533.13,474.24
INV-11108,2023-07-27,CUST-199,Wholesale,IL,Vietnam,209,21.18,9.88,4426.62,2064.92,2361.7
INV-11109,2023-10-13,CUST-842,Retail,NY,Brazil,13,15.41,6.5,200.33,84.5,115.83
INV-11110,2023-11-19,CUST-360,Online,WA,Costa Rica,11,28.23,13.39,310.53,147.29,163.24
INV-11111,2023-06-08,CUST-473,Retail,NY,Guatemala,41,18.64,10.03,764.24,411.23,353.01
INV-11112,2023-06-06,CUST-890,Wholesale,IL,Ethiopia,321,26.83,11.22,8612.43,3601.62,5010.81
INV-11113,2023-08-07,CUST-831,Wholesale,TX,Brazil,338,29.76,14.71,10058.88,4971.98,5086.9
INV-11114,2023-09-29,CUST-893,Wholesale,FL,Colombia,250,27.42,11.66,6855.0,2915.0,3940.0
INV-11115,2023-02-04,CUST-153,Online,TX,Colombia,7,25.22,10.14,176.54,70.98,105.56
INV-11116,2023-04-03,CUST-530,Wholesale,TX,Vietnam,345,23.39,10.28,8069.55,3546.6,4522.95
INV-11117,2023-11-16,CUST-645,Wholesale,NY,Brazil,446,20.09,12.04,8960.14,5369.84,3590.3
INV-11118,2023-10-08,CUST-180,Online,WA,Vietnam,3,19.88,10.38,59.64,31.14,28.5
INV-11119,2023-08-23,CUST-730,Retail,CA,Costa Rica,5,16.81,9.49,84.05,47.45,36.6
INV-11120,2023-03-02,CUST-787,Wholesale,NY,Vietnam,288,26.68,16.35,7683.84,4708.8,2975.04
INV-11121,2023-06-30,CUST-169,Online,WA,Vietnam,22,16.78,10.41,369.16,229.02,140.14
INV-11122,2023-09-19,CUST-824,Retail,WA,Brazil,9,21.36,9.68,192.24,87.12,105.12
INV-11123,2023-08-20,CUST-822,Wholesale,TX,Brazil,431,19.85,8.04,8555.35,3465.24,5090.11
INV-11124,2023-11-09,CUST-744,Wholesale,TX,Costa Rica,22,23.28,14.13,512.16,310.86,201.3
INV-11125,2023-01-01,CUST-392,Wholesale,NY,Guatemala,106,17.33,11.22,1836.98,1189.32,647.66
INV-11126,2023-04-07,CUST-179,Retail,TX,Ethiopia,41,29.23,16.94,1198.43,694.54,503.89
INV-11127,2023-08-07,CUST-265,Retail,IL,Guatemala,28,19.07,8.44,533.96,236.32,297.64
INV-11128,2023-11-22,CUST-373,Online,WA,Vietnam,29,18.24,10.66,528.96,309.14,219.82
INV-11129,2023-02-24,CUST-534,Wholesale,CA,Costa Rica,269,22.56,13.35,6068.64,3591.15,2477.49
INV-11130,2023-07-21,CUST-326,Wholesale,FL,Guatemala,153,15.0,10.04,2295.0,1536.12,758.88
INV-11131,2023-04-08,CUST-206,Retail,WA,Vietnam,12,19.23,10.32,230.76,123.84,106.92
INV-11132,2023-08-20,CUST-838,Retail,TX,Costa Rica,32,27.62,16.17,883.84,517.44,366.4
INV-11133,2023-05-19,CUST-575,Wholesale,FL,Costa Rica,401,24.3,12.56,9744.3,5036.56,4707.74
INV-11134,2023-01-27,CUST-880,Online,CA,Vietnam,40,18.96,8.18,758.4,327.2,431.2
INV-11135,2023-08-10,CUST-937,Online,TX,Colombia,39,15.09,10.1,588.51,393.9,194.61
INV-11136,2023-01-30,CUST-792,Retail,IL,Guatemala,44,17.06,8.45,750.64,371.8,378.84
INV-11137,2023-11-15,CUST-728,Retail,TX,Guatemala,1,16.38,10.14,16.38,10.14,6.24
INV-11138,2023-08-03,CUST-540,Retail,WA,Costa Rica,46,27.32,13.19,1256.72,606.74,649.98
INV-11139,2023-11-24,CUST-156,Retail,WA,Guatemala,50,21.28,12.32,1064.0,616.0,448.0
INV-11140,2023-12-17,CUST-299,Online,TX,Brazil,11,28.69,19.98,315.59,219.78,95.81
INV-11141,2023-03-06,CUST-685,Wholesale,CA,Ethiopia,496,20.83,12.32,10331.68,6110.72,4220.96
INV-11142,2023-03-18,CUST-278,Wholesale,IL,Guatemala,84,22.13,12.86,1858.92,1080.24,778.68
INV-11143,2023-09-05,CUST-443,Online,CA,Colombia,29,21.47,12.81,622.63,371.49,251.14
INV-11144,2023-03-26,CUST-820,Retail,IL,Colombia,22,28.45,17.14,625.9,377.08,248.82
INV-11145,2023-01-09,CUST-962,Wholesale,CA,Brazil,475,22.86,14.57,10858.5,6920.75,3937.75
INV-11146,2023-02-10,CUST-663,Retail,CA,Ethiopia,35,20.8,10.11,728.0,353.85,374.15
INV-11147,2023-10-06,CUST-944,Online,FL,Vietnam,31,18.68,12.01,579.08,372.31,206.77
INV-11148,2023-05-14,CUST-620,Online,NY,Costa Rica,8,15.72,7.62,125.76,60.96,64.8
INV-11149,2023-11-07,CUST-744,Retail,CA,Costa Rica,19,27.07,17.83,514.33,338.77,175.56
INV-11150,2023-06-19,CUST-538,Retail,NY,Ethiopia,33,26.99,11.3,890.67,372.9,517.77
INV-11151,2023-12-14,CUST-130,Online,TX,Vietnam,27,17.1,9.85,461.7,265.95,195.75
INV-11152,2023-07-30,CUST-353,Online,NY,Vietnam,48,24.56,11.78,1178.88,565.44,613.44
INV-11153,2023-04-21,CUST-463,Online,CA,Colombia,30,22.42,11.64,672.6,349.2,323.4
INV-11154,2023-09-15,CUST-847,Wholesale,FL,Brazil,48,18.91,9.05,907.68,434.4,473.28
INV-11155,2023-04-28,CUST-120,Retail,NY,Costa Rica,5,26.16,12.92,130.8,64.6,66.2
INV-11156,2023-04-04,CUST-795,Retail,FL,Vietnam,35,21.79,13.39,762.65,468.65,294.0
INV-11157,2023-02-12,CUST-140,Online,NY,Costa Rica,37,19.2,9.58,710.4,354.46,355.94
INV-11158,2023-03-07,CUST-870,Wholesale,TX,Vietnam,404,18.18,9.35,7344.72,3777.4,3567.32
INV-11159,2023-10-28,CUST-954,Wholesale,CA,Guatemala,138,15.87,10.86,2190.06,1498.68,691.38
INV-11160,2023-08-18,CUST-291,Retail,CA,Brazil,6,15.98,8.56,95.88,51.36,44.52
INV-11161,2023-07-13,CUST-621,Retail,NY,Guatemala,36,20.19,9.81,726.84,353.16,373.68
INV-11162,2023-01-08,CUST-709,Retail,FL,Costa Rica,45,19.4,8.47,873.0,381.15,491.85
INV-11163,2023-02-07,CUST-162,Retail,IL,Ethiopia,50,27.24,12.88,1362.0,644.0,718.0
INV-11164,2023-01-16,CUST-544,Wholesale,NY,Vietnam,354,18.53,12.89,6559.62,4563.06,1996.56
INV-11165,2023-05-29,CUST-625,Wholesale,CA,Ethiopia,442,15.78,7.2,6974.76,3182.4,3792.36
INV-11166,2023-04-20,CUST-860,Online,NY,Brazil,3,22.15,9.12,66.45,27.36,39.09
INV-11167,2023-12-18,CUST-475,Online,CA,Brazil,24,16.55,9.37,397.2,224.88,172.32
INV-11168,2023-09-23,CUST-102,Wholesale,NY,Ethiopia,412,23.29,11.27,9595.48,4643.24,4952.24
INV-11169,2023-01-05,CUST-530,Online,IL,Ethiopia,38,22.77,11.96,865.26,454.48,410.78
INV-11170,2023-04-26,CUST-711,Retail,NY,Brazil,47,29.18,17.27,1371.46,811.69,559.77
INV-11171,2023-05-30,CUST-209,Online,FL,Guatemala,3,18.99,12.16,56.97,36.48,20.49
INV-11172,2023-05-28,CUST-479,Retail,IL,Costa Rica,31,17.86,9.59,553.66,297.29,256.37
INV-11173,2023-09-22,CUST-388,Wholesale,CA,Vietnam,134,24.94,15.9,3341.96,2130.6,1211.36
INV-11174,2023-08-26,CUST-806,Wholesale,NY,Guatemala,350,27.15,12.57,9502.5,4399.5,5103.0
INV-11175,2023-07-18,CUST-356,Wholesale,CA,Colombia,88,29.87,17.34,2628.56,1525.92,1102.64
INV-11176,2023-05-24,CUST-256,Retail,NY,Ethiopia,5,29.6,14.24,148.0,71.2,76.8
INV-11177,2023-11-02,CUST-551,Online,WA,Guatemala,36,17.64,9.23,635.04,332.28,302.76
INV-11178,2023-01-04,CUST-566,Retail,IL,Brazil,33,28.1,11.54,927.3,380.82,546.48
INV-11179,2023-08-02,CUST-563,Wholesale,FL,Ethiopia,120,16.17,10.28,1940.4,1233.6,706.8
INV-11180,2023-12-30,CUST-500,Online,NY,Vietnam,21,20.49,12.16,430.29,255.36,174.93
INV-11181,2023-12-25,CUST-274,Online,WA,Guatemala,18,20.4,9.63,367.2,173.34,193.86
INV-11182,2023-03-03,CUST-921,Retail,NY,Costa Rica,38,28.13,16.57,1068.94,629.66,439.28
INV-11183,2023-01-03,CUST-897,Wholesale,IL,Vietnam,91,26.85,15.82,2443.35,1439.62,1003.73
INV-11184,2023-10-08,CUST-696,Online,TX,Costa Rica,20,25.62,14.15,512.4,283.0,229.4
INV-11185,2023-05-09,CUST-177,Online,FL,Vietnam,7,19.6,10.46,137.2,73.22,63.98
INV-11186,2023-10-26,CUST-432,Online,IL,Vietnam,18,25.32,13.28,455.76,239.04,216.72
INV-11187,2023-06-16,CUST-381,Wholesale,FL,Brazil,497,21.86,12.18,10864.42,6053.46,4810.96
INV-11188,2023-11-04,CUST-532,Online,IL,Costa Rica,37,20.99,10.33,776.63,382.21,394.42
INV-11189,2023-09-29,CUST-595,Online,NY,Costa Rica,34,29.59,16.05,1006.06,545.7,460.36
INV-11190,2023-12-15,CUST-171,Online,NY,Guatemala,42,26.57,14.98,1115.94,629.16,486.78
INV-11191,2023-08-16,CUST-131,Wholesale,TX,Guatemala,482,19.82,12.09,9553.24,5827.38,3725.86
INV-11192,2023-11-03,CUST-932,Online,CA,Vietnam,24,28.59,15.79,686.16,378.96,307.2
INV-11193,2023-07-31,CUST-514,Retail,FL,Vietnam,46,16.37,7.15,753.02,328.9,424.12
INV-11194,2023-07-12,CUST-270,Wholesale,TX,Vietnam,194,22.45,15.55,4355.3,3016.7,1338.6
INV-11195,2023-10-16,CUST-191,Wholesale,IL,Colombia,103,28.42,17.87,2927.26,1840.61,1086.65
INV-11196,2023-03-25,CUST-307,Wholesale,IL,Brazil,189,22.19,11.76,4193.91,2222.64,1971.27
INV-11197,2023-08-17,CUST-669,Online,WA,Ethiopia,33,15.54,9.41,512.82,310.53,202.29
INV-11198,2023-10-04,CUST-439,Wholesale,WA,Ethiopia,367,26.1,12.38,9578.7,4543.46,5035.24
INV-11199,2023-04-25,CUST-249,Retail,IL,Brazil,9,22.9,12.0,206.1,108.0,98.1
INV-11200,2023-08-02,CUST-105,Online,IL,Ethiopia,1,25.35,11.98,25.35,11.98,13.37
INV-11201,2023-10-11,CUST-907,Retail,FL,Guatemala,41,15.92,10.3,652.72,422.3,230.42
INV-11202,2023-01-27,CUST-290,Retail,NY,Brazil,23,29.46,15.82,677.58,363.86,313.72
INV-11203,2023-08-15,CUST-799,Online,FL,Guatemala,41,20.91,9.92,857.31,406.72,450.59
INV-11204,2023-02-02,CUST-909,Online,TX,Ethiopia,20,20.28,13.1,405.6,262.0,143.6
INV-11205,2023-09-19,CUST-856,Retail,CA,Guatemala,1,25.65,16.16,25.65,16.16,9.49
INV-11206,2023-01-26,CUST-961,Wholesale,FL,Ethiopia,430,19.59,8.85,8423.7,3805.5,4618.2
INV-11207,2023-02-18,CUST-780,Online,NY,Costa Rica,46,19.32,8.02,888.72,368.92,519.8
INV-11208,2023-07-31,CUST-638,Online,CA,Costa Rica,2,20.38,9.67,40.76,19.34,21.42
INV-11209,2023-10-08,CUST-479,Retail,WA,Vietnam,50,28.12,16.93,1406.0,846.5,559.5
INV-11210,2023-02-15,CUST-462,Online,NY,Brazil,30,25.26,12.77,757.8,383.1,374.7
INV-11211,2023-08-01,CUST-288,Wholesale,FL,Costa Rica,216,24.16,16.03,5218.56,3462.48,1756.08
INV-11212,2023-09-01,CUST-132,Retail,CA,Vietnam,23,20.11,10.33,462.53,237.59,224.94
INV-11213,2023-01-29,CUST-701,Online,NY,Colombia,29,15.38,8.72,446.02,252.88,193.14
INV-11214,2023-05-15,CUST-729,Online,NY,Vietnam,26,25.43,13.32,661.18,346.32,314.86
INV-11215,2023-07-08,CUST-200,Online,TX,Brazil,25,16.16,11.29,404.0,282.25,121.75
INV-11216,2023-12-29,CUST-448,Wholesale,NY,Vietnam,223,16.81,11.33,3748.63,2526.59,1222.04
INV-11217,2023-07-14,CUST-718,Wholesale,WA,Colombia,126,17.01,9.9,2143.26,1247.4,895.86
INV-11218,2023-05-23,CUST-973,Online,FL,Brazil,47,28.56,17.97,1342.32,844.59,497.73
INV-11219,2023-11-30,CUST-786,Retail,NY,Ethiopia,23,25.22,16.07,580.06,369.61,210.45
INV-11220,2023-07-08,CUST-937,Online,IL,Vietnam,6,23.51,14.66,141.06,87.96,53.1
INV-11221,2023-12-28,CUST-624,Retail,NY,Costa Rica,25,26.73,12.41,668.25,310.25,358.0
INV-11222,2023-11-25,CUST-742,Retail,IL,Brazil,39,18.7,10.19,729.3,397.41,331.89
INV-11223,2023-12-10,CUST-442,Retail,IL,Guatemala,46,25.21,10.36,1159.66,476.56,683.1
INV-11224,2023-06-28,CUST-970,Online,IL,Colombia,45,18.03,10.4,811.35,468.0,343.35
INV-11225,2023-11-27,CUST-900,Wholesale,TX,Colombia,395,19.85,8.06,7840.75,3183.7,4657.05
INV-11226,2023-12-11,CUST-455,Online,NY,Costa Rica,15,25.34,13.98,380.1,209.7,170.4
INV-11227,2023-08-15,CUST-799,Online,WA,Costa Rica,27,29.03,19.49,783.81,526.23,257.58
INV-11228,2023-08-18,CUST-845,Retail,IL,Costa Rica,43,16.62,10.03,714.66,431.29,283.37
INV-11229,2023-07-25,CUST-135,Retail,TX,Vietnam,8,22.89,13.21,183.12,105.68,77.44
INV-11230,2023-06-25,CUST-382,Retail,NY,Vietnam,46,22.55,13.09,1037.3,602.14,435.16
INV-11231,2023-06-22,CUST-356,Wholesale,NY,Vietnam,38,26.3,11.27,999.4,428.26,571.14
INV-11232,2023-11-11,CUST-528,Retail,NY,Costa Rica,4,16.85,8.19,67.4,32.76,34.64
INV-11233,2023-06-01,CUST-354,Online,WA,Ethiopia,44,25.32,11.51,1114.08,506.44,607.64
INV-11234,2023-06-03,CUST-577,Retail,CA,Guatemala,35,21.04,12.35,736.4,432.25,304.15
INV-11235,2023-04-06,CUST-433,Online,FL,Vietnam,48,16.45,11.23,789.6,539.04,250.56
INV-11236,2023-10-28,CUST-182,Wholesale,IL,Costa Rica,331,17.65,8.23,5842.15,2724.13,3118.02
INV-11237,2023-05-10,CUST-537,Online,WA,Costa Rica,12,17.2,9.91,206.4,118.92,87.48
INV-11238,2023-02-25,CUST-470,Wholesale,NY,Ethiopia,235,23.39,13.63,5496.65,3203.05,2293.6
INV-11239,2023-10-26,CUST-221,Wholesale,IL,Guatemala,356,15.89,10.91,5656.84,3883.96,1772.88
INV-11240,2023-02-09,CUST-241,Wholesale,IL,Vietnam,472,16.58,8.51,7825.76,4016.72,3809.04
INV-11241,2023-11-13,CUST-476,Online,IL,Colombia,29,19.6,11.96,568.4,346.84,221.56
INV-11242,2023-05-15,CUST-718,Wholesale,TX,Brazil,82,23.02,12.5,1887.64,1025.0,862.64
INV-11243,2023-07-09,CUST-821,Retail,WA,Guatemala,25,28.93,16.22,723.25,405.5,317.75
INV-11244,2023-01-08,CUST-567,Online,IL,Colombia,34,16.55,11.29,562.7,383.86,178.84
INV-11245,2023-05-07,CUST-828,Wholesale,CA,Costa Rica,31,29.1,17.5,902.1,542.5,359.6
INV-11246,2023-01-29,CUST-714,Wholesale,FL,Vietnam,107,28.9,18.2,3092.3,1947.4,1144.9
INV-11247,2023-10-19,CUST-735,Online,NY,Guatemala,14,27.44,13.63,384.16,190.82,193.34
INV-11248,2023-02-21,CUST-936,Retail,FL,Vietnam,42,19.54,11.54,820.68,484.68,336.0
INV-11249,2023-08-27,CUST-111,Retail,IL,Vietnam,36,23.8,10.23,856.8,368.28,488.52
INV-11250,2023-09-08,CUST-129,Retail,CA,Vietnam,49,26.06,14.61,1276.94,715.89,561.05
INV-11251,2023-05-23,CUST-895,Online,IL,Guatemala,19,16.96,10.96,322.24,208.24,114.0
INV-11252,2023-12-02,CUST-813,Retail,CA,Guatemala,40,15.59,7.95,623.6,318.0,305.6
INV-11253,2023-04-06,CUST-916,Online,FL,Colombia,14,15.82,8.59,221.48,120.26,101.22
INV-11254,2023-04-21,CUST-995,Wholesale,FL,Vietnam,449,17.84,7.93,8010.16,3560.57,4449.59
INV-11255,2023-04-02,CUST-195,Retail,TX,Brazil,16,20.7,12.03,331.2,192.48,138.72
INV-11256,2023-02-22,CUST-841,Wholesale,FL,Brazil,73,27.65,16.99,2018.45,1240.27,778.18
INV-11257,2023-09-03,CUST-704,Online,NY,Ethiopia,16,20.53,8.45,328.48,135.2,193.28
INV-11258,2023-10-23,CUST-347,Retail,NY,Costa Rica,35,26.81,13.32,938.35,466.2,472.15
INV-11259,2023-10-06,CUST-567,Wholesale,CA,Colombia,488,19.1,12.53,9320.8,6114.64,3206.16
INV-11260,2023-07-31,CUST-279,Retail,NY,Brazil,19,24.26,10.23,460.94,194.37,266.57
INV-11261,2023-08-07,CUST-391,Retail,FL,Brazil,36,18.92,12.66,681.12,455.76,225.36
INV-11262,2023-10-31,CUST-807,Retail,FL,Guatemala,45,26.21,14.66,1179.45,659.7,519.75
INV-11263,2023-08-13,CUST-369,Wholesale,WA,Costa Rica,337,16.69,10.99,5624.53,3703.63,1920.9
INV-11264,2023-07-20,CUST-781,Retail,TX,Costa Rica,49,15.44,7.73,756.56,378.77,377.79
INV-11265,2023-12-30,CUST-511,Wholesale,CA,Ethiopia,135,17.13,10.49,2312.55,1416.15,896.4
INV-11266,2023-12-22,CUST-780,Online,NY,Vietnam,30,19.28,11.32,578.4,339.6,238.8
INV-11267,2023-09-07,CUST-277,Retail,TX,Brazil,16,28.66,17.41,458.56,278.56,180.0
INV-11268,2023-03-07,CUST-655,Online,FL,Guatemala,36,24.99,10.5,899.64,378.0,521.64
INV-11269,2023-10-16,CUST-228,Wholesale,CA,Colombia,245,26.06,15.39,6384.7,3770.55,2614.15
INV-11270,2023-10-27,CUST-159,Wholesale,IL,Vietnam,132,25.59,12.78,3377.88,1686.96,1690.92
INV-11271,2023-11-05,CUST-574,Retail,IL,Costa Rica,23,25.12,12.94,577.76,297.62,280.14
INV-11272,2023-10-20,CUST-645,Retail,NY,Brazil,8,21.01,13.51,168.08,108.08,60.0
INV-11273,2023-01-31,CUST-382,Online,WA,Ethiopia,6,22.57,15.19,135.42,91.14,44.28
INV-11274,2023-05-08,CUST-629,Retail,NY,Costa Rica,10,18.0,11.71,180.0,117.1,62.9
INV-11275,2023-11-30,CUST-565,Online,TX,Costa Rica,40,19.22,8.06,768.8,322.4,446.4
INV-11276,2023-01-26,CUST-206,Wholesale,IL,Brazil,42,16.23,10.36,681.66,435.12,246.54
INV-11277,2023-12-04,CUST-341,Retail,FL,Vietnam,7,29.8,12.74,208.6,89.18,119.42
INV-11278,2023-02-09,CUST-934,Online,FL,Vietnam,45,16.53,7.48,743.85,336.6,407.25
INV-11279,2023-02-01,CUST-836,Retail,IL,Ethiopia,4,23.02,10.03,92.08,40.12,51.96
INV-11280,2023-07-01,CUST-553,Online,CA,Brazil,18,22.41,11.21,403.38,201.78,201.6
INV-11281,2023-02-25,CUST-905,Online,WA,Colombia,43,19.21,10.8,826.03,464.4,361.63
INV-11282,2023-02-04,CUST-830,Wholesale,WA,Brazil,14,24.25,15.28,339.5,213.92,125.58
INV-11283,2023-01-23,CUST-965,Wholesale,FL,Guatemala,253,22.55,15.29,5705.15,3868.37,1836.78
INV-11284,2023-11-18,CUST-527,Wholesale,WA,Guatemala,195,24.62,12.52,4800.9,2441.4,2359.5
INV-11285,2023-08-09,CUST-776,Wholesale,CA,Brazil,447,25.5,10.74,11398.5,4800.78,6597.72
INV-11286,2023-08-10,CUST-876,Retail,NY,Colombia,25,16.25,9.24,406.25,231.0,175.25
INV-11287,2023-09-24,CUST-637,Wholesale,IL,Guatemala,84,29.06,20.1,2441.04,1688.4,752.64
INV-11288,2023-08-03,CUST-755,Retail,CA,Brazil,9,15.34,9.19,138.06,82.71,55.35
INV-11289,2023-08-12,CUST-505,Wholesale,IL,Vietnam,125,16.77,11.7,2096.25,1462.5,633.75
INV-11290,2023-07-16,CUST-835,Retail,WA,Colombia,45,15.88,9.7,714.6,436.5,278.1
INV-11291,2023-02-27,CUST-330,Online,TX,Brazil,37,29.12,18.02,1077.44,666.74,410.7
INV-11292,2023-08-08,CUST-121,Online,WA,Colombia,26,18.23,11.25,473.98,292.5,181.48
INV-11293,2023-04-14,CUST-328,Online,WA,Brazil,18,28.21,14.23,507.78,256.14,251.64
INV-11294,2023-09-21,CUST-347,Retail,FL,Ethiopia,42,26.46,15.23,1111.32,639.66,471.66
INV-11295,2023-09-06,CUST-314,Wholesale,TX,Guatemala,406,28.4,17.86,11530.4,7251.16,4279.24
INV-11296,2023-02-23,CUST-485,Wholesale,NY,Guatemala,44,16.68,10.29,733.92,452.76,281.16
INV-11297,2023-04-27,CUST-842,Wholesale,FL,Brazil,443,27.83,18.38,12328.69,8142.34,4186.35
INV-11298,2023-09-25,CUST-533,Retail,WA,Costa Rica,20,19.99,12.97,399.8,259.4,140.4
INV-11299,2023-12-22,CUST-491,Wholesale,NY,Colombia,361,26.2,11.51,9458.2,4155.11,5303.09
INV-11300,2023-02-24,CUST-735,Online,NY,Guatemala,18,22.24,12.84,400.32,231.12,169.2
INV-11301,2023-12-04,CUST-640,Wholesale,NY,Brazil,314,25.24,11.06,7925.36,3472.84,4452.52
INV-11302,2023-06-05,CUST-507,Online,FL,Ethiopia,39,20.64,13.32,804.96,519.48,285.48
INV-11303,2023-04-20,CUST-326,Online,TX,Ethiopia,48,16.68,8.1,800.64,388.8,411.84
INV-11304,2023-06-01,CUST-625,Online,FL,Guatemala,17,29.73,12.24,505.41,208.08,297.33
INV-11305,2023-03-25,CUST-659,Wholesale,WA,Brazil,260,27.8,15.99,7228.0,4157.4,3070.6
INV-11306,2023-05-14,CUST-441,Wholesale,TX,Costa Rica,392,17.18,9.14,6734.56,3582.88,3151.68
INV-11307,2023-12-28,CUST-423,Retail,IL,Ethiopia,26,26.78,15.17,696.28,394.42,301.86
INV-11308,2023-03-22,CUST-348,Online,FL,Guatemala,40,24.98,12.49,999.2,499.6,499.6
INV-11309,2023-11-23,CUST-288,Online,TX,Guatemala,35,28.73,17.41,1005.55,609.35,396.2
INV-11310,2023-04-10,CUST-881,Retail,FL,Vietnam,14,24.63,15.63,344.82,218.82,126.0
INV-11311,2023-10-11,CUST-483,Retail,WA,Colombia,31,20.74,10.81,642.94,335.11,307.83
INV-11312,2023-10-02,CUST-567,Online,FL,Guatemala,43,15.42,6.56,663.06,282.08,380.98
INV-11313,2023-01-28,CUST-526,Retail,WA,Ethiopia,31,17.07,9.78,529.17,303.18,225.99
INV-11314,2023-12-24,CUST-288,Retail,TX,Colombia,47,26.21,15.77,1231.87,741.19,490.68
INV-11315,2023-11-16,CUST-902,Online,CA,Ethiopia,48,27.87,12.91,1337.76,619.68,718.08
INV-11316,2023-05-06,CUST-655,Wholesale,TX,Costa Rica,301,16.62,11.39,5002.62,3428.39,1574.23
INV-11317,2023-09-07,CUST-343,Online,WA,Vietnam,11,18.22,9.14,200.42,100.54,99.88
INV-11318,2023-01-18,CUST-485,Retail,NY,Costa Rica,22,23.03,9.63,506.66,211.86,294.8
INV-11319,2023-06-28,CUST-209,Wholesale,NY,Vietnam,26,18.34,10.99,476.84,285.74,191.1
INV-11320,2023-04-06,CUST-303,Wholesale,FL,Colombia,70,16.23,8.58,1136.1,600.6,535.5
INV-11321,2023-03-03,CUST-813,Retail,NY,Brazil,11,21.41,11.16,235.51,122.76,112.75
INV-11322,2023-01-01,CUST-105,Retail,FL,Costa Rica,2,24.9,12.51,49.8,25.02,24.78
INV-11323,2023-02-13,CUST-378,Retail,IL,Brazil,50,27.26,15.24,1363.0,762.0,601.0
INV-11324,2023-07-23,CUST-669,Online,IL,Costa Rica,28,23.33,11.88,653.24,332.64,320.6
INV-11325,2023-03-31,CUST-744,Retail,FL,Ethiopia,27,16.03,10.11,432.81,272.97,159.84
INV-11326,2023-05-28,CUST-522,Wholesale,NY,Guatemala,55,28.03,14.03,1541.65,771.65,770.0
INV-11327,2023-01-02,CUST-576,Online,TX,Guatemala,44,17.64,10.43,776.16,458.92,317.24
INV-11328,2023-10-06,CUST-859,Retail,TX,Vietnam,19,18.05,9.94,342.95,188.86,154.09
INV-11329,2023-08-31,CUST-581,Online,NY,Colombia,50,28.53,15.43,1426.5,771.5,655.0
INV-11330,2023-04-11,CUST-827,Online,NY,Colombia,13,22.32,9.24,290.16,120.12,170.04
INV-11331,2023-09-18,CUST-815,Wholesale,CA,Colombia,249,22.15,13.15,5515.35,3274.35,2241.0
INV-11332,2023-11-07,CUST-464,Online,WA,Colombia,2,28.0,12.26,56.0,24.52,31.48
INV-11333,2023-08-07,CUST-688,Online,CA,Brazil,34,17.28,10.26,587.52,348.84,238.68
INV-11334,2023-09-04,CUST-296,Retail,NY,Guatemala,37,27.64,13.02,1022.68,481.74,540.94
INV-11335,2023-08-14,CUST-978,Online,WA,Colombia,1,22.07,10.67,22.07,10.67,11.4
INV-11336,2023-12-18,CUST-438,Online,IL,Guatemala,46,19.35,10.0,890.1,460.0,430.1
INV-11337,2023-04-23,CUST-615,Online,NY,Ethiopia,3,20.09,12.09,60.27,36.27,24.0
INV-11338,2023-04-19,CUST-278,Wholesale,IL,Costa Rica,198,23.67,10.4,4686.66,2059.2,2627.46
INV-11339,2023-02-14,CUST-960,Wholesale,NY,Guatemala,411,22.19,15.21,9120.09,6251.31,2868.78
INV-11340,2023-12-27,CUST-151,Online,WA,Guatemala,43,29.37,13.63,1262.91,586.09,676.82
INV-11341,2023-06-20,CUST-600,Wholesale,CA,Costa Rica,270,16.17,9.2,4365.9,2484.0,1881.9
INV-11342,2023-04-16,CUST-322,Wholesale,IL,Vietnam,270,29.76,14.6,8035.2,3942.0,4093.2
INV-11343,2023-05-26,CUST-611,Online,CA,Costa Rica,16,21.24,13.56,339.84,216.96,122.88
INV-11344,2023-10-12,CUST-838,Retail,FL,Costa Rica,3,23.12,9.43,69.36,28.29,41.07
INV-11345,2023-09-27,CUST-496,Wholesale,TX,Ethiopia,401,25.45,13.79,10205.45,5529.79,4675.66
INV-11346,2023-01-21,CUST-356,Online,TX,Guatemala,26,16.18,9.29,420.68,241.54,179.14
INV-11347,2023-05-12,CUST-606,Wholesale,WA,Colombia,392,29.32,12.73,11493.44,4990.16,6503.28
INV-11348,2023-11-30,CUST-152,Retail,IL,Ethiopia,23,15.44,8.81,355.12,202.63,152.49
INV-11349,2023-01-28,CUST-886,Wholesale,FL,Guatemala,202,29.23,17.86,5904.46,3607.72,2296.74
INV-11350,2023-10-31,CUST-756,Retail,IL,Guatemala,36,26.87,14.78,967.32,532.08,435.24
INV-11351,2023-07-04,CUST-796,Retail,TX,Guatemala,33,21.19,10.6,699.27,349.8,349.47
INV-11352,2023-05-16,CUST-526,Online,CA,Ethiopia,33,23.15,10.37,763.95,342.21,421.74
INV-11353,2023-07-14,CUST-298,Online,CA,Guatemala,15,19.77,13.29,296.55,199.35,97.2
INV-11354,2023-04-13,CUST-474,Retail,TX,Costa Rica,8,25.44,16.34,203.52,130.72,72.8
INV-11355,2023-09-15,CUST-802,Retail,TX,Guatemala,29,21.62,13.1,626.98,379.9,247.08
INV-11356,2023-12-29,CUST-245,Retail,IL,Colombia,3,26.81,15.45,80.43,46.35,34.08
INV-11357,2023-06-05,CUST-764,Online,TX,Colombia,33,17.65,9.18,582.45,302.94,279.51
INV-11358,2023-01-04,CUST-346,Online,WA,Ethiopia,15,22.26,12.64,333.9,189.6,144.3
INV-11359,2023-04-23,CUST-332,Wholesale,TX,Vietnam,235,22.52,14.95,5292.2,3513.25,1778.95
INV-11360,2023-09-22,CUST-403,Wholesale,CA,Guatemala,129,22.24,10.09,2868.96,1301.61,1567.35
INV-11361,2023-07-23,CUST-434,Retail,CA,Ethiopia,12,17.7,9.2,212.4,110.4,102.0
INV-11362,2023-12-31,CUST-174,Online,WA,Vietnam,15,18.66,7.62,279.9,114.3,165.6
INV-11363,2023-08-13,CUST-131,Online,CA,Costa Rica,31,21.35,10.8,661.85,334.8,327.05
INV-11364,2023-01-05,CUST-769,Retail,FL,Ethiopia,35,25.08,14.15,877.8,495.25,382.55
INV-11365,2023-02-10,CUST-598,Online,NY,Brazil,40,27.82,17.48,1112.8,699.2,413.6
INV-11366,2023-04-09,CUST-823,Online,FL,Ethiopia,16,19.37,10.43,309.92,166.88,143.04
INV-11367,2023-08-11,CUST-625,Wholesale,FL,Costa Rica,156,22.76,14.38,3550.56,2243.28,1307.28
INV-11368,2023-05-06,CUST-155,Wholesale,CA,Colombia,137,26.03,11.35,3566.11,1554.95,2011.16
INV-11369,2023-04-01,CUST-298,Online,NY,Ethiopia,14,27.46,17.02,384.44,238.28,146.16
INV-11370,2023-05-26,CUST-561,Wholesale,IL,Brazil,496,21.55,12.91,10688.8,6403.36,4285.44
INV-11371,2023-08-28,CUST-283,Wholesale,TX,Vietnam,100,18.61,9.59,1861.0,959.0,902.0
INV-11372,2023-05-03,CUST-672,Retail,WA,Costa Rica,40,20.83,13.97,833.2,558.8,274.4
INV-11373,2023-10-05,CUST-993,Retail,TX,Guatemala,13,15.4,9.22,200.2,119.86,80.34
INV-11374,2023-01-08,CUST-415,Retail,WA,Brazil,17,23.07,14.54,392.19,247.18,145.01
INV-11375,2023-08-09,CUST-925,Wholesale,CA,Colombia,270,15.41,10.67,4160.7,2880.9,1279.8
INV-11376,2023-08-10,CUST-988,Retail,IL,Brazil,40,21.92,12.74,876.8,509.6,367.2
INV-11377,2023-11-18,CUST-149,Online,TX,Guatemala,19,23.12,10.82,439.28,205.58,233.7
INV-11378,2023-05-07,CUST-419,Wholesale,FL,Brazil,323,16.47,9.18,5319.81,2965.14,2354.67
INV-11379,2023-03-18,CUST-371,Online,WA,Vietnam,31,28.52,16.05,884.12,497.55,386.57
INV-11380,2023-05-18,CUST-796,Retail,IL,Costa Rica,9,25.45,12.36,229.05,111.24,117.81
INV-11381,2023-11-26,CUST-496,Wholesale,TX,Ethiopia,136,28.57,13.22,3885.52,1797.92,2087.6
INV-11382,2023-08-15,CUST-362,Wholesale,TX,Vietnam,408,29.68,18.99,12109.44,7747.92,4361.52
INV-11383,2023-06-03,CUST-194,Retail,NY,Colombia,13,16.63,6.92,216.19,89.96,126.23
INV-11384,2023-09-17,CUST-244,Retail,WA,Guatemala,1,20.32,10.32,20.32,10.32,10.0
INV-11385,2023-05-30,CUST-219,Wholesale,CA,Vietnam,290,26.47,14.93,7676.3,4329.7,3346.6
INV-11386,2023-09-22,CUST-559,Online,TX,Brazil,31,28.59,11.94,886.29,370.14,516.15
INV-11387,2023-09-26,CUST-386,Online,TX,Brazil,34,20.72,12.5,704.48,425.0,279.48
INV-11388,2023-11-28,CUST-385,Online,NY,Ethiopia,16,28.86,19.0,461.76,304.0,157.76
INV-11389,2023-06-15,CUST-663,Wholesale,CA,Ethiopia,65,29.6,20.03,1924.0,1301.95,622.05
INV-11390,2023-03-03,CUST-741,Wholesale,NY,Colombia,272,15.95,6.4,4338.4,1740.8,2597.6
INV-11391,2023-01-22,CUST-799,Retail,IL,Ethiopia,48,29.92,15.46,1436.16,742.08,694.08
INV-11392,2023-07-24,CUST-292,Retail,WA,Guatemala,39,16.07,11.19,626.73,436.41,190.32
INV-11393,2023-01-22,CUST-285,Online,TX,Costa Rica,34,22.5,13.78,765.0,468.52,296.48
INV-11394,2023-08-20,CUST-329,Retail,TX,Brazil,31,27.78,18.67,861.18,578.77,282.41
INV-11395,2023-01-02,CUST-620,Online,TX,Guatemala,48,25.3,11.7,1214.4,561.6,652.8
INV-11396,2023-09-27,CUST-989,Online,IL,Brazil,42,26.1,13.92,1096.2,584.64,511.56
INV-11397,2023-10-15,CUST-194,Wholesale,NY,Ethiopia,201,28.34,15.04,5696.34,3023.04,2673.3
INV-11398,2023-01-07,CUST-219,Wholesale,CA,Brazil,220,22.92,9.53,5042.4,2096.6,2945.8
INV-11399,2023-02-15,CUST-969,Online,NY,Colombia,25,17.1,9.23,427.5,230.75,196.75
INV-11400,2023-12-28,CUST-793,Online,NY,Vietnam,46,17.53,7.21,806.38,331.66,474.72
INV-11401,2023-07-05,CUST-574,Wholesale,NY,Colombia,424,17.77,9.49,7534.48,4023.76,3510.72
INV-11402,2023-10-21,CUST-391,Wholesale,FL,Costa Rica,108,21.64,15.11,2337.12,1631.88,705.24
INV-11403,2023-02-15,CUST-531,Retail,WA,Colombia,14,16.31,6.98,228.34,97.72,130.62
INV-11404,2023-06-26,CUST-797,Online,WA,Vietnam,19,27.32,16.46,519.08,312.74,206.34
INV-11405,2023-10-25,CUST-122,Retail,NY,Colombia,38,24.17,15.55,918.46,590.9,327.56
INV-11406,2023-09-03,CUST-218,Online,NY,Brazil,45,15.24,9.38,685.8,422.1,263.7
INV-11407,2023-04-14,CUST-438,Retail,IL,Costa Rica,46,26.58,15.57,1222.68,716.22,506.46
INV-11408,2023-06-16,CUST-490,Wholesale,NY,Costa Rica,377,17.99,11.41,6782.23,4301.57,2480.66
INV-11409,2023-05-08,CUST-958,Retail,FL,Guatemala,14,17.15,8.04,240.1,112.56,127.54
INV-11410,2023-06-24,CUST-733,Wholesale,FL,Vietnam,149,22.35,11.21,3330.15,1670.29,1659.86
INV-11411,2023-02-10,CUST-397,Wholesale,CA,Costa Rica,89,25.16,12.16,2239.24,1082.24,1157.0
INV-11412,2023-10-28,CUST-541,Online,TX,Vietnam,32,19.86,8.74,635.52,279.68,355.84
INV-11413,2023-02-03,CUST-636,Wholesale,NY,Costa Rica,350,22.05,12.76,7717.5,4466.0,3251.5
INV-11414,2023-10-25,CUST-402,Online,IL,Colombia,11,16.68,10.34,183.48,113.74,69.74
INV-11415,2023-08-22,CUST-661,Retail,TX,Ethiopia,47,28.98,17.99,1362.06,845.53,516.53
INV-11416,2023-11-23,CUST-835,Wholesale,TX,Brazil,431,20.4,13.65,8792.4,5883.15,2909.25
INV-11417,2023-05-24,CUST-761,Online,FL,Vietnam,40,24.46,11.11,978.4,444.4,534.0
INV-11418,2023-07-02,CUST-672,Wholesale,CA,Brazil,349,24.57,14.8,8574.93,5165.2,3409.73
INV-11419,2023-04-13,CUST-717,Retail,FL,Costa Rica,41,27.59,13.17,1131.19,539.97,591.22
INV-11420,2023-10-25,CUST-441,Wholesale,FL,Vietnam,86,23.33,14.92,2006.38,1283.12,723.26
INV-11421,2023-07-23,CUST-360,Wholesale,CA,Guatemala,33,28.17,15.81,929.61,521.73,407.88
INV-11422,2023-01-04,CUST-318,Retail,TX,Ethiopia,47,26.59,13.35,1249.73,627.45,622.28
INV-11423,2023-03-26,CUST-988,Wholesale,WA,Vietnam,46,25.18,14.17,1158.28,651.82,506.46
INV-11424,2023-04-02,CUST-536,Wholesale,WA,Colombia,132,28.73,16.71,3792.36,2205.72,1586.64
INV-11425,2023-07-30,CUST-201,Online,NY,Guatemala,7,28.92,20.15,202.44,141.05,61.39
INV-11426,2023-11-10,CUST-207,Wholesale,CA,Vietnam,455,22.44,9.98,10210.2,4540.9,5669.3
INV-11427,2023-04-29,CUST-802,Wholesale,NY,Costa Rica,296,24.91,14.58,7373.36,4315.68,3057.68
INV-11428,2023-05-01,CUST-588,Online,NY,Ethiopia,11,26.63,14.36,292.93,157.96,134.97
INV-11429,2023-07-07,CUST-949,Online,TX,Vietnam,49,16.11,10.29,789.39,504.21,285.18
INV-11430,2023-04-12,CUST-133,Online,IL,Costa Rica,14,16.97,11.7,237.58,163.8,73.78
INV-11431,2023-09-30,CUST-806,Retail,IL,Colombia,6,17.86,9.72,107.16,58.32,48.84
INV-11432,2023-06-09,CUST-172,Retail,TX,Costa Rica,45,20.15,8.43,906.75,379.35,527.4
INV-11433,2023-12-29,CUST-582,Wholesale,FL,Colombia,311,28.38,14.93,8826.18,4643.23,4182.95
INV-11434,2023-02-06,CUST-176,Wholesale,WA,Vietnam,57,29.53,14.84,1683.21,845.88,837.33
INV-11435,2023-08-14,CUST-524,Online,NY,Brazil,20,16.87,11.2,337.4,224.0,113.4
INV-11436,2023-06-14,CUST-991,Wholesale,NY,Costa Rica,50,15.03,9.44,751.5,472.0,279.5
INV-11437,2023-03-29,CUST-789,Retail,NY,Costa Rica,34,24.94,15.15,847.96,515.1,332.86
INV-11438,2023-09-01,CUST-209,Online,FL,Costa Rica,19,19.72,12.5,374.68,237.5,137.18
INV-11439,2023-05-29,CUST-670,Retail,NY,Vietnam,48,24.63,15.3,1182.24,734.4,447.84
INV-11440,2023-08-23,CUST-467,Online,FL,Brazil,34,15.49,8.64,526.66,293.76,232.9
INV-11441,2023-01-13,CUST-962,Retail,NY,Colombia,15,25.29,12.33,379.35,184.95,194.4
INV-11442,2023-08-28,CUST-478,Retail,WA,Costa Rica,34,16.92,10.3,575.28,350.2,225.08
INV-11443,2023-10-10,CUST-395,Wholesale,NY,Brazil,380,15.53,7.09,5901.4,2694.2,3207.2
INV-11444,2023-03-20,CUST-156,Wholesale,CA,Costa Rica,460,22.73,10.03,10455.8,4613.8,5842.0
INV-11445,2023-06-04,CUST-739,Retail,IL,Vietnam,26,25.99,16.85,675.74,438.1,237.64
INV-11446,2023-01-17,CUST-512,Online,IL,Costa Rica,42,17.63,10.06,740.46,422.52,317.94
INV-11447,2023-05-05,CUST-520,Wholesale,TX,Vietnam,65,23.26,12.6,1511.9,819.0,692.9
INV-11448,2023-12-14,CUST-945,Wholesale,WA,Costa Rica,262,28.43,11.94,7448.66,3128.28,4320.38
INV-11449,2023-09-23,CUST-812,Wholesale,NY,Costa Rica,186,15.15,6.61,2817.9,1229.46,1588.44
INV-11450,2023-07-12,CUST-520,Wholesale,FL,Vietnam,410,27.35,11.68,11213.5,4788.8,6424.7
INV-11451,2023-12-30,CUST-495,Online,CA,Costa Rica,6,28.92,11.92,173.52,71.52,102.0
INV-11452,2023-01-01,CUST-140,Online,WA,Colombia,16,29.48,17.18,471.68,274.88,196.8
INV-11453,2023-04-15,CUST-465,Retail,NY,Brazil,1,28.58,13.45,28.58,13.45,15.13
INV-11454,2023-01-07,CUST-785,Online,WA,Brazil,47,18.42,8.96,865.74,421.12,444.62
INV-11455,2023-06-12,CUST-680,Retail,WA,Vietnam,40,16.56,7.71,662.4,308.4,354.0
INV-11456,2023-04-14,CUST-142,Online,NY,Brazil,4,28.1,12.39,112.4,49.56,62.84
INV-11457,2023-11-08,CUST-499,Wholesale,NY,Brazil,313,18.74,8.12,5865.62,2541.56,3324.06
INV-11458,2023-07-10,CUST-648,Online,CA,Costa Rica,17,27.9,18.84,474.3,320.28,154.02
INV-11459,2023-10-16,CUST-243,Wholesale,TX,Costa Rica,176,15.48,8.63,2724.48,1518.88,1205.6
INV-11460,2023-11-28,CUST-641,Retail,IL,Costa Rica,33,19.28,12.79,636.24,422.07,214.17
INV-11461,2023-09-22,CUST-161,Retail,FL,Ethiopia,7,24.04,12.41,168.28,86.87,81.41
INV-11462,2023-07-09,CUST-708,Online,FL,Brazil,13,24.62,13.28,320.06,172.64,147.42
INV-11463,2023-01-27,CUST-895,Retail,IL,Colombia,20,24.32,13.99,486.4,279.8,206.6
INV-11464,2023-02-23,CUST-516,Online,FL,Ethiopia,5,19.22,11.51,96.1,57.55,38.55
INV-11465,2023-09-28,CUST-144,Wholesale,WA,Ethiopia,378,22.63,15.17,8554.14,5734.26,2819.88
INV-11466,2023-10-21,CUST-645,Online,FL,Guatemala,39,25.78,11.74,1005.42,457.86,547.56
INV-11467,2023-10-06,CUST-611,Online,NY,Vietnam,2,23.48,16.09,46.96,32.18,14.78
INV-11468,2023-01-27,CUST-534,Online,TX,Brazil,5,24.08,15.3,120.4,76.5,43.9
INV-11469,2023-04-19,CUST-174,Retail,IL,Ethiopia,1,23.72,9.6,23.72,9.6,14.12
INV-11470,2023-09-24,CUST-501,Wholesale,FL,Vietnam,91,22.22,11.69,2022.02,1063.79,958.23
INV-11471,2023-11-16,CUST-250,Wholesale,IL,Brazil,493,29.26,14.02,14425.18,6911.86,7513.32
INV-11472,2023-03-07,CUST-292,Retail,CA,Colombia,10,18.24,10.14,182.4,101.4,81.0
INV-11473,2023-04-18,CUST-967,Wholesale,NY,Ethiopia,322,19.07,10.26,6140.54,3303.72,2836.82
INV-11474,2023-12-19,CUST-179,Wholesale,CA,Guatemala,145,25.01,14.26,3626.45,2067.7,1558.75
INV-11475,2024-01-01,CUST-149,Wholesale,FL,Guatemala,419,23.15,11.46,9699.85,4801.74,4898.11
INV-11476,2023-06-13,CUST-982,Wholesale,NY,Vietnam,41,27.9,11.89,1143.9,487.49,656.41
INV-11477,2023-06-25,CUST-750,Retail,WA,Colombia,44,17.37,6.98,764.28,307.12,457.16
INV-11478,2023-05-05,CUST-871,Retail,TX,Colombia,26,29.02,11.76,754.52,305.76,448.76
INV-11479,2023-10-18,CUST-483,Online,IL,Ethiopia,19,29.81,18.77,566.39,356.63,209.76
INV-11480,2023-10-26,CUST-697,Wholesale,NY,Guatemala,49,25.03,15.06,1226.47,737.94,488.53
INV-11481,2023-06-26,CUST-465,Wholesale,CA,Guatemala,17,28.05,15.05,476.85,255.85,221.0
INV-11482,2023-06-08,CUST-960,Wholesale,WA,Vietnam,403,24.94,13.52,10050.82,5448.56,4602.26
INV-11483,2023-10-14,CUST-485,Online,FL,Brazil,42,25.18,12.24,1057.56,514.08,543.48
INV-11484,2023-05-12,CUST-140,Retail,CA,Ethiopia,44,21.49,12.86,945.56,565.84,379.72
INV-11485,2023-04-30,CUST-405,Wholesale,NY,Costa Rica,472,29.31,12.13,13834.32,5725.36,8108.96
INV-11486,2023-03-01,CUST-501,Retail,FL,Colombia,46,25.02,10.53,1150.92,484.38,666.54
INV-11487,2023-04-01,CUST-991,Online,FL,Costa Rica,37,28.78,19.9,1064.86,736.3,328.56
INV-11488,2023-03-03,CUST-718,Wholesale,TX,Ethiopia,419,27.63,18.09,11576.97,7579.71,3997.26
INV-11489,2023-11-29,CUST-573,Wholesale,TX,Guatemala,442,23.39,11.06,10338.38,4888.52,5449.86
INV-11490,2023-12-22,CUST-865,Retail,FL,Brazil,2,15.08,8.41,30.16,16.82,13.34
INV-11491,2023-10-15,CUST-146,Wholesale,FL,Colombia,397,18.09,12.43,7181.73,4934.71,2247.02
INV-11492,2023-11-09,CUST-885,Wholesale,IL,Brazil,18,23.26,11.98,418.68,215.64,203.04
INV-11493,2023-02-21,CUST-219,Online,CA,Vietnam,5,28.19,12.06,140.95,60.3,80.65
INV-11494,2023-08-29,CUST-181,Wholesale,TX,Guatemala,98,28.79,17.7,2821.42,1734.6,1086.82
INV-11495,2023-05-06,CUST-936,Wholesale,NY,Vietnam,393,25.62,17.92,10068.66,7042.56,3026.1
INV-11496,2023-11-05,CUST-248,Online,FL,Costa Rica,9,15.94,9.04,143.46,81.36,62.1
INV-11497,2023-01-23,CUST-234,Wholesale,CA,Guatemala,261,29.48,18.91,7694.28,4935.51,2758.77
INV-11498,2023-09-08,CUST-229,Wholesale,WA,Costa Rica,156,17.55,8.69,2737.8,1355.64,1382.16
INV-11499,2023-12-04,CUST-603,Online,CA,Brazil,32,21.01,8.44,672.32,270.08,402.24
INV-11500,2023-11-17,CUST-603,Online,CA,Brazil,8,26.86,15.62,214.88,124.96,89.92
INV-11501,2023-12-22,CUST-189,Wholesale,TX,Colombia,376,18.79,12.64,7065.04,4752.64,2312.4
INV-11502,2023-08-21,CUST-115,Wholesale,IL,Brazil,213,28.15,15.19,5995.95,3235.47,2760.48
INV-11503,2023-01-25,CUST-394,Retail,CA,Costa Rica,39,22.91,13.52,893.49,527.28,366.21
INV-11504,2023-03-31,CUST-171,Online,CA,Guatemala,8,23.43,13.8,187.44,110.4,77.04
INV-11505,2023-02-10,CUST-949,Retail,CA,Guatemala,46,15.44,6.38,710.24,293.48,416.76
INV-11506,2023-03-18,CUST-589,Retail,WA,Guatemala,28,28.23,16.11,790.44,451.08,339.36
INV-11507,2023-03-13,CUST-608,Online,TX,Ethiopia,20,26.35,12.18,527.0,243.6,283.4
INV-11508,2023-01-15,CUST-481,Retail,NY,Brazil,15,20.19,10.45,302.85,156.75,146.1
INV-11509,2023-04-08,CUST-871,Retail,CA,Guatemala,23,23.99,9.61,551.77,221.03,330.74
INV-11510,2023-01-02,CUST-437,Wholesale,FL,Costa Rica,344,17.83,11.15,6133.52,3835.6,2297.92
INV-11511,2023-03-14,CUST-947,Online,FL,Brazil,17,24.56,13.69,417.52,232.73,184.79
INV-11512,2023-02-20,CUST-814,Wholesale,TX,Colombia,302,21.96,13.14,6631.92,3968.28,2663.64
INV-11513,2023-02-02,CUST-226,Wholesale,WA,Colombia,212,27.59,15.85,5849.08,3360.2,2488.88
INV-11514,2023-12-17,CUST-844,Online,FL,Ethiopia,35,16.47,7.59,576.45,265.65,310.8
INV-11515,2023-02-26,CUST-295,Wholesale,WA,Colombia,293,29.57,14.48,8664.01,4242.64,4421.37
INV-11516,2023-07-03,CUST-887,Online,IL,Brazil,47,21.95,14.65,1031.65,688.55,343.1
INV-11517,2023-12-04,CUST-406,Wholesale,NY,Vietnam,69,19.65,11.91,1355.85,821.79,534.06
INV-11518,2023-11-05,CUST-607,Retail,FL,Colombia,4,27.56,11.17,110.24,44.68,65.56
INV-11519,2023-05-30,CUST-663,Wholesale,TX,Brazil,155,21.93,12.15,3399.15,1883.25,1515.9
INV-11520,2023-04-17,CUST-857,Online,NY,Costa Rica,9,19.13,11.75,172.17,105.75,66.42
INV-11521,2023-02-14,CUST-581,Wholesale,FL,Ethiopia,211,25.66,10.87,5414.26,2293.57,3120.69
INV-11522,2023-08-19,CUST-992,Retail,IL,Vietnam,7,21.92,10.76,153.44,75.32,78.12
INV-11523,2023-02-27,CUST-466,Wholesale,FL,Costa Rica,307,20.01,10.93,6143.07,3355.51,2787.56
INV-11524,2023-10-06,CUST-786,Online,FL,Colombia,49,24.42,10.0,1196.58,490.0,706.58
INV-11525,2023-07-22,CUST-814,Wholesale,WA,Guatemala,130,25.1,15.71,3263.0,2042.3,1220.7
INV-11526,2023-11-14,CUST-710,Online,IL,Colombia,46,21.44,13.46,986.24,619.16,367.08
INV-11527,2023-01-29,CUST-627,Retail,FL,Ethiopia,44,16.24,10.03,714.56,441.32,273.24
INV-11528,2023-12-06,CUST-505,Retail,CA,Vietnam,34,18.01,11.26,612.34,382.84,229.5
INV-11529,2023-03-31,CUST-626,Online,CA,Ethiopia,27,25.87,15.03,698.49,405.81,292.68
INV-11530,2023-11-28,CUST-403,Retail,NY,Ethiopia,16,28.03,15.41,448.48,246.56,201.92
INV-11531,2023-11-15,CUST-753,Online,NY,Colombia,38,25.57,15.51,971.66,589.38,382.28
INV-11532,2023-05-06,CUST-307,Online,WA,Colombia,32,28.82,18.05,922.24,577.6,344.64
INV-11533,2023-05-01,CUST-755,Online,NY,Ethiopia,38,28.3,12.5,1075.4,475.0,600.4
INV-11534,2023-08-02,CUST-973,Online,WA,Brazil,37,21.81,15.09,806.97,558.33,248.64
INV-11535,2023-08-04,CUST-191,Retail,TX,Colombia,1,29.2,18.26,29.2,18.26,10.94
INV-11536,2023-08-24,CUST-445,Wholesale,IL,Costa Rica,52,22.85,13.24,1188.2,688.48,499.72
INV-11537,2023-12-16,CUST-586,Retail,TX,Guatemala,42,24.48,10.2,1028.16,428.4,599.76
INV-11538,2023-05-15,CUST-332,Wholesale,IL,Colombia,474,27.76,18.47,13158.24,8754.78,4403.46
INV-11539,2023-05-10,CUST-560,Wholesale,TX,Ethiopia,325,16.58,7.38,5388.5,2398.5,2990.0
INV-11540,2023-07-30,CUST-514,Online,CA,Guatemala,12,23.15,10.25,277.8,123.0,154.8
INV-11541,2023-12-14,CUST-719,Retail,IL,Brazil,7,16.15,7.13,113.05,49.91,63.14
INV-11542,2023-03-22,CUST-151,Retail,WA,Guatemala,4,24.87,15.02,99.48,60.08,39.4
INV-11543,2023-12-28,CUST-216,Online,NY,Colombia,11,22.64,12.67,249.04,139.37,109.67
INV-11544,2023-10-11,CUST-936,Online,IL,Brazil,42,20.82,11.49,874.44,482.58,391.86
INV-11545,2023-07-12,CUST-939,Online,WA,Vietnam,44,18.26,11.07,803.44,487.08,316.36
INV-11546,2023-08-30,CUST-680,Online,WA,Ethiopia,6,16.21,10.73,97.26,64.38,32.88
INV-11547,2023-01-25,CUST-953,Wholesale,TX,Guatemala,129,28.62,17.37,3691.98,2240.73,1451.25
INV-11548,2023-07-28,CUST-176,Online,WA,Costa Rica,19,22.07,13.86,419.33,263.34,155.99
INV-11549,2023-12-29,CUST-659,Online,CA,Ethiopia,2,23.86,13.64,47.72,27.28,20.44
INV-11550,2023-04-10,CUST-953,Online,NY,Guatemala,48,19.8,9.19,950.4,441.12,509.28
INV-11551,2023-12-03,CUST-494,Wholesale,IL,Costa Rica,246,26.11,13.24,6423.06,3257.04,3166.02
INV-11552,2023-12-28,CUST-269,Online,TX,Costa Rica,43,24.71,14.89,1062.53,640.27,422.26
INV-11553,2023-07-10,CUST-770,Wholesale,FL,Colombia,496,27.92,17.15,13848.32,8506.4,5341.92
INV-11554,2023-10-26,CUST-699,Wholesale,IL,Guatemala,498,19.15,8.29,9536.7,4128.42,5408.28
INV-11555,2023-08-26,CUST-897,Wholesale,TX,Costa Rica,186,17.43,11.32,3241.98,2105.52,1136.46
INV-11556,2023-10-27,CUST-711,Online,WA,Ethiopia,45,15.22,6.77,684.9,304.65,380.25
INV-11557,2023-07-30,CUST-123,Retail,TX,Costa Rica,15,15.35,9.56,230.25,143.4,86.85
INV-11558,2023-08-31,CUST-119,Online,FL,Vietnam,13,19.27,11.17,250.51,145.21,105.3
INV-11559,2023-07-06,CUST-764,Online,FL,Colombia,24,20.13,8.28,483.12,198.72,284.4
INV-11560,2023-07-15,CUST-665,Online,TX,Guatemala,10,17.71,8.97,177.1,89.7,87.4
INV-11561,2023-06-13,CUST-652,Online,WA,Colombia,21,19.62,10.16,412.02,213.36,198.66
INV-11562,2023-02-15,CUST-906,Online,TX,Vietnam,24,28.58,11.62,685.92,278.88,407.04
INV-11563,2023-05-24,CUST-473,Retail,FL,Colombia,28,28.63,14.07,801.64,393.96,407.68
INV-11564,2023-11-10,CUST-856,Online,IL,Vietnam,28,27.05,14.55,757.4,407.4,350.0
INV-11565,2023-07-04,CUST-866,Online,CA,Brazil,4,27.69,18.86,110.76,75.44,35.32
INV-11566,2023-01-09,CUST-910,Wholesale,TX,Costa Rica,75,16.58,7.44,1243.5,558.0,685.5
INV-11567,2023-03-13,CUST-499,Retail,NY,Colombia,47,21.26,9.52,999.22,447.44,551.78
INV-11568,2023-11-18,CUST-838,Wholesale,WA,Guatemala,371,25.51,16.31,9464.21,6051.01,3413.2
INV-11569,2023-03-03,CUST-523,Online,TX,Vietnam,47,26.02,12.81,1222.94,602.07,620.87
INV-11570,2023-10-12,CUST-635,Wholesale,WA,Costa Rica,405,19.72,10.11,7986.6,4094.55,3892.05
INV-11571,2023-10-26,CUST-530,Retail,TX,Vietnam,26,29.5,18.87,767.0,490.62,276.38
INV-11572,2023-06-22,CUST-148,Retail,WA,Vietnam,43,20.46,11.55,879.78,496.65,383.13
INV-11573,2023-04-16,CUST-230,Online,IL,Costa Rica,40,24.26,14.83,970.4,593.2,377.2
INV-11574,2023-04-21,CUST-459,Online,IL,Colombia,38,18.77,12.81,713.26,486.78,226.48
INV-11575,2023-06-29,CUST-338,Wholesale,CA,Colombia,270,25.14,15.74,6787.8,4249.8,2538.0
INV-11576,2023-05-01,CUST-507,Wholesale,IL,Costa Rica,99,24.43,10.77,2418.57,1066.23,1352.34
INV-11577,2023-01-30,CUST-434,Retail,WA,Guatemala,37,24.68,11.95,913.16,442.15,471.01
INV-11578,2023-08-18,CUST-112,Wholesale,TX,Ethiopia,128,24.44,16.83,3128.32,2154.24,974.08
INV-11579,2023-04-29,CUST-441,Online,WA,Vietnam,44,21.58,10.69,949.52,470.36,479.16
INV-11580,2023-07-18,CUST-140,Retail,TX,Ethiopia,8,17.4,7.94,139.2,63.52,75.68
INV-11581,2023-04-30,CUST-189,Wholesale,TX,Brazil,25,18.38,9.58,459.5,239.5,220.0
INV-11582,2023-04-26,CUST-214,Retail,FL,Costa Rica,15,24.27,13.12,364.05,196.8,167.25
INV-11583,2023-10-09,CUST-803,Wholesale,IL,Vietnam,498,18.76,9.83,9342.48,4895.34,4447.14
INV-11584,2023-06-30,CUST-518,Wholesale,NY,Guatemala,488,18.41,7.67,8984.08,3742.96,5241.12
INV-11585,2023-07-13,CUST-838,Retail,WA,Brazil,17,17.16,7.28,291.72,123.76,167.96
INV-11586,2023-01-01,CUST-434,Wholesale,WA,Ethiopia,172,23.45,11.83,4033.4,2034.76,1998.64
INV-11587,2023-09-06,CUST-633,Wholesale,FL,Guatemala,381,17.04,10.05,6492.24,3829.05,2663.19
INV-11588,2023-11-24,CUST-773,Online,TX,Colombia,16,22.82,13.9,365.12,222.4,142.72
INV-11589,2023-10-03,CUST-587,Wholesale,WA,Guatemala,157,19.74,9.43,3099.18,1480.51,1618.67
INV-11590,2023-05-08,CUST-465,Wholesale,CA,Colombia,317,26.11,16.6,8276.87,5262.2,3014.67
INV-11591,2023-10-23,CUST-701,Wholesale,CA,Guatemala,96,21.23,14.11,2038.08,1354.56,683.52
INV-11592,2023-01-02,CUST-113,Wholesale,IL,Vietnam,217,24.51,11.47,5318.67,2488.99,2829.68
INV-11593,2023-06-20,CUST-343,Wholesale,TX,Brazil,473,28.18,17.22,13329.14,8145.06,5184.08
INV-11594,2023-04-04,CUST-999,Online,WA,Brazil,12,27.02,16.34,324.24,196.08,128.16
INV-11595,2023-04-13,CUST-850,Wholesale,FL,Ethiopia,161,24.36,11.1,3921.96,1787.1,2134.86
INV-11596,2023-12-17,CUST-295,Retail,CA,Colombia,19,28.07,11.97,533.33,227.43,305.9
INV-11597,2023-01-17,CUST-280,Online,IL,Colombia,30,18.76,10.57,562.8,317.1,245.7
INV-11598,2023-03-06,CUST-366,Online,IL,Costa Rica,34,19.1,10.85,649.4,368.9,280.5
INV-11599,2023-04-22,CUST-685,Wholesale,WA,Ethiopia,81,17.96,11.01,1454.76,891.81,562.95
INV-11600,2023-08-11,CUST-440,Online,WA,Brazil,10,21.01,12.34,210.1,123.4,86.7
INV-11601,2023-09-03,CUST-725,Online,CA,Vietnam,25,28.78,19.59,719.5,489.75,229.75
INV-11602,2023-06-18,CUST-748,Retail,FL,Colombia,7,22.72,13.22,159.04,92.54,66.5
INV-11603,2023-02-17,CUST-702,Wholesale,TX,Costa Rica,279,24.52,14.0,6841.08,3906.0,2935.08
INV-11604,2023-09-04,CUST-562,Retail,IL,Vietnam,35,17.87,10.96,625.45,383.6,241.85
INV-11605,2023-08-24,CUST-374,Online,NY,Costa Rica,27,16.54,9.39,446.58,253.53,193.05
INV-11606,2023-11-06,CUST-180,Online,IL,Colombia,15,29.11,17.09,436.65,256.35,180.3
INV-11607,2023-04-14,CUST-595,Retail,TX,Brazil,36,25.48,15.28,917.28,550.08,367.2
INV-11608,2023-04-22,CUST-297,Online,NY,Brazil,32,28.32,18.57,906.24,594.24,312.0
INV-11609,2023-01-05,CUST-423,Wholesale,CA,Costa Rica,326,22.68,9.18,7393.68,2992.68,4401.0
INV-11610,2023-09-27,CUST-768,Retail,FL,Costa Rica,47,22.13,9.87,1040.11,463.89,576.22
INV-11611,2023-01-22,CUST-570,Wholesale,TX,Colombia,252,23.87,13.54,6015.24,3412.08,2603.16
INV-11612,2023-05-06,CUST-946,Online,WA,Costa Rica,6,29.76,15.84,178.56,95.04,83.52
INV-11613,2023-01-16,CUST-185,Retail,TX,Brazil,17,23.46,10.06,398.82,171.02,227.8
INV-11614,2023-09-19,CUST-637,Retail,IL,Costa Rica,6,23.67,13.95,142.02,83.7,58.32
INV-11615,2023-01-06,CUST-311,Online,TX,Brazil,35,22.56,13.43,789.6,470.05,319.55
INV-11616,2023-04-02,CUST-224,Wholesale,NY,Vietnam,270,28.9,15.52,7803.0,4190.4,3612.6
INV-11617,2023-06-12,CUST-121,Wholesale,WA,Ethiopia,63,15.87,6.37,999.81,401.31,598.5
INV-11618,2023-10-24,CUST-876,Wholesale,FL,Vietnam,325,24.16,15.63,7852.0,5079.75,2772.25
INV-11619,2023-08-13,CUST-847,Online,TX,Costa Rica,11,28.92,15.77,318.12,173.47,144.65
INV-11620,2023-06-23,CUST-837,Online,FL,Guatemala,11,17.85,7.72,196.35,84.92,111.43
INV-11621,2023-10-14,CUST-957,Retail,WA,Vietnam,1,27.64,17.5,27.64,17.5,10.14
INV-11622,2023-04-04,CUST-717,Retail,FL,Ethiopia,34,16.45,10.96,559.3,372.64,186.66
INV-11623,2023-01-06,CUST-555,Wholesale,TX,Colombia,204,23.0,15.57,4692.0,3176.28,1515.72
INV-11624,2023-12-30,CUST-411,Wholesale,CA,Guatemala,423,25.71,11.0,10875.33,4653.0,6222.33
INV-11625,2023-12-12,CUST-705,Wholesale,NY,Guatemala,150,23.22,9.49,3483.0,1423.5,2059.5
INV-11626,2023-10-17,CUST-406,Wholesale,IL,Brazil,78,16.61,10.52,1295.58,820.56,475.02
INV-11627,2023-02-20,CUST-504,Retail,WA,Ethiopia,25,16.63,6.98,415.75,174.5,241.25
INV-11628,2023-09-14,CUST-376,Retail,WA,Costa Rica,18,26.18,12.36,471.24,222.48,248.76
INV-11629,2023-12-03,CUST-999,Online,CA,Vietnam,21,19.13,8.54,401.73,179.34,222.39
INV-11630,2023-02-02,CUST-542,Online,WA,Colombia,44,29.56,12.49,1300.64,549.56,751.08
INV-11631,2023-12-12,CUST-654,Online,IL,Ethiopia,33,23.69,14.82,781.77,489.06,292.71
INV-11632,2023-09-02,CUST-715,Wholesale,FL,Brazil,472,17.15,8.57,8094.8,4045.04,4049.76
INV-11633,2023-01-30,CUST-938,Online,TX,Guatemala,43,16.3,10.95,700.9,470.85,230.05
INV-11634,2023-06-06,CUST-830,Retail,FL,Ethiopia,40,23.39,14.33,935.6,573.2,362.4
INV-11635,2023-01-06,CUST-296,Online,IL,Vietnam,36,21.85,14.73,786.6,530.28,256.32
INV-11636,2023-08-10,CUST-394,Online,IL,Colombia,37,15.49,10.42,573.13,385.54,187.59
INV-11637,2023-03-15,CUST-979,Online,TX,Brazil,3,28.47,18.34,85.41,55.02,30.39
INV-11638,2023-01-15,CUST-607,Retail,NY,Vietnam,46,22.15,11.09,1018.9,510.14,508.76
INV-11639,2023-05-07,CUST-133,Retail,IL,Ethiopia,32,23.55,15.19,753.6,486.08,267.52
INV-11640,2023-07-09,CUST-664,Retail,NY,Costa Rica,14,19.91,13.16,278.74,184.24,94.5
INV-11641,2023-03-08,CUST-990,Online,CA,Colombia,12,15.15,8.86,181.8,106.32,75.48
INV-11642,2023-10-26,CUST-159,Wholesale,IL,Costa Rica,324,22.07,10.67,7150.68,3457.08,3693.6
INV-11643,2023-03-02,CUST-848,Retail,WA,Brazil,26,26.44,15.58,687.44,405.08,282.36
INV-11644,2023-03-15,CUST-904,Online,TX,Guatemala,11,21.51,11.32,236.61,124.52,112.09
INV-11645,2023-06-08,CUST-502,Retail,NY,Brazil,26,24.49,13.31,636.74,346.06,290.68
INV-11646,2023-12-02,CUST-633,Retail,FL,Colombia,46,19.36,8.97,890.56,412.62,477.94
INV-11647,2023-06-28,CUST-283,Wholesale,WA,Ethiopia,122,19.42,13.35,2369.24,1628.7,740.54
INV-11648,2023-05-02,CUST-780,Wholesale,IL,Guatemala,297,27.73,16.65,8235.81,4945.05,3290.76
INV-11649,2023-02-17,CUST-724,Retail,NY,Vietnam,14,23.68,13.2,331.52,184.8,146.72
INV-11650,2023-12-22,CUST-163,Wholesale,NY,Guatemala,396,29.59,17.47,11717.64,6918.12,4799.52
INV-11651,2023-11-30,CUST-217,Wholesale,WA,Colombia,105,18.17,11.74,1907.85,1232.7,675.15
INV-11652,2023-07-13,CUST-247,Retail,NY,Vietnam,3,29.65,19.81,88.95,59.43,29.52
INV-11653,2023-04-30,CUST-163,Retail,FL,Ethiopia,8,24.48,15.34,195.84,122.72,73.12
INV-11654,2023-07-02,CUST-409,Wholesale,FL,Ethiopia,396,18.03,9.58,7139.88,3793.68,3346.2
INV-11655,2023-09-04,CUST-125,Retail,FL,Costa Rica,11,29.98,19.06,329.78,209.66,120.12
INV-11656,2023-08-05,CUST-879,Retail,TX,Vietnam,37,26.3,18.15,973.1,671.55,301.55
INV-11657,2023-10-07,CUST-341,Online,NY,Colombia,2,22.36,13.87,44.72,27.74,16.98
INV-11658,2023-05-18,CUST-611,Wholesale,IL,Costa Rica,188,22.4,10.89,4211.2,2047.32,2163.88
INV-11659,2023-08-12,CUST-850,Retail,IL,Brazil,33,17.71,9.71,584.43,320.43,264.0
INV-11660,2023-07-12,CUST-806,Retail,WA,Colombia,8,17.65,11.13,141.2,89.04,52.16
INV-11661,2023-04-23,CUST-567,Wholesale,IL,Ethiopia,11,20.17,8.25,221.87,90.75,131.12
INV-11662,2023-04-29,CUST-458,Online,NY,Ethiopia,4,21.25,13.4,85.0,53.6,31.4
INV-11663,2023-05-23,CUST-241,Retail,IL,Colombia,25,19.05,12.37,476.25,309.25,167.0
INV-11664,2023-08-03,CUST-269,Online,FL,Costa Rica,30,26.92,10.85,807.6,325.5,482.1
INV-11665,2023-12-09,CUST-963,Retail,NY,Colombia,12,16.55,8.19,198.6,98.28,100.32
INV-11666,2023-10-09,CUST-280,Retail,CA,Colombia,25,28.42,13.74,710.5,343.5,367.0
INV-11667,2023-06-12,CUST-303,Retail,TX,Guatemala,26,17.5,9.12,455.0,237.12,217.88
INV-11668,2023-06-08,CUST-785,Online,WA,Colombia,26,22.04,10.0,573.04,260.0,313.04
INV-11669,2023-10-14,CUST-728,Retail,CA,Colombia,48,16.36,7.3,785.28,350.4,434.88
INV-11670,2023-11-21,CUST-447,Retail,CA,Ethiopia,34,29.38,19.88,998.92,675.92,323.0
INV-11671,2023-11-27,CUST-281,Wholesale,TX,Guatemala,379,18.24,7.74,6912.96,2933.46,3979.5
INV-11672,2023-09-10,CUST-719,Online,CA,Ethiopia,23,19.45,11.39,447.35,261.97,185.38
INV-11673,2023-08-18,CUST-123,Online,IL,Brazil,29,17.81,11.18,516.49,324.22,192.27
INV-11674,2023-01-08,CUST-443,Wholesale,IL,Ethiopia,73,18.63,9.07,1359.99,662.11,697.88
INV-11675,2023-07-12,CUST-380,Wholesale,WA,Vietnam,405,25.8,12.65,10449.0,5123.25,5325.75
INV-11676,2023-03-16,CUST-360,Retail,FL,Colombia,37,28.57,16.37,1057.09,605.69,451.4
INV-11677,2023-01-18,CUST-151,Wholesale,WA,Brazil,206,16.39,9.38,3376.34,1932.28,1444.06
INV-11678,2023-03-21,CUST-736,Online,WA,Vietnam,4,28.75,11.98,115.0,47.92,67.08
INV-11679,2023-10-22,CUST-913,Wholesale,TX,Vietnam,497,28.63,15.8,14229.11,7852.6,6376.51
INV-11680,2023-03-13,CUST-822,Online,WA,Vietnam,42,18.05,12.6,758.1,529.2,228.9
INV-11681,2023-03-01,CUST-378,Wholesale,CA,Ethiopia,453,15.84,7.24,7175.52,3279.72,3895.8
INV-11682,2023-08-10,CUST-186,Retail,IL,Costa Rica,19,19.58,10.11,372.02,192.09,179.93
INV-11683,2023-02-12,CUST-624,Online,FL,Guatemala,22,15.49,7.14,340.78,157.08,183.7
INV-11684,2023-06-29,CUST-401,Online,FL,Costa Rica,4,22.46,9.35,89.84,37.4,52.44
INV-11685,2023-04-14,CUST-756,Online,FL,Vietnam,19,28.21,17.93,535.99,340.67,195.32
INV-11686,2023-07-09,CUST-260,Wholesale,WA,Ethiopia,427,23.58,11.31,10068.66,4829.37,5239.29
INV-11687,2023-12-07,CUST-738,Retail,FL,Ethiopia,33,28.66,13.59,945.78,448.47,497.31
INV-11688,2023-12-05,CUST-520,Retail,CA,Ethiopia,8,19.81,10.25,158.48,82.0,76.48
INV-11689,2023-10-14,CUST-398,Wholesale,FL,Costa Rica,483,21.05,9.33,10167.15,4506.39,5660.76
INV-11690,2023-02-20,CUST-647,Retail,FL,Ethiopia,4,28.07,17.73,112.28,70.92,41.36
INV-11691,2023-12-30,CUST-998,Online,WA,Brazil,43,15.36,9.19,660.48,395.17,265.31
INV-11692,2023-08-07,CUST-293,Online,IL,Ethiopia,36,15.86,7.38,570.96,265.68,305.28
INV-11693,2023-10-26,CUST-914,Wholesale,NY,Brazil,274,20.61,10.65,5647.14,2918.1,2729.04
INV-11694,2023-12-01,CUST-740,Online,WA,Colombia,11,28.72,19.47,315.92,214.17,101.75
INV-11695,2023-12-09,CUST-684,Wholesale,FL,Guatemala,390,28.85,13.99,11251.5,5456.1,5795.4
INV-11696,2023-05-28,CUST-826,Wholesale,IL,Vietnam,81,17.77,7.31,1439.37,592.11,847.26
INV-11697,2023-06-30,CUST-148,Retail,TX,Guatemala,8,16.19,6.54,129.52,52.32,77.2
INV-11698,2023-12-25,CUST-264,Retail,CA,Costa Rica,27,22.24,9.63,600.48,260.01,340.47
INV-11699,2023-10-24,CUST-133,Wholesale,IL,Vietnam,70,26.15,17.27,1830.5,1208.9,621.6
INV-11700,2023-12-12,CUST-412,Wholesale,NY,Brazil,101,18.07,9.43,1825.07,952.43,872.64
INV-11701,2023-07-26,CUST-990,Retail,NY,Costa Rica,34,29.34,15.57,997.56,529.38,468.18
INV-11702,2023-05-03,CUST-816,Wholesale,FL,Vietnam,49,20.65,9.89,1011.85,484.61,527.24
INV-11703,2023-04-10,CUST-433,Online,FL,Costa Rica,26,21.83,10.13,567.58,263.38,304.2
INV-11704,2023-07-04,CUST-961,Online,IL,Costa Rica,3,24.78,11.23,74.34,33.69,40.65
INV-11705,2023-09-20,CUST-101,Online,IL,Vietnam,32,27.6,17.73,883.2,567.36,315.84
INV-11706,2023-09-15,CUST-765,Wholesale,WA,Guatemala,63,15.34,10.7,966.42,674.1,292.32
INV-11707,2023-12-10,CUST-261,Wholesale,CA,Brazil,500,18.65,8.99,9325.0,4495.0,4830.0
INV-11708,2023-02-27,CUST-847,Retail,TX,Ethiopia,31,24.96,14.8,773.76,458.8,314.96
INV-11709,2023-01-23,CUST-243,Wholesale,TX,Costa Rica,39,22.82,12.67,889.98,494.13,395.85
INV-11710,2023-05-29,CUST-954,Wholesale,TX,Guatemala,425,29.5,16.46,12537.5,6995.5,5542.0
INV-11711,2023-10-02,CUST-347,Retail,WA,Colombia,10,26.5,14.81,265.0,148.1,116.9
INV-11712,2023-07-24,CUST-802,Online,NY,Brazil,47,29.87,18.89,1403.89,887.83,516.06
INV-11713,2023-06-15,CUST-928,Retail,TX,Colombia,50,26.3,18.3,1315.0,915.0,400.0
INV-11714,2023-01-22,CUST-434,Online,FL,Brazil,12,24.9,17.27,298.8,207.24,91.56
INV-11715,2023-11-27,CUST-696,Online,IL,Costa Rica,2,22.16,9.89,44.32,19.78,24.54
INV-11716,2023-02-02,CUST-430,Wholesale,IL,Colombia,101,29.58,17.31,2987.58,1748.31,1239.27
INV-11717,2023-03-06,CUST-998,Online,FL,Colombia,45,16.64,7.41,748.8,333.45,415.35
INV-11718,2023-06-25,CUST-139,Retail,NY,Brazil,32,17.93,8.28,573.76,264.96,308.8
INV-11719,2023-11-11,CUST-551,Retail,TX,Vietnam,47,29.21,19.06,1372.87,895.82,477.05
INV-11720,2023-01-29,CUST-152,Wholesale,NY,Guatemala,287,23.13,12.46,6638.31,3576.02,3062.29
INV-11721,2023-01-30,CUST-631,Wholesale,IL,Ethiopia,398,27.14,15.38,10801.72,6121.24,4680.48
INV-11722,2023-08-27,CUST-688,Online,IL,Vietnam,12,26.11,14.71,313.32,176.52,136.8
INV-11723,2023-01-17,CUST-779,Wholesale,FL,Brazil,213,23.2,10.19,4941.6,2170.47,2771.13
INV-11724,2023-04-28,CUST-831,Wholesale,FL,Costa Rica,165,19.43,12.22,3205.95,2016.3,1189.65
INV-11725,2023-05-26,CUST-534,Online,FL,Vietnam,14,27.43,14.33,384.02,200.62,183.4
INV-11726,2023-04-17,CUST-831,Retail,CA,Costa Rica,32,27.79,15.36,889.28,491.52,397.76
INV-11727,2023-03-01,CUST-861,Online,CA,Ethiopia,15,26.36,13.59,395.4,203.85,191.55
INV-11728,2023-10-16,CUST-100,Online,NY,Ethiopia,33,29.89,18.36,986.37,605.88,380.49
INV-11729,2023-12-27,CUST-395,Wholesale,IL,Colombia,219,24.53,16.95,5372.07,3712.05,1660.02
INV-11730,2023-11-22,CUST-287,Wholesale,NY,Vietnam,156,22.88,15.22,3569.28,2374.32,1194.96
INV-11731,2023-03-20,CUST-965,Retail,IL,Brazil,42,25.47,14.92,1069.74,626.64,443.1
INV-11732,2023-08-06,CUST-511,Wholesale,IL,Brazil,447,16.59,10.09,7415.73,4510.23,2905.5
INV-11733,2023-01-31,CUST-437,Online,IL,Colombia,20,16.64,9.33,332.8,186.6,146.2
INV-11734,2023-05-12,CUST-164,Wholesale,CA,Ethiopia,126,15.98,7.46,2013.48,939.96,1073.52
INV-11735,2023-03-17,CUST-537,Online,TX,Costa Rica,7,28.95,16.32,202.65,114.24,88.41
INV-11736,2023-02-14,CUST-811,Online,FL,Guatemala,3,28.69,13.08,86.07,39.24,46.83
INV-11737,2023-08-29,CUST-306,Retail,FL,Vietnam,9,17.9,11.71,161.1,105.39,55.71
INV-11738,2023-08-19,CUST-808,Retail,WA,Vietnam,30,15.22,6.43,456.6,192.9,263.7
INV-11739,2023-09-15,CUST-518,Wholesale,NY,Brazil,451,15.05,6.88,6787.55,3102.88,3684.67
INV-11740,2023-08-05,CUST-833,Wholesale,CA,Brazil,42,21.49,14.36,902.58,603.12,299.46
INV-11741,2023-04-27,CUST-837,Retail,TX,Guatemala,36,28.33,16.06,1019.88,578.16,441.72
INV-11742,2023-09-21,CUST-143,Retail,IL,Brazil,31,22.93,12.55,710.83,389.05,321.78
INV-11743,2023-07-01,CUST-729,Online,FL,Brazil,43,20.29,11.64,872.47,500.52,371.95
INV-11744,2023-08-25,CUST-259,Wholesale,IL,Costa Rica,452,17.13,8.88,7742.76,4013.76,3729.0
INV-11745,2023-02-22,CUST-186,Retail,WA,Costa Rica,49,15.11,9.86,740.39,483.14,257.25
INV-11746,2023-03-23,CUST-433,Wholesale,CA,Ethiopia,433,17.93,11.08,7763.69,4797.64,2966.05
INV-11747,2023-11-21,CUST-854,Online,WA,Brazil,11,29.95,16.39,329.45,180.29,149.16
INV-11748,2023-03-25,CUST-633,Wholesale,TX,Costa Rica,462,21.98,9.95,10154.76,4596.9,5557.86
INV-11749,2023-03-29,CUST-386,Retail,WA,Ethiopia,22,28.07,16.43,617.54,361.46,256.08
INV-11750,2023-12-21,CUST-143,Retail,CA,Guatemala,6,20.41,8.76,122.46,52.56,69.9
INV-11751,2023-11-03,CUST-111,Wholesale,NY,Costa Rica,111,18.55,10.48,2059.05,1163.28,895.77
INV-11752,2023-03-26,CUST-488,Retail,IL,Ethiopia,4,22.13,14.67,88.52,58.68,29.84
INV-11753,2023-05-31,CUST-506,Wholesale,NY,Ethiopia,495,16.81,7.92,8320.95,3920.4,4400.55
INV-11754,2023-12-20,CUST-959,Online,NY,Brazil,1,20.79,9.79,20.79,9.79,11.0
INV-11755,2023-11-15,CUST-372,Wholesale,CA,Ethiopia,63,23.22,10.35,1462.86,652.05,810.81
INV-11756,2023-12-26,CUST-636,Wholesale,NY,Ethiopia,470,26.73,18.33,12563.1,8615.1,3948.0
INV-11757,2023-11-29,CUST-535,Online,CA,Guatemala,22,23.56,10.42,518.32,229.24,289.08
INV-11758,2023-09-23,CUST-834,Wholesale,NY,Vietnam,481,15.24,9.57,7330.44,4603.17,2727.27
INV-11759,2023-04-27,CUST-832,Online,CA,Ethiopia,11,21.96,9.71,241.56,106.81,134.75
INV-11760,2023-09-09,CUST-132,Retail,CA,Ethiopia,49,19.55,10.8,957.95,529.2,428.75
INV-11761,2023-09-15,CUST-928,Online,FL,Vietnam,17,24.15,10.27,410.55,174.59,235.96
INV-11762,2023-05-30,CUST-133,Online,CA,Colombia,27,23.1,12.56,623.7,339.12,284.58
INV-11763,2023-10-24,CUST-347,Wholesale,FL,Costa Rica,420,15.75,9.89,6615.0,4153.8,2461.2
INV-11764,2023-05-16,CUST-859,Wholesale,CA,Vietnam,360,16.15,6.69,5814.0,2408.4,3405.6
INV-11765,2023-04-26,CUST-395,Wholesale,WA,Guatemala,438,16.99,9.71,7441.62,4252.98,3188.64
INV-11766,2023-06-05,CUST-863,Retail,IL,Colombia,42,22.78,10.81,956.76,454.02,502.74
INV-11767,2023-11-12,CUST-640,Online,CA,Vietnam,38,25.48,10.25,968.24,389.5,578.74
INV-11768,2023-12-08,CUST-939,Online,WA,Costa Rica,38,26.97,12.93,1024.86,491.34,533.52
INV-11769,2023-05-03,CUST-652,Online,CA,Colombia,37,29.11,17.85,1077.07,660.45,416.62
INV-11770,2023-03-01,CUST-351,Wholesale,CA,Vietnam,277,29.55,20.28,8185.35,5617.56,2567.79
INV-11771,2023-07-31,CUST-930,Online,WA,Brazil,32,18.59,9.35,594.88,299.2,295.68
INV-11772,2023-11-09,CUST-943,Retail,NY,Ethiopia,11,15.72,6.36,172.92,69.96,102.96
INV-11773,2023-07-03,CUST-509,Retail,CA,Ethiopia,27,16.21,7.48,437.67,201.96,235.71
INV-11774,2023-01-27,CUST-738,Wholesale,CA,Vietnam,197,18.36,7.76,3616.92,1528.72,2088.2
INV-11775,2023-02-26,CUST-722,Online,IL,Vietnam,27,15.99,7.23,431.73,195.21,236.52
INV-11776,2023-11-01,CUST-602,Online,TX,Costa Rica,38,26.76,14.12,1016.88,536.56,480.32
INV-11777,2023-12-16,CUST-499,Wholesale,CA,Vietnam,129,29.48,20.34,3802.92,2623.86,1179.06
INV-11778,2023-12-30,CUST-511,Retail,CA,Guatemala,44,23.63,13.47,1039.72,592.68,447.04
INV-11779,2023-05-13,CUST-728,Wholesale,CA,Vietnam,396,18.7,11.78,7405.2,4664.88,2740.32
INV-11780,2023-10-03,CUST-427,Online,CA,Vietnam,36,25.16,13.42,905.76,483.12,422.64
INV-11781,2023-10-21,CUST-125,Retail,FL,Guatemala,44,20.55,13.62,904.2,599.28,304.92
INV-11782,2023-08-20,CUST-761,Retail,FL,Ethiopia,2,27.29,13.44,54.58,26.88,27.7
INV-11783,2023-07-02,CUST-849,Online,WA,Vietnam,23,19.88,12.06,457.24,277.38,179.86
INV-11784,2023-12-06,CUST-382,Online,NY,Vietnam,36,21.27,11.51,765.72,414.36,351.36
INV-11785,2023-07-25,CUST-694,Retail,CA,Costa Rica,23,20.09,10.32,462.07,237.36,224.71
INV-11786,2023-11-13,CUST-854,Wholesale,CA,Ethiopia,314,20.68,12.15,6493.52,3815.1,2678.42
INV-11787,2023-10-16,CUST-488,Online,NY,Vietnam,16,21.36,14.36,341.76,229.76,112.0
INV-11788,2023-02-04,CUST-899,Wholesale,WA,Costa Rica,427,22.48,12.45,9598.96,5316.15,4282.81
INV-11789,2023-10-28,CUST-315,Online,FL,Costa Rica,28,28.81,14.07,806.68,393.96,412.72
INV-11790,2023-08-15,CUST-555,Online,IL,Colombia,21,29.53,11.82,620.13,248.22,371.91
INV-11791,2023-03-15,CUST-828,Wholesale,NY,Costa Rica,64,25.82,11.45,1652.48,732.8,919.68
INV-11792,2023-05-22,CUST-166,Online,WA,Guatemala,18,28.4,15.98,511.2,287.64,223.56
INV-11793,2023-02-07,CUST-138,Retail,FL,Ethiopia,43,16.39,9.28,704.77,399.04,305.73
INV-11794,2023-06-07,CUST-787,Retail,TX,Costa Rica,44,17.6,8.85,774.4,389.4,385.0
INV-11795,2023-03-06,CUST-105,Wholesale,WA,Ethiopia,461,24.2,15.83,11156.2,7297.63,3858.57
INV-11796,2023-04-25,CUST-488,Wholesale,FL,Vietnam,431,20.24,9.64,8723.44,4154.84,4568.6
INV-11797,2023-04-08,CUST-222,Retail,TX,Brazil,33,19.23,10.1,634.59,333.3,301.29
INV-11798,2023-06-16,CUST-950,Retail,TX,Guatemala,30,20.46,13.83,613.8,414.9,198.9
INV-11799,2023-04-28,CUST-457,Wholesale,FL,Costa Rica,481,24.41,11.28,11741.21,5425.68,6315.53
INV-11800,2023-05-24,CUST-492,Wholesale,FL,Guatemala,135,17.1,11.37,2308.5,1534.95,773.55
INV-11801,2023-03-26,CUST-872,Retail,CA,Ethiopia,36,18.36,8.59,660.96,309.24,351.72
INV-11802,2023-02-02,CUST-516,Wholesale,TX,Brazil,427,15.18,10.47,6481.86,4470.69,2011.17
INV-11803,2023-07-18,CUST-854,Wholesale,IL,Costa Rica,323,23.45,13.25,7574.35,4279.75,3294.6
INV-11804,2023-12-23,CUST-423,Retail,TX,Colombia,5,22.62,10.42,113.1,52.1,61.0
INV-11805,2023-02-12,CUST-377,Online,WA,Costa Rica,20,18.12,12.05,362.4,241.0,121.4
INV-11806,2023-12-25,CUST-688,Online,IL,Vietnam,38,27.59,12.95,1048.42,492.1,556.32
INV-11807,2023-06-05,CUST-521,Wholesale,WA,Ethiopia,113,28.33,13.88,3201.29,1568.44,1632.85
INV-11808,2023-12-07,CUST-992,Retail,FL,Costa Rica,38,17.2,8.15,653.6,309.7,343.9
INV-11809,2023-10-30,CUST-992,Wholesale,FL,Ethiopia,117,30.0,18.85,3510.0,2205.45,1304.55
INV-11810,2023-06-17,CUST-926,Wholesale,CA,Guatemala,407,24.26,11.9,9873.82,4843.3,5030.52
INV-11811,2023-12-21,CUST-553,Online,CA,Ethiopia,20,23.19,11.58,463.8,231.6,232.2
INV-11812,2023-06-02,CUST-677,Online,NY,Colombia,20,23.82,10.52,476.4,210.4,266.0
INV-11813,2023-08-19,CUST-195,Online,WA,Colombia,30,26.31,12.04,789.3,361.2,428.1
INV-11814,2023-07-11,CUST-418,Retail,FL,Costa Rica,45,15.87,10.04,714.15,451.8,262.35
INV-11815,2023-11-09,CUST-969,Online,WA,Costa Rica,22,18.76,9.03,412.72,198.66,214.06
INV-11816,2023-10-13,CUST-250,Online,IL,Colombia,47,27.39,15.49,1287.33,728.03,559.3
INV-11817,2023-12-17,CUST-470,Retail,NY,Brazil,6,27.46,15.91,164.76,95.46,69.3
INV-11818,2023-07-25,CUST-226,Wholesale,CA,Brazil,382,22.26,10.96,8503.32,4186.72,4316.6
INV-11819,2023-07-31,CUST-745,Online,WA,Vietnam,6,19.17,8.01,115.02,48.06,66.96
INV-11820,2023-04-16,CUST-704,Retail,NY,Costa Rica,36,17.36,9.57,624.96,344.52,280.44
INV-11821,2023-08-06,CUST-124,Online,NY,Colombia,18,29.12,19.72,524.16,354.96,169.2
INV-11822,2023-12-18,CUST-428,Retail,CA,Ethiopia,14,25.46,17.34,356.44,242.76,113.68
INV-11823,2023-11-01,CUST-729,Retail,TX,Vietnam,48,15.85,10.85,760.8,520.8,240.0
INV-11824,2023-05-24,CUST-644,Online,WA,Vietnam,22,19.52,10.52,429.44,231.44,198.0
INV-11825,2023-08-13,CUST-789,Retail,FL,Colombia,14,21.66,11.44,303.24,160.16,143.08
INV-11826,2023-12-26,CUST-271,Retail,NY,Ethiopia,38,25.86,16.78,982.68,637.64,345.04
INV-11827,2023-11-24,CUST-257,Wholesale,IL,Ethiopia,127,19.89,9.64,2526.03,1224.28,1301.75
INV-11828,2023-07-12,CUST-746,Wholesale,NY,Vietnam,429,24.57,16.42,10540.53,7044.18,3496.35
INV-11829,2023-05-29,CUST-237,Wholesale,CA,Costa Rica,348,27.61,15.63,9608.28,5439.24,4169.04
INV-11830,2023-10-02,CUST-567,Online,FL,Brazil,41,21.02,13.51,861.82,553.91,307.91
INV-11831,2023-01-29,CUST-574,Online,FL,Guatemala,36,24.38,16.93,877.68,609.48,268.2
INV-11832,2023-01-30,CUST-196,Retail,WA,Ethiopia,29,28.09,16.69,814.61,484.01,330.6
INV-11833,2023-03-16,CUST-446,Retail,NY,Guatemala,23,15.2,8.12,349.6,186.76,162.84
INV-11834,2023-01-11,CUST-558,Wholesale,IL,Ethiopia,182,29.67,13.31,5399.94,2422.42,2977.52
INV-11835,2023-03-17,CUST-683,Retail,FL,Costa Rica,16,17.01,11.09,272.16,177.44,94.72
INV-11836,2023-08-24,CUST-355,Online,FL,Colombia,24,21.37,14.68,512.88,352.32,160.56
INV-11837,2023-08-29,CUST-828,Online,CA,Ethiopia,34,23.66,15.9,804.44,540.6,263.84
INV-11838,2023-01-10,CUST-884,Wholesale,CA,Ethiopia,94,20.65,14.0,1941.1,1316.0,625.1
INV-11839,2023-01-13,CUST-451,Online,NY,Costa Rica,22,23.99,16.67,527.78,366.74,161.04
INV-11840,2023-04-04,CUST-282,Retail,CA,Vietnam,15,20.05,12.87,300.75,193.05,107.7
INV-11841,2023-12-25,CUST-196,Wholesale,IL,Vietnam,268,29.05,12.09,7785.4,3240.12,4545.28
INV-11842,2023-11-08,CUST-565,Online,IL,Colombia,10,23.19,11.68,231.9,116.8,115.1
INV-11843,2023-05-18,CUST-617,Wholesale,NY,Colombia,496,22.59,10.14,11204.64,5029.44,6175.2
INV-11844,2023-06-28,CUST-713,Online,TX,Guatemala,11,22.24,9.3,244.64,102.3,142.34
INV-11845,2023-09-28,CUST-586,Wholesale,TX,Guatemala,377,15.28,8.85,5760.56,3336.45,2424.11
INV-11846,2023-06-23,CUST-246,Online,FL,Brazil,22,27.5,12.11,605.0,266.42,338.58
INV-11847,2023-06-17,CUST-204,Retail,WA,Guatemala,37,25.63,14.63,948.31,541.31,407.0
INV-11848,2023-08-29,CUST-510,Retail,IL,Brazil,14,27.17,18.02,380.38,252.28,128.1
INV-11849,2023-11-20,CUST-443,Retail,TX,Colombia,11,15.53,8.13,170.83,89.43,81.4
INV-11850,2023-10-20,CUST-427,Retail,WA,Colombia,6,22.04,10.97,132.24,65.82,66.42
INV-11851,2023-05-18,CUST-961,Retail,WA,Colombia,17,24.83,11.04,422.11,187.68,234.43
INV-11852,2023-06-05,CUST-618,Online,NY,Colombia,21,25.96,15.37,545.16,322.77,222.39
INV-11853,2023-01-16,CUST-511,Retail,FL,Colombia,14,17.09,7.66,239.26,107.24,132.02
INV-11854,2023-12-30,CUST-163,Wholesale,FL,Vietnam,153,27.95,16.74,4276.35,2561.22,1715.13
INV-11855,2023-08-10,CUST-977,Wholesale,FL,Brazil,266,20.78,13.38,5527.48,3559.08,1968.4
INV-11856,2023-10-07,CUST-742,Online,IL,Ethiopia,48,26.72,16.1,1282.56,772.8,509.76
INV-11857,2023-04-14,CUST-581,Retail,IL,Brazil,39,19.51,12.41,760.89,483.99,276.9
INV-11858,2023-06-15,CUST-569,Retail,CA,Colombia,50,27.5,15.96,1375.0,798.0,577.0
INV-11859,2023-03-27,CUST-255,Online,TX,Brazil,44,29.35,13.17,1291.4,579.48,711.92
INV-11860,2023-04-24,CUST-989,Retail,TX,Vietnam,43,23.22,9.99,998.46,429.57,568.89
INV-11861,2023-10-14,CUST-876,Online,CA,Brazil,42,23.81,15.63,1000.02,656.46,343.56
INV-11862,2023-10-16,CUST-116,Online,WA,Colombia,1,18.46,11.8,18.46,11.8,6.66
INV-11863,2023-07-12,CUST-184,Online,FL,Costa Rica,40,21.15,9.22,846.0,368.8,477.2
INV-11864,2023-06-21,CUST-862,Wholesale,WA,Vietnam,289,18.72,9.6,5410.08,2774.4,2635.68
INV-11865,2023-06-20,CUST-607,Retail,WA,Costa Rica,40,21.86,15.05,874.4,602.0,272.4
INV-11866,2023-11-18,CUST-651,Online,CA,Costa Rica,32,26.47,15.09,847.04,482.88,364.16
INV-11867,2023-08-30,CUST-646,Wholesale,WA,Brazil,203,21.91,9.09,4447.73,1845.27,2602.46
INV-11868,2023-10-31,CUST-133,Online,IL,Ethiopia,23,25.32,12.14,582.36,279.22,303.14
INV-11869,2023-04-02,CUST-477,Retail,WA,Colombia,19,26.26,16.42,498.94,311.98,186.96
INV-11870,2023-05-11,CUST-325,Retail,CA,Costa Rica,23,23.29,10.88,535.67,250.24,285.43
INV-11871,2023-09-10,CUST-801,Retail,FL,Colombia,46,15.79,7.85,726.34,361.1,365.24
INV-11872,2023-05-15,CUST-368,Retail,IL,Vietnam,45,16.29,8.41,733.05,378.45,354.6
INV-11873,2023-04-08,CUST-277,Online,TX,Vietnam,50,18.22,10.88,911.0,544.0,367.0
INV-11874,2023-03-28,CUST-915,Online,FL,Vietnam,12,24.81,11.16,297.72,133.92,163.8
INV-11875,2023-01-01,CUST-754,Wholesale,NY,Ethiopia,204,22.18,10.94,4524.72,2231.76,2292.96
INV-11876,2023-10-14,CUST-950,Retail,IL,Guatemala,26,26.94,13.74,700.44,357.24,343.2
INV-11877,2023-11-25,CUST-709,Online,CA,Vietnam,39,18.49,10.55,721.11,411.45,309.66
INV-11878,2023-01-07,CUST-552,Wholesale,CA,Guatemala,332,23.47,15.08,7792.04,5006.56,2785.48
INV-11879,2023-11-29,CUST-182,Online,WA,Guatemala,45,29.62,11.88,1332.9,534.6,798.3
INV-11880,2023-05-27,CUST-890,Online,CA,Costa Rica,40,22.62,11.05,904.8,442.0,462.8
INV-11881,2023-09-26,CUST-745,Wholesale,NY,Ethiopia,141,21.01,14.21,2962.41,2003.61,958.8
INV-11882,2023-08-04,CUST-487,Retail,WA,Brazil,46,27.09,18.3,1246.14,841.8,404.34
INV-11883,2023-01-18,CUST-604,Wholesale,WA,Brazil,214,29.79,18.16,6375.06,3886.24,2488.82
INV-11884,2023-05-15,CUST-930,Online,TX,Vietnam,22,25.6,17.42,563.2,383.24,179.96
INV-11885,2023-08-01,CUST-228,Retail,CA,Costa Rica,29,16.42,8.99,476.18,260.71,215.47
INV-11886,2023-05-03,CUST-313,Online,NY,Colombia,6,27.45,16.53,164.7,99.18,65.52
INV-11887,2023-05-09,CUST-322,Online,TX,Colombia,40,24.7,16.61,988.0,664.4,323.6
INV-11888,2023-08-30,CUST-817,Retail,FL,Guatemala,21,17.48,8.85,367.08,185.85,181.23
INV-11889,2023-05-12,CUST-518,Retail,TX,Brazil,40,22.91,13.11,916.4,524.4,392.0
INV-11890,2023-06-14,CUST-538,Online,IL,Costa Rica,47,27.11,11.22,1274.17,527.34,746.83
INV-11891,2023-04-24,CUST-789,Wholesale,IL,Vietnam,419,17.77,8.84,7445.63,3703.96,3741.67
INV-11892,2023-09-19,CUST-127,Wholesale,CA,Vietnam,290,25.49,16.99,7392.1,4927.1,2465.0
INV-11893,2023-08-30,CUST-460,Online,CA,Vietnam,12,20.16,9.84,241.92,118.08,123.84
INV-11894,2023-07-28,CUST-803,Retail,CA,Brazil,45,19.29,7.79,868.05,350.55,517.5
INV-11895,2023-03-22,CUST-479,Retail,FL,Brazil,33,28.22,14.48,931.26,477.84,453.42
INV-11896,2023-06-08,CUST-815,Wholesale,TX,Guatemala,338,21.89,11.22,7398.82,3792.36,3606.46
INV-11897,2023-06-12,CUST-669,Online,FL,Colombia,22,22.34,13.12,491.48,288.64,202.84
INV-11898,2023-02-19,CUST-936,Retail,FL,Ethiopia,43,20.09,8.36,863.87,359.48,504.39
INV-11899,2023-05-30,CUST-170,Retail,IL,Colombia,14,27.32,18.48,382.48,258.72,123.76
INV-11900,2023-04-02,CUST-313,Wholesale,TX,Brazil,256,15.85,8.84,4057.6,2263.04,1794.56
INV-11901,2023-09-18,CUST-673,Wholesale,WA,Brazil,337,21.44,14.16,7225.28,4771.92,2453.36
INV-11902,2023-05-28,CUST-306,Retail,CA,Guatemala,13,18.27,12.44,237.51,161.72,75.79
INV-11903,2023-11-01,CUST-888,Wholesale,TX,Brazil,427,19.38,11.38,8275.26,4859.26,3416.0
INV-11904,2023-08-10,CUST-501,Online,IL,Vietnam,22,18.35,10.26,403.7,225.72,177.98
INV-11905,2023-11-12,CUST-883,Online,NY,Colombia,37,21.68,9.88,802.16,365.56,436.6
INV-11906,2023-05-08,CUST-792,Online,TX,Costa Rica,10,28.77,19.94,287.7,199.4,88.3
INV-11907,2023-07-15,CUST-270,Wholesale,TX,Costa Rica,77,18.24,8.85,1404.48,681.45,723.03
INV-11908,2023-05-20,CUST-912,Retail,WA,Guatemala,22,22.66,10.55,498.52,232.1,266.42
INV-11909,2023-03-04,CUST-962,Retail,CA,Guatemala,33,21.41,14.89,706.53,491.37,215.16
INV-11910,2023-09-04,CUST-612,Online,IL,Costa Rica,45,25.6,13.12,1152.0,590.4,561.6
INV-11911,2023-08-27,CUST-291,Retail,NY,Costa Rica,31,19.0,8.8,589.0,272.8,316.2
INV-11912,2023-08-15,CUST-568,Retail,TX,Costa Rica,34,28.12,14.85,956.08,504.9,451.18
INV-11913,2023-07-10,CUST-407,Retail,NY,Ethiopia,30,27.0,18.79,810.0,563.7,246.3
INV-11914,2023-07-20,CUST-283,Wholesale,NY,Vietnam,99,29.93,13.26,2963.07,1312.74,1650.33
INV-11915,2023-09-13,CUST-664,Online,NY,Vietnam,33,19.76,9.73,652.08,321.09,330.99
INV-11916,2023-06-15,CUST-342,Wholesale,TX,Guatemala,332,15.86,9.74,5265.52,3233.68,2031.84
INV-11917,2023-08-10,CUST-312,Wholesale,NY,Ethiopia,380,18.86,12.08,7166.8,4590.4,2576.4
INV-11918,2023-03-27,CUST-435,Wholesale,WA,Brazil,172,25.32,10.45,4355.04,1797.4,2557.64
INV-11919,2023-08-07,CUST-892,Online,WA,Guatemala,32,27.48,13.09,879.36,418.88,460.48
INV-11920,2023-10-09,CUST-873,Wholesale,TX,Ethiopia,112,21.74,13.27,2434.88,1486.24,948.64
INV-11921,2023-06-30,CUST-557,Wholesale,TX,Colombia,142,21.9,8.95,3109.8,1270.9,1838.9
INV-11922,2023-09-09,CUST-171,Retail,TX,Ethiopia,38,17.02,8.97,646.76,340.86,305.9
INV-11923,2023-11-18,CUST-832,Retail,WA,Colombia,12,18.2,9.32,218.4,111.84,106.56
INV-11924,2023-11-28,CUST-685,Wholesale,IL,Guatemala,206,29.45,18.29,6066.7,3767.74,2298.96
INV-11925,2023-07-27,CUST-404,Wholesale,FL,Guatemala,295,27.5,14.36,8112.5,4236.2,3876.3
INV-11926,2023-09-19,CUST-808,Retail,IL,Vietnam,3,15.79,6.48,47.37,19.44,27.93
INV-11927,2023-09-10,CUST-305,Wholesale,CA,Guatemala,262,20.22,9.46,5297.64,2478.52,2819.12
INV-11928,2023-12-20,CUST-447,Retail,IL,Brazil,29,26.14,16.86,758.06,488.94,269.12
INV-11929,2023-06-20,CUST-391,Retail,WA,Guatemala,7,27.5,14.01,192.5,98.07,94.43
INV-11930,2023-05-18,CUST-684,Online,IL,Brazil,37,23.46,10.47,868.02,387.39,480.63
INV-11931,2023-10-21,CUST-344,Wholesale,WA,Costa Rica,303,27.61,14.91,8365.83,4517.73,3848.1
INV-11932,2023-04-17,CUST-119,Wholesale,FL,Guatemala,202,22.23,9.76,4490.46,1971.52,2518.94
INV-11933,2023-09-13,CUST-499,Wholesale,IL,Guatemala,275,18.42,12.43,5065.5,3418.25,1647.25
INV-11934,2023-09-10,CUST-985,Wholesale,FL,Vietnam,19,20.83,12.95,395.77,246.05,149.72
INV-11935,2023-05-19,CUST-127,Retail,TX,Guatemala,27,16.58,11.37,447.66,306.99,140.67
INV-11936,2023-05-30,CUST-242,Wholesale,CA,Ethiopia,301,28.82,17.26,8674.82,5195.26,3479.56
INV-11937,2023-12-30,CUST-338,Online,FL,Vietnam,33,28.73,12.16,948.09,401.28,546.81
INV-11938,2023-02-14,CUST-844,Wholesale,CA,Costa Rica,33,16.68,8.8,550.44,290.4,260.04
INV-11939,2023-10-09,CUST-608,Retail,TX,Brazil,45,18.93,12.43,851.85,559.35,292.5
INV-11940,2023-10-30,CUST-490,Online,IL,Costa Rica,9,17.74,10.41,159.66,93.69,65.97
INV-11941,2023-04-10,CUST-113,Wholesale,TX,Colombia,286,28.17,15.49,8056.62,4430.14,3626.48
INV-11942,2023-02-19,CUST-232,Wholesale,IL,Colombia,234,26.67,14.22,6240.78,3327.48,2913.3
INV-11943,2023-04-16,CUST-355,Wholesale,CA,Vietnam,101,27.0,12.77,2727.0,1289.77,1437.23
INV-11944,2023-08-19,CUST-222,Online,TX,Colombia,19,22.89,9.18,434.91,174.42,260.49
INV-11945,2023-06-29,CUST-789,Online,TX,Guatemala,29,25.97,11.71,753.13,339.59,413.54
INV-11946,2023-04-10,CUST-275,Retail,TX,Costa Rica,32,20.32,14.09,650.24,450.88,199.36
INV-11947,2023-01-12,CUST-772,Retail,CA,Colombia,5,28.84,15.53,144.2,77.65,66.55
INV-11948,2023-08-24,CUST-183,Wholesale,WA,Brazil,162,21.3,14.65,3450.6,2373.3,1077.3
INV-11949,2023-07-15,CUST-578,Retail,TX,Colombia,24,16.78,10.48,402.72,251.52,151.2
INV-11950,2023-01-17,CUST-386,Wholesale,IL,Costa Rica,169,25.22,15.86,4262.18,2680.34,1581.84
INV-11951,2023-12-02,CUST-480,Online,NY,Ethiopia,9,21.04,14.0,189.36,126.0,63.36
INV-11952,2023-02-19,CUST-682,Wholesale,WA,Ethiopia,234,28.89,19.88,6760.26,4651.92,2108.34
INV-11953,2023-06-08,CUST-581,Retail,NY,Vietnam,12,20.66,14.15,247.92,169.8,78.12
INV-11954,2023-10-31,CUST-702,Retail,WA,Vietnam,41,20.39,9.49,835.99,389.09,446.9
INV-11955,2023-12-09,CUST-531,Wholesale,FL,Costa Rica,376,23.45,12.35,8817.2,4643.6,4173.6
INV-11956,2023-06-26,CUST-263,Wholesale,WA,Colombia,27,24.44,10.13,659.88,273.51,386.37
INV-11957,2023-07-10,CUST-715,Retail,TX,Guatemala,30,29.39,18.49,881.7,554.7,327.0
INV-11958,2023-10-31,CUST-957,Retail,IL,Brazil,24,23.04,12.1,552.96,290.4,262.56
INV-11959,2023-03-08,CUST-828,Online,FL,Vietnam,36,19.6,9.27,705.6,333.72,371.88
INV-11960,2023-12-02,CUST-886,Online,FL,Ethiopia,36,29.87,20.33,1075.32,731.88,343.44
INV-11961,2023-06-11,CUST-419,Online,TX,Vietnam,46,21.56,9.76,991.76,448.96,542.8
INV-11962,2023-05-12,CUST-731,Retail,IL,Ethiopia,43,24.85,11.4,1068.55,490.2,578.35
INV-11963,2023-06-08,CUST-716,Online,NY,Ethiopia,16,22.03,15.41,352.48,246.56,105.92
INV-11964,2023-10-24,CUST-758,Wholesale,TX,Guatemala,265,25.27,11.04,6696.55,2925.6,3770.95
INV-11965,2023-09-14,CUST-908,Online,NY,Vietnam,14,17.13,7.16,239.82,100.24,139.58
INV-11966,2023-11-04,CUST-242,Retail,TX,Ethiopia,45,25.29,14.0,1138.05,630.0,508.05
INV-11967,2023-03-13,CUST-628,Retail,NY,Ethiopia,36,29.71,13.84,1069.56,498.24,571.32
INV-11968,2023-12-20,CUST-984,Retail,NY,Ethiopia,6,26.06,10.79,156.36,64.74,91.62
INV-11969,2023-09-18,CUST-118,Retail,WA,Brazil,10,21.0,13.97,210.0,139.7,70.3
INV-11970,2023-10-11,CUST-787,Online,TX,Ethiopia,29,25.24,11.89,731.96,344.81,387.15
INV-11971,2023-12-13,CUST-978,Retail,CA,Guatemala,15,16.5,8.81,247.5,132.15,115.35
INV-11972,2023-11-18,CUST-467,Wholesale,WA,Vietnam,269,27.45,19.06,7384.05,5127.14,2256.91
INV-11973,2023-07-06,CUST-278,Wholesale,IL,Ethiopia,465,24.63,13.89,11452.95,6458.85,4994.1
INV-11974,2023-01-05,CUST-287,Online,IL,Ethiopia,3,25.46,16.57,76.38,49.71,26.67
INV-11975,2023-10-26,CUST-793,Retail,NY,Costa Rica,37,18.8,10.31,695.6,381.47,314.13
INV-11976,2023-03-30,CUST-344,Wholesale,FL,Guatemala,163,24.94,13.08,4065.22,2132.04,1933.18
INV-11977,2023-02-12,CUST-250,Online,IL,Vietnam,37,24.85,15.95,919.45,590.15,329.3
INV-11978,2023-03-12,CUST-260,Retail,IL,Costa Rica,44,26.97,16.91,1186.68,744.04,442.64
INV-11979,2023-01-02,CUST-443,Online,WA,Guatemala,15,25.86,16.1,387.9,241.5,146.4
INV-11980,2023-11-04,CUST-657,Online,CA,Ethiopia,12,24.38,10.06,292.56,120.72,171.84
INV-11981,2023-11-21,CUST-621,Wholesale,FL,Costa Rica,143,28.43,14.96,4065.49,2139.28,1926.21
INV-11982,2023-02-09,CUST-380,Retail,NY,Brazil,33,17.52,8.27,578.16,272.91,305.25
INV-11983,2023-12-17,CUST-113,Retail,NY,Costa Rica,11,22.53,10.71,247.83,117.81,130.02
INV-11984,2023-05-27,CUST-978,Wholesale,FL,Colombia,473,17.72,11.19,8381.56,5292.87,3088.69
INV-11985,2023-09-16,CUST-792,Wholesale,TX,Costa Rica,318,25.03,17.19,7959.54,5466.42,2493.12
INV-11986,2023-01-15,CUST-533,Wholesale,FL,Costa Rica,162,17.4,7.87,2818.8,1274.94,1543.86
INV-11987,2023-05-04,CUST-111,Online,IL,Ethiopia,2,15.26,9.59,30.52,19.18,11.34
INV-11988,2023-06-01,CUST-132,Retail,TX,Guatemala,17,28.87,12.58,490.79,213.86,276.93
INV-11989,2023-03-10,CUST-590,Retail,TX,Colombia,15,27.7,12.81,415.5,192.15,223.35
INV-11990,2023-01-03,CUST-460,Wholesale,CA,Ethiopia,144,29.36,19.44,4227.84,2799.36,1428.48
INV-11991,2023-03-28,CUST-106,Online,CA,Guatemala,44,24.88,13.65,1094.72,600.6,494.12
INV-11992,2023-02-10,CUST-144,Wholesale,TX,Ethiopia,224,16.21,8.96,3631.04,2007.04,1624.0
INV-11993,2023-01-24,CUST-851,Retail,WA,Costa Rica,36,23.76,10.12,855.36,364.32,491.04
INV-11994,2023-10-02,CUST-616,Retail,NY,Vietnam,46,27.05,12.01,1244.3,552.46,691.84
INV-11995,2023-04-19,CUST-434,Online,TX,Colombia,50,18.25,12.16,912.5,608.0,304.5
INV-11996,2023-11-26,CUST-181,Online,WA,Colombia,21,29.24,16.53,614.04,347.13,266.91
INV-11997,2023-05-14,CUST-702,Wholesale,TX,Colombia,335,25.02,13.53,8381.7,4532.55,3849.15
INV-11998,2023-04-10,CUST-833,Wholesale,CA,Colombia,367,19.04,11.69,6987.68,4290.23,2697.45
INV-11999,2023-11-13,CUST-590,Online,WA,Colombia,21,19.97,8.73,419.37,183.33,236.04
INV-12000,2023-11-18,CUST-782,Retail,NY,Brazil,12,26.04,10.94,312.48,131.28,181.2
INV-12001,2023-12-29,CUST-815,Online,IL,Ethiopia,9,18.47,9.19,166.23,82.71,83.52
INV-12002,2023-05-26,CUST-900,Online,WA,Costa Rica,27,17.44,11.48,470.88,309.96,160.92
INV-12003,2023-01-11,CUST-705,Online,NY,Colombia,5,16.74,10.71,83.7,53.55,30.15
INV-12004,2023-05-01,CUST-653,Retail,NY,Brazil,28,17.93,8.51,502.04,238.28,263.76
INV-12005,2023-12-17,CUST-464,Online,NY,Ethiopia,47,29.76,12.21,1398.72,573.87,824.85
INV-12006,2023-09-16,CUST-122,Retail,TX,Ethiopia,5,19.1,8.58,95.5,42.9,52.6
INV-12007,2023-01-15,CUST-247,Retail,NY,Brazil,14,29.37,15.83,411.18,221.62,189.56
INV-12008,2023-08-30,CUST-948,Wholesale,FL,Brazil,189,23.22,16.12,4388.58,3046.68,1341.9
INV-12009,2023-07-02,CUST-233,Online,TX,Vietnam,32,24.54,13.15,785.28,420.8,364.48
INV-12010,2023-04-26,CUST-567,Wholesale,CA,Costa Rica,125,23.17,15.44,2896.25,1930.0,966.25
INV-12011,2023-11-13,CUST-716,Retail,TX,Brazil,34,28.96,12.61,984.64,428.74,555.9
INV-12012,2023-09-13,CUST-865,Online,CA,Colombia,1,29.69,17.87,29.69,17.87,11.82
INV-12013,2023-05-14,CUST-139,Wholesale,WA,Brazil,302,25.2,11.64,7610.4,3515.28,4095.12
INV-12014,2023-06-14,CUST-247,Wholesale,IL,Costa Rica,63,25.27,11.56,1592.01,728.28,863.73
INV-12015,2023-12-23,CUST-211,Online,NY,Brazil,23,25.55,11.99,587.65,275.77,311.88
INV-12016,2023-11-13,CUST-564,Online,WA,Vietnam,27,25.31,10.37,683.37,279.99,403.38
INV-12017,2023-05-26,CUST-235,Online,TX,Guatemala,25,27.57,15.39,689.25,384.75,304.5
INV-12018,2023-05-25,CUST-871,Wholesale,WA,Brazil,161,19.26,8.95,3100.86,1440.95,1659.91
INV-12019,2023-07-13,CUST-801,Retail,FL,Colombia,30,16.37,10.14,491.1,304.2,186.9
INV-12020,2023-08-31,CUST-640,Retail,TX,Colombia,19,18.78,8.8,356.82,167.2,189.62
INV-12021,2023-06-25,CUST-844,Retail,NY,Brazil,33,22.62,15.15,746.46,499.95,246.51
INV-12022,2023-12-07,CUST-204,Retail,NY,Costa Rica,16,16.07,7.86,257.12,125.76,131.36
INV-12023,2023-02-28,CUST-720,Retail,FL,Vietnam,14,29.79,19.2,417.06,268.8,148.26
INV-12024,2023-06-12,CUST-797,Online,TX,Brazil,49,18.99,9.65,930.51,472.85,457.66
INV-12025,2023-11-01,CUST-143,Online,FL,Ethiopia,46,18.04,8.49,829.84,390.54,439.3
INV-12026,2023-07-01,CUST-374,Retail,IL,Vietnam,27,18.82,8.43,508.14,227.61,280.53
INV-12027,2023-05-14,CUST-464,Wholesale,NY,Costa Rica,332,25.02,14.84,8306.64,4926.88,3379.76
INV-12028,2023-12-29,CUST-617,Online,CA,Ethiopia,5,28.38,15.52,141.9,77.6,64.3
INV-12029,2023-12-14,CUST-603,Online,NY,Ethiopia,41,26.98,16.76,1106.18,687.16,419.02
INV-12030,2023-05-24,CUST-762,Wholesale,FL,Ethiopia,175,28.53,12.58,4992.75,2201.5,2791.25
INV-12031,2023-10-20,CUST-633,Retail,NY,Vietnam,49,16.07,7.77,787.43,380.73,406.7
INV-12032,2023-01-29,CUST-282,Wholesale,CA,Costa Rica,394,20.83,12.82,8207.02,5051.08,3155.94
INV-12033,2023-05-31,CUST-222,Wholesale,CA,Ethiopia,235,20.56,13.92,4831.6,3271.2,1560.4
INV-12034,2023-04-18,CUST-535,Online,FL,Brazil,33,22.67,10.81,748.11,356.73,391.38
INV-12035,2023-05-19,CUST-691,Wholesale,NY,Guatemala,464,24.13,9.84,11196.32,4565.76,6630.56
INV-12036,2023-03-12,CUST-600,Online,FL,Ethiopia,15,21.74,12.78,326.1,191.7,134.4
INV-12037,2023-03-30,CUST-504,Wholesale,FL,Colombia,269,15.77,8.57,4242.13,2305.33,1936.8
INV-12038,2023-03-22,CUST-477,Online,IL,Costa Rica,13,21.95,9.6,285.35,124.8,160.55
INV-12039,2023-12-18,CUST-890,Wholesale,WA,Costa Rica,53,17.5,10.4,927.5,551.2,376.3
INV-12040,2023-06-07,CUST-770,Retail,NY,Vietnam,7,29.06,12.17,203.42,85.19,118.23
INV-12041,2023-02-09,CUST-585,Online,TX,Costa Rica,9,19.96,11.37,179.64,102.33,77.31
INV-12042,2023-08-15,CUST-537,Wholesale,IL,Costa Rica,498,17.16,9.22,8545.68,4591.56,3954.12
INV-12043,2023-03-06,CUST-215,Online,IL,Vietnam,39,16.86,7.15,657.54,278.85,378.69
INV-12044,2023-12-14,CUST-589,Online,WA,Colombia,39,15.06,9.89,587.34,385.71,201.63
INV-12045,2023-06-29,CUST-991,Online,CA,Colombia,19,15.97,7.51,303.43,142.69,160.74
INV-12046,2023-11-05,CUST-106,Online,NY,Brazil,2,21.94,11.38,43.88,22.76,21.12
INV-12047,2023-09-15,CUST-860,Online,IL,Vietnam,20,16.87,9.02,337.4,180.4,157.0
INV-12048,2023-03-15,CUST-157,Retail,NY,Guatemala,38,15.66,9.36,595.08,355.68,239.4
INV-12049,2023-10-10,CUST-100,Wholesale,FL,Colombia,220,25.97,13.52,5713.4,2974.4,2739.0
INV-12050,2023-01-15,CUST-975,Wholesale,IL,Vietnam,359,20.14,12.56,7230.26,4509.04,2721.22
INV-12051,2023-04-08,CUST-534,Online,WA,Guatemala,8,15.62,9.33,124.96,74.64,50.32
INV-12052,2023-01-09,CUST-546,Online,NY,Ethiopia,16,24.61,15.74,393.76,251.84,141.92
INV-12053,2023-05-11,CUST-829,Online,IL,Colombia,19,16.8,9.43,319.2,179.17,140.03
INV-12054,2023-02-27,CUST-595,Retail,IL,Colombia,30,17.78,9.05,533.4,271.5,261.9
INV-12055,2023-07-13,CUST-710,Retail,NY,Brazil,38,23.75,11.04,902.5,419.52,482.98
INV-12056,2023-11-05,CUST-978,Retail,CA,Colombia,9,22.72,10.04,204.48,90.36,114.12
INV-12057,2023-11-07,CUST-847,Retail,NY,Ethiopia,46,20.9,12.63,961.4,580.98,380.42
INV-12058,2023-05-02,CUST-622,Online,TX,Costa Rica,40,17.52,9.25,700.8,370.0,330.8
INV-12059,2023-07-16,CUST-214,Online,NY,Colombia,38,18.85,10.82,716.3,411.16,305.14
INV-12060,2023-11-04,CUST-770,Retail,NY,Costa Rica,2,28.56,13.91,57.12,27.82,29.3
INV-12061,2023-01-15,CUST-606,Wholesale,FL,Ethiopia,445,15.67,7.3,6973.15,3248.5,3724.65
INV-12062,2023-01-06,CUST-114,Wholesale,CA,Brazil,216,16.53,7.63,3570.48,1648.08,1922.4
INV-12063,2023-12-27,CUST-780,Wholesale,WA,Brazil,79,20.19,8.91,1595.01,703.89,891.12
INV-12064,2023-08-14,CUST-655,Online,NY,Brazil,19,15.82,7.57,300.58,143.83,156.75
INV-12065,2023-12-13,CUST-930,Online,WA,Brazil,18,16.14,8.56,290.52,154.08,136.44
INV-12066,2023-01-20,CUST-553,Wholesale,NY,Ethiopia,369,24.81,16.62,9154.89,6132.78,3022.11
INV-12067,2023-06-13,CUST-264,Online,NY,Costa Rica,14,24.65,16.68,345.1,233.52,111.58
INV-12068,2023-09-22,CUST-929,Retail,NY,Brazil,6,25.21,15.52,151.26,93.12,58.14
INV-12069,2023-02-20,CUST-724,Wholesale,FL,Costa Rica,17,27.35,15.08,464.95,256.36,208.59
INV-12070,2023-04-08,CUST-607,Retail,FL,Vietnam,48,29.94,17.29,1437.12,829.92,607.2
INV-12071,2023-11-14,CUST-966,Retail,FL,Ethiopia,26,24.93,10.56,648.18,274.56,373.62
INV-12072,2023-01-07,CUST-941,Wholesale,NY,Costa Rica,433,26.44,17.53,11448.52,7590.49,3858.03
INV-12073,2023-07-08,CUST-280,Retail,TX,Colombia,19,15.79,8.9,300.01,169.1,130.91
INV-12074,2023-08-13,CUST-469,Online,WA,Ethiopia,15,24.82,12.59,372.3,188.85,183.45
INV-12075,2023-09-11,CUST-987,Retail,FL,Costa Rica,18,28.55,19.89,513.9,358.02,155.88
INV-12076,2023-06-02,CUST-678,Retail,TX,Colombia,43,22.7,14.64,976.1,629.52,346.58
INV-12077,2023-08-23,CUST-969,Online,FL,Ethiopia,8,20.37,13.62,162.96,108.96,54.0
INV-12078,2023-10-23,CUST-372,Wholesale,FL,Brazil,491,17.38,11.73,8533.58,5759.43,2774.15
INV-12079,2023-08-29,CUST-364,Retail,IL,Colombia,41,21.17,13.6,867.97,557.6,310.37
INV-12080,2023-03-29,CUST-397,Online,CA,Guatemala,21,28.97,19.37,608.37,406.77,201.6
INV-12081,2023-01-10,CUST-236,Retail,IL,Guatemala,11,15.04,8.44,165.44,92.84,72.6
INV-12082,2023-07-23,CUST-964,Online,TX,Ethiopia,31,16.19,11.27,501.89,349.37,152.52
INV-12083,2023-01-28,CUST-604,Online,CA,Brazil,40,18.35,9.94,734.0,397.6,336.4
INV-12084,2023-03-01,CUST-175,Online,WA,Costa Rica,45,20.73,9.63,932.85,433.35,499.5
INV-12085,2023-01-13,CUST-725,Retail,WA,Ethiopia,19,21.93,13.6,416.67,258.4,158.27
INV-12086,2023-01-14,CUST-877,Online,FL,Ethiopia,41,17.04,8.58,698.64,351.78,346.86
INV-12087,2023-04-24,CUST-195,Retail,TX,Ethiopia,20,25.13,15.93,502.6,318.6,184.0
INV-12088,2023-01-14,CUST-253,Retail,CA,Ethiopia,38,18.58,10.65,706.04,404.7,301.34
INV-12089,2023-06-10,CUST-191,Wholesale,IL,Ethiopia,498,16.75,7.5,8341.5,3735.0,4606.5
INV-12090,2023-01-04,CUST-605,Retail,WA,Colombia,22,22.96,10.62,505.12,233.64,271.48
INV-12091,2023-01-23,CUST-727,Retail,CA,Costa Rica,49,29.8,19.15,1460.2,938.35,521.85
INV-12092,2023-08-16,CUST-209,Retail,IL,Costa Rica,39,18.42,11.71,718.38,456.69,261.69
INV-12093,2023-06-10,CUST-403,Online,FL,Costa Rica,26,25.18,11.21,654.68,291.46,363.22
INV-12094,2023-09-23,CUST-768,Retail,CA,Ethiopia,5,19.24,10.98,96.2,54.9,41.3
INV-12095,2023-08-29,CUST-184,Online,IL,Colombia,7,15.28,6.71,106.96,46.97,59.99
INV-12096,2023-08-27,CUST-257,Wholesale,FL,Costa Rica,108,22.01,14.78,2377.08,1596.24,780.84
INV-12097,2023-12-18,CUST-212,Online,FL,Colombia,18,21.12,14.41,380.16,259.38,120.78
INV-12098,2023-10-18,CUST-627,Retail,NY,Colombia,42,29.75,16.84,1249.5,707.28,542.22
INV-12099,2023-10-14,CUST-694,Online,NY,Ethiopia,23,22.19,9.33,510.37,214.59,295.78
INV-12100,2023-03-26,CUST-230,Retail,CA,Brazil,45,16.58,11.36,746.1,511.2,234.9
INV-12101,2023-04-03,CUST-984,Retail,CA,Brazil,11,20.83,8.34,229.13,91.74,137.39
INV-12102,2023-02-25,CUST-767,Retail,FL,Ethiopia,31,27.4,13.79,849.4,427.49,421.91
INV-12103,2023-09-30,CUST-603,Wholesale,TX,Vietnam,460,28.18,15.59,12962.8,7171.4,5791.4
INV-12104,2023-11-18,CUST-139,Wholesale,WA,Costa Rica,70,26.38,13.21,1846.6,924.7,921.9
INV-12105,2023-11-09,CUST-478,Retail,TX,Brazil,50,16.29,7.73,814.5,386.5,428.0
INV-12106,2023-11-14,CUST-668,Online,IL,Ethiopia,48,28.77,11.96,1380.96,574.08,806.88
INV-12107,2023-01-11,CUST-315,Online,NY,Colombia,44,28.56,18.24,1256.64,802.56,454.08
INV-12108,2023-01-29,CUST-493,Wholesale,WA,Colombia,374,20.16,8.09,7539.84,3025.66,4514.18
INV-12109,2023-03-20,CUST-483,Retail,NY,Colombia,8,22.41,9.52,179.28,76.16,103.12
INV-12110,2023-09-09,CUST-281,Wholesale,NY,Colombia,338,28.15,16.24,9514.7,5489.12,4025.58
INV-12111,2023-09-03,CUST-676,Retail,NY,Colombia,7,24.41,11.79,170.87,82.53,88.34
INV-12112,2023-11-02,CUST-393,Wholesale,FL,Guatemala,99,16.95,7.95,1678.05,787.05,891.0
INV-12113,2023-11-10,CUST-200,Retail,FL,Costa Rica,30,19.91,10.08,597.3,302.4,294.9
INV-12114,2023-12-15,CUST-735,Wholesale,CA,Guatemala,453,29.05,19.48,13159.65,8824.44,4335.21
INV-12115,2023-10-28,CUST-354,Online,CA,Guatemala,47,21.34,13.32,1002.98,626.04,376.94
INV-12116,2023-10-17,CUST-145,Wholesale,NY,Colombia,389,22.6,12.92,8791.4,5025.88,3765.52
INV-12117,2023-12-17,CUST-663,Retail,TX,Brazil,45,27.93,15.61,1256.85,702.45,554.4
INV-12118,2023-12-12,CUST-543,Wholesale,WA,Colombia,323,19.87,8.9,6418.01,2874.7,3543.31
INV-12119,2023-11-26,CUST-398,Online,NY,Costa Rica,24,24.99,17.38,599.76,417.12,182.64
INV-12120,2023-09-28,CUST-812,Wholesale,FL,Costa Rica,70,23.82,12.37,1667.4,865.9,801.5
INV-12121,2023-10-27,CUST-835,Retail,WA,Guatemala,11,16.68,10.29,183.48,113.19,70.29
INV-12122,2023-02-18,CUST-376,Online,CA,Vietnam,13,16.63,10.6,216.19,137.8,78.39
INV-12123,2023-08-28,CUST-738,Online,IL,Colombia,8,19.05,8.66,152.4,69.28,83.12
INV-12124,2023-10-14,CUST-768,Wholesale,NY,Guatemala,390,21.75,11.53,8482.5,4496.7,3985.8
INV-12125,2023-01-18,CUST-353,Wholesale,IL,Costa Rica,145,22.75,12.07,3298.75,1750.15,1548.6
INV-12126,2023-04-08,CUST-234,Retail,WA,Costa Rica,15,26.44,14.16,396.6,212.4,184.2
INV-12127,2023-09-16,CUST-656,Online,IL,Ethiopia,43,23.17,11.65,996.31,500.95,495.36
INV-12128,2023-08-29,CUST-118,Online,NY,Brazil,13,24.59,11.95,319.67,155.35,164.32
INV-12129,2023-05-16,CUST-516,Online,WA,Ethiopia,7,23.46,15.12,164.22,105.84,58.38
INV-12130,2023-03-13,CUST-586,Wholesale,FL,Ethiopia,177,29.48,14.03,5217.96,2483.31,2734.65
INV-12131,2023-03-12,CUST-629,Online,WA,Guatemala,44,25.92,18.0,1140.48,792.0,348.48
INV-12132,2023-07-09,CUST-256,Wholesale,NY,Guatemala,313,26.73,11.96,8366.49,3743.48,4623.01
INV-12133,2023-10-28,CUST-278,Retail,NY,Brazil,35,27.32,13.63,956.2,477.05,479.15
INV-12134,2023-01-28,CUST-550,Wholesale,WA,Costa Rica,322,25.51,14.43,8214.22,4646.46,3567.76
INV-12135,2023-01-02,CUST-895,Online,WA,Costa Rica,10,27.12,16.87,271.2,168.7,102.5
INV-12136,2023-01-07,CUST-714,Online,WA,Brazil,48,20.88,8.57,1002.24,411.36,590.88
INV-12137,2023-03-06,CUST-969,Online,TX,Costa Rica,43,29.62,15.13,1273.66,650.59,623.07
INV-12138,2023-06-15,CUST-531,Online,FL,Guatemala,13,25.82,15.19,335.66,197.47,138.19
INV-12139,2023-07-02,CUST-688,Retail,TX,Ethiopia,19,22.23,13.36,422.37,253.84,168.53
INV-12140,2023-11-04,CUST-581,Wholesale,IL,Ethiopia,43,29.4,13.87,1264.2,596.41,667.79
INV-12141,2023-12-17,CUST-356,Wholesale,TX,Ethiopia,363,21.07,13.48,7648.41,4893.24,2755.17
INV-12142,2023-05-16,CUST-441,Retail,CA,Brazil,27,18.75,11.76,506.25,317.52,188.73
INV-12143,2023-09-23,CUST-426,Online,FL,Guatemala,1,19.5,8.35,19.5,8.35,11.15
INV-12144,2023-04-26,CUST-111,Wholesale,FL,Guatemala,114,16.69,7.92,1902.66,902.88,999.78
INV-12145,2023-03-30,CUST-414,Online,NY,Guatemala,13,18.82,8.83,244.66,114.79,129.87
INV-12146,2023-12-03,CUST-963,Retail,IL,Colombia,34,18.35,9.46,623.9,321.64,302.26
INV-12147,2023-05-19,CUST-820,Wholesale,IL,Colombia,241,16.89,10.56,4070.49,2544.96,1525.53
INV-12148,2023-06-23,CUST-813,Retail,IL,Vietnam,50,22.98,14.23,1149.0,711.5,437.5
INV-12149,2023-06-30,CUST-455,Online,WA,Costa Rica,17,15.16,8.51,257.72,144.67,113.05
INV-12150,2023-12-29,CUST-455,Wholesale,TX,Brazil,482,23.9,13.01,11519.8,6270.82,5248.98
INV-12151,2023-06-27,CUST-547,Retail,IL,Colombia,11,27.04,11.81,297.44,129.91,167.53
INV-12152,2023-05-08,CUST-988,Retail,TX,Costa Rica,35,29.76,13.84,1041.6,484.4,557.2
INV-12153,2023-07-28,CUST-512,Wholesale,IL,Vietnam,288,20.66,14.37,5950.08,4138.56,1811.52
INV-12154,2023-07-22,CUST-660,Retail,CA,Brazil,47,20.63,12.38,969.61,581.86,387.75
INV-12155,2023-07-23,CUST-191,Online,FL,Brazil,19,28.67,14.17,544.73,269.23,275.5
INV-12156,2023-11-12,CUST-578,Wholesale,CA,Brazil,176,29.7,20.08,5227.2,3534.08,1693.12
INV-12157,2023-10-07,CUST-220,Wholesale,WA,Ethiopia,288,22.03,10.39,6344.64,2992.32,3352.32
INV-12158,2023-02-10,CUST-904,Retail,TX,Guatemala,30,29.82,19.15,894.6,574.5,320.1
INV-12159,2023-08-17,CUST-471,Online,IL,Vietnam,18,22.82,15.93,410.76,286.74,124.02
INV-12160,2023-08-26,CUST-222,Online,FL,Vietnam,16,24.7,13.96,395.2,223.36,171.84
INV-12161,2023-10-31,CUST-768,Wholesale,FL,Costa Rica,283,26.75,11.02,7570.25,3118.66,4451.59
INV-12162,2023-05-09,CUST-225,Wholesale,WA,Guatemala,262,29.06,19.23,7613.72,5038.26,2575.46
INV-12163,2023-10-12,CUST-712,Online,CA,Colombia,47,27.07,11.53,1272.29,541.91,730.38
INV-12164,2023-08-27,CUST-238,Online,TX,Brazil,33,18.62,7.48,614.46,246.84,367.62
INV-12165,2023-09-24,CUST-122,Wholesale,NY,Vietnam,376,20.56,12.52,7730.56,4707.52,3023.04
INV-12166,2023-05-12,CUST-536,Wholesale,WA,Ethiopia,459,21.54,11.18,9886.86,5131.62,4755.24
INV-12167,2023-08-05,CUST-575,Retail,NY,Vietnam,20,19.83,12.68,396.6,253.6,143.0
INV-12168,2023-10-29,CUST-314,Wholesale,IL,Brazil,63,29.38,18.51,1850.94,1166.13,684.81
INV-12169,2023-10-10,CUST-290,Wholesale,IL,Colombia,255,25.61,13.69,6530.55,3490.95,3039.6
INV-12170,2023-01-31,CUST-951,Online,CA,Costa Rica,48,28.23,14.58,1355.04,699.84,655.2
INV-12171,2023-10-04,CUST-546,Online,WA,Ethiopia,36,29.68,14.61,1068.48,525.96,542.52
INV-12172,2023-12-02,CUST-197,Wholesale,CA,Costa Rica,348,17.32,8.02,6027.36,2790.96,3236.4
INV-12173,2023-09-25,CUST-765,Wholesale,CA,Colombia,12,22.4,14.4,268.8,172.8,96.0
INV-12174,2023-08-15,CUST-360,Retail,TX,Guatemala,26,21.56,14.01,560.56,364.26,196.3
INV-12175,2023-11-05,CUST-608,Online,FL,Guatemala,49,15.24,10.06,746.76,492.94,253.82
INV-12176,2023-08-04,CUST-671,Retail,WA,Brazil,14,18.68,9.02,261.52,126.28,135.24
INV-12177,2023-11-01,CUST-670,Wholesale,WA,Costa Rica,168,23.5,12.92,3948.0,2170.56,1777.44
INV-12178,2023-01-04,CUST-270,Retail,NY,Vietnam,16,22.19,9.31,355.04,148.96,206.08
INV-12179,2023-11-22,CUST-801,Online,FL,Ethiopia,31,23.41,16.05,725.71,497.55,228.16
INV-12180,2023-03-25,CUST-129,Online,CA,Guatemala,36,17.51,8.97,630.36,322.92,307.44
INV-12181,2023-10-13,CUST-565,Wholesale,TX,Costa Rica,161,17.8,10.61,2865.8,1708.21,1157.59
INV-12182,2023-09-30,CUST-258,Online,TX,Colombia,18,23.16,15.9,416.88,286.2,130.68
INV-12183,2023-01-22,CUST-231,Retail,CA,Costa Rica,31,24.49,14.52,759.19,450.12,309.07
INV-12184,2023-12-21,CUST-373,Retail,FL,Ethiopia,13,22.59,13.02,293.67,169.26,124.41
INV-12185,2023-05-30,CUST-110,Online,NY,Guatemala,17,25.51,12.34,433.67,209.78,223.89
INV-12186,2023-10-11,CUST-365,Wholesale,TX,Costa Rica,143,27.31,12.27,3905.33,1754.61,2150.72
INV-12187,2023-03-29,CUST-677,Retail,NY,Ethiopia,25,27.88,16.55,697.0,413.75,283.25
INV-12188,2023-09-16,CUST-495,Retail,FL,Brazil,11,19.8,11.62,217.8,127.82,89.98
INV-12189,2023-09-09,CUST-363,Online,NY,Colombia,24,18.2,11.38,436.8,273.12,163.68
INV-12190,2023-01-27,CUST-829,Wholesale,CA,Ethiopia,489,28.79,12.14,14078.31,5936.46,8141.85
INV-12191,2023-02-26,CUST-617,Online,NY,Brazil,6,17.03,8.51,102.18,51.06,51.12
INV-12192,2023-04-09,CUST-821,Wholesale,FL,Costa Rica,25,16.27,8.67,406.75,216.75,190.0
INV-12193,2023-03-10,CUST-619,Wholesale,IL,Guatemala,256,23.08,12.18,5908.48,3118.08,2790.4
INV-12194,2023-05-24,CUST-643,Online,CA,Brazil,12,15.0,9.52,180.0,114.24,65.76
INV-12195,2023-05-30,CUST-189,Retail,WA,Colombia,33,25.86,12.9,853.38,425.7,427.68
INV-12196,2023-07-26,CUST-712,Retail,WA,Vietnam,34,19.47,9.26,661.98,314.84,347.14
INV-12197,2023-01-09,CUST-722,Wholesale,WA,Brazil,20,18.21,9.21,364.2,184.2,180.0
INV-12198,2023-07-19,CUST-428,Online,FL,Guatemala,42,28.94,20.13,1215.48,845.46,370.02
INV-12199,2023-02-28,CUST-553,Retail,TX,Guatemala,34,16.68,8.21,567.12,279.14,287.98
INV-12200,2023-05-25,CUST-285,Retail,NY,Ethiopia,8,21.99,9.48,175.92,75.84,100.08
INV-12201,2023-04-30,CUST-948,Wholesale,IL,Vietnam,267,22.67,11.0,6052.89,2937.0,3115.89
INV-12202,2023-03-07,CUST-501,Wholesale,FL,Costa Rica,379,17.83,11.69,6757.57,4430.51,2327.06
INV-12203,2023-10-12,CUST-477,Online,WA,Colombia,3,27.39,11.59,82.17,34.77,47.4
INV-12204,2023-04-09,CUST-539,Retail,WA,Brazil,13,23.38,15.94,303.94,207.22,96.72
INV-12205,2023-03-16,CUST-553,Wholesale,TX,Vietnam,278,21.5,10.62,5977.0,2952.36,3024.64
INV-12206,2023-07-10,CUST-764,Online,WA,Ethiopia,23,27.31,12.24,628.13,281.52,346.61
INV-12207,2023-01-26,CUST-926,Wholesale,TX,Colombia,161,15.3,6.41,2463.3,1032.01,1431.29
INV-12208,2023-04-06,CUST-522,Online,NY,Brazil,26,22.87,11.74,594.62,305.24,289.38
INV-12209,2023-05-30,CUST-159,Online,TX,Costa Rica,34,16.15,8.52,549.1,289.68,259.42
INV-12210,2023-01-03,CUST-457,Retail,IL,Brazil,37,23.11,13.5,855.07,499.5,355.57
INV-12211,2023-06-15,CUST-617,Online,CA,Brazil,17,17.04,10.75,289.68,182.75,106.93
INV-12212,2023-06-17,CUST-474,Retail,FL,Ethiopia,35,15.15,7.2,530.25,252.0,278.25
INV-12213,2023-02-18,CUST-744,Retail,WA,Vietnam,33,16.27,10.56,536.91,348.48,188.43
INV-12214,2023-10-16,CUST-580,Wholesale,WA,Guatemala,137,19.19,11.77,2629.03,1612.49,1016.54
INV-12215,2023-04-08,CUST-672,Retail,IL,Guatemala,6,16.31,7.49,97.86,44.94,52.92
INV-12216,2023-09-07,CUST-601,Online,CA,Brazil,9,26.51,17.6,238.59,158.4,80.19
INV-12217,2023-10-07,CUST-130,Wholesale,TX,Brazil,409,16.81,10.46,6875.29,4278.14,2597.15
INV-12218,2023-06-20,CUST-513,Online,CA,Costa Rica,46,24.84,13.75,1142.64,632.5,510.14
INV-12219,2023-03-25,CUST-266,Retail,NY,Colombia,3,22.32,13.75,66.96,41.25,25.71
INV-12220,2023-09-29,CUST-468,Online,NY,Colombia,49,24.83,17.19,1216.67,842.31,374.36
INV-12221,2023-01-06,CUST-914,Retail,CA,Ethiopia,29,28.58,11.45,828.82,332.05,496.77
INV-12222,2023-05-27,CUST-941,Wholesale,TX,Guatemala,385,26.21,11.17,10090.85,4300.45,5790.4
INV-12223,2023-01-26,CUST-804,Retail,WA,Vietnam,41,16.69,10.89,684.29,446.49,237.8
INV-12224,2023-11-28,CUST-350,Wholesale,NY,Costa Rica,100,20.38,12.06,2038.0,1206.0,832.0
INV-12225,2023-02-13,CUST-998,Wholesale,TX,Guatemala,306,16.44,11.11,5030.64,3399.66,1630.98
INV-12226,2023-05-29,CUST-185,Wholesale,NY,Ethiopia,353,22.78,15.4,8041.34,5436.2,2605.14
INV-12227,2023-11-06,CUST-570,Wholesale,TX,Vietnam,376,28.6,18.86,10753.6,7091.36,3662.24
INV-12228,2023-03-14,CUST-473,Retail,IL,Guatemala,8,19.76,9.32,158.08,74.56,83.52
INV-12229,2023-10-20,CUST-537,Retail,TX,Colombia,1,16.69,11.08,16.69,11.08,5.61
INV-12230,2023-09-26,CUST-837,Wholesale,IL,Brazil,467,21.56,14.01,10068.52,6542.67,3525.85
INV-12231,2023-10-23,CUST-332,Wholesale,NY,Ethiopia,35,22.43,11.36,785.05,397.6,387.45
INV-12232,2023-10-24,CUST-288,Wholesale,TX,Vietnam,135,20.61,13.08,2782.35,1765.8,1016.55
INV-12233,2023-03-09,CUST-351,Wholesale,IL,Vietnam,118,26.5,13.87,3127.0,1636.66,1490.34
INV-12234,2023-05-28,CUST-378,Online,TX,Guatemala,40,26.88,15.67,1075.2,626.8,448.4
INV-12235,2023-11-30,CUST-730,Retail,CA,Brazil,21,26.61,13.51,558.81,283.71,275.1
INV-12236,2023-03-17,CUST-789,Retail,IL,Costa Rica,43,15.18,6.17,652.74,265.31,387.43
INV-12237,2023-06-26,CUST-847,Wholesale,CA,Brazil,84,18.01,8.42,1512.84,707.28,805.56
INV-12238,2023-04-24,CUST-657,Online,WA,Ethiopia,45,16.05,6.84,722.25,307.8,414.45
INV-12239,2023-01-03,CUST-668,Wholesale,TX,Guatemala,125,28.22,18.79,3527.5,2348.75,1178.75
INV-12240,2023-05-16,CUST-748,Retail,WA,Brazil,22,22.99,13.2,505.78,290.4,215.38
INV-12241,2023-01-01,CUST-567,Wholesale,IL,Vietnam,125,25.13,12.66,3141.25,1582.5,1558.75
INV-12242,2023-07-22,CUST-908,Wholesale,NY,Ethiopia,320,27.65,18.61,8848.0,5955.2,2892.8
INV-12243,2023-08-28,CUST-807,Online,CA,Ethiopia,7,22.94,15.43,160.58,108.01,52.57
INV-12244,2023-03-02,CUST-589,Online,IL,Colombia,32,19.09,9.15,610.88,292.8,318.08
INV-12245,2023-10-30,CUST-654,Wholesale,TX,Guatemala,45,27.28,11.71,1227.6,526.95,700.65
INV-12246,2023-07-24,CUST-268,Wholesale,NY,Brazil,117,15.13,9.32,1770.21,1090.44,679.77
INV-12247,2023-11-30,CUST-722,Wholesale,NY,Ethiopia,190,29.6,17.74,5624.0,3370.6,2253.4
INV-12248,2023-08-31,CUST-594,Online,TX,Colombia,36,16.96,11.57,610.56,416.52,194.04
INV-12249,2023-08-07,CUST-885,Wholesale,CA,Ethiopia,27,18.07,10.21,487.89,275.67,212.22
INV-12250,2023-07-18,CUST-374,Online,NY,Colombia,31,23.17,14.45,718.27,447.95,270.32
INV-12251,2023-03-25,CUST-812,Wholesale,CA,Ethiopia,410,15.87,7.74,6506.7,3173.4,3333.3
INV-12252,2023-09-14,CUST-196,Online,TX,Brazil,17,26.84,14.8,456.28,251.6,204.68
INV-12253,2023-12-17,CUST-125,Wholesale,NY,Guatemala,265,29.87,18.47,7915.55,4894.55,3021.0
INV-12254,2023-05-09,CUST-668,Online,WA,Ethiopia,43,26.88,12.19,1155.84,524.17,631.67
INV-12255,2023-04-05,CUST-210,Online,CA,Guatemala,7,17.41,9.8,121.87,68.6,53.27
INV-12256,2023-11-27,CUST-833,Retail,IL,Guatemala,30,29.48,12.07,884.4,362.1,522.3
INV-12257,2023-03-27,CUST-242,Online,FL,Brazil,42,23.64,14.64,992.88,614.88,378.0
INV-12258,2023-04-02,CUST-162,Wholesale,WA,Colombia,458,20.12,10.4,9214.96,4763.2,4451.76
INV-12259,2023-02-05,CUST-462,Wholesale,TX,Costa Rica,415,17.65,8.12,7324.75,3369.8,3954.95
INV-12260,2023-07-09,CUST-884,Online,FL,Ethiopia,2,20.19,11.22,40.38,22.44,17.94
INV-12261,2023-01-16,CUST-121,Retail,TX,Costa Rica,6,16.92,11.33,101.52,67.98,33.54
INV-12262,2023-11-25,CUST-574,Online,FL,Vietnam,48,23.41,11.77,1123.68,564.96,558.72
INV-12263,2023-04-21,CUST-270,Wholesale,WA,Guatemala,220,18.69,7.79,4111.8,1713.8,2398.0
INV-12264,2023-09-21,CUST-868,Online,IL,Brazil,4,28.79,18.42,115.16,73.68,41.48
INV-12265,2023-10-12,CUST-834,Online,IL,Colombia,5,28.06,19.42,140.3,97.1,43.2
INV-12266,2023-01-26,CUST-832,Retail,NY,Vietnam,28,20.89,11.43,584.92,320.04,264.88
INV-12267,2023-02-23,CUST-433,Retail,IL,Costa Rica,47,21.57,12.28,1013.79,577.16,436.63
INV-12268,2023-11-24,CUST-118,Online,IL,Costa Rica,35,20.18,13.36,706.3,467.6,238.7
INV-12269,2023-11-01,CUST-470,Wholesale,WA,Colombia,325,25.69,15.21,8349.25,4943.25,3406.0
INV-12270,2023-05-06,CUST-197,Online,IL,Guatemala,12,15.95,8.49,191.4,101.88,89.52
INV-12271,2023-10-11,CUST-379,Retail,IL,Ethiopia,35,18.14,11.81,634.9,413.35,221.55
INV-12272,2023-07-30,CUST-477,Online,CA,Vietnam,14,18.09,8.93,253.26,125.02,128.24
INV-12273,2023-01-13,CUST-147,Wholesale,FL,Brazil,92,24.23,13.61,2229.16,1252.12,977.04
INV-12274,2023-10-02,CUST-495,Wholesale,IL,Colombia,165,18.86,9.03,3111.9,1489.95,1621.95
INV-12275,2023-04-27,CUST-218,Wholesale,NY,Brazil,157,26.4,10.62,4144.8,1667.34,2477.46
INV-12276,2023-02-12,CUST-191,Wholesale,TX,Colombia,383,17.71,11.23,6782.93,4301.09,2481.84
INV-12277,2023-03-04,CUST-312,Wholesale,FL,Ethiopia,240,19.13,13.31,4591.2,3194.4,1396.8
INV-12278,2023-08-09,CUST-398,Retail,NY,Brazil,26,24.04,10.14,625.04,263.64,361.4
INV-12279,2023-03-10,CUST-794,Retail,TX,Brazil,37,23.71,16.06,877.27,594.22,283.05
INV-12280,2023-03-01,CUST-372,Retail,FL,Vietnam,29,16.21,9.36,470.09,271.44,198.65
INV-12281,2023-12-09,CUST-960,Retail,CA,Guatemala,17,18.45,7.85,313.65,133.45,180.2
INV-12282,2023-10-18,CUST-625,Retail,FL,Colombia,20,22.88,13.82,457.6,276.4,181.2
INV-12283,2023-08-03,CUST-832,Online,FL,Vietnam,42,25.9,11.53,1087.8,484.26,603.54
INV-12284,2023-03-17,CUST-338,Retail,FL,Guatemala,36,28.13,13.17,1012.68,474.12,538.56
INV-12285,2023-09-26,CUST-237,Retail,FL,Guatemala,48,23.72,15.02,1138.56,720.96,417.6
INV-12286,2023-09-15,CUST-113,Wholesale,FL,Brazil,108,19.51,9.35,2107.08,1009.8,1097.28
INV-12287,2023-10-20,CUST-135,Wholesale,CA,Vietnam,381,16.41,10.17,6252.21,3874.77,2377.44
INV-12288,2023-01-27,CUST-277,Retail,IL,Ethiopia,36,15.83,11.01,569.88,396.36,173.52
INV-12289,2023-03-22,CUST-555,Online,WA,Guatemala,27,26.64,12.42,719.28,335.34,383.94
INV-12290,2023-08-19,CUST-939,Online,TX,Ethiopia,6,25.72,11.77,154.32,70.62,83.7
INV-12291,2023-06-29,CUST-417,Online,WA,Guatemala,40,29.2,17.75,1168.0,710.0,458.0
INV-12292,2023-06-02,CUST-611,Wholesale,CA,Brazil,201,18.27,9.46,3672.27,1901.46,1770.81
INV-12293,2023-07-31,CUST-439,Wholesale,IL,Brazil,304,22.39,10.94,6806.56,3325.76,3480.8
INV-12294,2023-10-26,CUST-606,Wholesale,IL,Costa Rica,497,20.85,13.17,10362.45,6545.49,3816.96
INV-12295,2023-02-24,CUST-750,Wholesale,NY,Costa Rica,164,27.03,16.22,4432.92,2660.08,1772.84
INV-12296,2023-06-08,CUST-675,Online,TX,Ethiopia,50,20.99,11.42,1049.5,571.0,478.5
INV-12297,2023-03-25,CUST-970,Wholesale,TX,Brazil,440,20.01,10.8,8804.4,4752.0,4052.4
INV-12298,2023-06-23,CUST-111,Online,WA,Vietnam,16,16.07,7.2,257.12,115.2,141.92
INV-12299,2023-11-28,CUST-774,Wholesale,IL,Brazil,199,28.7,19.23,5711.3,3826.77,1884.53
INV-12300,2023-02-06,CUST-307,Wholesale,WA,Vietnam,372,22.38,14.62,8325.36,5438.64,2886.72
INV-12301,2023-08-28,CUST-710,Wholesale,WA,Guatemala,108,28.78,12.19,3108.24,1316.52,1791.72
INV-12302,2023-02-25,CUST-467,Online,IL,Brazil,38,23.43,14.79,890.34,562.02,328.32
INV-12303,2023-03-09,CUST-438,Retail,IL,Brazil,23,18.27,8.74,420.21,201.02,219.19
INV-12304,2023-09-03,CUST-352,Online,WA,Costa Rica,13,26.02,14.41,338.26,187.33,150.93
INV-12305,2023-03-31,CUST-770,Wholesale,FL,Ethiopia,27,29.79,12.81,804.33,345.87,458.46
INV-12306,2023-02-06,CUST-219,Online,NY,Brazil,22,27.8,18.79,611.6,413.38,198.22
INV-12307,2023-09-12,CUST-387,Wholesale,TX,Vietnam,221,28.2,15.62,6232.2,3452.02,2780.18
INV-12308,2023-08-25,CUST-293,Online,CA,Vietnam,34,27.12,16.8,922.08,571.2,350.88
INV-12309,2023-12-08,CUST-472,Online,NY,Ethiopia,6,19.12,9.27,114.72,55.62,59.1
INV-12310,2023-01-11,CUST-176,Online,FL,Colombia,39,16.04,8.16,625.56,318.24,307.32
INV-12311,2023-01-29,CUST-647,Online,WA,Colombia,36,17.74,10.05,638.64,361.8,276.84
INV-12312,2023-01-21,CUST-625,Online,FL,Colombia,41,22.4,14.39,918.4,589.99,328.41
INV-12313,2023-04-19,CUST-942,Wholesale,FL,Guatemala,80,20.15,13.18,1612.0,1054.4,557.6
INV-12314,2023-05-12,CUST-162,Online,WA,Guatemala,12,17.2,8.11,206.4,97.32,109.08
INV-12315,2023-05-28,CUST-371,Wholesale,TX,Ethiopia,419,28.92,16.57,12117.48,6942.83,5174.65
INV-12316,2023-02-16,CUST-949,Wholesale,WA,Vietnam,130,18.11,11.62,2354.3,1510.6,843.7
INV-12317,2023-12-21,CUST-982,Wholesale,IL,Brazil,90,23.01,11.12,2070.9,1000.8,1070.1
INV-12318,2023-05-12,CUST-681,Wholesale,FL,Brazil,29,27.67,14.59,802.43,423.11,379.32
INV-12319,2023-06-13,CUST-304,Wholesale,IL,Costa Rica,423,19.92,10.72,8426.16,4534.56,3891.6
INV-12320,2023-03-21,CUST-488,Online,WA,Vietnam,46,16.81,11.24,773.26,517.04,256.22
INV-12321,2023-03-15,CUST-499,Online,CA,Brazil,17,24.98,14.59,424.66,248.03,176.63
INV-12322,2023-02-20,CUST-981,Retail,WA,Vietnam,7,27.03,16.8,189.21,117.6,71.61
INV-12323,2023-09-06,CUST-237,Retail,IL,Vietnam,49,28.87,12.02,1414.63,588.98,825.65
INV-12324,2023-01-11,CUST-418,Wholesale,WA,Guatemala,205,26.11,13.46,5352.55,2759.3,2593.25
INV-12325,2023-03-28,CUST-537,Retail,FL,Guatemala,26,28.29,16.87,735.54,438.62,296.92
INV-12326,2023-06-05,CUST-267,Retail,NY,Brazil,30,25.83,16.04,774.9,481.2,293.7
INV-12327,2023-04-22,CUST-585,Online,CA,Costa Rica,43,18.72,11.77,804.96,506.11,298.85
INV-12328,2023-11-06,CUST-356,Retail,NY,Brazil,41,15.35,8.08,629.35,331.28,298.07
INV-12329,2023-03-28,CUST-727,Retail,WA,Vietnam,5,20.27,9.99,101.35,49.95,51.4
INV-12330,2023-09-09,CUST-207,Online,FL,Vietnam,6,22.14,14.22,132.84,85.32,47.52
INV-12331,2023-11-03,CUST-473,Wholesale,IL,Vietnam,351,23.98,10.87,8416.98,3815.37,4601.61
INV-12332,2023-11-05,CUST-140,Wholesale,IL,Colombia,222,27.55,18.09,6116.1,4015.98,2100.12
INV-12333,2023-05-25,CUST-246,Wholesale,WA,Colombia,261,26.73,18.41,6976.53,4805.01,2171.52
INV-12334,2023-10-27,CUST-485,Online,FL,Ethiopia,36,25.21,11.96,907.56,430.56,477.0
INV-12335,2023-06-09,CUST-516,Wholesale,IL,Ethiopia,478,25.37,12.28,12126.86,5869.84,6257.02
INV-12336,2023-05-06,CUST-327,Wholesale,IL,Guatemala,203,25.95,15.18,5267.85,3081.54,2186.31
INV-12337,2023-03-23,CUST-425,Wholesale,IL,Brazil,411,16.05,7.65,6596.55,3144.15,3452.4
INV-12338,2023-06-30,CUST-450,Wholesale,TX,Brazil,40,17.12,11.78,684.8,471.2,213.6
INV-12339,2023-07-11,CUST-674,Wholesale,IL,Brazil,302,26.93,16.17,8132.86,4883.34,3249.52
INV-12340,2023-09-18,CUST-344,Online,CA,Brazil,49,23.59,16.16,1155.91,791.84,364.07
INV-12341,2023-06-08,CUST-392,Wholesale,NY,Ethiopia,442,22.71,12.67,10037.82,5600.14,4437.68
INV-12342,2023-03-05,CUST-502,Wholesale,TX,Brazil,310,15.71,10.37,4870.1,3214.7,1655.4
INV-12343,2023-01-09,CUST-670,Online,CA,Guatemala,48,21.75,9.8,1044.0,470.4,573.6
INV-12344,2023-12-31,CUST-856,Online,TX,Vietnam,31,18.88,8.0,585.28,248.0,337.28
INV-12345,2023-06-28,CUST-875,Online,WA,Colombia,19,23.01,12.37,437.19,235.03,202.16
INV-12346,2023-10-06,CUST-496,Wholesale,NY,Costa Rica,142,21.69,12.41,3079.98,1762.22,1317.76
INV-12347,2023-12-21,CUST-743,Wholesale,IL,Guatemala,57,29.29,14.14,1669.53,805.98,863.55
INV-12348,2023-04-04,CUST-648,Retail,TX,Brazil,1,28.56,14.13,28.56,14.13,14.43
INV-12349,2023-07-14,CUST-670,Online,TX,Guatemala,12,28.94,16.36,347.28,196.32,150.96
INV-12350,2023-10-26,CUST-205,Wholesale,TX,Brazil,224,15.25,6.95,3416.0,1556.8,1859.2
INV-12351,2023-10-18,CUST-531,Online,CA,Guatemala,6,27.68,18.03,166.08,108.18,57.9
INV-12352,2023-09-25,CUST-887,Online,IL,Colombia,40,20.17,9.99,806.8,399.6,407.2
INV-12353,2023-05-19,CUST-671,Wholesale,FL,Costa Rica,485,25.8,13.01,12513.0,6309.85,6203.15
INV-12354,2023-11-26,CUST-503,Online,WA,Costa Rica,2,22.47,10.0,44.94,20.0,24.94
INV-12355,2023-07-11,CUST-518,Retail,FL,Brazil,49,22.83,9.88,1118.67,484.12,634.55
INV-12356,2023-08-28,CUST-509,Online,FL,Colombia,7,19.51,13.35,136.57,93.45,43.12
INV-12357,2023-11-22,CUST-675,Wholesale,WA,Colombia,301,27.27,13.18,8208.27,3967.18,4241.09
INV-12358,2023-06-21,CUST-400,Retail,WA,Vietnam,2,28.56,17.64,57.12,35.28,21.84
INV-12359,2023-07-29,CUST-697,Retail,FL,Vietnam,35,18.07,9.05,632.45,316.75,315.7
INV-12360,2023-02-25,CUST-114,Wholesale,NY,Ethiopia,497,18.99,8.25,9438.03,4100.25,5337.78
INV-12361,2023-08-22,CUST-560,Online,NY,Guatemala,50,15.66,7.47,783.0,373.5,409.5
INV-12362,2023-08-12,CUST-246,Retail,TX,Vietnam,32,27.66,11.29,885.12,361.28,523.84
INV-12363,2023-05-31,CUST-285,Wholesale,CA,Colombia,205,25.14,11.67,5153.7,2392.35,2761.35
INV-12364,2023-11-24,CUST-443,Online,NY,Ethiopia,30,22.49,13.05,674.7,391.5,283.2
INV-12365,2023-05-08,CUST-797,Retail,IL,Colombia,48,20.26,10.83,972.48,519.84,452.64
INV-12366,2023-03-15,CUST-330,Retail,IL,Colombia,5,29.18,17.46,145.9,87.3,58.6
INV-12367,2023-04-11,CUST-955,Wholesale,TX,Vietnam,359,29.37,18.52,10543.83,6648.68,3895.15
INV-12368,2023-05-09,CUST-565,Retail,FL,Costa Rica,11,18.97,12.81,208.67,140.91,67.76
INV-12369,2023-08-30,CUST-440,Wholesale,WA,Ethiopia,131,19.04,12.52,2494.24,1640.12,854.12
INV-12370,2023-02-24,CUST-930,Retail,NY,Vietnam,41,16.29,9.47,667.89,388.27,279.62
INV-12371,2023-01-23,CUST-227,Online,IL,Vietnam,4,28.35,14.82,113.4,59.28,54.12
INV-12372,2023-07-23,CUST-505,Retail,TX,Brazil,6,26.33,11.84,157.98,71.04,86.94
INV-12373,2023-10-23,CUST-390,Wholesale,IL,Colombia,13,23.11,14.92,300.43,193.96,106.47
INV-12374,2023-07-21,CUST-460,Wholesale,TX,Costa Rica,372,18.18,9.6,6762.96,3571.2,3191.76
INV-12375,2023-12-03,CUST-785,Retail,TX,Colombia,29,16.6,9.61,481.4,278.69,202.71
INV-12376,2023-04-07,CUST-694,Wholesale,TX,Brazil,500,21.0,10.88,10500.0,5440.0,5060.0
INV-12377,2023-09-09,CUST-732,Retail,WA,Costa Rica,10,21.67,10.68,216.7,106.8,109.9
INV-12378,2023-08-08,CUST-881,Wholesale,FL,Vietnam,280,21.04,10.68,5891.2,2990.4,2900.8
INV-12379,2023-11-26,CUST-512,Wholesale,CA,Colombia,411,18.9,12.16,7767.9,4997.76,2770.14
INV-12380,2023-06-06,CUST-661,Retail,TX,Costa Rica,32,27.91,12.28,893.12,392.96,500.16
INV-12381,2023-07-21,CUST-774,Retail,TX,Colombia,6,16.33,7.22,97.98,43.32,54.66
INV-12382,2023-09-15,CUST-856,Online,IL,Brazil,14,15.98,7.24,223.72,101.36,122.36
INV-12383,2023-04-19,CUST-857,Retail,IL,Colombia,33,20.15,8.1,664.95,267.3,397.65
INV-12384,2023-03-11,CUST-963,Wholesale,FL,Brazil,198,24.35,11.86,4821.3,2348.28,2473.02
INV-12385,2023-02-02,CUST-793,Wholesale,FL,Guatemala,61,21.33,12.26,1301.13,747.86,553.27
INV-12386,2023-02-27,CUST-488,Online,TX,Guatemala,47,24.09,15.89,1132.23,746.83,385.4
INV-12387,2023-03-24,CUST-622,Wholesale,NY,Guatemala,197,20.54,9.33,4046.38,1838.01,2208.37
INV-12388,2023-08-18,CUST-529,Online,FL,Colombia,25,27.9,13.07,697.5,326.75,370.75
INV-12389,2023-02-21,CUST-491,Wholesale,FL,Colombia,384,29.44,13.84,11304.96,5314.56,5990.4
INV-12390,2023-04-02,CUST-511,Wholesale,CA,Costa Rica,500,21.13,9.6,10565.0,4800.0,5765.0
INV-12391,2023-08-29,CUST-693,Wholesale,FL,Brazil,452,26.03,10.48,11765.56,4736.96,7028.6
INV-12392,2023-04-15,CUST-190,Retail,WA,Guatemala,27,16.56,9.13,447.12,246.51,200.61
INV-12393,2023-10-21,CUST-623,Wholesale,TX,Ethiopia,401,20.81,12.17,8344.81,4880.17,3464.64
INV-12394,2023-09-01,CUST-592,Online,FL,Costa Rica,24,22.04,11.76,528.96,282.24,246.72
INV-12395,2023-05-25,CUST-222,Retail,FL,Colombia,50,21.02,11.9,1051.0,595.0,456.0
INV-12396,2023-05-23,CUST-982,Online,TX,Guatemala,6,19.55,12.01,117.3,72.06,45.24
INV-12397,2023-12-29,CUST-463,Wholesale,WA,Brazil,78,16.99,8.32,1325.22,648.96,676.26
INV-12398,2023-04-30,CUST-964,Online,TX,Vietnam,8,15.05,6.07,120.4,48.56,71.84
INV-12399,2023-10-19,CUST-161,Online,TX,Guatemala,42,27.2,14.55,1142.4,611.1,531.3
INV-12400,2023-05-22,CUST-124,Wholesale,TX,Ethiopia,118,21.03,9.4,2481.54,1109.2,1372.34
INV-12401,2023-12-08,CUST-289,Retail,CA,Colombia,25,22.46,12.71,561.5,317.75,243.75
INV-12402,2023-07-16,CUST-710,Wholesale,TX,Costa Rica,209,16.93,7.72,3538.37,1613.48,1924.89
INV-12403,2023-02-10,CUST-847,Retail,TX,Ethiopia,33,29.54,14.53,974.82,479.49,495.33
INV-12404,2023-08-14,CUST-343,Retail,FL,Brazil,16,24.56,16.38,392.96,262.08,130.88
INV-12405,2023-08-12,CUST-599,Wholesale,NY,Brazil,63,23.98,14.89,1510.74,938.07,572.67
INV-12406,2023-09-29,CUST-806,Online,FL,Guatemala,20,29.47,12.16,589.4,243.2,346.2
INV-12407,2023-12-29,CUST-111,Wholesale,TX,Brazil,248,22.14,11.74,5490.72,2911.52,2579.2
INV-12408,2023-01-30,CUST-644,Wholesale,NY,Costa Rica,179,20.38,14.23,3648.02,2547.17,1100.85
INV-12409,2023-02-05,CUST-888,Online,CA,Costa Rica,35,18.62,10.12,651.7,354.2,297.5
INV-12410,2023-07-25,CUST-353,Online,NY,Guatemala,40,25.94,12.95,1037.6,518.0,519.6
INV-12411,2023-06-01,CUST-742,Retail,WA,Costa Rica,37,22.6,12.81,836.2,473.97,362.23
INV-12412,2023-07-27,CUST-250,Retail,IL,Ethiopia,44,15.68,6.64,689.92,292.16,397.76
INV-12413,2023-06-27,CUST-820,Retail,FL,Vietnam,11,17.97,7.49,197.67,82.39,115.28
INV-12414,2023-05-13,CUST-187,Retail,TX,Colombia,32,26.82,11.55,858.24,369.6,488.64
INV-12415,2023-09-17,CUST-177,Online,WA,Colombia,40,24.31,10.56,972.4,422.4,550.0
INV-12416,2023-09-12,CUST-488,Wholesale,CA,Costa Rica,66,27.79,17.44,1834.14,1151.04,683.1
INV-12417,2023-09-18,CUST-861,Online,NY,Colombia,25,17.34,7.29,433.5,182.25,251.25
INV-12418,2023-10-01,CUST-239,Online,FL,Vietnam,27,17.83,7.88,481.41,212.76,268.65
INV-12419,2023-02-21,CUST-475,Retail,CA,Costa Rica,7,19.0,9.78,133.0,68.46,64.54
INV-12420,2023-03-07,CUST-527,Retail,CA,Colombia,42,29.32,13.8,1231.44,579.6,651.84
INV-12421,2023-05-07,CUST-183,Wholesale,NY,Brazil,14,25.37,13.76,355.18,192.64,162.54
INV-12422,2023-04-26,CUST-312,Online,IL,Guatemala,48,27.84,17.0,1336.32,816.0,520.32
INV-12423,2023-07-18,CUST-778,Wholesale,NY,Colombia,478,17.86,10.37,8537.08,4956.86,3580.22
INV-12424,2023-01-27,CUST-689,Wholesale,NY,Colombia,424,23.49,12.42,9959.76,5266.08,4693.68
INV-12425,2023-09-11,CUST-614,Retail,CA,Ethiopia,9,25.84,16.32,232.56,146.88,85.68
INV-12426,2023-06-13,CUST-957,Wholesale,IL,Ethiopia,47,16.81,10.53,790.07,494.91,295.16
INV-12427,2023-04-24,CUST-374,Wholesale,IL,Colombia,461,21.23,12.33,9787.03,5684.13,4102.9
INV-12428,2023-08-14,CUST-970,Online,CA,Colombia,38,29.75,13.44,1130.5,510.72,619.78
INV-12429,2023-05-22,CUST-314,Online,IL,Colombia,30,21.68,9.18,650.4,275.4,375.0
INV-12430,2023-01-04,CUST-624,Wholesale,NY,Ethiopia,80,18.32,9.2,1465.6,736.0,729.6
INV-12431,2023-06-11,CUST-172,Wholesale,WA,Costa Rica,482,19.14,10.7,9225.48,5157.4,4068.08
INV-12432,2023-04-15,CUST-483,Retail,NY,Ethiopia,17,19.73,9.7,335.41,164.9,170.51
INV-12433,2023-03-19,CUST-882,Retail,FL,Brazil,20,27.17,17.92,543.4,358.4,185.0
INV-12434,2023-04-15,CUST-655,Wholesale,IL,Costa Rica,61,17.54,7.18,1069.94,437.98,631.96
INV-12435,2023-12-31,CUST-851,Wholesale,WA,Costa Rica,304,26.79,13.75,8144.16,4180.0,3964.16
INV-12436,2023-09-28,CUST-471,Wholesale,NY,Ethiopia,60,19.36,7.77,1161.6,466.2,695.4
INV-12437,2023-05-25,CUST-193,Retail,IL,Costa Rica,23,15.89,7.48,365.47,172.04,193.43
INV-12438,2023-03-06,CUST-882,Wholesale,CA,Colombia,78,29.06,13.44,2266.68,1048.32,1218.36
INV-12439,2023-10-10,CUST-919,Wholesale,NY,Brazil,460,24.57,10.78,11302.2,4958.8,6343.4
INV-12440,2023-10-09,CUST-606,Retail,WA,Costa Rica,22,27.19,11.69,598.18,257.18,341.0
INV-12441,2023-05-24,CUST-122,Online,IL,Guatemala,42,19.54,13.33,820.68,559.86,260.82
INV-12442,2023-01-27,CUST-858,Retail,FL,Costa Rica,47,18.09,10.87,850.23,510.89,339.34
INV-12443,2023-02-16,CUST-324,Online,FL,Guatemala,12,17.35,7.69,208.2,92.28,115.92
INV-12444,2023-12-22,CUST-448,Retail,CA,Colombia,33,23.82,16.21,786.06,534.93,251.13
INV-12445,2023-07-25,CUST-172,Retail,TX,Brazil,37,16.29,6.96,602.73,257.52,345.21
INV-12446,2023-01-17,CUST-975,Retail,TX,Guatemala,30,19.13,11.38,573.9,341.4,232.5
INV-12447,2023-08-11,CUST-404,Wholesale,FL,Guatemala,272,20.08,8.07,5461.76,2195.04,3266.72
INV-12448,2023-10-31,CUST-807,Retail,CA,Guatemala,45,27.41,11.04,1233.45,496.8,736.65
INV-12449,2023-08-20,CUST-845,Wholesale,CA,Brazil,325,25.7,12.9,8352.5,4192.5,4160.0
INV-12450,2023-08-04,CUST-710,Online,FL,Vietnam,27,20.48,9.9,552.96,267.3,285.66
INV-12451,2023-12-19,CUST-430,Online,FL,Costa Rica,6,19.34,10.14,116.04,60.84,55.2
INV-12452,2023-12-21,CUST-405,Wholesale,TX,Guatemala,412,21.15,8.86,8713.8,3650.32,5063.48
INV-12453,2023-03-18,CUST-629,Retail,IL,Colombia,24,26.77,13.98,642.48,335.52,306.96
INV-12454,2023-12-28,CUST-434,Retail,TX,Colombia,41,29.27,14.36,1200.07,588.76,611.31
INV-12455,2023-09-16,CUST-188,Retail,IL,Costa Rica,39,21.68,14.91,845.52,581.49,264.03
INV-12456,2023-06-18,CUST-244,Retail,CA,Vietnam,3,19.14,8.51,57.42,25.53,31.89
INV-12457,2023-05-14,CUST-679,Retail,FL,Guatemala,27,16.73,9.39,451.71,253.53,198.18
INV-12458,2023-11-24,CUST-234,Wholesale,WA,Colombia,289,26.89,16.7,7771.21,4826.3,2944.91
INV-12459,2023-11-06,CUST-355,Online,NY,Brazil,32,15.96,8.82,510.72,282.24,228.48
INV-12460,2023-10-13,CUST-692,Wholesale,TX,Costa Rica,398,24.57,11.79,9778.86,4692.42,5086.44
INV-12461,2023-09-13,CUST-408,Wholesale,TX,Ethiopia,27,21.55,13.29,581.85,358.83,223.02
INV-12462,2023-08-28,CUST-775,Retail,FL,Guatemala,29,16.11,9.62,467.19,278.98,188.21
INV-12463,2023-12-26,CUST-406,Retail,TX,Brazil,49,25.0,17.17,1225.0,841.33,383.67
INV-12464,2023-05-15,CUST-814,Online,NY,Brazil,36,21.93,10.48,789.48,377.28,412.2
INV-12465,2023-04-04,CUST-512,Online,FL,Vietnam,38,24.46,16.45,929.48,625.1,304.38
INV-12466,2023-02-25,CUST-288,Online,CA,Brazil,23,28.94,18.22,665.62,419.06,246.56
INV-12467,2023-09-11,CUST-559,Retail,FL,Colombia,27,29.56,19.87,798.12,536.49,261.63
INV-12468,2023-02-23,CUST-544,Retail,TX,Colombia,48,15.25,9.99,732.0,479.52,252.48
INV-12469,2023-07-31,CUST-498,Retail,CA,Brazil,26,23.69,12.5,615.94,325.0,290.94
INV-12470,2023-08-01,CUST-364,Wholesale,TX,Ethiopia,241,21.57,10.53,5198.37,2537.73,2660.64
INV-12471,2023-08-26,CUST-831,Wholesale,WA,Ethiopia,89,22.96,12.7,2043.44,1130.3,913.14
INV-12472,2023-03-24,CUST-618,Retail,CA,Ethiopia,1,21.63,8.78,21.63,8.78,12.85
INV-12473,2023-08-23,CUST-855,Wholesale,TX,Guatemala,154,27.72,14.29,4268.88,2200.66,2068.22
INV-12474,2023-04-10,CUST-121,Wholesale,WA,Costa Rica,15,15.03,6.35,225.45,95.25,130.2
INV-12475,2023-07-21,CUST-174,Online,TX,Costa Rica,39,18.37,12.86,716.43,501.54,214.89
INV-12476,2023-11-08,CUST-914,Online,CA,Vietnam,12,22.26,9.98,267.12,119.76,147.36
INV-12477,2023-12-14,CUST-251,Online,CA,Ethiopia,14,28.11,14.55,393.54,203.7,189.84
INV-12478,2023-02-01,CUST-232,Retail,NY,Guatemala,36,22.1,13.76,795.6,495.36,300.24
INV-12479,2023-07-11,CUST-122,Retail,NY,Ethiopia,11,22.55,13.87,248.05,152.57,95.48
INV-12480,2023-05-27,CUST-147,Online,WA,Ethiopia,29,22.31,14.26,646.99,413.54,233.45
INV-12481,2023-05-03,CUST-508,Retail,TX,Vietnam,19,24.48,11.69,465.12,222.11,243.01
INV-12482,2023-02-05,CUST-749,Retail,WA,Ethiopia,44,26.43,13.53,1162.92,595.32,567.6
INV-12483,2023-07-29,CUST-471,Retail,WA,Colombia,23,18.8,11.92,432.4,274.16,158.24
INV-12484,2023-08-08,CUST-149,Retail,CA,Ethiopia,22,17.91,11.8,394.02,259.6,134.42
INV-12485,2023-03-24,CUST-699,Retail,FL,Guatemala,26,23.38,15.4,607.88,400.4,207.48
INV-12486,2023-08-10,CUST-647,Online,WA,Ethiopia,19,19.3,9.8,366.7,186.2,180.5
INV-12487,2023-09-20,CUST-507,Wholesale,NY,Brazil,253,16.62,10.45,4204.86,2643.85,1561.01
INV-12488,2023-07-20,CUST-817,Wholesale,FL,Guatemala,314,16.4,10.26,5149.6,3221.64,1927.96
INV-12489,2023-09-28,CUST-644,Retail,NY,Ethiopia,37,17.66,9.58,653.42,354.46,298.96
INV-12490,2023-08-01,CUST-684,Wholesale,FL,Ethiopia,196,15.43,6.88,3024.28,1348.48,1675.8
INV-12491,2023-01-29,CUST-304,Wholesale,TX,Colombia,47,23.77,16.42,1117.19,771.74,345.45
INV-12492,2023-02-11,CUST-127,Online,IL,Colombia,43,28.81,16.12,1238.83,693.16,545.67
INV-12493,2023-11-22,CUST-304,Wholesale,TX,Guatemala,449,20.28,13.94,9105.72,6259.06,2846.66
INV-12494,2023-01-11,CUST-938,Wholesale,CA,Guatemala,257,25.29,12.97,6499.53,3333.29,3166.24
INV-12495,2023-11-30,CUST-432,Wholesale,NY,Vietnam,69,19.02,10.33,1312.38,712.77,599.61
INV-12496,2023-06-30,CUST-547,Wholesale,FL,Vietnam,494,25.02,11.91,12359.88,5883.54,6476.34
INV-12497,2023-06-13,CUST-662,Online,TX,Colombia,5,24.94,14.73,124.7,73.65,51.05
INV-12498,2023-05-09,CUST-816,Wholesale,FL,Costa Rica,268,20.45,9.88,5480.6,2647.84,2832.76
INV-12499,2023-05-30,CUST-429,Wholesale,FL,Vietnam,334,17.68,11.59,5905.12,3871.06,2034.06
INV-12500,2023-12-19,CUST-655,Retail,NY,Guatemala,6,24.58,16.71,147.48,100.26,47.22
INV-12501,2023-08-27,CUST-667,Retail,FL,Colombia,3,24.5,13.17,73.5,39.51,33.99
INV-12502,2023-11-17,CUST-978,Online,NY,Colombia,43,25.51,16.96,1096.93,729.28,367.65
INV-12503,2023-03-06,CUST-399,Wholesale,WA,Guatemala,226,18.05,11.64,4079.3,2630.64,1448.66
INV-12504,2023-04-29,CUST-618,Wholesale,TX,Guatemala,253,20.29,12.41,5133.37,3139.73,1993.64
INV-12505,2023-04-30,CUST-675,Online,CA,Colombia,8,28.49,12.76,227.92,102.08,125.84
INV-12506,2023-07-05,CUST-605,Retail,CA,Colombia,16,27.68,17.39,442.88,278.24,164.64
INV-12507,2023-07-09,CUST-990,Online,FL,Ethiopia,42,28.7,14.13,1205.4,593.46,611.94
INV-12508,2023-06-03,CUST-135,Retail,NY,Brazil,26,25.4,17.34,660.4,450.84,209.56
INV-12509,2023-08-19,CUST-269,Wholesale,TX,Brazil,478,18.12,8.16,8661.36,3900.48,4760.88
INV-12510,2023-09-09,CUST-969,Retail,IL,Brazil,42,18.18,12.37,763.56,519.54,244.02
INV-12511,2023-04-03,CUST-176,Retail,FL,Colombia,49,21.55,10.58,1055.95,518.42,537.53
INV-12512,2023-04-12,CUST-622,Wholesale,NY,Ethiopia,42,26.15,16.66,1098.3,699.72,398.58
INV-12513,2023-10-15,CUST-673,Online,IL,Ethiopia,7,23.51,9.51,164.57,66.57,98.0
INV-12514,2023-10-24,CUST-977,Retail,FL,Brazil,43,29.23,15.8,1256.89,679.4,577.49
INV-12515,2023-02-05,CUST-249,Wholesale,FL,Brazil,310,17.1,11.44,5301.0,3546.4,1754.6
INV-12516,2023-08-20,CUST-205,Online,WA,Brazil,4,16.01,7.3,64.04,29.2,34.84
INV-12517,2023-08-15,CUST-405,Online,IL,Brazil,26,22.56,11.94,586.56,310.44,276.12
INV-12518,2023-12-29,CUST-325,Retail,IL,Brazil,36,17.88,12.0,643.68,432.0,211.68
INV-12519,2023-02-06,CUST-937,Retail,FL,Ethiopia,46,15.93,8.65,732.78,397.9,334.88
INV-12520,2023-08-23,CUST-677,Wholesale,TX,Vietnam,22,17.95,11.29,394.9,248.38,146.52
INV-12521,2023-11-12,CUST-352,Retail,TX,Brazil,45,26.14,13.85,1176.3,623.25,553.05
INV-12522,2023-08-15,CUST-653,Retail,CA,Costa Rica,48,18.73,8.96,899.04,430.08,468.96
INV-12523,2023-01-29,CUST-557,Wholesale,IL,Guatemala,479,22.37,10.8,10715.23,5173.2,5542.03
INV-12524,2023-10-02,CUST-753,Online,CA,Brazil,13,22.09,12.04,287.17,156.52,130.65
INV-12525,2023-12-04,CUST-848,Retail,WA,Vietnam,36,28.72,16.78,1033.92,604.08,429.84
INV-12526,2023-09-21,CUST-122,Online,TX,Ethiopia,41,15.45,8.13,633.45,333.33,300.12
INV-12527,2023-03-18,CUST-109,Retail,IL,Vietnam,48,21.32,11.44,1023.36,549.12,474.24
INV-12528,2023-10-14,CUST-315,Online,FL,Colombia,25,18.02,9.36,450.5,234.0,216.5
INV-12529,2023-05-07,CUST-628,Online,IL,Brazil,16,19.56,12.53,312.96,200.48,112.48
INV-12530,2023-11-09,CUST-338,Retail,FL,Guatemala,42,27.85,15.42,1169.7,647.64,522.06
INV-12531,2023-01-22,CUST-846,Wholesale,NY,Guatemala,464,29.41,15.63,13646.24,7252.32,6393.92
INV-12532,2023-03-18,CUST-171,Retail,TX,Brazil,3,21.77,13.24,65.31,39.72,25.59
INV-12533,2023-03-02,CUST-514,Retail,CA,Brazil,16,27.23,15.25,435.68,244.0,191.68
INV-12534,2023-08-31,CUST-336,Online,NY,Guatemala,16,20.11,11.13,321.76,178.08,143.68
INV-12535,2023-11-30,CUST-571,Retail,CA,Guatemala,27,25.94,13.58,700.38,366.66,333.72
INV-12536,2023-03-17,CUST-299,Wholesale,NY,Guatemala,18,23.46,14.34,422.28,258.12,164.16
INV-12537,2023-08-10,CUST-270,Online,NY,Costa Rica,21,27.89,17.56,585.69,368.76,216.93
INV-12538,2023-05-31,CUST-522,Retail,WA,Brazil,22,16.88,8.63,371.36,189.86,181.5
INV-12539,2023-12-04,CUST-819,Retail,WA,Colombia,33,20.62,13.29,680.46,438.57,241.89
INV-12540,2023-03-31,CUST-825,Online,WA,Guatemala,48,17.23,7.36,827.04,353.28,473.76
INV-12541,2023-02-22,CUST-203,Online,WA,Costa Rica,39,18.03,7.8,703.17,304.2,398.97
INV-12542,2023-05-27,CUST-861,Online,FL,Guatemala,24,16.43,7.36,394.32,176.64,217.68
INV-12543,2023-08-05,CUST-458,Online,WA,Costa Rica,3,20.48,10.74,61.44,32.22,29.22
INV-12544,2023-06-12,CUST-387,Wholesale,WA,Ethiopia,296,29.11,18.28,8616.56,5410.88,3205.68
INV-12545,2023-12-10,CUST-523,Wholesale,CA,Guatemala,135,26.16,17.71,3531.6,2390.85,1140.75
INV-12546,2023-03-04,CUST-992,Wholesale,FL,Guatemala,247,17.35,11.68,4285.45,2884.96,1400.49
INV-12547,2023-04-09,CUST-124,Online,FL,Vietnam,2,26.84,15.76,53.68,31.52,22.16
INV-12548,2023-06-10,CUST-429,Wholesale,WA,Costa Rica,154,20.62,8.63,3175.48,1329.02,1846.46
INV-12549,2023-11-29,CUST-112,Online,WA,Costa Rica,2,26.06,14.6,52.12,29.2,22.92
INV-12550,2023-08-06,CUST-462,Wholesale,CA,Colombia,172,16.94,10.28,2913.68,1768.16,1145.52
INV-12551,2023-03-06,CUST-761,Retail,IL,Brazil,13,22.15,13.66,287.95,177.58,110.37
INV-12552,2023-12-08,CUST-203,Retail,WA,Costa Rica,44,29.9,17.8,1315.6,783.2,532.4
INV-12553,2023-12-12,CUST-333,Retail,CA,Brazil,19,28.94,12.14,549.86,230.66,319.2
INV-12554,2023-09-30,CUST-334,Online,TX,Ethiopia,40,15.34,10.27,613.6,410.8,202.8
INV-12555,2023-09-28,CUST-896,Wholesale,WA,Vietnam,70,22.9,14.95,1603.0,1046.5,556.5
INV-12556,2023-06-05,CUST-893,Online,IL,Guatemala,44,26.36,11.5,1159.84,506.0,653.84
INV-12557,2023-02-26,CUST-101,Retail,WA,Vietnam,48,19.2,9.54,921.6,457.92,463.68
INV-12558,2023-12-14,CUST-891,Online,CA,Colombia,25,15.72,8.37,393.0,209.25,183.75
INV-12559,2023-12-15,CUST-447,Wholesale,TX,Brazil,267,15.8,9.6,4218.6,2563.2,1655.4
INV-12560,2023-09-27,CUST-198,Online,IL,Brazil,20,27.63,11.81,552.6,236.2,316.4
INV-12561,2023-04-18,CUST-226,Wholesale,FL,Colombia,369,24.31,11.81,8970.39,4357.89,4612.5
INV-12562,2023-04-01,CUST-232,Online,FL,Ethiopia,15,22.28,14.3,334.2,214.5,119.7
INV-12563,2023-08-31,CUST-598,Retail,IL,Guatemala,38,22.43,10.16,852.34,386.08,466.26
INV-12564,2023-05-27,CUST-956,Wholesale,NY,Vietnam,277,16.59,8.0,4595.43,2216.0,2379.43
INV-12565,2023-01-20,CUST-799,Wholesale,FL,Ethiopia,356,17.0,11.1,6052.0,3951.6,2100.4
INV-12566,2023-09-15,CUST-689,Online,IL,Guatemala,11,26.52,15.28,291.72,168.08,123.64
INV-12567,2023-05-25,CUST-676,Online,IL,Brazil,14,23.5,12.26,329.0,171.64,157.36
INV-12568,2023-01-24,CUST-708,Wholesale,IL,Vietnam,422,27.16,13.25,11461.52,5591.5,5870.02
INV-12569,2023-05-22,CUST-165,Wholesale,IL,Guatemala,402,19.88,10.08,7991.76,4052.16,3939.6
INV-12570,2023-10-01,CUST-113,Retail,FL,Colombia,39,19.98,9.78,779.22,381.42,397.8
INV-12571,2023-02-08,CUST-274,Retail,NY,Colombia,29,27.04,13.22,784.16,383.38,400.78
INV-12572,2023-10-27,CUST-705,Wholesale,FL,Ethiopia,240,20.97,12.82,5032.8,3076.8,1956.0
INV-12573,2023-11-25,CUST-989,Wholesale,WA,Vietnam,70,28.39,14.44,1987.3,1010.8,976.5
INV-12574,2023-03-22,CUST-444,Online,NY,Costa Rica,3,15.64,8.3,46.92,24.9,22.02
INV-12575,2023-03-24,CUST-726,Wholesale,TX,Ethiopia,304,24.89,12.75,7566.56,3876.0,3690.56
INV-12576,2023-05-13,CUST-798,Wholesale,FL,Costa Rica,260,29.36,20.45,7633.6,5317.0,2316.6
INV-12577,2023-06-18,CUST-286,Wholesale,NY,Vietnam,482,16.5,6.65,7953.0,3205.3,4747.7
INV-12578,2023-07-24,CUST-774,Retail,WA,Brazil,28,27.44,14.77,768.32,413.56,354.76
INV-12579,2023-07-28,CUST-685,Wholesale,NY,Ethiopia,473,18.99,10.45,8982.27,4942.85,4039.42
INV-12580,2023-04-18,CUST-907,Online,IL,Colombia,49,23.83,13.81,1167.67,676.69,490.98
INV-12581,2023-04-11,CUST-598,Online,TX,Costa Rica,17,21.64,12.78,367.88,217.26,150.62
INV-12582,2023-12-02,CUST-825,Retail,NY,Guatemala,3,20.29,14.16,60.87,42.48,18.39
INV-12583,2023-12-14,CUST-848,Retail,CA,Guatemala,19,24.13,12.73,458.47,241.87,216.6
INV-12584,2023-11-15,CUST-936,Online,WA,Brazil,19,15.61,10.38,296.59,197.22,99.37
INV-12585,2023-02-16,CUST-773,Retail,NY,Guatemala,28,28.87,18.59,808.36,520.52,287.84
INV-12586,2023-11-29,CUST-264,Online,FL,Costa Rica,27,16.49,8.21,445.23,221.67,223.56
INV-12587,2023-01-02,CUST-633,Retail,IL,Colombia,17,28.54,17.71,485.18,301.07,184.11
INV-12588,2023-06-19,CUST-571,Wholesale,IL,Vietnam,42,17.48,9.12,734.16,383.04,351.12
INV-12589,2023-01-06,CUST-683,Retail,WA,Brazil,40,28.3,12.41,1132.0,496.4,635.6
INV-12590,2023-10-22,CUST-288,Retail,NY,Vietnam,30,22.7,14.7,681.0,441.0,240.0
INV-12591,2023-11-11,CUST-355,Online,WA,Colombia,16,28.49,17.97,455.84,287.52,168.32
INV-12592,2023-02-17,CUST-603,Retail,WA,Brazil,43,16.47,8.23,708.21,353.89,354.32
INV-12593,2023-06-21,CUST-899,Retail,WA,Brazil,49,27.17,13.33,1331.33,653.17,678.16
INV-12594,2023-12-11,CUST-213,Retail,CA,Guatemala,20,27.87,17.03,557.4,340.6,216.8
INV-12595,2023-05-23,CUST-253,Wholesale,CA,Colombia,161,17.61,11.99,2835.21,1930.39,904.82
INV-12596,2023-04-21,CUST-225,Online,WA,Guatemala,9,18.55,11.29,166.95,101.61,65.34
INV-12597,2023-09-23,CUST-316,Online,IL,Costa Rica,44,29.81,18.31,1311.64,805.64,506.0
INV-12598,2023-06-09,CUST-696,Retail,WA,Vietnam,28,19.49,8.19,545.72,229.32,316.4
INV-12599,2023-01-21,CUST-418,Online,FL,Costa Rica,13,23.39,15.09,304.07,196.17,107.9
INV-12600,2023-09-03,CUST-357,Retail,IL,Brazil,33,15.36,8.19,506.88,270.27,236.61
INV-12601,2023-08-19,CUST-899,Retail,NY,Vietnam,28,18.98,11.92,531.44,333.76,197.68
INV-12602,2023-05-04,CUST-434,Online,NY,Ethiopia,5,25.34,15.98,126.7,79.9,46.8
INV-12603,2023-05-21,CUST-245,Wholesale,IL,Brazil,302,17.3,7.55,5224.6,2280.1,2944.5
INV-12604,2023-01-20,CUST-656,Online,WA,Guatemala,4,28.6,16.14,114.4,64.56,49.84
INV-12605,2023-10-11,CUST-524,Online,TX,Costa Rica,21,23.91,11.79,502.11,247.59,254.52
INV-12606,2023-02-21,CUST-503,Online,NY,Costa Rica,28,26.03,16.41,728.84,459.48,269.36
INV-12607,2023-09-30,CUST-833,Online,FL,Guatemala,39,22.52,9.67,878.28,377.13,501.15
INV-12608,2023-12-28,CUST-587,Wholesale,WA,Ethiopia,456,26.87,17.33,12252.72,7902.48,4350.24
INV-12609,2023-01-15,CUST-729,Wholesale,IL,Brazil,467,24.0,10.88,11208.0,5080.96,6127.04
INV-12610,2023-02-15,CUST-549,Wholesale,CA,Guatemala,82,28.79,18.35,2360.78,1504.7,856.08
INV-12611,2023-03-14,CUST-223,Wholesale,WA,Guatemala,489,25.74,12.27,12586.86,6000.03,6586.83
INV-12612,2023-10-11,CUST-472,Retail,IL,Brazil,6,23.72,10.16,142.32,60.96,81.36
INV-12613,2023-09-18,CUST-133,Online,CA,Colombia,27,20.69,12.06,558.63,325.62,233.01
INV-12614,2023-02-11,CUST-309,Online,TX,Costa Rica,8,24.85,15.97,198.8,127.76,71.04
INV-12615,2023-05-19,CUST-988,Online,TX,Costa Rica,31,26.22,14.41,812.82,446.71,366.11
INV-12616,2023-02-02,CUST-313,Retail,TX,Ethiopia,20,27.08,12.62,541.6,252.4,289.2
INV-12617,2023-10-29,CUST-145,Online,CA,Vietnam,12,26.33,17.26,315.96,207.12,108.84
INV-12618,2023-12-26,CUST-407,Online,NY,Brazil,47,16.84,10.23,791.48,480.81,310.67
INV-12619,2023-10-31,CUST-806,Retail,IL,Brazil,14,25.73,13.78,360.22,192.92,167.3
INV-12620,2023-10-07,CUST-725,Wholesale,NY,Brazil,197,15.6,9.55,3073.2,1881.35,1191.85
INV-12621,2023-10-08,CUST-637,Retail,TX,Brazil,8,20.88,10.09,167.04,80.72,86.32
INV-12622,2023-08-07,CUST-535,Retail,TX,Vietnam,40,23.32,15.04,932.8,601.6,331.2
INV-12623,2023-02-21,CUST-346,Online,NY,Colombia,27,15.76,7.03,425.52,189.81,235.71
INV-12624,2023-11-04,CUST-745,Online,TX,Vietnam,37,29.2,15.92,1080.4,589.04,491.36
INV-12625,2023-12-14,CUST-483,Online,WA,Vietnam,7,15.83,9.84,110.81,68.88,41.93
INV-12626,2023-06-07,CUST-324,Wholesale,WA,Brazil,91,22.94,11.9,2087.54,1082.9,1004.64
INV-12627,2023-11-24,CUST-947,Retail,TX,Colombia,9,28.86,14.28,259.74,128.52,131.22
INV-12628,2023-08-21,CUST-543,Online,CA,Ethiopia,40,21.6,11.29,864.0,451.6,412.4
INV-12629,2023-06-03,CUST-278,Wholesale,IL,Ethiopia,421,26.26,11.61,11055.46,4887.81,6167.65
INV-12630,2023-02-25,CUST-318,Retail,WA,Vietnam,31,26.21,10.81,812.51,335.11,477.4
INV-12631,2023-03-08,CUST-642,Online,IL,Ethiopia,31,18.72,11.47,580.32,355.57,224.75
INV-12632,2023-08-13,CUST-736,Retail,WA,Brazil,48,25.62,10.47,1229.76,502.56,727.2
INV-12633,2023-03-15,CUST-759,Online,WA,Colombia,10,15.99,9.46,159.9,94.6,65.3
INV-12634,2023-08-06,CUST-713,Online,IL,Vietnam,34,17.39,11.11,591.26,377.74,213.52
INV-12635,2023-01-29,CUST-991,Retail,TX,Vietnam,11,21.64,8.97,238.04,98.67,139.37
INV-12636,2023-05-26,CUST-737,Wholesale,CA,Colombia,470,20.17,8.31,9479.9,3905.7,5574.2
INV-12637,2023-01-13,CUST-262,Online,NY,Costa Rica,7,18.08,7.89,126.56,55.23,71.33
INV-12638,2023-06-03,CUST-575,Wholesale,WA,Colombia,449,26.83,16.51,12046.67,7412.99,4633.68
INV-12639,2023-12-13,CUST-687,Wholesale,IL,Guatemala,151,17.82,9.61,2690.82,1451.11,1239.71
INV-12640,2023-04-10,CUST-575,Wholesale,FL,Brazil,487,15.7,6.78,7645.9,3301.86,4344.04
INV-12641,2023-03-09,CUST-543,Online,TX,Ethiopia,19,17.67,8.43,335.73,160.17,175.56
INV-12642,2023-08-20,CUST-803,Online,FL,Costa Rica,50,28.85,15.44,1442.5,772.0,670.5
INV-12643,2023-10-08,CUST-444,Retail,WA,Vietnam,37,25.52,11.57,944.24,428.09,516.15
INV-12644,2023-01-23,CUST-837,Wholesale,TX,Vietnam,143,19.05,12.51,2724.15,1788.93,935.22
INV-12645,2023-08-26,CUST-962,Online,WA,Guatemala,9,23.26,11.36,209.34,102.24,107.1
INV-12646,2023-08-02,CUST-485,Retail,TX,Colombia,11,18.72,12.91,205.92,142.01,63.91
INV-12647,2023-04-15,CUST-142,Wholesale,NY,Costa Rica,39,17.41,9.48,678.99,369.72,309.27
INV-12648,2023-02-02,CUST-702,Online,FL,Guatemala,6,18.07,9.43,108.42,56.58,51.84
INV-12649,2023-04-21,CUST-771,Retail,FL,Guatemala,13,20.75,10.84,269.75,140.92,128.83
INV-12650,2023-10-27,CUST-963,Retail,IL,Costa Rica,5,27.59,19.22,137.95,96.1,41.85
INV-12651,2023-01-13,CUST-791,Online,NY,Vietnam,27,16.52,7.75,446.04,209.25,236.79
INV-12652,2023-07-10,CUST-474,Wholesale,IL,Guatemala,79,23.9,13.97,1888.1,1103.63,784.47
INV-12653,2023-03-29,CUST-101,Wholesale,FL,Brazil,452,24.74,11.34,11182.48,5125.68,6056.8
INV-12654,2023-04-19,CUST-188,Wholesale,WA,Vietnam,157,19.36,10.49,3039.52,1646.93,1392.59
INV-12655,2023-01-14,CUST-620,Online,FL,Brazil,4,27.43,12.1,109.72,48.4,61.32
INV-12656,2023-01-30,CUST-471,Retail,FL,Brazil,8,24.57,12.07,196.56,96.56,100.0
INV-12657,2023-12-17,CUST-771,Retail,IL,Brazil,35,29.4,17.55,1029.0,614.25,414.75
INV-12658,2023-11-13,CUST-171,Online,IL,Brazil,33,21.37,12.84,705.21,423.72,281.49
INV-12659,2023-11-08,CUST-765,Online,WA,Costa Rica,23,26.58,13.38,611.34,307.74,303.6
INV-12660,2023-07-14,CUST-693,Retail,TX,Colombia,24,19.15,10.11,459.6,242.64,216.96
INV-12661,2023-12-25,CUST-147,Wholesale,NY,Vietnam,63,17.84,9.72,1123.92,612.36,511.56
INV-12662,2023-11-15,CUST-101,Online,IL,Colombia,23,16.02,7.17,368.46,164.91,203.55
INV-12663,2023-06-17,CUST-657,Online,TX,Costa Rica,44,19.23,12.77,846.12,561.88,284.24
INV-12664,2023-03-13,CUST-109,Wholesale,NY,Colombia,498,22.83,13.68,11369.34,6812.64,4556.7
INV-12665,2023-08-08,CUST-200,Online,WA,Costa Rica,47,19.66,9.48,924.02,445.56,478.46
INV-12666,2023-11-27,CUST-701,Wholesale,TX,Guatemala,412,25.47,11.68,10493.64,4812.16,5681.48
INV-12667,2023-05-24,CUST-975,Online,NY,Colombia,41,24.23,12.68,993.43,519.88,473.55
INV-12668,2023-10-10,CUST-189,Wholesale,NY,Costa Rica,353,26.05,16.22,9195.65,5725.66,3469.99
INV-12669,2023-09-19,CUST-474,Wholesale,WA,Colombia,113,24.34,14.15,2750.42,1598.95,1151.47
INV-12670,2023-12-19,CUST-644,Wholesale,WA,Colombia,281,24.6,11.74,6912.6,3298.94,3613.66
INV-12671,2023-06-26,CUST-660,Wholesale,FL,Brazil,329,16.02,6.79,5270.58,2233.91,3036.67
INV-12672,2023-01-17,CUST-922,Wholesale,FL,Costa Rica,440,21.23,14.7,9341.2,6468.0,2873.2
INV-12673,2023-09-25,CUST-713,Online,NY,Costa Rica,3,16.4,9.82,49.2,29.46,19.74
INV-12674,2023-08-24,CUST-302,Retail,TX,Costa Rica,47,27.43,14.96,1289.21,703.12,586.09
INV-12675,2023-05-09,CUST-721,Wholesale,NY,Vietnam,191,24.03,11.65,4589.73,2225.15,2364.58
INV-12676,2023-10-10,CUST-884,Wholesale,CA,Colombia,472,21.86,9.38,10317.92,4427.36,5890.56
INV-12677,2023-11-28,CUST-994,Online,TX,Colombia,11,22.3,10.43,245.3,114.73,130.57
INV-12678,2023-12-24,CUST-547,Online,TX,Colombia,38,28.44,16.54,1080.72,628.52,452.2
INV-12679,2023-08-17,CUST-372,Online,IL,Ethiopia,6,15.3,7.26,91.8,43.56,48.24
INV-12680,2023-06-21,CUST-294,Online,TX,Brazil,2,26.75,13.74,53.5,27.48,26.02
INV-12681,2023-12-19,CUST-949,Wholesale,TX,Guatemala,280,23.23,10.6,6504.4,2968.0,3536.4
INV-12682,2023-08-20,CUST-458,Online,TX,Guatemala,22,27.44,19.0,603.68,418.0,185.68
INV-12683,2023-12-05,CUST-774,Wholesale,FL,Guatemala,12,24.28,15.75,291.36,189.0,102.36
INV-12684,2023-12-24,CUST-418,Online,FL,Costa Rica,34,17.58,9.8,597.72,333.2,264.52
INV-12685,2023-10-20,CUST-399,Wholesale,WA,Vietnam,340,17.55,8.29,5967.0,2818.6,3148.4
INV-12686,2023-11-20,CUST-965,Online,TX,Brazil,41,23.8,13.13,975.8,538.33,437.47
INV-12687,2023-11-06,CUST-931,Retail,IL,Ethiopia,11,24.64,10.98,271.04,120.78,150.26
INV-12688,2023-10-03,CUST-813,Online,IL,Guatemala,18,19.03,11.1,342.54,199.8,142.74
INV-12689,2023-05-09,CUST-434,Retail,IL,Costa Rica,12,20.02,12.65,240.24,151.8,88.44
INV-12690,2023-09-23,CUST-485,Wholesale,NY,Brazil,194,20.58,8.26,3992.52,1602.44,2390.08
INV-12691,2023-12-31,CUST-949,Online,TX,Ethiopia,15,29.58,15.98,443.7,239.7,204.0
INV-12692,2023-11-24,CUST-821,Wholesale,TX,Brazil,498,15.87,6.88,7903.26,3426.24,4477.02
INV-12693,2023-02-22,CUST-983,Online,FL,Colombia,47,28.96,18.8,1361.12,883.6,477.52
INV-12694,2023-11-06,CUST-995,Online,NY,Guatemala,16,29.44,12.81,471.04,204.96,266.08
INV-12695,2023-10-08,CUST-329,Retail,TX,Brazil,10,27.8,13.33,278.0,133.3,144.7
INV-12696,2023-04-22,CUST-917,Online,IL,Ethiopia,45,24.75,12.22,1113.75,549.9,563.85
INV-12697,2023-08-31,CUST-400,Online,CA,Vietnam,36,24.29,11.33,874.44,407.88,466.56
INV-12698,2023-12-13,CUST-213,Retail,WA,Guatemala,41,27.95,12.36,1145.95,506.76,639.19
INV-12699,2023-03-30,CUST-919,Wholesale,WA,Brazil,418,29.87,19.95,12485.66,8339.1,4146.56
INV-12700,2023-07-06,CUST-525,Retail,CA,Ethiopia,38,23.54,12.54,894.52,476.52,418.0
INV-12701,2023-08-05,CUST-956,Online,TX,Brazil,43,26.54,10.78,1141.22,463.54,677.68
INV-12702,2023-07-02,CUST-282,Online,CA,Vietnam,6,28.13,15.94,168.78,95.64,73.14
INV-12703,2023-11-20,CUST-527,Wholesale,NY,Vietnam,201,20.79,13.24,4178.79,2661.24,1517.55
INV-12704,2023-02-23,CUST-250,Wholesale,CA,Guatemala,15,28.68,18.51,430.2,277.65,152.55
INV-12705,2023-04-11,CUST-192,Retail,NY,Costa Rica,26,25.71,16.9,668.46,439.4,229.06
INV-12706,2023-06-15,CUST-416,Wholesale,IL,Ethiopia,196,23.17,10.79,4541.32,2114.84,2426.48
INV-12707,2023-07-08,CUST-534,Retail,NY,Ethiopia,50,27.43,13.67,1371.5,683.5,688.0
INV-12708,2023-03-06,CUST-606,Retail,CA,Ethiopia,18,26.11,13.94,469.98,250.92,219.06
INV-12709,2023-07-01,CUST-148,Retail,NY,Brazil,13,28.09,16.76,365.17,217.88,147.29
INV-12710,2023-07-22,CUST-483,Wholesale,TX,Costa Rica,479,25.04,10.13,11994.16,4852.27,7141.89
INV-12711,2023-07-12,CUST-667,Online,CA,Colombia,50,22.56,11.04,1128.0,552.0,576.0
INV-12712,2023-06-07,CUST-944,Retail,FL,Costa Rica,29,25.17,10.69,729.93,310.01,419.92
INV-12713,2023-02-07,CUST-518,Online,IL,Guatemala,39,25.98,17.69,1013.22,689.91,323.31
INV-12714,2023-11-29,CUST-449,Online,TX,Brazil,20,25.94,14.94,518.8,298.8,220.0
INV-12715,2023-06-04,CUST-530,Online,CA,Vietnam,4,19.35,8.66,77.4,34.64,42.76
INV-12716,2023-01-07,CUST-337,Retail,TX,Guatemala,45,26.76,14.33,1204.2,644.85,559.35
INV-12717,2023-12-27,CUST-371,Online,IL,Costa Rica,12,15.42,10.73,185.04,128.76,56.28
INV-12718,2023-01-31,CUST-340,Retail,FL,Colombia,23,17.26,11.6,396.98,266.8,130.18
INV-12719,2023-08-18,CUST-863,Online,TX,Guatemala,36,23.11,12.75,831.96,459.0,372.96
INV-12720,2023-06-06,CUST-328,Online,IL,Ethiopia,31,24.38,14.03,755.78,434.93,320.85
INV-12721,2023-03-04,CUST-684,Wholesale,IL,Colombia,24,18.59,12.28,446.16,294.72,151.44
INV-12722,2023-02-07,CUST-995,Wholesale,TX,Vietnam,450,22.48,13.46,10116.0,6057.0,4059.0
INV-12723,2023-07-06,CUST-952,Retail,TX,Brazil,37,20.89,14.24,772.93,526.88,246.05
INV-12724,2023-11-25,CUST-387,Online,IL,Vietnam,5,17.34,10.57,86.7,52.85,33.85
INV-12725,2023-07-26,CUST-339,Online,WA,Costa Rica,28,27.04,17.58,757.12,492.24,264.88
INV-12726,2023-11-30,CUST-374,Wholesale,FL,Guatemala,465,18.92,8.71,8797.8,4050.15,4747.65
INV-12727,2023-03-05,CUST-630,Online,NY,Brazil,11,18.13,8.42,199.43,92.62,106.81
INV-12728,2023-07-04,CUST-154,Wholesale,FL,Costa Rica,428,26.79,13.02,11466.12,5572.56,5893.56
INV-12729,2023-08-27,CUST-956,Online,FL,Vietnam,10,18.42,12.78,184.2,127.8,56.4
INV-12730,2023-03-11,CUST-815,Wholesale,TX,Brazil,20,21.52,13.97,430.4,279.4,151.0
INV-12731,2023-04-15,CUST-378,Retail,IL,Guatemala,17,29.85,18.39,507.45,312.63,194.82
INV-12732,2023-08-06,CUST-799,Wholesale,TX,Brazil,83,29.92,13.26,2483.36,1100.58,1382.78
INV-12733,2023-04-05,CUST-630,Online,IL,Colombia,4,29.97,12.24,119.88,48.96,70.92
INV-12734,2023-02-01,CUST-413,Retail,CA,Brazil,32,28.53,13.44,912.96,430.08,482.88
INV-12735,2023-02-08,CUST-232,Online,NY,Colombia,44,18.31,7.33,805.64,322.52,483.12
INV-12736,2023-02-25,CUST-303,Online,NY,Vietnam,17,16.63,9.07,282.71,154.19,128.52
INV-12737,2023-10-20,CUST-137,Online,WA,Vietnam,29,29.34,12.54,850.86,363.66,487.2
INV-12738,2023-08-19,CUST-957,Wholesale,TX,Ethiopia,458,16.76,10.63,7676.08,4868.54,2807.54
INV-12739,2023-01-13,CUST-164,Retail,CA,Costa Rica,21,15.39,7.05,323.19,148.05,175.14
INV-12740,2023-09-18,CUST-163,Retail,FL,Ethiopia,28,29.32,14.47,820.96,405.16,415.8
INV-12741,2023-08-18,CUST-449,Online,CA,Colombia,17,20.22,11.12,343.74,189.04,154.7
INV-12742,2023-05-16,CUST-564,Wholesale,FL,Colombia,187,15.63,10.03,2922.81,1875.61,1047.2
INV-12743,2024-01-01,CUST-694,Wholesale,TX,Guatemala,164,19.03,11.73,3120.92,1923.72,1197.2
INV-12744,2023-10-27,CUST-430,Online,NY,Brazil,25,21.99,13.26,549.75,331.5,218.25
INV-12745,2023-02-22,CUST-225,Retail,WA,Brazil,47,21.1,12.36,991.7,580.92,410.78
INV-12746,2023-01-28,CUST-733,Retail,CA,Costa Rica,9,16.23,7.78,146.07,70.02,76.05
INV-12747,2023-07-06,CUST-407,Retail,TX,Vietnam,36,21.24,8.63,764.64,310.68,453.96
INV-12748,2023-05-15,CUST-724,Wholesale,FL,Guatemala,284,24.27,14.71,6892.68,4177.64,2715.04
INV-12749,2023-02-06,CUST-669,Retail,WA,Brazil,47,23.79,10.09,1118.13,474.23,643.9
INV-12750,2023-05-10,CUST-361,Wholesale,FL,Guatemala,52,21.19,14.73,1101.88,765.96,335.92
INV-12751,2023-01-01,CUST-526,Online,WA,Ethiopia,21,16.96,9.21,356.16,193.41,162.75
INV-12752,2023-05-18,CUST-387,Wholesale,TX,Guatemala,61,24.46,12.77,1492.06,778.97,713.09
INV-12753,2023-12-02,CUST-403,Retail,CA,Ethiopia,43,24.56,9.98,1056.08,429.14,626.94
INV-12754,2023-01-20,CUST-223,Online,WA,Guatemala,46,24.29,12.41,1117.34,570.86,546.48
INV-12755,2023-11-08,CUST-447,Retail,FL,Colombia,33,19.53,12.58,644.49,415.14,229.35
INV-12756,2023-01-20,CUST-454,Online,TX,Costa Rica,48,25.99,14.6,1247.52,700.8,546.72
INV-12757,2023-12-07,CUST-455,Wholesale,CA,Ethiopia,63,24.88,13.88,1567.44,874.44,693.0
INV-12758,2023-04-30,CUST-219,Online,NY,Vietnam,49,23.97,15.87,1174.53,777.63,396.9
INV-12759,2023-11-07,CUST-331,Wholesale,CA,Brazil,225,24.0,10.75,5400.0,2418.75,2981.25
INV-12760,2023-05-08,CUST-278,Wholesale,IL,Vietnam,180,19.74,12.71,3553.2,2287.8,1265.4
INV-12761,2023-08-25,CUST-370,Wholesale,FL,Costa Rica,399,27.99,15.49,11168.01,6180.51,4987.5
INV-12762,2023-08-04,CUST-963,Wholesale,NY,Costa Rica,47,29.78,16.06,1399.66,754.82,644.84
INV-12763,2023-06-12,CUST-132,Wholesale,FL,Vietnam,160,15.93,8.9,2548.8,1424.0,1124.8
INV-12764,2023-08-15,CUST-860,Wholesale,FL,Ethiopia,430,24.96,13.31,10732.8,5723.3,5009.5
INV-12765,2023-07-17,CUST-872,Retail,NY,Colombia,20,20.12,9.09,402.4,181.8,220.6
INV-12766,2023-01-23,CUST-916,Online,TX,Vietnam,46,16.3,7.2,749.8,331.2,418.6
INV-12767,2023-12-19,CUST-165,Retail,TX,Brazil,37,19.65,12.66,727.05,468.42,258.63
INV-12768,2023-02-01,CUST-224,Retail,NY,Brazil,2,19.45,13.08,38.9,26.16,12.74
INV-12769,2023-12-28,CUST-352,Wholesale,FL,Brazil,50,29.95,20.88,1497.5,1044.0,453.5
INV-12770,2023-06-03,CUST-585,Wholesale,NY,Costa Rica,307,26.97,15.63,8279.79,4798.41,3481.38
INV-12771,2023-04-23,CUST-829,Wholesale,WA,Vietnam,369,20.16,8.46,7439.04,3121.74,4317.3
INV-12772,2023-10-21,CUST-193,Online,NY,Vietnam,26,25.59,10.29,665.34,267.54,397.8
INV-12773,2023-09-28,CUST-268,Retail,NY,Costa Rica,38,20.14,12.45,765.32,473.1,292.22
INV-12774,2023-06-24,CUST-103,Online,NY,Brazil,40,15.8,7.87,632.0,314.8,317.2
INV-12775,2023-11-18,CUST-857,Retail,NY,Colombia,12,17.06,7.73,204.72,92.76,111.96
INV-12776,2023-05-23,CUST-152,Online,NY,Colombia,42,25.79,16.65,1083.18,699.3,383.88
INV-12777,2023-06-04,CUST-957,Online,FL,Vietnam,15,18.23,10.14,273.45,152.1,121.35
INV-12778,2023-04-20,CUST-846,Online,IL,Ethiopia,26,23.7,12.79,616.2,332.54,283.66
INV-12779,2023-10-02,CUST-807,Online,WA,Brazil,3,29.71,19.75,89.13,59.25,29.88
INV-12780,2023-04-07,CUST-220,Wholesale,CA,Colombia,207,15.72,8.54,3254.04,1767.78,1486.26
INV-12781,2023-09-13,CUST-857,Wholesale,IL,Colombia,197,20.61,8.35,4060.17,1644.95,2415.22
INV-12782,2023-07-22,CUST-679,Retail,NY,Costa Rica,12,15.42,8.8,185.04,105.6,79.44
INV-12783,2023-09-01,CUST-810,Retail,FL,Colombia,12,17.4,8.43,208.8,101.16,107.64
INV-12784,2023-04-23,CUST-914,Online,NY,Ethiopia,10,19.4,12.29,194.0,122.9,71.1
INV-12785,2023-05-24,CUST-338,Retail,NY,Brazil,46,26.17,11.93,1203.82,548.78,655.04
INV-12786,2023-02-15,CUST-241,Online,CA,Vietnam,43,22.65,9.82,973.95,422.26,551.69
INV-12787,2023-03-24,CUST-156,Retail,NY,Guatemala,43,21.24,9.03,913.32,388.29,525.03
INV-12788,2023-12-13,CUST-359,Wholesale,CA,Costa Rica,370,26.13,14.33,9668.1,5302.1,4366.0
INV-12789,2023-01-07,CUST-866,Online,FL,Colombia,5,28.22,14.67,141.1,73.35,67.75
INV-12790,2023-01-09,CUST-954,Online,CA,Colombia,40,24.74,13.74,989.6,549.6,440.0
INV-12791,2023-02-11,CUST-720,Online,FL,Guatemala,25,19.21,10.75,480.25,268.75,211.5
INV-12792,2023-09-29,CUST-519,Online,NY,Vietnam,33,26.28,13.25,867.24,437.25,429.99
INV-12793,2023-02-04,CUST-966,Wholesale,NY,Colombia,351,17.86,8.11,6268.86,2846.61,3422.25
INV-12794,2023-01-15,CUST-745,Online,TX,Guatemala,40,20.57,11.91,822.8,476.4,346.4
INV-12795,2023-03-01,CUST-866,Retail,NY,Vietnam,28,16.33,10.97,457.24,307.16,150.08
INV-12796,2023-04-01,CUST-398,Wholesale,WA,Ethiopia,258,16.29,11.09,4202.82,2861.22,1341.6
INV-12797,2023-12-27,CUST-105,Online,TX,Vietnam,30,15.78,10.02,473.4,300.6,172.8
INV-12798,2023-10-26,CUST-265,Retail,IL,Ethiopia,47,28.88,17.6,1357.36,827.2,530.16
INV-12799,2023-11-30,CUST-164,Wholesale,WA,Vietnam,288,17.83,12.04,5135.04,3467.52,1667.52
INV-12800,2023-09-07,CUST-798,Wholesale,CA,Colombia,499,23.42,13.58,11686.58,6776.42,4910.16
INV-12801,2023-09-08,CUST-987,Wholesale,CA,Ethiopia,410,15.07,9.73,6178.7,3989.3,2189.4
INV-12802,2023-04-06,CUST-803,Wholesale,NY,Guatemala,285,23.97,15.76,6831.45,4491.6,2339.85
INV-12803,2023-04-19,CUST-561,Online,FL,Brazil,39,28.78,13.26,1122.42,517.14,605.28
INV-12804,2023-10-04,CUST-750,Wholesale,NY,Brazil,143,19.15,11.43,2738.45,1634.49,1103.96
INV-12805,2023-04-29,CUST-299,Retail,WA,Colombia,22,26.94,10.82,592.68,238.04,354.64
INV-12806,2023-05-30,CUST-123,Retail,IL,Costa Rica,35,15.55,7.85,544.25,274.75,269.5
INV-12807,2023-05-29,CUST-674,Wholesale,FL,Ethiopia,214,15.78,9.56,3376.92,2045.84,1331.08
INV-12808,2023-05-15,CUST-543,Retail,TX,Guatemala,5,18.43,11.11,92.15,55.55,36.6
INV-12809,2023-08-24,CUST-447,Wholesale,TX,Guatemala,237,26.12,15.57,6190.44,3690.09,2500.35
INV-12810,2023-08-06,CUST-692,Online,WA,Vietnam,6,27.35,18.35,164.1,110.1,54.0
INV-12811,2023-02-15,CUST-391,Wholesale,TX,Vietnam,337,24.03,9.93,8098.11,3346.41,4751.7
INV-12812,2023-12-14,CUST-622,Retail,CA,Guatemala,9,22.23,15.11,200.07,135.99,64.08
INV-12813,2023-09-28,CUST-413,Wholesale,TX,Costa Rica,110,19.25,10.92,2117.5,1201.2,916.3
INV-12814,2023-07-04,CUST-745,Retail,IL,Costa Rica,8,24.95,14.72,199.6,117.76,81.84
INV-12815,2023-12-16,CUST-350,Online,TX,Costa Rica,12,24.4,15.05,292.8,180.6,112.2
INV-12816,2023-08-12,CUST-337,Retail,CA,Colombia,19,28.9,13.71,549.1,260.49,288.61
INV-12817,2023-05-08,CUST-961,Online,WA,Guatemala,12,26.23,12.3,314.76,147.6,167.16
INV-12818,2023-12-24,CUST-696,Wholesale,IL,Ethiopia,439,24.09,15.68,10575.51,6883.52,3691.99
INV-12819,2023-03-05,CUST-218,Retail,CA,Costa Rica,1,26.43,17.36,26.43,17.36,9.07
INV-12820,2023-01-09,CUST-325,Online,FL,Ethiopia,7,22.08,11.05,154.56,77.35,77.21
INV-12821,2023-07-08,CUST-430,Online,CA,Brazil,16,24.01,16.43,384.16,262.88,121.28
INV-12822,2023-01-07,CUST-697,Online,TX,Guatemala,13,27.84,11.35,361.92,147.55,214.37
INV-12823,2023-10-13,CUST-408,Retail,CA,Guatemala,26,28.89,15.0,751.14,390.0,361.14
INV-12824,2023-07-31,CUST-712,Online,WA,Colombia,25,19.29,12.68,482.25,317.0,165.25
INV-12825,2023-05-11,CUST-925,Retail,TX,Colombia,28,15.26,7.59,427.28,212.52,214.76
INV-12826,2023-09-12,CUST-151,Online,NY,Brazil,45,15.43,9.08,694.35,408.6,285.75
INV-12827,2023-02-04,CUST-794,Retail,WA,Costa Rica,14,26.29,14.83,368.06,207.62,160.44
INV-12828,2023-03-21,CUST-344,Online,IL,Colombia,3,15.17,9.09,45.51,27.27,18.24
INV-12829,2023-01-29,CUST-356,Retail,NY,Ethiopia,7,15.13,8.88,105.91,62.16,43.75
INV-12830,2023-07-22,CUST-463,Retail,IL,Costa Rica,11,20.83,12.08,229.13,132.88,96.25
INV-12831,2023-11-13,CUST-567,Retail,NY,Colombia,3,26.14,11.73,78.42,35.19,43.23
INV-12832,2023-04-08,CUST-819,Retail,WA,Vietnam,43,25.96,12.17,1116.28,523.31,592.97
INV-12833,2023-08-27,CUST-561,Wholesale,TX,Costa Rica,160,26.27,18.02,4203.2,2883.2,1320.0
INV-12834,2023-05-24,CUST-438,Retail,IL,Costa Rica,37,17.7,7.23,654.9,267.51,387.39
INV-12835,2023-04-30,CUST-563,Retail,IL,Costa Rica,42,16.33,9.19,685.86,385.98,299.88
INV-12836,2023-05-15,CUST-701,Wholesale,WA,Costa Rica,172,20.81,8.41,3579.32,1446.52,2132.8
INV-12837,2023-06-14,CUST-264,Online,WA,Colombia,45,23.63,16.45,1063.35,740.25,323.1
INV-12838,2023-11-22,CUST-908,Wholesale,CA,Vietnam,351,22.66,14.06,7953.66,4935.06,3018.6
INV-12839,2023-02-13,CUST-683,Online,WA,Ethiopia,15,21.58,9.16,323.7,137.4,186.3
INV-12840,2023-03-02,CUST-797,Wholesale,NY,Guatemala,201,26.32,17.63,5290.32,3543.63,1746.69
INV-12841,2023-11-12,CUST-808,Wholesale,TX,Guatemala,57,25.74,12.8,1467.18,729.6,737.58
INV-12842,2023-04-14,CUST-160,Online,IL,Colombia,7,22.1,12.03,154.7,84.21,70.49
INV-12843,2023-07-23,CUST-432,Wholesale,TX,Guatemala,216,28.57,18.07,6171.12,3903.12,2268.0
INV-12844,2023-10-24,CUST-281,Online,WA,Costa Rica,11,21.53,13.86,236.83,152.46,84.37
INV-12845,2023-05-24,CUST-462,Retail,IL,Costa Rica,9,15.58,7.78,140.22,70.02,70.2
INV-12846,2023-07-14,CUST-252,Retail,IL,Vietnam,45,25.99,10.93,1169.55,491.85,677.7
INV-12847,2023-04-02,CUST-859,Retail,FL,Ethiopia,7,25.64,13.08,179.48,91.56,87.92
INV-12848,2023-04-09,CUST-218,Retail,FL,Brazil,43,27.81,17.08,1195.83,734.44,461.39
INV-12849,2023-02-18,CUST-285,Wholesale,TX,Brazil,216,23.27,14.07,5026.32,3039.12,1987.2
INV-12850,2023-08-04,CUST-258,Wholesale,TX,Ethiopia,390,20.76,14.04,8096.4,5475.6,2620.8
INV-12851,2023-01-27,CUST-110,Online,FL,Vietnam,39,16.29,9.52,635.31,371.28,264.03
INV-12852,2023-07-14,CUST-784,Retail,WA,Vietnam,16,16.22,7.01,259.52,112.16,147.36
INV-12853,2023-04-23,CUST-576,Online,WA,Ethiopia,37,29.03,19.44,1074.11,719.28,354.83
INV-12854,2023-08-04,CUST-796,Wholesale,IL,Ethiopia,314,21.98,10.48,6901.72,3290.72,3611.0
INV-12855,2023-10-18,CUST-474,Wholesale,TX,Colombia,42,16.58,7.81,696.36,328.02,368.34
INV-12856,2023-12-04,CUST-963,Retail,TX,Colombia,47,21.99,13.25,1033.53,622.75,410.78
INV-12857,2023-12-31,CUST-120,Online,WA,Brazil,45,25.46,17.69,1145.7,796.05,349.65
INV-12858,2023-07-07,CUST-870,Wholesale,FL,Costa Rica,205,27.75,15.32,5688.75,3140.6,2548.15
INV-12859,2023-06-01,CUST-348,Retail,TX,Ethiopia,6,19.25,13.33,115.5,79.98,35.52
INV-12860,2023-06-22,CUST-120,Wholesale,IL,Vietnam,101,21.89,10.05,2210.89,1015.05,1195.84
INV-12861,2023-08-19,CUST-495,Retail,TX,Ethiopia,9,28.11,11.38,252.99,102.42,150.57
INV-12862,2023-05-17,CUST-818,Online,CA,Ethiopia,47,16.73,11.08,786.31,520.76,265.55
INV-12863,2023-08-08,CUST-777,Online,CA,Ethiopia,14,28.97,14.21,405.58,198.94,206.64
INV-12864,2023-01-13,CUST-905,Retail,WA,Costa Rica,44,19.24,7.81,846.56,343.64,502.92
INV-12865,2023-03-27,CUST-644,Wholesale,FL,Ethiopia,238,22.39,9.62,5328.82,2289.56,3039.26
INV-12866,2023-10-11,CUST-579,Online,NY,Brazil,6,20.35,12.87,122.1,77.22,44.88
INV-12867,2023-03-27,CUST-134,Retail,IL,Colombia,50,24.42,16.17,1221.0,808.5,412.5
INV-12868,2023-08-12,CUST-261,Retail,CA,Costa Rica,2,20.29,12.65,40.58,25.3,15.28
INV-12869,2023-09-05,CUST-506,Online,NY,Costa Rica,2,16.38,9.7,32.76,19.4,13.36
INV-12870,2023-01-29,CUST-482,Wholesale,IL,Brazil,418,18.5,12.83,7733.0,5362.94,2370.06
INV-12871,2023-01-28,CUST-338,Wholesale,FL,Brazil,252,27.14,12.89,6839.28,3248.28,3591.0
INV-12872,2023-12-05,CUST-798,Wholesale,FL,Colombia,152,26.06,18.06,3961.12,2745.12,1216.0
INV-12873,2023-07-12,CUST-801,Wholesale,TX,Vietnam,451,16.09,8.11,7256.59,3657.61,3598.98
INV-12874,2023-06-09,CUST-864,Online,WA,Vietnam,46,17.15,11.16,788.9,513.36,275.54
INV-12875,2023-03-24,CUST-422,Wholesale,WA,Ethiopia,420,29.75,13.78,12495.0,5787.6,6707.4
INV-12876,2023-07-30,CUST-301,Retail,IL,Ethiopia,50,28.72,18.4,1436.0,920.0,516.0
INV-12877,2023-08-05,CUST-580,Wholesale,NY,Vietnam,56,20.67,11.59,1157.52,649.04,508.48
INV-12878,2023-01-08,CUST-664,Online,WA,Ethiopia,13,24.66,12.42,320.58,161.46,159.12
INV-12879,2023-12-23,CUST-914,Online,WA,Guatemala,35,17.31,7.9,605.85,276.5,329.35
INV-12880,2023-07-03,CUST-548,Wholesale,IL,Guatemala,135,20.16,13.06,2721.6,1763.1,958.5
INV-12881,2023-07-18,CUST-628,Retail,FL,Colombia,41,22.12,11.55,906.92,473.55,433.37
INV-12882,2023-08-12,CUST-899,Online,IL,Vietnam,16,27.72,17.64,443.52,282.24,161.28
INV-12883,2023-05-06,CUST-230,Wholesale,FL,Colombia,388,20.72,8.75,8039.36,3395.0,4644.36
INV-12884,2023-11-04,CUST-605,Wholesale,WA,Colombia,336,20.13,10.57,6763.68,3551.52,3212.16
INV-12885,2023-09-26,CUST-250,Online,NY,Costa Rica,46,16.69,7.25,767.74,333.5,434.24
INV-12886,2023-05-23,CUST-696,Wholesale,NY,Colombia,262,28.17,16.59,7380.54,4346.58,3033.96
INV-12887,2023-08-05,CUST-509,Retail,NY,Vietnam,33,22.53,10.36,743.49,341.88,401.61
INV-12888,2023-11-27,CUST-374,Retail,FL,Brazil,7,26.9,11.79,188.3,82.53,105.77
INV-12889,2023-10-03,CUST-915,Wholesale,TX,Vietnam,375,18.59,11.56,6971.25,4335.0,2636.25
INV-12890,2023-11-11,CUST-261,Retail,TX,Brazil,38,29.65,18.62,1126.7,707.56,419.14
INV-12891,2023-02-19,CUST-372,Wholesale,WA,Ethiopia,128,19.76,9.2,2529.28,1177.6,1351.68
INV-12892,2023-08-08,CUST-322,Wholesale,FL,Guatemala,474,29.84,16.59,14144.16,7863.66,6280.5
INV-12893,2023-11-27,CUST-543,Retail,NY,Costa Rica,31,22.2,11.56,688.2,358.36,329.84
INV-12894,2023-12-18,CUST-919,Retail,TX,Vietnam,29,28.28,19.06,820.12,552.74,267.38
INV-12895,2023-07-31,CUST-131,Wholesale,CA,Ethiopia,470,17.42,9.13,8187.4,4291.1,3896.3
INV-12896,2023-04-18,CUST-102,Wholesale,NY,Vietnam,399,21.74,11.83,8674.26,4720.17,3954.09
INV-12897,2023-04-24,CUST-994,Retail,FL,Ethiopia,9,15.91,8.51,143.19,76.59,66.6
INV-12898,2023-06-16,CUST-826,Online,NY,Guatemala,50,29.37,17.66,1468.5,883.0,585.5
INV-12899,2023-07-29,CUST-395,Retail,WA,Ethiopia,20,16.33,7.77,326.6,155.4,171.2
INV-12900,2023-07-25,CUST-155,Wholesale,TX,Ethiopia,352,19.59,8.76,6895.68,3083.52,3812.16
INV-12901,2023-12-21,CUST-235,Online,IL,Ethiopia,32,27.94,18.49,894.08,591.68,302.4
INV-12902,2023-04-10,CUST-316,Online,TX,Colombia,31,17.83,7.65,552.73,237.15,315.58
INV-12903,2023-12-26,CUST-215,Retail,FL,Guatemala,43,26.12,11.79,1123.16,506.97,616.19
INV-12904,2023-12-12,CUST-932,Online,WA,Colombia,18,23.35,15.92,420.3,286.56,133.74
INV-12905,2023-12-07,CUST-595,Wholesale,CA,Ethiopia,371,16.57,7.62,6147.47,2827.02,3320.45
INV-12906,2023-11-08,CUST-625,Retail,NY,Costa Rica,25,15.88,10.45,397.0,261.25,135.75
INV-12907,2023-06-05,CUST-145,Online,FL,Costa Rica,23,27.17,16.76,624.91,385.48,239.43
INV-12908,2023-11-30,CUST-133,Wholesale,FL,Costa Rica,393,20.57,9.03,8084.01,3548.79,4535.22
INV-12909,2023-04-15,CUST-670,Online,NY,Vietnam,30,21.92,9.68,657.6,290.4,367.2
INV-12910,2023-11-16,CUST-813,Wholesale,WA,Brazil,311,22.54,15.37,7009.94,4780.07,2229.87
INV-12911,2023-11-04,CUST-513,Online,TX,Guatemala,38,24.78,10.12,941.64,384.56,557.08
INV-12912,2023-04-29,CUST-288,Online,IL,Guatemala,3,24.03,12.95,72.09,38.85,33.24
INV-12913,2023-10-16,CUST-998,Wholesale,FL,Costa Rica,54,19.84,11.3,1071.36,610.2,461.16
INV-12914,2023-12-26,CUST-226,Online,NY,Guatemala,13,22.16,13.6,288.08,176.8,111.28
INV-12915,2023-09-22,CUST-311,Online,TX,Brazil,44,24.27,13.55,1067.88,596.2,471.68
INV-12916,2023-04-11,CUST-447,Online,FL,Colombia,47,26.94,18.34,1266.18,861.98,404.2
INV-12917,2023-05-06,CUST-487,Online,FL,Costa Rica,48,18.27,12.15,876.96,583.2,293.76
INV-12918,2023-11-30,CUST-407,Online,NY,Brazil,30,23.99,9.96,719.7,298.8,420.9
INV-12919,2023-08-02,CUST-340,Retail,CA,Vietnam,45,17.68,10.68,795.6,480.6,315.0
INV-12920,2023-09-01,CUST-508,Wholesale,WA,Guatemala,341,18.01,10.88,6141.41,3710.08,2431.33
INV-12921,2023-06-01,CUST-484,Wholesale,NY,Ethiopia,433,16.26,9.56,7040.58,4139.48,2901.1
INV-12922,2023-07-28,CUST-876,Online,FL,Brazil,49,24.69,14.5,1209.81,710.5,499.31
INV-12923,2023-08-25,CUST-375,Online,IL,Ethiopia,44,19.22,10.23,845.68,450.12,395.56
INV-12924,2023-04-14,CUST-521,Wholesale,IL,Guatemala,37,15.72,8.42,581.64,311.54,270.1
INV-12925,2023-07-29,CUST-144,Online,FL,Guatemala,17,18.4,10.99,312.8,186.83,125.97
INV-12926,2023-10-21,CUST-436,Online,FL,Guatemala,36,22.06,11.55,794.16,415.8,378.36
INV-12927,2023-11-09,CUST-116,Wholesale,WA,Vietnam,31,15.49,8.8,480.19,272.8,207.39
INV-12928,2023-04-29,CUST-193,Retail,FL,Vietnam,14,22.1,14.6,309.4,204.4,105.0
INV-12929,2023-08-06,CUST-525,Online,NY,Ethiopia,3,26.17,17.81,78.51,53.43,25.08
INV-12930,2023-08-03,CUST-853,Wholesale,IL,Guatemala,409,24.59,9.9,10057.31,4049.1,6008.21
INV-12931,2023-09-19,CUST-937,Online,WA,Vietnam,8,26.31,11.15,210.48,89.2,121.28
INV-12932,2023-12-02,CUST-217,Retail,IL,Guatemala,39,16.9,10.46,659.1,407.94,251.16
INV-12933,2023-08-19,CUST-807,Online,FL,Colombia,45,21.21,8.65,954.45,389.25,565.2
INV-12934,2023-04-08,CUST-851,Retail,FL,Brazil,23,27.43,12.75,630.89,293.25,337.64
INV-12935,2023-06-07,CUST-145,Retail,IL,Guatemala,31,19.41,11.75,601.71,364.25,237.46
INV-12936,2023-07-28,CUST-649,Online,FL,Guatemala,2,27.11,17.87,54.22,35.74,18.48
INV-12937,2023-09-25,CUST-650,Wholesale,WA,Costa Rica,199,16.17,11.23,3217.83,2234.77,983.06
INV-12938,2023-01-26,CUST-956,Online,CA,Colombia,20,15.95,10.86,319.0,217.2,101.8
INV-12939,2023-07-03,CUST-783,Wholesale,CA,Brazil,49,16.88,10.69,827.12,523.81,303.31
INV-12940,2023-12-25,CUST-704,Online,WA,Vietnam,45,28.75,12.98,1293.75,584.1,709.65
INV-12941,2023-03-19,CUST-984,Online,FL,Vietnam,9,20.57,13.05,185.13,117.45,67.68
INV-12942,2023-02-08,CUST-654,Online,TX,Ethiopia,42,28.92,16.88,1214.64,708.96,505.68
INV-12943,2023-03-31,CUST-255,Retail,NY,Costa Rica,19,21.51,13.21,408.69,250.99,157.7
INV-12944,2023-04-08,CUST-925,Online,CA,Brazil,30,15.65,9.98,469.5,299.4,170.1
INV-12945,2023-10-14,CUST-594,Wholesale,FL,Vietnam,103,29.5,16.56,3038.5,1705.68,1332.82
INV-12946,2023-05-09,CUST-991,Online,IL,Costa Rica,35,17.15,8.41,600.25,294.35,305.9
INV-12947,2023-03-05,CUST-752,Wholesale,WA,Ethiopia,86,27.42,17.71,2358.12,1523.06,835.06
INV-12948,2023-07-21,CUST-331,Online,NY,Vietnam,27,24.4,10.03,658.8,270.81,387.99
INV-12949,2023-03-26,CUST-311,Retail,FL,Colombia,41,23.17,10.06,949.97,412.46,537.51
INV-12950,2023-03-23,CUST-248,Retail,FL,Costa Rica,3,24.33,16.64,72.99,49.92,23.07
INV-12951,2023-01-02,CUST-680,Wholesale,NY,Costa Rica,358,19.49,12.44,6977.42,4453.52,2523.9
INV-12952,2023-09-04,CUST-810,Wholesale,WA,Guatemala,379,24.22,16.35,9179.38,6196.65,2982.73
INV-12953,2023-03-25,CUST-867,Online,CA,Colombia,50,28.41,16.84,1420.5,842.0,578.5
INV-12954,2023-05-17,CUST-900,Wholesale,NY,Guatemala,274,26.19,12.81,7176.06,3509.94,3666.12
INV-12955,2023-05-14,CUST-462,Online,IL,Ethiopia,25,15.2,8.49,380.0,212.25,167.75
INV-12956,2023-03-23,CUST-202,Retail,IL,Guatemala,15,25.47,11.49,382.05,172.35,209.7
INV-12957,2023-01-05,CUST-856,Wholesale,FL,Guatemala,226,27.21,14.05,6149.46,3175.3,2974.16
INV-12958,2023-01-16,CUST-962,Retail,IL,Guatemala,7,26.66,15.37,186.62,107.59,79.03
INV-12959,2023-09-25,CUST-246,Online,FL,Ethiopia,2,26.6,17.32,53.2,34.64,18.56
INV-12960,2023-08-27,CUST-697,Online,WA,Costa Rica,39,21.35,12.99,832.65,506.61,326.04
INV-12961,2023-03-16,CUST-196,Wholesale,WA,Brazil,20,29.62,15.48,592.4,309.6,282.8
INV-12962,2023-12-06,CUST-473,Online,NY,Ethiopia,43,24.61,17.17,1058.23,738.31,319.92
INV-12963,2023-11-27,CUST-993,Wholesale,TX,Costa Rica,408,20.79,13.75,8482.32,5610.0,2872.32
INV-12964,2023-02-19,CUST-606,Wholesale,FL,Guatemala,204,16.79,6.99,3425.16,1425.96,1999.2
INV-12965,2023-09-03,CUST-351,Wholesale,FL,Ethiopia,124,22.02,10.86,2730.48,1346.64,1383.84
INV-12966,2023-09-16,CUST-856,Online,CA,Vietnam,6,15.67,7.75,94.02,46.5,47.52
INV-12967,2023-07-04,CUST-379,Retail,NY,Costa Rica,24,15.06,8.01,361.44,192.24,169.2
INV-12968,2023-05-23,CUST-703,Wholesale,NY,Guatemala,358,28.39,15.72,10163.62,5627.76,4535.86
INV-12969,2023-03-24,CUST-666,Retail,NY,Ethiopia,41,19.61,10.16,804.01,416.56,387.45
INV-12970,2023-08-28,CUST-952,Wholesale,IL,Costa Rica,397,15.74,7.96,6248.78,3160.12,3088.66
INV-12971,2023-10-18,CUST-763,Wholesale,FL,Costa Rica,482,16.02,9.92,7721.64,4781.44,2940.2
INV-12972,2023-09-26,CUST-787,Wholesale,FL,Colombia,127,26.04,10.47,3307.08,1329.69,1977.39
INV-12973,2023-12-01,CUST-521,Wholesale,WA,Guatemala,465,18.73,12.57,8709.45,5845.05,2864.4
INV-12974,2023-12-20,CUST-867,Retail,NY,Costa Rica,47,23.72,15.9,1114.84,747.3,367.54
INV-12975,2023-03-26,CUST-850,Wholesale,FL,Costa Rica,94,15.2,9.0,1428.8,846.0,582.8
INV-12976,2023-07-05,CUST-691,Retail,WA,Colombia,43,24.99,13.41,1074.57,576.63,497.94
INV-12977,2023-08-07,CUST-734,Wholesale,FL,Brazil,118,15.11,10.0,1782.98,1180.0,602.98
INV-12978,2023-10-08,CUST-602,Retail,FL,Costa Rica,47,25.31,10.67,1189.57,501.49,688.08
INV-12979,2023-10-26,CUST-755,Retail,IL,Costa Rica,24,28.22,13.15,677.28,315.6,361.68
INV-12980,2023-04-02,CUST-923,Wholesale,FL,Colombia,241,27.64,14.64,6661.24,3528.24,3133.0
INV-12981,2023-05-28,CUST-417,Retail,IL,Vietnam,30,25.39,13.25,761.7,397.5,364.2
INV-12982,2023-12-17,CUST-527,Online,NY,Guatemala,14,21.77,12.55,304.78,175.7,129.08
INV-12983,2023-05-11,CUST-850,Retail,WA,Costa Rica,2,27.29,11.74,54.58,23.48,31.1
INV-12984,2023-09-14,CUST-907,Online,TX,Costa Rica,50,27.08,18.59,1354.0,929.5,424.5
INV-12985,2023-09-04,CUST-967,Retail,WA,Brazil,38,25.58,13.45,972.04,511.1,460.94
INV-12986,2023-06-02,CUST-301,Online,WA,Brazil,27,18.12,12.19,489.24,329.13,160.11
INV-12987,2023-09-29,CUST-509,Online,NY,Guatemala,9,20.17,10.27,181.53,92.43,89.1
INV-12988,2023-10-09,CUST-953,Retail,TX,Ethiopia,36,28.41,18.95,1022.76,682.2,340.56
INV-12989,2023-03-24,CUST-520,Retail,TX,Ethiopia,3,22.14,15.22,66.42,45.66,20.76
INV-12990,2023-10-24,CUST-981,Retail,NY,Ethiopia,15,16.75,8.99,251.25,134.85,116.4
INV-12991,2023-03-28,CUST-105,Retail,FL,Guatemala,50,19.83,9.91,991.5,495.5,496.0
INV-12992,2023-10-05,CUST-957,Wholesale,FL,Guatemala,302,27.37,13.6,8265.74,4107.2,4158.54
INV-12993,2023-06-17,CUST-508,Wholesale,IL,Costa Rica,125,25.01,11.66,3126.25,1457.5,1668.75
INV-12994,2023-04-10,CUST-981,Wholesale,CA,Guatemala,197,28.8,12.52,5673.6,2466.44,3207.16
INV-12995,2023-12-04,CUST-274,Wholesale,FL,Costa Rica,76,19.19,8.36,1458.44,635.36,823.08
INV-12996,2023-07-02,CUST-318,Wholesale,WA,Brazil,12,20.19,14.02,242.28,168.24,74.04
INV-12997,2023-09-03,CUST-765,Retail,TX,Costa Rica,10,15.78,6.53,157.8,65.3,92.5
INV-12998,2023-10-02,CUST-896,Wholesale,TX,Colombia,370,26.01,10.64,9623.7,3936.8,5686.9
INV-12999,2023-01-10,CUST-426,Online,TX,Ethiopia,16,17.84,11.81,285.44,188.96,96.48
INV-13000,2023-12-18,CUST-430,Wholesale,IL,Ethiopia,400,23.92,13.51,9568.0,5404.0,4164.0
INV-13001,2023-01-24,CUST-459,Retail,NY,Brazil,33,24.33,10.55,802.89,348.15,454.74
INV-13002,2023-10-12,CUST-419,Retail,TX,Guatemala,23,19.89,10.46,457.47,240.58,216.89
INV-13003,2023-08-08,CUST-492,Wholesale,IL,Brazil,58,27.78,13.73,1611.24,796.34,814.9
INV-13004,2023-01-31,CUST-472,Online,WA,Vietnam,46,15.91,6.48,731.86,298.08,433.78
INV-13005,2023-11-12,CUST-344,Retail,IL,Colombia,18,26.61,11.27,478.98,202.86,276.12
INV-13006,2023-12-20,CUST-343,Wholesale,FL,Ethiopia,149,20.43,13.49,3044.07,2010.01,1034.06
INV-13007,2023-04-12,CUST-642,Wholesale,FL,Ethiopia,247,18.3,8.09,4520.1,1998.23,2521.87
INV-13008,2023-09-15,CUST-624,Wholesale,CA,Vietnam,307,15.11,9.65,4638.77,2962.55,1676.22
INV-13009,2023-02-05,CUST-899,Online,WA,Colombia,9,23.46,16.02,211.14,144.18,66.96
INV-13010,2023-01-19,CUST-217,Wholesale,IL,Guatemala,61,24.88,11.41,1517.68,696.01,821.67
INV-13011,2023-12-18,CUST-778,Online,NY,Brazil,12,16.88,11.01,202.56,132.12,70.44
INV-13012,2023-02-16,CUST-101,Wholesale,WA,Brazil,219,29.17,18.84,6388.23,4125.96,2262.27
INV-13013,2023-06-03,CUST-810,Wholesale,WA,Colombia,343,24.06,16.56,8252.58,5680.08,2572.5
INV-13014,2023-06-05,CUST-818,Online,FL,Costa Rica,23,15.74,6.71,362.02,154.33,207.69
INV-13015,2023-11-30,CUST-938,Retail,CA,Brazil,32,18.93,13.1,605.76,419.2,186.56
INV-13016,2023-08-06,CUST-543,Wholesale,WA,Brazil,343,18.71,7.72,6417.53,2647.96,3769.57
INV-13017,2023-04-06,CUST-372,Online,FL,Colombia,7,28.34,19.41,198.38,135.87,62.51
INV-13018,2023-04-13,CUST-123,Online,CA,Guatemala,12,25.9,11.78,310.8,141.36,169.44
INV-13019,2023-04-25,CUST-178,Wholesale,CA,Colombia,490,16.77,9.98,8217.3,4890.2,3327.1
INV-13020,2023-09-22,CUST-624,Retail,TX,Brazil,2,20.38,9.8,40.76,19.6,21.16
INV-13021,2023-09-20,CUST-635,Wholesale,IL,Brazil,37,17.62,8.46,651.94,313.02,338.92
INV-13022,2023-02-22,CUST-654,Retail,WA,Costa Rica,28,18.09,11.12,506.52,311.36,195.16
INV-13023,2023-06-26,CUST-533,Online,NY,Brazil,22,25.68,12.26,564.96,269.72,295.24
INV-13024,2023-07-07,CUST-712,Online,TX,Colombia,7,23.6,14.72,165.2,103.04,62.16
INV-13025,2023-12-30,CUST-263,Wholesale,TX,Vietnam,96,18.03,12.12,1730.88,1163.52,567.36
INV-13026,2023-02-05,CUST-493,Retail,FL,Brazil,43,27.15,10.94,1167.45,470.42,697.03
INV-13027,2023-10-11,CUST-619,Wholesale,NY,Guatemala,198,16.87,8.65,3340.26,1712.7,1627.56
INV-13028,2023-10-25,CUST-463,Online,TX,Guatemala,17,26.95,12.51,458.15,212.67,245.48
INV-13029,2023-10-08,CUST-237,Online,WA,Vietnam,40,15.55,9.0,622.0,360.0,262.0
INV-13030,2023-05-11,CUST-608,Online,TX,Costa Rica,37,29.5,16.6,1091.5,614.2,477.3
INV-13031,2023-03-29,CUST-893,Retail,TX,Guatemala,35,29.32,14.03,1026.2,491.05,535.15
INV-13032,2023-02-06,CUST-534,Retail,IL,Costa Rica,42,23.87,14.61,1002.54,613.62,388.92
INV-13033,2023-05-21,CUST-459,Wholesale,NY,Brazil,105,24.37,10.2,2558.85,1071.0,1487.85
INV-13034,2024-01-01,CUST-328,Wholesale,IL,Costa Rica,398,18.33,11.73,7295.34,4668.54,2626.8
INV-13035,2023-02-07,CUST-664,Wholesale,NY,Brazil,447,24.02,14.27,10736.94,6378.69,4358.25
INV-13036,2023-06-30,CUST-542,Wholesale,NY,Colombia,242,26.12,12.46,6321.04,3015.32,3305.72
INV-13037,2023-12-04,CUST-489,Retail,IL,Vietnam,8,28.83,18.49,230.64,147.92,82.72
INV-13038,2023-06-18,CUST-458,Retail,WA,Costa Rica,15,16.27,10.39,244.05,155.85,88.2
INV-13039,2023-04-28,CUST-655,Retail,CA,Vietnam,11,26.01,14.51,286.11,159.61,126.5
INV-13040,2023-10-16,CUST-821,Wholesale,CA,Colombia,258,25.23,12.62,6509.34,3255.96,3253.38
INV-13041,2023-08-27,CUST-233,Wholesale,NY,Vietnam,163,26.91,14.37,4386.33,2342.31,2044.02
INV-13042,2023-04-24,CUST-127,Online,IL,Colombia,18,16.48,6.67,296.64,120.06,176.58
INV-13043,2023-02-06,CUST-807,Retail,FL,Colombia,15,22.8,13.61,342.0,204.15,137.85
INV-13044,2023-02-06,CUST-365,Retail,CA,Vietnam,11,24.05,14.04,264.55,154.44,110.11
INV-13045,2023-02-11,CUST-392,Retail,IL,Ethiopia,1,18.96,7.59,18.96,7.59,11.37
INV-13046,2023-05-07,CUST-574,Wholesale,FL,Costa Rica,349,16.08,7.47,5611.92,2607.03,3004.89
INV-13047,2023-04-01,CUST-290,Online,WA,Vietnam,32,26.66,15.2,853.12,486.4,366.72
INV-13048,2023-05-24,CUST-980,Retail,NY,Colombia,49,28.7,11.58,1406.3,567.42,838.88
INV-13049,2023-02-19,CUST-778,Online,FL,Colombia,19,17.73,10.16,336.87,193.04,143.83
INV-13050,2023-08-07,CUST-232,Wholesale,FL,Ethiopia,313,21.27,11.77,6657.51,3684.01,2973.5
INV-13051,2023-10-03,CUST-588,Wholesale,TX,Vietnam,376,16.81,11.0,6320.56,4136.0,2184.56
INV-13052,2023-06-22,CUST-157,Retail,CA,Ethiopia,45,29.07,13.92,1308.15,626.4,681.75
INV-13053,2023-03-04,CUST-122,Online,WA,Guatemala,45,22.79,10.24,1025.55,460.8,564.75
INV-13054,2023-07-20,CUST-513,Wholesale,WA,Brazil,476,27.28,12.49,12985.28,5945.24,7040.04
INV-13055,2023-05-26,CUST-584,Retail,IL,Guatemala,1,18.45,11.96,18.45,11.96,6.49
INV-13056,2023-01-26,CUST-256,Wholesale,IL,Colombia,457,26.96,11.36,12320.72,5191.52,7129.2
INV-13057,2023-04-16,CUST-756,Wholesale,TX,Brazil,271,28.39,12.01,7693.69,3254.71,4438.98
INV-13058,2023-09-24,CUST-369,Wholesale,IL,Brazil,334,24.82,16.37,8289.88,5467.58,2822.3
INV-13059,2023-05-19,CUST-231,Wholesale,IL,Vietnam,127,19.33,8.54,2454.91,1084.58,1370.33
INV-13060,2023-12-23,CUST-785,Online,WA,Vietnam,33,17.94,12.29,592.02,405.57,186.45
INV-13061,2023-03-20,CUST-324,Wholesale,WA,Guatemala,329,23.95,16.75,7879.55,5510.75,2368.8
INV-13062,2023-12-15,CUST-243,Retail,NY,Vietnam,21,16.79,9.89,352.59,207.69,144.9
INV-13063,2023-11-19,CUST-172,Wholesale,CA,Vietnam,220,22.27,10.89,4899.4,2395.8,2503.6
INV-13064,2023-11-11,CUST-324,Online,FL,Costa Rica,1,24.33,16.13,24.33,16.13,8.2
INV-13065,2023-10-13,CUST-422,Retail,FL,Guatemala,44,26.16,15.23,1151.04,670.12,480.92
INV-13066,2023-08-29,CUST-680,Online,IL,Ethiopia,45,24.33,16.21,1094.85,729.45,365.4
INV-13067,2023-03-26,CUST-745,Online,NY,Colombia,29,15.14,10.28,439.06,298.12,140.94
INV-13068,2023-03-10,CUST-567,Retail,IL,Guatemala,20,19.85,11.03,397.0,220.6,176.4
INV-13069,2023-09-05,CUST-317,Wholesale,CA,Costa Rica,80,21.57,12.16,1725.6,972.8,752.8
INV-13070,2023-09-14,CUST-280,Online,TX,Vietnam,13,21.35,11.29,277.55,146.77,130.78
INV-13071,2023-11-18,CUST-194,Wholesale,WA,Ethiopia,385,17.5,8.24,6737.5,3172.4,3565.1
INV-13072,2023-09-20,CUST-933,Retail,IL,Vietnam,40,15.42,6.85,616.8,274.0,342.8
INV-13073,2023-04-29,CUST-496,Retail,TX,Ethiopia,26,19.25,11.01,500.5,286.26,214.24
INV-13074,2023-09-08,CUST-441,Retail,WA,Costa Rica,50,19.6,13.66,980.0,683.0,297.0
INV-13075,2023-06-21,CUST-590,Wholesale,FL,Colombia,37,20.95,9.75,775.15,360.75,414.4
INV-13076,2023-07-22,CUST-826,Retail,FL,Colombia,44,27.43,15.31,1206.92,673.64,533.28
INV-13077,2023-08-18,CUST-286,Retail,WA,Vietnam,20,28.99,13.45,579.8,269.0,310.8
INV-13078,2023-03-20,CUST-700,Retail,TX,Vietnam,36,16.15,10.25,581.4,369.0,212.4
INV-13079,2023-05-23,CUST-609,Online,TX,Brazil,4,27.32,12.35,109.28,49.4,59.88
INV-13080,2023-08-09,CUST-543,Wholesale,FL,Colombia,485,15.35,10.4,7444.75,5044.0,2400.75
INV-13081,2023-06-23,CUST-739,Retail,CA,Colombia,9,18.33,11.3,164.97,101.7,63.27
INV-13082,2023-02-12,CUST-670,Wholesale,IL,Costa Rica,270,25.1,15.51,6777.0,4187.7,2589.3
INV-13083,2023-05-23,CUST-609,Retail,FL,Brazil,14,20.32,12.25,284.48,171.5,112.98
INV-13084,2023-04-25,CUST-987,Wholesale,IL,Guatemala,124,28.27,16.72,3505.48,2073.28,1432.2
INV-13085,2023-10-09,CUST-180,Retail,WA,Guatemala,11,23.32,13.03,256.52,143.33,113.19
INV-13086,2023-03-06,CUST-999,Online,IL,Ethiopia,14,24.94,15.53,349.16,217.42,131.74
INV-13087,2023-03-25,CUST-334,Wholesale,NY,Vietnam,16,23.8,12.93,380.8,206.88,173.92
INV-13088,2023-12-31,CUST-503,Retail,TX,Vietnam,37,26.79,17.22,991.23,637.14,354.09
INV-13089,2023-05-24,CUST-664,Wholesale,FL,Colombia,42,27.49,13.93,1154.58,585.06,569.52
INV-13090,2023-12-08,CUST-658,Wholesale,TX,Ethiopia,386,29.25,17.61,11290.5,6797.46,4493.04
INV-13091,2023-08-23,CUST-325,Online,IL,Guatemala,2,24.08,13.06,48.16,26.12,22.04
INV-13092,2023-11-26,CUST-759,Wholesale,FL,Costa Rica,467,27.98,15.67,13066.66,7317.89,5748.77
INV-13093,2023-11-23,CUST-161,Wholesale,FL,Guatemala,168,17.93,10.03,3012.24,1685.04,1327.2
INV-13094,2023-07-01,CUST-686,Online,IL,Ethiopia,49,15.54,7.58,761.46,371.42,390.04
INV-13095,2023-07-18,CUST-835,Wholesale,NY,Costa Rica,96,27.8,18.69,2668.8,1794.24,874.56
INV-13096,2023-03-23,CUST-526,Online,NY,Brazil,4,15.75,6.84,63.0,27.36,35.64
INV-13097,2023-09-19,CUST-329,Online,CA,Guatemala,25,27.61,16.37,690.25,409.25,281.0
INV-13098,2023-05-09,CUST-688,Wholesale,NY,Costa Rica,317,26.05,16.07,8257.85,5094.19,3163.66
INV-13099,2023-02-05,CUST-469,Online,NY,Guatemala,45,27.56,14.78,1240.2,665.1,575.1
INV-13100,2023-01-18,CUST-356,Retail,FL,Vietnam,45,17.84,11.7,802.8,526.5,276.3
INV-13101,2023-10-19,CUST-102,Online,NY,Brazil,21,20.95,13.18,439.95,276.78,163.17
INV-13102,2023-02-08,CUST-525,Retail,CA,Ethiopia,13,23.27,11.06,302.51,143.78,158.73
INV-13103,2023-07-18,CUST-272,Retail,FL,Vietnam,17,17.69,10.8,300.73,183.6,117.13
INV-13104,2023-05-03,CUST-531,Online,IL,Brazil,44,25.67,16.44,1129.48,723.36,406.12
INV-13105,2023-03-31,CUST-549,Online,FL,Brazil,50,22.15,14.13,1107.5,706.5,401.0
INV-13106,2023-11-21,CUST-989,Retail,IL,Guatemala,9,26.85,17.7,241.65,159.3,82.35
INV-13107,2023-02-11,CUST-729,Online,CA,Colombia,4,21.33,10.07,85.32,40.28,45.04
INV-13108,2023-05-30,CUST-195,Retail,CA,Vietnam,50,20.65,8.85,1032.5,442.5,590.0
INV-13109,2023-07-14,CUST-538,Retail,FL,Vietnam,50,28.07,14.71,1403.5,735.5,668.0
INV-13110,2023-09-28,CUST-724,Wholesale,CA,Vietnam,66,29.69,13.92,1959.54,918.72,1040.82
INV-13111,2023-09-13,CUST-267,Online,WA,Brazil,47,18.12,8.7,851.64,408.9,442.74
INV-13112,2023-01-27,CUST-480,Wholesale,IL,Vietnam,79,16.26,6.65,1284.54,525.35,759.19
INV-13113,2023-01-24,CUST-536,Retail,NY,Colombia,22,26.38,14.21,580.36,312.62,267.74
INV-13114,2023-08-04,CUST-299,Online,NY,Ethiopia,6,23.59,10.7,141.54,64.2,77.34
INV-13115,2023-11-18,CUST-771,Wholesale,TX,Costa Rica,161,26.33,15.98,4239.13,2572.78,1666.35
INV-13116,2023-01-10,CUST-145,Wholesale,FL,Brazil,52,28.4,18.39,1476.8,956.28,520.52
INV-13117,2023-06-17,CUST-943,Online,TX,Vietnam,47,29.44,13.69,1383.68,643.43,740.25
INV-13118,2023-03-22,CUST-608,Wholesale,IL,Guatemala,240,16.57,9.37,3976.8,2248.8,1728.0
INV-13119,2023-01-20,CUST-567,Online,IL,Guatemala,42,16.58,9.58,696.36,402.36,294.0
INV-13120,2023-11-09,CUST-203,Retail,WA,Colombia,26,17.84,10.94,463.84,284.44,179.4
INV-13121,2023-04-07,CUST-707,Wholesale,TX,Guatemala,381,26.92,12.14,10256.52,4625.34,5631.18
INV-13122,2023-06-08,CUST-725,Online,CA,Brazil,50,17.02,6.88,851.0,344.0,507.0
INV-13123,2023-03-24,CUST-753,Wholesale,FL,Guatemala,454,15.26,7.46,6928.04,3386.84,3541.2
INV-13124,2023-02-04,CUST-200,Wholesale,TX,Guatemala,237,23.42,16.1,5550.54,3815.7,1734.84
INV-13125,2023-03-14,CUST-784,Wholesale,TX,Colombia,279,19.12,10.37,5334.48,2893.23,2441.25
INV-13126,2023-01-18,CUST-933,Online,IL,Brazil,33,23.87,12.06,787.71,397.98,389.73
INV-13127,2023-04-25,CUST-291,Online,IL,Costa Rica,48,24.49,9.91,1175.52,475.68,699.84
INV-13128,2023-10-25,CUST-419,Wholesale,TX,Vietnam,103,22.49,14.02,2316.47,1444.06,872.41
INV-13129,2023-02-03,CUST-915,Wholesale,TX,Guatemala,280,26.57,14.02,7439.6,3925.6,3514.0
INV-13130,2023-08-20,CUST-104,Wholesale,FL,Guatemala,83,20.24,9.95,1679.92,825.85,854.07
INV-13131,2023-01-25,CUST-522,Wholesale,WA,Colombia,414,19.62,8.8,8122.68,3643.2,4479.48
INV-13132,2023-08-21,CUST-837,Online,NY,Vietnam,49,22.75,10.22,1114.75,500.78,613.97
INV-13133,2023-12-07,CUST-715,Retail,NY,Vietnam,46,19.93,10.42,916.78,479.32,437.46
INV-13134,2023-06-15,CUST-219,Retail,FL,Guatemala,35,18.19,8.25,636.65,288.75,347.9
INV-13135,2023-10-08,CUST-608,Online,WA,Guatemala,40,15.33,9.51,613.2,380.4,232.8
INV-13136,2023-11-05,CUST-920,Wholesale,TX,Guatemala,443,15.62,7.24,6919.66,3207.32,3712.34
INV-13137,2023-02-05,CUST-490,Retail,CA,Costa Rica,28,22.6,14.77,632.8,413.56,219.24
INV-13138,2023-07-12,CUST-158,Online,CA,Guatemala,48,24.56,13.05,1178.88,626.4,552.48
INV-13139,2023-01-13,CUST-650,Wholesale,TX,Colombia,392,19.62,10.51,7691.04,4119.92,3571.12
INV-13140,2023-11-12,CUST-407,Wholesale,WA,Colombia,138,16.86,7.11,2326.68,981.18,1345.5
INV-13141,2023-06-12,CUST-968,Wholesale,FL,Colombia,209,15.4,6.26,3218.6,1308.34,1910.26
INV-13142,2023-02-20,CUST-304,Online,FL,Ethiopia,34,16.61,11.37,564.74,386.58,178.16
INV-13143,2023-04-22,CUST-966,Online,IL,Brazil,11,22.51,14.41,247.61,158.51,89.1
INV-13144,2023-10-01,CUST-351,Wholesale,WA,Brazil,60,29.41,14.76,1764.6,885.6,879.0
INV-13145,2023-09-26,CUST-507,Wholesale,TX,Vietnam,104,26.6,12.5,2766.4,1300.0,1466.4
INV-13146,2023-08-12,CUST-416,Wholesale,FL,Guatemala,462,26.36,13.62,12178.32,6292.44,5885.88
INV-13147,2023-08-20,CUST-340,Online,CA,Guatemala,36,27.09,10.88,975.24,391.68,583.56
INV-13148,2023-02-12,CUST-206,Online,NY,Colombia,36,28.39,12.98,1022.04,467.28,554.76
INV-13149,2023-02-11,CUST-895,Retail,IL,Colombia,18,15.54,9.43,279.72,169.74,109.98
INV-13150,2023-09-27,CUST-888,Retail,NY,Guatemala,2,25.73,12.81,51.46,25.62,25.84
INV-13151,2023-10-09,CUST-957,Wholesale,TX,Ethiopia,379,24.97,17.01,9463.63,6446.79,3016.84
INV-13152,2023-03-11,CUST-272,Online,TX,Brazil,22,19.05,9.54,419.1,209.88,209.22
INV-13153,2023-11-16,CUST-245,Wholesale,IL,Costa Rica,498,26.52,12.92,13206.96,6434.16,6772.8
INV-13154,2023-02-22,CUST-134,Wholesale,FL,Brazil,197,27.63,16.69,5443.11,3287.93,2155.18
INV-13155,2023-05-13,CUST-592,Wholesale,WA,Brazil,232,19.38,8.53,4496.16,1978.96,2517.2
INV-13156,2023-03-15,CUST-217,Retail,CA,Costa Rica,4,25.39,13.53,101.56,54.12,47.44
INV-13157,2023-01-02,CUST-970,Online,TX,Costa Rica,32,18.78,12.86,600.96,411.52,189.44
INV-13158,2023-02-07,CUST-738,Online,WA,Ethiopia,38,18.42,11.4,699.96,433.2,266.76
INV-13159,2023-03-13,CUST-930,Wholesale,TX,Ethiopia,160,22.08,12.02,3532.8,1923.2,1609.6
INV-13160,2023-04-05,CUST-910,Online,IL,Vietnam,35,21.26,11.77,744.1,411.95,332.15
INV-13161,2023-01-20,CUST-506,Online,IL,Ethiopia,32,20.89,13.42,668.48,429.44,239.04
INV-13162,2023-05-07,CUST-582,Retail,NY,Vietnam,43,15.09,10.29,648.87,442.47,206.4
INV-13163,2023-06-17,CUST-256,Online,IL,Ethiopia,47,26.84,16.3,1261.48,766.1,495.38
INV-13164,2023-06-08,CUST-742,Retail,IL,Brazil,9,20.06,10.22,180.54,91.98,88.56
INV-13165,2023-12-06,CUST-284,Retail,CA,Colombia,20,18.46,10.41,369.2,208.2,161.0
INV-13166,2023-02-10,CUST-265,Retail,IL,Guatemala,30,20.03,9.52,600.9,285.6,315.3
INV-13167,2023-11-30,CUST-725,Online,IL,Colombia,16,15.29,10.52,244.64,168.32,76.32
INV-13168,2023-09-17,CUST-271,Retail,NY,Vietnam,44,26.29,17.23,1156.76,758.12,398.64
INV-13169,2023-06-25,CUST-898,Wholesale,NY,Ethiopia,402,20.73,13.47,8333.46,5414.94,2918.52
INV-13170,2023-01-03,CUST-678,Wholesale,NY,Ethiopia,320,29.76,15.55,9523.2,4976.0,4547.2
INV-13171,2023-12-25,CUST-987,Retail,CA,Costa Rica,37,19.76,9.25,731.12,342.25,388.87
INV-13172,2023-10-20,CUST-565,Online,TX,Brazil,38,29.8,16.0,1132.4,608.0,524.4
INV-13173,2023-11-26,CUST-287,Wholesale,TX,Colombia,205,24.14,15.17,4948.7,3109.85,1838.85
INV-13174,2023-05-08,CUST-129,Wholesale,FL,Costa Rica,79,27.96,17.88,2208.84,1412.52,796.32
INV-13175,2023-08-23,CUST-153,Retail,FL,Ethiopia,21,29.2,11.98,613.2,251.58,361.62
INV-13176,2023-04-13,CUST-158,Online,WA,Brazil,44,17.87,9.06,786.28,398.64,387.64
INV-13177,2023-02-07,CUST-315,Retail,FL,Brazil,45,28.42,16.93,1278.9,761.85,517.05
INV-13178,2023-05-01,CUST-122,Retail,IL,Colombia,37,17.71,8.07,655.27,298.59,356.68
INV-13179,2023-04-28,CUST-864,Online,TX,Brazil,48,20.26,12.65,972.48,607.2,365.28
INV-13180,2023-09-30,CUST-792,Online,CA,Vietnam,6,17.33,10.89,103.98,65.34,38.64
INV-13181,2023-11-18,CUST-397,Retail,NY,Guatemala,15,16.01,7.86,240.15,117.9,122.25
INV-13182,2023-03-01,CUST-211,Online,CA,Guatemala,30,23.21,10.06,696.3,301.8,394.5
INV-13183,2023-05-02,CUST-662,Online,NY,Vietnam,28,18.45,8.96,516.6,250.88,265.72
INV-13184,2023-04-19,CUST-741,Wholesale,WA,Brazil,322,27.64,16.36,8900.08,5267.92,3632.16
INV-13185,2023-09-21,CUST-377,Wholesale,FL,Brazil,300,23.64,16.47,7092.0,4941.0,2151.0
INV-13186,2023-07-14,CUST-935,Wholesale,CA,Brazil,406,27.62,16.49,11213.72,6694.94,4518.78
INV-13187,2023-05-31,CUST-823,Retail,WA,Guatemala,47,26.22,15.88,1232.34,746.36,485.98
INV-13188,2023-06-19,CUST-998,Online,TX,Ethiopia,31,26.6,16.31,824.6,505.61,318.99
INV-13189,2023-11-23,CUST-707,Online,NY,Costa Rica,19,28.48,15.6,541.12,296.4,244.72
INV-13190,2023-05-12,CUST-756,Wholesale,WA,Costa Rica,46,25.87,12.82,1190.02,589.72,600.3
INV-13191,2023-10-02,CUST-367,Online,WA,Colombia,47,23.32,14.89,1096.04,699.83,396.21
INV-13192,2023-05-19,CUST-697,Wholesale,WA,Colombia,483,25.92,12.66,12519.36,6114.78,6404.58
INV-13193,2023-01-21,CUST-488,Retail,IL,Brazil,9,16.96,7.1,152.64,63.9,88.74
INV-13194,2023-04-11,CUST-972,Online,CA,Colombia,14,20.51,9.22,287.14,129.08,158.06
INV-13195,2023-01-17,CUST-200,Online,FL,Colombia,6,25.51,12.24,153.06,73.44,79.62
INV-13196,2023-12-11,CUST-739,Retail,TX,Guatemala,14,26.28,14.82,367.92,207.48,160.44
INV-13197,2023-11-02,CUST-235,Online,WA,Brazil,3,25.29,16.68,75.87,50.04,25.83
INV-13198,2023-10-27,CUST-365,Online,TX,Colombia,37,23.66,14.92,875.42,552.04,323.38
INV-13199,2023-09-01,CUST-282,Retail,NY,Ethiopia,47,24.74,10.74,1162.78,504.78,658.0
INV-13200,2023-10-08,CUST-625,Retail,NY,Colombia,34,29.1,16.38,989.4,556.92,432.48
INV-13201,2023-10-31,CUST-614,Online,CA,Costa Rica,25,21.83,14.5,545.75,362.5,183.25
INV-13202,2023-09-15,CUST-711,Online,NY,Ethiopia,39,25.8,13.06,1006.2,509.34,496.86
INV-13203,2023-11-15,CUST-436,Wholesale,IL,Vietnam,446,18.56,12.11,8277.76,5401.06,2876.7
INV-13204,2023-09-30,CUST-152,Online,NY,Ethiopia,25,16.57,8.07,414.25,201.75,212.5
INV-13205,2023-05-11,CUST-465,Wholesale,FL,Costa Rica,448,19.57,13.01,8767.36,5828.48,2938.88
INV-13206,2023-03-14,CUST-440,Wholesale,TX,Brazil,218,18.94,9.71,4128.92,2116.78,2012.14
INV-13207,2023-11-27,CUST-882,Wholesale,FL,Colombia,73,16.1,9.1,1175.3,664.3,511.0
INV-13208,2023-04-01,CUST-403,Online,TX,Costa Rica,20,18.58,8.56,371.6,171.2,200.4
INV-13209,2023-03-21,CUST-916,Online,TX,Ethiopia,15,24.04,11.24,360.6,168.6,192.0
INV-13210,2023-03-02,CUST-376,Online,IL,Brazil,43,16.21,10.75,697.03,462.25,234.78
INV-13211,2023-03-06,CUST-519,Retail,WA,Ethiopia,6,25.94,11.62,155.64,69.72,85.92
INV-13212,2023-04-30,CUST-465,Wholesale,TX,Colombia,80,24.73,16.08,1978.4,1286.4,692.0
INV-13213,2023-06-28,CUST-553,Wholesale,CA,Ethiopia,496,29.31,17.43,14537.76,8645.28,5892.48
INV-13214,2023-08-28,CUST-726,Wholesale,TX,Costa Rica,281,22.31,15.37,6269.11,4318.97,1950.14
INV-13215,2023-12-05,CUST-611,Online,FL,Vietnam,27,20.3,8.31,548.1,224.37,323.73
INV-13216,2023-10-24,CUST-208,Online,NY,Vietnam,43,18.53,7.98,796.79,343.14,453.65
INV-13217,2023-04-28,CUST-218,Online,IL,Ethiopia,36,17.39,11.98,626.04,431.28,194.76
INV-13218,2023-03-05,CUST-739,Retail,CA,Vietnam,8,28.31,14.1,226.48,112.8,113.68
INV-13219,2023-06-27,CUST-686,Retail,TX,Guatemala,26,17.84,9.54,463.84,248.04,215.8
INV-13220,2023-04-12,CUST-998,Online,FL,Ethiopia,47,27.68,18.71,1300.96,879.37,421.59
INV-13221,2023-06-07,CUST-858,Online,NY,Guatemala,2,22.63,12.38,45.26,24.76,20.5
INV-13222,2023-06-20,CUST-760,Wholesale,WA,Brazil,29,17.65,8.2,511.85,237.8,274.05
INV-13223,2023-03-10,CUST-524,Retail,IL,Ethiopia,35,17.51,9.87,612.85,345.45,267.4
INV-13224,2023-02-27,CUST-813,Wholesale,NY,Vietnam,389,27.17,18.72,10569.13,7282.08,3287.05
INV-13225,2023-02-14,CUST-966,Wholesale,WA,Guatemala,234,25.8,11.56,6037.2,2705.04,3332.16
INV-13226,2023-01-28,CUST-306,Wholesale,FL,Guatemala,185,28.91,12.53,5348.35,2318.05,3030.3
INV-13227,2023-07-01,CUST-195,Retail,WA,Guatemala,2,15.14,9.59,30.28,19.18,11.1
INV-13228,2023-03-03,CUST-649,Online,TX,Brazil,45,28.79,16.59,1295.55,746.55,549.0
INV-13229,2023-06-20,CUST-926,Online,CA,Colombia,23,27.83,13.61,640.09,313.03,327.06
INV-13230,2023-11-15,CUST-580,Wholesale,CA,Brazil,17,21.88,9.07,371.96,154.19,217.77
INV-13231,2023-03-13,CUST-545,Wholesale,WA,Guatemala,136,29.79,18.62,4051.44,2532.32,1519.12
INV-13232,2023-03-29,CUST-719,Retail,NY,Ethiopia,44,28.75,16.4,1265.0,721.6,543.4
INV-13233,2023-01-23,CUST-232,Retail,FL,Guatemala,39,25.04,12.95,976.56,505.05,471.51
INV-13234,2023-06-13,CUST-209,Online,IL,Guatemala,46,23.28,12.31,1070.88,566.26,504.62
INV-13235,2023-08-23,CUST-710,Wholesale,CA,Vietnam,100,27.12,12.46,2712.0,1246.0,1466.0
INV-13236,2023-04-15,CUST-854,Online,TX,Brazil,13,17.4,11.15,226.2,144.95,81.25
INV-13237,2023-04-06,CUST-307,Retail,IL,Ethiopia,31,29.55,16.95,916.05,525.45,390.6
INV-13238,2023-01-28,CUST-786,Retail,WA,Brazil,38,15.91,6.44,604.58,244.72,359.86
INV-13239,2023-06-09,CUST-190,Retail,CA,Colombia,29,20.1,12.27,582.9,355.83,227.07
INV-13240,2023-07-27,CUST-286,Retail,WA,Costa Rica,47,18.55,8.1,871.85,380.7,491.15
INV-13241,2023-02-21,CUST-866,Retail,CA,Brazil,33,20.5,11.29,676.5,372.57,303.93
INV-13242,2023-07-27,CUST-176,Online,WA,Colombia,29,29.82,13.24,864.78,383.96,480.82
INV-13243,2023-02-28,CUST-374,Wholesale,IL,Brazil,448,24.83,10.2,11123.84,4569.6,6554.24
INV-13244,2023-01-14,CUST-789,Wholesale,CA,Colombia,419,16.68,7.83,6988.92,3280.77,3708.15
INV-13245,2023-02-20,CUST-933,Wholesale,CA,Ethiopia,30,16.89,9.26,506.7,277.8,228.9
INV-13246,2023-12-08,CUST-553,Online,FL,Ethiopia,10,16.34,8.97,163.4,89.7,73.7
INV-13247,2023-11-14,CUST-884,Online,CA,Vietnam,24,22.1,10.33,530.4,247.92,282.48
INV-13248,2023-12-04,CUST-490,Retail,CA,Colombia,30,15.47,8.73,464.1,261.9,202.2
INV-13249,2023-03-13,CUST-682,Online,CA,Guatemala,16,28.31,13.53,452.96,216.48,236.48
INV-13250,2023-12-10,CUST-520,Retail,FL,Brazil,26,17.78,9.88,462.28,256.88,205.4
INV-13251,2023-12-24,CUST-248,Retail,FL,Brazil,21,18.2,8.34,382.2,175.14,207.06
INV-13252,2023-01-30,CUST-595,Wholesale,CA,Vietnam,492,23.52,14.47,11571.84,7119.24,4452.6
INV-13253,2023-12-26,CUST-845,Online,NY,Ethiopia,5,22.11,10.49,110.55,52.45,58.1
INV-13254,2023-12-14,CUST-603,Wholesale,FL,Brazil,322,22.01,9.65,7087.22,3107.3,3979.92
INV-13255,2023-03-03,CUST-733,Wholesale,WA,Brazil,230,15.31,9.15,3521.3,2104.5,1416.8
INV-13256,2023-01-23,CUST-228,Online,FL,Vietnam,7,22.49,11.32,157.43,79.24,78.19
INV-13257,2023-04-15,CUST-397,Retail,WA,Vietnam,41,15.08,6.26,618.28,256.66,361.62
INV-13258,2023-02-25,CUST-268,Online,WA,Vietnam,34,29.8,17.28,1013.2,587.52,425.68
INV-13259,2023-05-17,CUST-306,Wholesale,IL,Costa Rica,433,20.85,13.46,9028.05,5828.18,3199.87
INV-13260,2023-08-29,CUST-386,Online,CA,Colombia,12,23.34,13.28,280.08,159.36,120.72
INV-13261,2023-10-31,CUST-797,Wholesale,TX,Ethiopia,449,19.3,13.42,8665.7,6025.58,2640.12
INV-13262,2023-11-07,CUST-843,Online,IL,Ethiopia,50,16.95,11.49,847.5,574.5,273.0
INV-13263,2023-10-26,CUST-552,Wholesale,IL,Vietnam,473,17.39,7.22,8225.47,3415.06,4810.41
INV-13264,2023-06-17,CUST-479,Online,TX,Guatemala,29,23.17,15.56,671.93,451.24,220.69
INV-13265,2023-10-05,CUST-710,Online,WA,Guatemala,33,16.74,7.27,552.42,239.91,312.51
INV-13266,2023-07-24,CUST-647,Wholesale,WA,Costa Rica,428,24.65,13.71,10550.2,5867.88,4682.32
INV-13267,2023-04-17,CUST-544,Retail,TX,Brazil,8,20.73,13.41,165.84,107.28,58.56
INV-13268,2023-10-18,CUST-802,Wholesale,FL,Brazil,52,23.94,13.89,1244.88,722.28,522.6
INV-13269,2023-12-27,CUST-829,Wholesale,FL,Ethiopia,202,27.37,13.22,5528.74,2670.44,2858.3
INV-13270,2023-02-13,CUST-108,Online,TX,Vietnam,32,25.82,16.21,826.24,518.72,307.52
INV-13271,2023-12-04,CUST-842,Retail,TX,Brazil,21,24.9,12.65,522.9,265.65,257.25
INV-13272,2023-09-04,CUST-748,Online,FL,Guatemala,10,17.17,8.7,171.7,87.0,84.7
INV-13273,2023-01-27,CUST-240,Online,WA,Guatemala,47,24.69,13.01,1160.43,611.47,548.96
INV-13274,2023-01-24,CUST-348,Wholesale,WA,Costa Rica,21,27.06,11.91,568.26,250.11,318.15
INV-13275,2023-05-09,CUST-129,Retail,WA,Costa Rica,35,24.14,11.13,844.9,389.55,455.35
INV-13276,2023-07-19,CUST-814,Online,FL,Colombia,10,21.02,10.08,210.2,100.8,109.4
INV-13277,2023-12-15,CUST-695,Online,FL,Ethiopia,6,16.03,10.28,96.18,61.68,34.5
INV-13278,2023-01-18,CUST-319,Retail,IL,Ethiopia,44,16.79,8.07,738.76,355.08,383.68
INV-13279,2023-12-26,CUST-799,Retail,CA,Brazil,42,29.07,16.53,1220.94,694.26,526.68
INV-13280,2023-03-04,CUST-300,Retail,NY,Vietnam,33,25.76,13.51,850.08,445.83,404.25
INV-13281,2023-11-29,CUST-642,Wholesale,CA,Costa Rica,180,24.93,14.9,4487.4,2682.0,1805.4
INV-13282,2023-03-02,CUST-652,Online,NY,Colombia,46,19.97,10.93,918.62,502.78,415.84
INV-13283,2023-02-21,CUST-493,Online,WA,Colombia,19,20.37,8.28,387.03,157.32,229.71
INV-13284,2023-02-18,CUST-342,Online,FL,Colombia,13,21.04,14.72,273.52,191.36,82.16
INV-13285,2023-12-18,CUST-273,Online,WA,Brazil,4,18.97,9.97,75.88,39.88,36.0
INV-13286,2023-05-26,CUST-719,Retail,WA,Brazil,46,29.49,12.84,1356.54,590.64,765.9
INV-13287,2023-08-31,CUST-239,Online,CA,Ethiopia,12,20.76,8.62,249.12,103.44,145.68
INV-13288,2023-04-25,CUST-653,Retail,NY,Guatemala,20,20.08,8.5,401.6,170.0,231.6
INV-13289,2023-05-23,CUST-225,Wholesale,NY,Vietnam,260,18.91,8.98,4916.6,2334.8,2581.8
INV-13290,2023-07-01,CUST-705,Retail,FL,Ethiopia,49,15.98,10.77,783.02,527.73,255.29
INV-13291,2023-09-28,CUST-287,Retail,NY,Costa Rica,17,27.68,16.5,470.56,280.5,190.06
INV-13292,2023-05-24,CUST-659,Wholesale,IL,Colombia,336,18.53,7.8,6226.08,2620.8,3605.28
INV-13293,2023-09-20,CUST-518,Retail,TX,Guatemala,21,27.06,16.23,568.26,340.83,227.43
INV-13294,2023-05-07,CUST-194,Wholesale,CA,Brazil,300,28.6,15.21,8580.0,4563.0,4017.0
INV-13295,2023-04-30,CUST-726,Online,CA,Vietnam,11,20.98,11.4,230.78,125.4,105.38
INV-13296,2023-04-08,CUST-155,Online,TX,Brazil,7,20.14,11.7,140.98,81.9,59.08
INV-13297,2023-07-05,CUST-962,Wholesale,WA,Guatemala,316,27.73,17.21,8762.68,5438.36,3324.32
INV-13298,2023-11-08,CUST-577,Wholesale,NY,Brazil,243,21.58,12.65,5243.94,3073.95,2169.99
INV-13299,2023-03-27,CUST-883,Online,WA,Ethiopia,38,27.59,12.52,1048.42,475.76,572.66
INV-13300,2023-12-10,CUST-410,Retail,IL,Guatemala,26,15.49,8.65,402.74,224.9,177.84
INV-13301,2023-03-23,CUST-527,Retail,TX,Ethiopia,47,27.97,14.93,1314.59,701.71,612.88
INV-13302,2023-07-05,CUST-221,Wholesale,WA,Ethiopia,456,27.92,12.07,12731.52,5503.92,7227.6
INV-13303,2023-07-12,CUST-705,Online,NY,Brazil,11,15.29,7.53,168.19,82.83,85.36
INV-13304,2023-12-26,CUST-889,Wholesale,TX,Brazil,72,22.73,14.54,1636.56,1046.88,589.68
INV-13305,2023-08-28,CUST-126,Online,TX,Costa Rica,33,18.15,9.44,598.95,311.52,287.43
INV-13306,2023-01-23,CUST-968,Online,TX,Vietnam,29,29.09,18.07,843.61,524.03,319.58
INV-13307,2023-07-27,CUST-445,Wholesale,CA,Colombia,276,19.45,8.76,5368.2,2417.76,2950.44
INV-13308,2023-08-24,CUST-710,Wholesale,NY,Colombia,94,20.52,12.04,1928.88,1131.76,797.12
INV-13309,2023-06-17,CUST-208,Online,WA,Costa Rica,15,26.83,18.58,402.45,278.7,123.75
INV-13310,2023-04-14,CUST-330,Wholesale,IL,Vietnam,495,28.57,14.76,14142.15,7306.2,6835.95
INV-13311,2023-07-25,CUST-571,Wholesale,IL,Brazil,245,25.98,15.66,6365.1,3836.7,2528.4
INV-13312,2023-01-18,CUST-880,Retail,FL,Ethiopia,36,29.75,15.45,1071.0,556.2,514.8
INV-13313,2023-07-19,CUST-888,Wholesale,IL,Costa Rica,246,17.43,11.45,4287.78,2816.7,1471.08
INV-13314,2023-07-09,CUST-333,Retail,NY,Ethiopia,29,25.94,10.47,752.26,303.63,448.63
INV-13315,2023-09-04,CUST-883,Wholesale,IL,Guatemala,415,24.63,15.59,10221.45,6469.85,3751.6
INV-13316,2023-10-08,CUST-519,Retail,IL,Ethiopia,25,27.12,14.76,678.0,369.0,309.0
INV-13317,2023-04-28,CUST-544,Online,CA,Vietnam,10,22.41,15.23,224.1,152.3,71.8
INV-13318,2023-05-04,CUST-542,Retail,NY,Colombia,20,17.36,8.38,347.2,167.6,179.6
INV-13319,2023-09-27,CUST-112,Online,CA,Guatemala,35,19.06,12.16,667.1,425.6,241.5
INV-13320,2024-01-01,CUST-128,Retail,CA,Ethiopia,19,23.92,16.15,454.48,306.85,147.63
INV-13321,2023-05-15,CUST-938,Online,IL,Costa Rica,40,23.57,11.44,942.8,457.6,485.2
INV-13322,2023-07-05,CUST-654,Online,IL,Guatemala,44,24.85,15.63,1093.4,687.72,405.68
INV-13323,2023-08-12,CUST-467,Wholesale,WA,Ethiopia,76,21.94,9.6,1667.44,729.6,937.84
INV-13324,2023-05-01,CUST-174,Wholesale,NY,Guatemala,93,16.11,10.2,1498.23,948.6,549.63
INV-13325,2023-09-05,CUST-264,Online,WA,Colombia,9,19.9,12.72,179.1,114.48,64.62
INV-13326,2023-02-09,CUST-423,Wholesale,TX,Guatemala,107,27.67,19.23,2960.69,2057.61,903.08
INV-13327,2023-12-17,CUST-473,Online,WA,Guatemala,37,22.3,12.26,825.1,453.62,371.48
INV-13328,2023-05-01,CUST-737,Online,TX,Brazil,35,19.61,11.28,686.35,394.8,291.55
INV-13329,2023-04-16,CUST-589,Wholesale,CA,Colombia,211,19.3,8.76,4072.3,1848.36,2223.94
INV-13330,2023-09-14,CUST-952,Online,CA,Brazil,33,20.12,12.19,663.96,402.27,261.69
INV-13331,2023-10-18,CUST-888,Online,CA,Guatemala,6,25.67,13.67,154.02,82.02,72.0
INV-13332,2023-05-11,CUST-865,Wholesale,NY,Vietnam,279,26.2,14.94,7309.8,4168.26,3141.54
INV-13333,2023-05-05,CUST-884,Retail,CA,Colombia,15,27.57,11.44,413.55,171.6,241.95
INV-13334,2023-07-26,CUST-999,Wholesale,WA,Ethiopia,418,28.63,13.68,11967.34,5718.24,6249.1
INV-13335,2023-11-18,CUST-112,Retail,CA,Costa Rica,20,25.18,12.54,503.6,250.8,252.8
INV-13336,2023-11-08,CUST-146,Online,FL,Costa Rica,46,16.1,8.36,740.6,384.56,356.04
INV-13337,2023-07-25,CUST-462,Online,NY,Costa Rica,34,26.26,17.29,892.84,587.86,304.98
INV-13338,2023-05-05,CUST-412,Retail,NY,Ethiopia,3,20.36,12.35,61.08,37.05,24.03
INV-13339,2023-04-01,CUST-589,Online,NY,Guatemala,13,17.77,12.43,231.01,161.59,69.42
INV-13340,2023-06-07,CUST-233,Wholesale,CA,Brazil,18,28.69,12.48,516.42,224.64,291.78
INV-13341,2023-07-24,CUST-705,Wholesale,NY,Ethiopia,311,20.11,9.15,6254.21,2845.65,3408.56
INV-13342,2023-07-05,CUST-903,Online,IL,Brazil,11,21.28,12.04,234.08,132.44,101.64
INV-13343,2023-09-10,CUST-142,Online,CA,Brazil,22,18.85,11.03,414.7,242.66,172.04
INV-13344,2023-02-27,CUST-394,Online,NY,Vietnam,13,16.21,6.88,210.73,89.44,121.29
INV-13345,2023-06-08,CUST-578,Wholesale,IL,Guatemala,217,15.7,7.47,3406.9,1620.99,1785.91
INV-13346,2023-08-31,CUST-545,Retail,WA,Costa Rica,26,20.31,13.26,528.06,344.76,183.3
INV-13347,2023-06-09,CUST-374,Online,WA,Ethiopia,39,25.49,14.05,994.11,547.95,446.16
INV-13348,2023-07-31,CUST-619,Retail,FL,Costa Rica,16,19.99,10.49,319.84,167.84,152.0
INV-13349,2023-01-04,CUST-846,Wholesale,NY,Ethiopia,89,24.18,13.47,2152.02,1198.83,953.19
INV-13350,2023-12-07,CUST-373,Online,IL,Guatemala,21,20.18,12.49,423.78,262.29,161.49
INV-13351,2023-01-06,CUST-655,Online,WA,Brazil,12,29.63,12.09,355.56,145.08,210.48
INV-13352,2023-10-10,CUST-315,Retail,TX,Guatemala,25,24.7,12.69,617.5,317.25,300.25
INV-13353,2023-06-18,CUST-339,Wholesale,CA,Costa Rica,27,15.18,9.33,409.86,251.91,157.95
INV-13354,2023-11-14,CUST-182,Wholesale,FL,Ethiopia,188,20.97,14.58,3942.36,2741.04,1201.32
INV-13355,2023-06-24,CUST-794,Online,CA,Costa Rica,1,23.08,14.24,23.08,14.24,8.84
INV-13356,2023-07-27,CUST-143,Online,TX,Colombia,4,24.74,13.65,98.96,54.6,44.36
INV-13357,2023-10-03,CUST-683,Online,WA,Costa Rica,46,21.47,13.53,987.62,622.38,365.24
INV-13358,2023-08-13,CUST-347,Online,CA,Vietnam,21,19.9,13.32,417.9,279.72,138.18
INV-13359,2023-03-22,CUST-527,Retail,FL,Colombia,42,22.93,15.2,963.06,638.4,324.66
INV-13360,2023-12-21,CUST-522,Retail,IL,Colombia,43,19.6,9.14,842.8,393.02,449.78
INV-13361,2023-02-18,CUST-916,Retail,FL,Brazil,13,24.86,11.32,323.18,147.16,176.02
INV-13362,2023-04-19,CUST-227,Wholesale,CA,Brazil,473,17.17,8.21,8121.41,3883.33,4238.08
INV-13363,2023-01-25,CUST-694,Retail,IL,Brazil,34,16.96,6.91,576.64,234.94,341.7
INV-13364,2023-04-15,CUST-456,Online,CA,Vietnam,15,26.81,18.57,402.15,278.55,123.6
INV-13365,2023-12-26,CUST-693,Wholesale,TX,Brazil,422,28.35,15.71,11963.7,6629.62,5334.08
INV-13366,2023-07-12,CUST-259,Retail,FL,Vietnam,49,23.07,9.27,1130.43,454.23,676.2
INV-13367,2023-02-24,CUST-117,Wholesale,IL,Guatemala,266,20.94,9.1,5570.04,2420.6,3149.44
INV-13368,2023-05-26,CUST-772,Online,IL,Guatemala,9,21.84,13.47,196.56,121.23,75.33
INV-13369,2023-01-01,CUST-648,Retail,TX,Costa Rica,49,27.44,17.27,1344.56,846.23,498.33
INV-13370,2023-05-04,CUST-351,Retail,WA,Vietnam,31,16.83,11.77,521.73,364.87,156.86
INV-13371,2023-05-12,CUST-637,Wholesale,WA,Ethiopia,206,27.76,11.43,5718.56,2354.58,3363.98
INV-13372,2023-08-26,CUST-809,Wholesale,CA,Guatemala,213,17.5,8.84,3727.5,1882.92,1844.58
INV-13373,2023-02-06,CUST-953,Wholesale,WA,Costa Rica,192,22.07,11.76,4237.44,2257.92,1979.52
INV-13374,2023-05-23,CUST-399,Retail,FL,Guatemala,8,26.77,12.16,214.16,97.28,116.88
INV-13375,2023-06-04,CUST-258,Retail,FL,Brazil,47,15.05,8.29,707.35,389.63,317.72
INV-13376,2023-12-14,CUST-943,Online,WA,Vietnam,40,19.66,10.88,786.4,435.2,351.2
INV-13377,2023-02-21,CUST-499,Online,FL,Costa Rica,31,28.0,17.02,868.0,527.62,340.38
INV-13378,2023-10-03,CUST-307,Retail,TX,Costa Rica,9,27.07,17.91,243.63,161.19,82.44
INV-13379,2023-12-29,CUST-951,Wholesale,FL,Guatemala,303,21.34,12.0,6466.02,3636.0,2830.02
INV-13380,2023-12-09,CUST-841,Wholesale,CA,Costa Rica,68,26.33,17.05,1790.44,1159.4,631.04
INV-13381,2023-09-07,CUST-623,Online,TX,Brazil,45,17.63,10.37,793.35,466.65,326.7
INV-13382,2023-01-27,CUST-683,Retail,FL,Costa Rica,13,22.45,14.02,291.85,182.26,109.59
INV-13383,2023-03-03,CUST-792,Online,TX,Colombia,8,28.62,19.69,228.96,157.52,71.44
INV-13384,2023-04-05,CUST-325,Retail,FL,Ethiopia,18,20.6,13.7,370.8,246.6,124.2
INV-13385,2023-06-23,CUST-639,Retail,TX,Costa Rica,33,21.0,13.3,693.0,438.9,254.1
INV-13386,2023-11-17,CUST-762,Online,FL,Brazil,49,16.77,8.98,821.73,440.02,381.71
INV-13387,2023-01-16,CUST-309,Retail,WA,Vietnam,31,23.43,12.7,726.33,393.7,332.63
INV-13388,2023-11-09,CUST-803,Online,NY,Costa Rica,12,15.99,6.48,191.88,77.76,114.12
INV-13389,2023-07-04,CUST-790,Online,TX,Vietnam,36,15.51,10.08,558.36,362.88,195.48
INV-13390,2023-06-22,CUST-329,Retail,WA,Colombia,8,22.26,9.75,178.08,78.0,100.08
INV-13391,2023-10-27,CUST-501,Wholesale,TX,Brazil,80,27.32,11.59,2185.6,927.2,1258.4
INV-13392,2023-03-13,CUST-189,Wholesale,FL,Colombia,121,23.8,16.64,2879.8,2013.44,866.36
INV-13393,2023-09-30,CUST-839,Online,IL,Brazil,26,24.53,13.56,637.78,352.56,285.22
INV-13394,2023-07-25,CUST-116,Wholesale,WA,Brazil,447,15.66,6.73,7000.02,3008.31,3991.71
INV-13395,2023-09-27,CUST-860,Wholesale,WA,Guatemala,153,24.38,11.18,3730.14,1710.54,2019.6
INV-13396,2023-06-01,CUST-547,Online,TX,Brazil,21,19.19,9.1,402.99,191.1,211.89
INV-13397,2023-06-10,CUST-283,Retail,WA,Guatemala,39,18.9,8.08,737.1,315.12,421.98
INV-13398,2023-12-10,CUST-762,Online,CA,Costa Rica,24,21.5,13.27,516.0,318.48,197.52
INV-13399,2023-01-04,CUST-387,Online,WA,Vietnam,35,28.1,16.93,983.5,592.55,390.95
INV-13400,2023-02-21,CUST-225,Online,IL,Guatemala,49,22.96,9.78,1125.04,479.22,645.82
INV-13401,2023-05-14,CUST-443,Online,WA,Ethiopia,38,17.14,7.87,651.32,299.06,352.26
INV-13402,2023-01-09,CUST-430,Online,CA,Guatemala,37,18.55,7.46,686.35,276.02,410.33
INV-13403,2023-06-04,CUST-801,Retail,IL,Ethiopia,2,25.67,15.71,51.34,31.42,19.92
INV-13404,2023-11-14,CUST-180,Wholesale,NY,Ethiopia,338,18.92,8.02,6394.96,2710.76,3684.2
INV-13405,2023-02-02,CUST-708,Wholesale,TX,Brazil,471,19.66,10.68,9259.86,5030.28,4229.58
INV-13406,2023-10-06,CUST-378,Wholesale,NY,Brazil,314,24.45,13.32,7677.3,4182.48,3494.82
INV-13407,2023-08-25,CUST-706,Wholesale,CA,Guatemala,247,20.79,13.04,5135.13,3220.88,1914.25
INV-13408,2023-02-11,CUST-893,Online,NY,Costa Rica,28,21.59,10.64,604.52,297.92,306.6
INV-13409,2023-01-14,CUST-374,Online,TX,Vietnam,49,18.76,11.38,919.24,557.62,361.62
INV-13410,2023-08-27,CUST-304,Wholesale,FL,Ethiopia,462,18.56,8.97,8574.72,4144.14,4430.58
INV-13411,2023-01-26,CUST-918,Retail,CA,Colombia,14,27.73,16.84,388.22,235.76,152.46
INV-13412,2023-04-25,CUST-394,Online,TX,Guatemala,10,21.52,11.61,215.2,116.1,99.1
INV-13413,2023-10-19,CUST-281,Wholesale,NY,Colombia,208,20.68,11.33,4301.44,2356.64,1944.8
INV-13414,2023-12-09,CUST-619,Retail,IL,Brazil,2,18.62,9.82,37.24,19.64,17.6
INV-13415,2023-01-23,CUST-775,Wholesale,FL,Vietnam,230,17.66,11.12,4061.8,2557.6,1504.2
INV-13416,2023-09-12,CUST-177,Retail,WA,Brazil,14,29.34,18.06,410.76,252.84,157.92
INV-13417,2023-10-03,CUST-784,Retail,IL,Costa Rica,22,21.0,13.91,462.0,306.02,155.98
INV-13418,2023-02-26,CUST-702,Wholesale,FL,Guatemala,379,18.32,9.97,6943.28,3778.63,3164.65
INV-13419,2023-02-07,CUST-149,Online,FL,Colombia,27,29.85,16.28,805.95,439.56,366.39
INV-13420,2023-05-04,CUST-444,Wholesale,NY,Vietnam,303,16.11,9.64,4881.33,2920.92,1960.41
INV-13421,2023-05-04,CUST-710,Retail,FL,Vietnam,23,19.94,9.71,458.62,223.33,235.29
INV-13422,2023-07-10,CUST-526,Online,TX,Vietnam,27,19.86,13.75,536.22,371.25,164.97
INV-13423,2023-10-11,CUST-281,Online,CA,Brazil,44,25.15,15.9,1106.6,699.6,407.0
INV-13424,2023-09-23,CUST-949,Wholesale,CA,Guatemala,431,22.63,12.9,9753.53,5559.9,4193.63
INV-13425,2023-08-26,CUST-834,Online,CA,Brazil,14,16.16,6.96,226.24,97.44,128.8
INV-13426,2023-11-18,CUST-377,Online,FL,Brazil,16,18.36,12.06,293.76,192.96,100.8
INV-13427,2023-11-16,CUST-876,Online,WA,Brazil,14,22.03,12.25,308.42,171.5,136.92
INV-13428,2023-11-03,CUST-151,Online,FL,Brazil,14,18.22,8.74,255.08,122.36,132.72
INV-13429,2023-06-26,CUST-531,Retail,CA,Brazil,50,23.27,11.83,1163.5,591.5,572.0
INV-13430,2023-09-05,CUST-987,Retail,NY,Costa Rica,7,15.56,6.77,108.92,47.39,61.53
INV-13431,2023-02-28,CUST-173,Wholesale,IL,Costa Rica,119,16.18,8.84,1925.42,1051.96,873.46
INV-13432,2023-03-10,CUST-637,Online,FL,Brazil,26,20.86,14.33,542.36,372.58,169.78
INV-13433,2023-03-08,CUST-363,Retail,NY,Vietnam,18,28.98,18.98,521.64,341.64,180.0
INV-13434,2023-10-30,CUST-604,Retail,CA,Vietnam,8,25.43,12.43,203.44,99.44,104.0
INV-13435,2023-07-03,CUST-481,Online,WA,Ethiopia,37,26.3,17.99,973.1,665.63,307.47
INV-13436,2023-03-14,CUST-220,Retail,WA,Brazil,7,17.81,11.88,124.67,83.16,41.51
INV-13437,2023-02-08,CUST-821,Wholesale,NY,Ethiopia,338,15.57,10.71,5262.66,3619.98,1642.68
INV-13438,2023-12-19,CUST-136,Wholesale,WA,Guatemala,337,23.96,11.2,8074.52,3774.4,4300.12
INV-13439,2023-10-24,CUST-478,Retail,NY,Ethiopia,37,27.9,15.15,1032.3,560.55,471.75
INV-13440,2023-11-19,CUST-420,Online,TX,Brazil,8,26.18,12.26,209.44,98.08,111.36
INV-13441,2023-03-01,CUST-314,Wholesale,CA,Brazil,231,20.32,11.29,4693.92,2607.99,2085.93
INV-13442,2023-11-14,CUST-794,Online,FL,Costa Rica,41,21.11,12.13,865.51,497.33,368.18
INV-13443,2023-08-14,CUST-511,Online,FL,Vietnam,7,24.32,13.69,170.24,95.83,74.41
INV-13444,2023-09-21,CUST-908,Wholesale,TX,Vietnam,372,28.53,18.18,10613.16,6762.96,3850.2
INV-13445,2023-10-13,CUST-323,Online,WA,Ethiopia,20,20.56,9.11,411.2,182.2,229.0
INV-13446,2023-08-05,CUST-162,Wholesale,CA,Costa Rica,361,18.19,7.57,6566.59,2732.77,3833.82
INV-13447,2023-07-28,CUST-357,Retail,FL,Guatemala,36,20.08,12.28,722.88,442.08,280.8
INV-13448,2023-12-26,CUST-286,Wholesale,NY,Ethiopia,136,18.7,8.22,2543.2,1117.92,1425.28
INV-13449,2023-05-19,CUST-734,Wholesale,IL,Colombia,348,28.69,16.65,9984.12,5794.2,4189.92
INV-13450,2023-12-02,CUST-396,Online,WA,Vietnam,45,18.65,12.34,839.25,555.3,283.95
INV-13451,2023-08-06,CUST-197,Wholesale,WA,Costa Rica,366,15.38,9.45,5629.08,3458.7,2170.38
INV-13452,2023-11-21,CUST-342,Online,NY,Ethiopia,31,28.41,16.8,880.71,520.8,359.91
INV-13453,2024-01-01,CUST-761,Online,TX,Brazil,44,17.7,9.94,778.8,437.36,341.44
INV-13454,2023-11-12,CUST-933,Wholesale,IL,Guatemala,435,25.44,17.64,11066.4,7673.4,3393.0
INV-13455,2023-01-28,CUST-609,Online,CA,Brazil,34,26.5,11.99,901.0,407.66,493.34
INV-13456,2023-03-02,CUST-314,Retail,WA,Ethiopia,9,17.37,11.94,156.33,107.46,48.87
INV-13457,2023-07-01,CUST-760,Online,FL,Colombia,4,22.09,9.03,88.36,36.12,52.24
INV-13458,2023-12-10,CUST-871,Wholesale,CA,Vietnam,385,16.49,8.45,6348.65,3253.25,3095.4
INV-13459,2023-03-29,CUST-604,Retail,NY,Ethiopia,40,19.94,13.31,797.6,532.4,265.2
INV-13460,2023-01-27,CUST-248,Wholesale,FL,Colombia,292,26.4,16.1,7708.8,4701.2,3007.6
INV-13461,2023-01-09,CUST-473,Retail,TX,Guatemala,31,26.34,14.5,816.54,449.5,367.04
INV-13462,2023-06-06,CUST-357,Retail,WA,Guatemala,45,27.49,11.86,1237.05,533.7,703.35
INV-13463,2023-06-24,CUST-279,Online,TX,Brazil,22,25.15,10.94,553.3,240.68,312.62
INV-13464,2023-03-20,CUST-664,Wholesale,NY,Brazil,11,17.07,10.74,187.77,118.14,69.63
INV-13465,2023-04-24,CUST-197,Wholesale,CA,Guatemala,15,20.34,12.31,305.1,184.65,120.45
INV-13466,2023-07-30,CUST-983,Online,TX,Costa Rica,25,17.48,7.3,437.0,182.5,254.5
INV-13467,2023-11-11,CUST-135,Retail,NY,Vietnam,40,16.45,9.38,658.0,375.2,282.8
INV-13468,2023-07-21,CUST-898,Wholesale,NY,Ethiopia,316,15.03,7.47,4749.48,2360.52,2388.96
INV-13469,2023-06-21,CUST-348,Retail,WA,Costa Rica,4,27.35,12.01,109.4,48.04,61.36
INV-13470,2023-12-02,CUST-152,Wholesale,TX,Ethiopia,408,17.0,10.97,6936.0,4475.76,2460.24
INV-13471,2023-11-03,CUST-732,Online,WA,Costa Rica,47,18.37,8.26,863.39,388.22,475.17
INV-13472,2023-07-05,CUST-710,Retail,IL,Costa Rica,7,20.98,12.85,146.86,89.95,56.91
INV-13473,2023-05-12,CUST-636,Online,CA,Vietnam,6,16.21,8.27,97.26,49.62,47.64
INV-13474,2023-08-25,CUST-888,Online,IL,Colombia,42,26.67,11.43,1120.14,480.06,640.08
INV-13475,2023-11-07,CUST-701,Online,IL,Ethiopia,12,16.63,7.86,199.56,94.32,105.24
INV-13476,2023-10-19,CUST-101,Retail,CA,Guatemala,42,29.23,14.08,1227.66,591.36,636.3
INV-13477,2023-05-13,CUST-565,Wholesale,WA,Ethiopia,411,21.88,13.52,8992.68,5556.72,3435.96
INV-13478,2023-11-18,CUST-505,Wholesale,CA,Vietnam,294,22.4,13.13,6585.6,3860.22,2725.38
INV-13479,2023-05-08,CUST-194,Wholesale,WA,Colombia,168,17.79,10.92,2988.72,1834.56,1154.16
INV-13480,2023-04-05,CUST-455,Online,CA,Brazil,5,28.86,14.9,144.3,74.5,69.8
INV-13481,2023-09-17,CUST-628,Wholesale,FL,Guatemala,444,15.46,7.17,6864.24,3183.48,3680.76
INV-13482,2023-07-09,CUST-340,Online,NY,Costa Rica,36,26.84,15.24,966.24,548.64,417.6
INV-13483,2023-11-19,CUST-534,Online,TX,Ethiopia,49,25.57,12.4,1252.93,607.6,645.33
INV-13484,2023-07-04,CUST-366,Wholesale,TX,Ethiopia,411,25.54,15.32,10496.94,6296.52,4200.42
INV-13485,2023-06-29,CUST-846,Wholesale,WA,Guatemala,395,17.32,9.42,6841.4,3720.9,3120.5
INV-13486,2023-06-26,CUST-804,Online,NY,Brazil,16,18.31,10.06,292.96,160.96,132.0
INV-13487,2023-04-02,CUST-893,Wholesale,TX,Guatemala,316,25.41,14.15,8029.56,4471.4,3558.16
INV-13488,2023-04-29,CUST-608,Online,IL,Colombia,11,22.6,14.99,248.6,164.89,83.71
INV-13489,2023-05-27,CUST-350,Retail,WA,Ethiopia,11,15.25,6.43,167.75,70.73,97.02
INV-13490,2023-10-18,CUST-200,Wholesale,IL,Ethiopia,224,15.15,7.08,3393.6,1585.92,1807.68
INV-13491,2023-06-02,CUST-185,Online,CA,Costa Rica,17,23.48,10.55,399.16,179.35,219.81
INV-13492,2023-07-16,CUST-700,Online,NY,Guatemala,46,20.3,8.48,933.8,390.08,543.72
INV-13493,2023-02-05,CUST-990,Online,NY,Guatemala,32,25.18,10.44,805.76,334.08,471.68
INV-13494,2023-05-25,CUST-208,Online,IL,Costa Rica,28,27.83,12.41,779.24,347.48,431.76
INV-13495,2023-03-25,CUST-544,Retail,NY,Colombia,25,17.01,9.26,425.25,231.5,193.75
INV-13496,2023-05-24,CUST-466,Online,WA,Vietnam,1,26.85,11.83,26.85,11.83,15.02
INV-13497,2023-01-15,CUST-612,Wholesale,CA,Vietnam,88,19.6,9.38,1724.8,825.44,899.36
INV-13498,2023-01-11,CUST-763,Online,CA,Ethiopia,40,17.48,7.42,699.2,296.8,402.4
INV-13499,2023-04-23,CUST-635,Online,NY,Guatemala,12,18.17,7.96,218.04,95.52,122.52
INV-13500,2023-02-16,CUST-816,Retail,FL,Ethiopia,38,23.4,10.16,889.2,386.08,503.12
INV-13501,2023-08-12,CUST-786,Wholesale,CA,Colombia,175,28.93,13.91,5062.75,2434.25,2628.5
INV-13502,2023-01-13,CUST-879,Online,IL,Colombia,29,25.25,14.91,732.25,432.39,299.86
INV-13503,2023-09-02,CUST-684,Online,TX,Costa Rica,46,22.26,12.54,1023.96,576.84,447.12
INV-13504,2023-08-05,CUST-951,Wholesale,IL,Vietnam,255,16.3,11.09,4156.5,2827.95,1328.55
INV-13505,2023-05-26,CUST-740,Retail,FL,Guatemala,2,20.57,9.23,41.14,18.46,22.68
INV-13506,2023-05-14,CUST-583,Online,WA,Brazil,31,15.79,10.02,489.49,310.62,178.87
INV-13507,2023-07-08,CUST-641,Wholesale,IL,Colombia,286,17.61,9.51,5036.46,2719.86,2316.6
INV-13508,2023-08-01,CUST-948,Wholesale,WA,Costa Rica,380,24.22,12.81,9203.6,4867.8,4335.8
INV-13509,2023-08-07,CUST-320,Wholesale,WA,Costa Rica,33,26.08,12.85,860.64,424.05,436.59
INV-13510,2023-10-22,CUST-554,Retail,FL,Colombia,35,20.07,11.39,702.45,398.65,303.8
INV-13511,2023-04-06,CUST-851,Online,TX,Ethiopia,44,22.27,9.7,979.88,426.8,553.08
INV-13512,2023-06-07,CUST-194,Online,NY,Colombia,43,27.74,15.82,1192.82,680.26,512.56
INV-13513,2023-03-26,CUST-997,Retail,CA,Vietnam,29,29.43,12.87,853.47,373.23,480.24
INV-13514,2023-10-03,CUST-102,Online,FL,Guatemala,7,25.61,16.79,179.27,117.53,61.74
INV-13515,2023-07-02,CUST-400,Online,WA,Costa Rica,7,23.89,9.89,167.23,69.23,98.0
INV-13516,2023-01-02,CUST-932,Retail,WA,Vietnam,37,25.69,14.51,950.53,536.87,413.66
INV-13517,2023-12-05,CUST-458,Retail,WA,Brazil,8,26.46,12.45,211.68,99.6,112.08
INV-13518,2023-03-02,CUST-831,Online,FL,Colombia,17,19.55,8.03,332.35,136.51,195.84
INV-13519,2023-02-09,CUST-916,Wholesale,WA,Ethiopia,369,21.71,15.07,8010.99,5560.83,2450.16
INV-13520,2023-07-20,CUST-602,Retail,TX,Guatemala,25,16.38,9.02,409.5,225.5,184.0
INV-13521,2023-04-06,CUST-294,Online,TX,Colombia,4,22.04,10.65,88.16,42.6,45.56
INV-13522,2023-01-11,CUST-720,Online,WA,Guatemala,17,16.15,8.75,274.55,148.75,125.8
INV-13523,2023-05-03,CUST-530,Retail,CA,Ethiopia,50,23.74,13.09,1187.0,654.5,532.5
INV-13524,2023-08-27,CUST-700,Retail,WA,Vietnam,12,25.13,15.51,301.56,186.12,115.44
INV-13525,2023-09-05,CUST-233,Retail,IL,Colombia,20,21.11,8.61,422.2,172.2,250.0
INV-13526,2023-03-30,CUST-387,Retail,TX,Costa Rica,11,22.22,11.37,244.42,125.07,119.35
INV-13527,2023-09-08,CUST-169,Online,NY,Vietnam,14,17.79,12.32,249.06,172.48,76.58
INV-13528,2023-12-10,CUST-754,Wholesale,WA,Brazil,459,19.09,9.49,8762.31,4355.91,4406.4
INV-13529,2023-05-08,CUST-194,Wholesale,CA,Guatemala,308,17.69,10.22,5448.52,3147.76,2300.76
INV-13530,2023-09-15,CUST-850,Retail,FL,Ethiopia,33,25.93,11.27,855.69,371.91,483.78
INV-13531,2023-04-08,CUST-576,Online,TX,Colombia,34,22.82,10.94,775.88,371.96,403.92
INV-13532,2023-10-16,CUST-203,Retail,WA,Ethiopia,37,25.69,11.74,950.53,434.38,516.15
INV-13533,2023-07-23,CUST-789,Retail,FL,Vietnam,41,20.92,10.46,857.72,428.86,428.86
INV-13534,2023-09-15,CUST-182,Retail,FL,Colombia,40,23.1,9.6,924.0,384.0,540.0
INV-13535,2023-07-04,CUST-751,Wholesale,WA,Vietnam,231,20.08,13.73,4638.48,3171.63,1466.85
INV-13536,2023-06-01,CUST-521,Online,NY,Costa Rica,43,15.77,8.01,678.11,344.43,333.68
INV-13537,2023-05-02,CUST-650,Wholesale,WA,Vietnam,174,23.93,15.97,4163.82,2778.78,1385.04
INV-13538,2023-12-26,CUST-851,Online,FL,Guatemala,7,25.68,17.87,179.76,125.09,54.67
INV-13539,2023-02-24,CUST-797,Online,NY,Vietnam,50,22.21,9.06,1110.5,453.0,657.5
INV-13540,2023-06-03,CUST-719,Online,CA,Colombia,31,25.01,15.62,775.31,484.22,291.09
INV-13541,2023-03-16,CUST-354,Wholesale,FL,Brazil,293,23.18,13.45,6791.74,3940.85,2850.89
INV-13542,2023-10-31,CUST-861,Wholesale,CA,Brazil,156,27.33,14.7,4263.48,2293.2,1970.28
INV-13543,2023-09-30,CUST-688,Retail,CA,Costa Rica,32,28.12,17.19,899.84,550.08,349.76
INV-13544,2023-03-20,CUST-430,Online,IL,Colombia,33,26.17,16.56,863.61,546.48,317.13
INV-13545,2023-05-19,CUST-191,Wholesale,TX,Vietnam,445,21.89,13.35,9741.05,5940.75,3800.3
INV-13546,2023-11-25,CUST-458,Wholesale,FL,Vietnam,274,19.3,10.62,5288.2,2909.88,2378.32
INV-13547,2023-04-17,CUST-203,Online,NY,Ethiopia,16,21.31,11.36,340.96,181.76,159.2
INV-13548,2023-06-13,CUST-660,Online,TX,Guatemala,2,27.87,14.35,55.74,28.7,27.04
INV-13549,2023-11-15,CUST-258,Online,FL,Ethiopia,48,19.17,12.18,920.16,584.64,335.52
INV-13550,2023-03-13,CUST-853,Online,IL,Guatemala,31,23.98,10.51,743.38,325.81,417.57
INV-13551,2023-12-29,CUST-140,Online,IL,Brazil,40,29.71,16.84,1188.4,673.6,514.8
INV-13552,2023-08-30,CUST-678,Retail,IL,Brazil,36,23.72,10.08,853.92,362.88,491.04
INV-13553,2023-07-09,CUST-894,Online,FL,Ethiopia,18,23.44,11.95,421.92,215.1,206.82
INV-13554,2023-01-13,CUST-966,Wholesale,NY,Colombia,299,20.47,9.99,6120.53,2987.01,3133.52
INV-13555,2023-07-02,CUST-115,Retail,FL,Brazil,25,26.34,15.16,658.5,379.0,279.5
INV-13556,2023-02-24,CUST-449,Wholesale,TX,Ethiopia,200,23.2,12.85,4640.0,2570.0,2070.0
INV-13557,2023-08-13,CUST-325,Wholesale,FL,Guatemala,194,26.95,18.5,5228.3,3589.0,1639.3
INV-13558,2023-06-18,CUST-352,Wholesale,IL,Colombia,189,27.14,16.84,5129.46,3182.76,1946.7
INV-13559,2023-06-05,CUST-826,Wholesale,WA,Guatemala,329,29.56,15.25,9725.24,5017.25,4707.99
INV-13560,2023-11-18,CUST-587,Wholesale,TX,Brazil,172,23.68,16.04,4072.96,2758.88,1314.08
INV-13561,2023-04-20,CUST-552,Wholesale,TX,Vietnam,112,24.56,15.03,2750.72,1683.36,1067.36
INV-13562,2023-09-20,CUST-661,Wholesale,WA,Guatemala,392,16.76,7.56,6569.92,2963.52,3606.4
INV-13563,2023-03-01,CUST-818,Retail,FL,Guatemala,21,28.26,19.49,593.46,409.29,184.17
INV-13564,2023-12-08,CUST-733,Wholesale,CA,Colombia,329,28.05,12.55,9228.45,4128.95,5099.5
INV-13565,2023-12-14,CUST-642,Online,WA,Brazil,18,15.17,7.85,273.06,141.3,131.76
INV-13566,2023-09-06,CUST-379,Wholesale,CA,Colombia,129,27.41,12.76,3535.89,1646.04,1889.85
INV-13567,2023-03-05,CUST-794,Online,CA,Guatemala,23,21.38,9.97,491.74,229.31,262.43
INV-13568,2023-09-12,CUST-918,Wholesale,FL,Vietnam,10,22.05,9.96,220.5,99.6,120.9
INV-13569,2023-01-24,CUST-244,Retail,CA,Brazil,24,25.66,15.37,615.84,368.88,246.96
INV-13570,2023-04-08,CUST-981,Retail,IL,Colombia,2,16.54,10.42,33.08,20.84,12.24
INV-13571,2023-10-16,CUST-989,Retail,NY,Ethiopia,13,28.3,19.47,367.9,253.11,114.79
INV-13572,2023-05-06,CUST-418,Wholesale,CA,Colombia,362,24.86,15.55,8999.32,5629.1,3370.22
INV-13573,2023-08-15,CUST-795,Wholesale,IL,Brazil,438,21.31,11.38,9333.78,4984.44,4349.34
INV-13574,2023-01-29,CUST-327,Online,FL,Costa Rica,32,17.99,9.52,575.68,304.64,271.04
INV-13575,2023-06-13,CUST-690,Retail,NY,Colombia,21,27.84,17.08,584.64,358.68,225.96
INV-13576,2023-09-14,CUST-779,Online,CA,Costa Rica,2,20.96,9.95,41.92,19.9,22.02
INV-13577,2023-10-24,CUST-615,Wholesale,TX,Colombia,294,15.13,6.55,4448.22,1925.7,2522.52
INV-13578,2023-03-29,CUST-763,Retail,TX,Guatemala,49,19.75,9.5,967.75,465.5,502.25
INV-13579,2023-11-19,CUST-232,Retail,FL,Ethiopia,49,21.07,14.39,1032.43,705.11,327.32
INV-13580,2023-04-06,CUST-541,Wholesale,WA,Vietnam,230,23.4,16.2,5382.0,3726.0,1656.0
INV-13581,2023-08-29,CUST-808,Retail,IL,Colombia,33,27.91,13.91,921.03,459.03,462.0
INV-13582,2023-01-18,CUST-470,Wholesale,CA,Guatemala,125,24.15,15.31,3018.75,1913.75,1105.0
INV-13583,2023-05-28,CUST-313,Retail,IL,Costa Rica,43,23.56,13.46,1013.08,578.78,434.3
INV-13584,2023-12-25,CUST-562,Retail,CA,Brazil,31,21.25,13.07,658.75,405.17,253.58
INV-13585,2023-12-21,CUST-954,Retail,NY,Guatemala,10,17.42,8.33,174.2,83.3,90.9
INV-13586,2023-05-18,CUST-337,Retail,IL,Brazil,3,19.51,10.6,58.53,31.8,26.73
INV-13587,2023-08-28,CUST-223,Online,IL,Guatemala,3,24.53,10.3,73.59,30.9,42.69
INV-13588,2023-02-09,CUST-929,Online,NY,Ethiopia,28,20.14,9.34,563.92,261.52,302.4
INV-13589,2023-12-08,CUST-661,Retail,CA,Vietnam,30,17.53,11.58,525.9,347.4,178.5
INV-13590,2023-09-11,CUST-831,Online,CA,Costa Rica,15,26.72,14.03,400.8,210.45,190.35
INV-13591,2023-04-28,CUST-568,Retail,CA,Vietnam,7,22.59,13.49,158.13,94.43,63.7
INV-13592,2023-08-24,CUST-121,Online,WA,Guatemala,14,18.5,7.52,259.0,105.28,153.72
INV-13593,2023-01-06,CUST-120,Online,NY,Colombia,46,28.41,13.16,1306.86,605.36,701.5
INV-13594,2023-12-12,CUST-505,Wholesale,FL,Guatemala,108,20.77,14.44,2243.16,1559.52,683.64
INV-13595,2023-10-21,CUST-762,Online,NY,Guatemala,16,26.23,16.68,419.68,266.88,152.8
INV-13596,2023-03-19,CUST-219,Wholesale,CA,Brazil,100,19.27,10.06,1927.0,1006.0,921.0
INV-13597,2023-05-24,CUST-326,Online,TX,Costa Rica,39,27.99,13.01,1091.61,507.39,584.22
INV-13598,2023-03-14,CUST-722,Retail,CA,Ethiopia,46,29.36,16.44,1350.56,756.24,594.32
INV-13599,2023-01-21,CUST-439,Online,CA,Vietnam,22,27.39,11.55,602.58,254.1,348.48
INV-13600,2023-09-03,CUST-265,Retail,IL,Vietnam,37,18.03,8.16,667.11,301.92,365.19
INV-13601,2023-10-23,CUST-795,Retail,IL,Costa Rica,7,17.33,7.7,121.31,53.9,67.41
INV-13602,2023-12-25,CUST-328,Online,NY,Brazil,39,20.36,14.1,794.04,549.9,244.14
INV-13603,2023-12-10,CUST-599,Online,WA,Vietnam,30,20.29,14.09,608.7,422.7,186.0
INV-13604,2023-08-22,CUST-477,Online,IL,Vietnam,31,28.62,18.38,887.22,569.78,317.44
INV-13605,2023-10-06,CUST-527,Retail,CA,Colombia,29,25.78,16.31,747.62,472.99,274.63
INV-13606,2023-10-01,CUST-463,Retail,WA,Ethiopia,49,16.07,6.64,787.43,325.36,462.07
INV-13607,2023-05-06,CUST-919,Online,IL,Brazil,15,27.66,16.6,414.9,249.0,165.9
INV-13608,2023-08-10,CUST-980,Online,CA,Brazil,22,15.95,8.38,350.9,184.36,166.54
INV-13609,2023-09-24,CUST-122,Online,FL,Colombia,21,22.03,15.37,462.63,322.77,139.86
INV-13610,2023-01-11,CUST-781,Wholesale,NY,Ethiopia,153,28.87,15.1,4417.11,2310.3,2106.81
INV-13611,2023-05-22,CUST-449,Wholesale,WA,Colombia,57,27.78,12.76,1583.46,727.32,856.14
INV-13612,2023-03-19,CUST-404,Retail,TX,Colombia,3,25.56,12.57,76.68,37.71,38.97
INV-13613,2023-03-22,CUST-567,Retail,WA,Guatemala,31,20.65,11.9,640.15,368.9,271.25
INV-13614,2023-03-06,CUST-492,Wholesale,NY,Vietnam,222,23.5,16.18,5217.0,3591.96,1625.04
INV-13615,2023-07-11,CUST-515,Online,NY,Colombia,21,29.32,13.94,615.72,292.74,322.98
INV-13616,2023-06-05,CUST-277,Retail,NY,Costa Rica,10,20.23,13.69,202.3,136.9,65.4
INV-13617,2023-08-16,CUST-753,Retail,WA,Ethiopia,22,22.43,15.45,493.46,339.9,153.56
INV-13618,2023-01-11,CUST-919,Wholesale,TX,Brazil,479,27.37,13.75,13110.23,6586.25,6523.98
INV-13619,2023-04-24,CUST-667,Wholesale,WA,Costa Rica,432,18.38,10.6,7940.16,4579.2,3360.96
INV-13620,2023-02-01,CUST-546,Online,TX,Vietnam,9,26.81,17.95,241.29,161.55,79.74
INV-13621,2023-03-21,CUST-611,Retail,IL,Costa Rica,31,17.46,11.0,541.26,341.0,200.26
INV-13622,2023-08-04,CUST-279,Wholesale,NY,Brazil,487,28.13,16.89,13699.31,8225.43,5473.88
INV-13623,2023-12-06,CUST-998,Retail,NY,Vietnam,23,23.7,13.71,545.1,315.33,229.77
INV-13624,2023-04-16,CUST-466,Retail,TX,Brazil,40,26.53,15.68,1061.2,627.2,434.0
INV-13625,2023-11-02,CUST-209,Wholesale,WA,Costa Rica,113,28.03,18.12,3167.39,2047.56,1119.83
INV-13626,2023-10-12,CUST-349,Online,FL,Costa Rica,6,25.52,15.3,153.12,91.8,61.32
INV-13627,2023-03-20,CUST-736,Online,TX,Colombia,40,26.14,18.02,1045.6,720.8,324.8
INV-13628,2023-02-09,CUST-860,Online,WA,Vietnam,20,29.11,12.25,582.2,245.0,337.2
INV-13629,2023-09-03,CUST-674,Wholesale,TX,Guatemala,144,17.02,8.18,2450.88,1177.92,1272.96
INV-13630,2023-01-10,CUST-830,Wholesale,TX,Colombia,77,15.03,7.54,1157.31,580.58,576.73
INV-13631,2023-10-03,CUST-232,Wholesale,TX,Guatemala,226,17.83,7.77,4029.58,1756.02,2273.56
INV-13632,2023-10-17,CUST-679,Retail,FL,Brazil,29,19.6,9.83,568.4,285.07,283.33
INV-13633,2023-10-25,CUST-448,Online,FL,Ethiopia,3,25.91,15.08,77.73,45.24,32.49
INV-13634,2023-03-18,CUST-202,Wholesale,FL,Colombia,452,19.48,10.81,8804.96,4886.12,3918.84
INV-13635,2023-03-11,CUST-118,Online,FL,Colombia,37,23.97,13.91,886.89,514.67,372.22
INV-13636,2023-01-31,CUST-255,Retail,IL,Ethiopia,18,21.57,9.93,388.26,178.74,209.52
INV-13637,2023-02-02,CUST-708,Online,WA,Colombia,15,17.69,9.02,265.35,135.3,130.05
INV-13638,2023-05-15,CUST-804,Online,FL,Vietnam,41,23.46,9.6,961.86,393.6,568.26
INV-13639,2023-05-22,CUST-845,Wholesale,CA,Costa Rica,107,20.43,11.48,2186.01,1228.36,957.65
INV-13640,2023-09-21,CUST-857,Online,NY,Guatemala,28,24.88,11.1,696.64,310.8,385.84
INV-13641,2023-06-20,CUST-429,Retail,TX,Ethiopia,2,15.1,6.09,30.2,12.18,18.02
INV-13642,2023-01-22,CUST-135,Online,WA,Colombia,49,30.0,16.44,1470.0,805.56,664.44
INV-13643,2023-02-17,CUST-499,Online,IL,Brazil,45,27.06,18.4,1217.7,828.0,389.7
INV-13644,2023-03-11,CUST-117,Online,CA,Vietnam,22,17.97,9.22,395.34,202.84,192.5
INV-13645,2023-09-23,CUST-754,Retail,IL,Ethiopia,36,27.06,16.4,974.16,590.4,383.76
INV-13646,2023-09-02,CUST-846,Wholesale,TX,Vietnam,463,17.88,8.72,8278.44,4037.36,4241.08
INV-13647,2023-12-21,CUST-509,Wholesale,FL,Brazil,198,20.0,10.09,3960.0,1997.82,1962.18
INV-13648,2023-05-22,CUST-460,Online,IL,Ethiopia,40,24.66,17.06,986.4,682.4,304.0
INV-13649,2023-04-26,CUST-963,Retail,CA,Costa Rica,29,15.84,6.65,459.36,192.85,266.51
INV-13650,2023-12-18,CUST-602,Retail,CA,Vietnam,44,17.66,7.45,777.04,327.8,449.24
INV-13651,2023-05-03,CUST-908,Retail,NY,Ethiopia,8,20.76,11.83,166.08,94.64,71.44
INV-13652,2023-11-12,CUST-391,Retail,CA,Ethiopia,12,26.5,10.91,318.0,130.92,187.08
INV-13653,2023-12-14,CUST-611,Wholesale,TX,Colombia,397,24.08,13.83,9559.76,5490.51,4069.25
INV-13654,2023-04-29,CUST-782,Retail,TX,Vietnam,39,16.73,9.74,652.47,379.86,272.61
INV-13655,2023-12-29,CUST-157,Online,NY,Vietnam,43,22.08,11.19,949.44,481.17,468.27
INV-13656,2023-01-26,CUST-572,Online,NY,Vietnam,20,22.69,10.87,453.8,217.4,236.4
INV-13657,2023-05-19,CUST-769,Retail,CA,Guatemala,11,18.47,9.27,203.17,101.97,101.2
INV-13658,2023-12-20,CUST-456,Retail,FL,Costa Rica,47,19.47,12.15,915.09,571.05,344.04
INV-13659,2023-12-22,CUST-620,Online,NY,Guatemala,16,20.08,10.97,321.28,175.52,145.76
INV-13660,2023-08-29,CUST-565,Online,TX,Costa Rica,48,17.6,10.61,844.8,509.28,335.52
INV-13661,2023-12-19,CUST-531,Online,TX,Vietnam,8,27.67,17.78,221.36,142.24,79.12
INV-13662,2023-06-13,CUST-142,Online,NY,Guatemala,19,18.1,11.64,343.9,221.16,122.74
INV-13663,2023-03-10,CUST-357,Wholesale,FL,Vietnam,487,15.54,6.72,7567.98,3272.64,4295.34
INV-13664,2023-01-11,CUST-943,Retail,NY,Costa Rica,26,22.59,12.07,587.34,313.82,273.52
INV-13665,2023-08-30,CUST-152,Retail,TX,Colombia,17,20.76,11.63,352.92,197.71,155.21
INV-13666,2023-05-03,CUST-208,Retail,TX,Ethiopia,45,22.76,13.07,1024.2,588.15,436.05
INV-13667,2023-09-04,CUST-629,Retail,IL,Vietnam,8,18.49,12.34,147.92,98.72,49.2
INV-13668,2023-08-03,CUST-614,Retail,FL,Vietnam,3,21.59,9.67,64.77,29.01,35.76
INV-13669,2023-07-07,CUST-861,Wholesale,TX,Guatemala,375,22.25,11.56,8343.75,4335.0,4008.75
INV-13670,2023-05-20,CUST-849,Online,WA,Guatemala,31,29.7,17.07,920.7,529.17,391.53
INV-13671,2023-06-26,CUST-319,Retail,TX,Colombia,46,15.28,8.61,702.88,396.06,306.82
INV-13672,2023-04-07,CUST-611,Wholesale,CA,Brazil,224,25.51,11.09,5714.24,2484.16,3230.08
INV-13673,2023-08-09,CUST-538,Online,TX,Costa Rica,29,22.96,15.85,665.84,459.65,206.19
INV-13674,2023-12-12,CUST-165,Online,NY,Guatemala,22,18.68,11.73,410.96,258.06,152.9
INV-13675,2023-05-05,CUST-385,Retail,FL,Ethiopia,41,16.86,8.35,691.26,342.35,348.91
INV-13676,2023-04-30,CUST-486,Online,TX,Vietnam,50,25.57,16.0,1278.5,800.0,478.5
INV-13677,2023-09-14,CUST-460,Wholesale,WA,Colombia,400,17.47,8.53,6988.0,3412.0,3576.0
INV-13678,2023-09-08,CUST-180,Online,WA,Costa Rica,11,18.62,12.49,204.82,137.39,67.43
INV-13679,2023-07-12,CUST-730,Retail,NY,Brazil,10,22.69,13.01,226.9,130.1,96.8
INV-13680,2023-08-20,CUST-485,Online,FL,Brazil,29,17.69,8.41,513.01,243.89,269.12
INV-13681,2023-10-15,CUST-310,Online,CA,Brazil,1,25.12,11.42,25.12,11.42,13.7
INV-13682,2023-08-20,CUST-733,Retail,FL,Costa Rica,48,29.06,16.92,1394.88,812.16,582.72
INV-13683,2023-02-12,CUST-355,Wholesale,WA,Costa Rica,97,29.82,17.29,2892.54,1677.13,1215.41
INV-13684,2023-06-09,CUST-161,Wholesale,WA,Costa Rica,188,16.39,7.52,3081.32,1413.76,1667.56
INV-13685,2023-06-22,CUST-796,Online,IL,Guatemala,17,17.43,11.4,296.31,193.8,102.51
INV-13686,2023-03-02,CUST-605,Wholesale,IL,Guatemala,282,16.58,10.79,4675.56,3042.78,1632.78
INV-13687,2023-06-14,CUST-863,Retail,CA,Guatemala,15,28.36,17.32,425.4,259.8,165.6
INV-13688,2023-11-21,CUST-979,Online,NY,Brazil,2,24.08,9.95,48.16,19.9,28.26
INV-13689,2023-03-05,CUST-318,Wholesale,TX,Vietnam,363,17.64,9.09,6403.32,3299.67,3103.65
INV-13690,2023-12-24,CUST-212,Retail,FL,Colombia,20,16.36,7.97,327.2,159.4,167.8
INV-13691,2023-07-26,CUST-451,Retail,TX,Guatemala,9,28.25,16.32,254.25,146.88,107.37
INV-13692,2023-07-29,CUST-326,Wholesale,WA,Colombia,178,16.93,9.76,3013.54,1737.28,1276.26
INV-13693,2023-09-18,CUST-357,Retail,IL,Guatemala,31,20.12,12.78,623.72,396.18,227.54
INV-13694,2023-10-05,CUST-564,Online,NY,Vietnam,36,18.44,10.28,663.84,370.08,293.76
INV-13695,2023-01-16,CUST-919,Retail,NY,Vietnam,38,24.01,14.66,912.38,557.08,355.3
INV-13696,2023-02-04,CUST-614,Retail,CA,Brazil,4,21.23,9.68,84.92,38.72,46.2
INV-13697,2023-04-11,CUST-259,Wholesale,CA,Ethiopia,470,20.24,12.23,9512.8,5748.1,3764.7
INV-13698,2023-04-30,CUST-731,Wholesale,WA,Vietnam,255,18.28,7.52,4661.4,1917.6,2743.8
INV-13699,2023-05-06,CUST-556,Online,IL,Ethiopia,39,22.23,12.36,866.97,482.04,384.93
INV-13700,2023-03-31,CUST-498,Online,FL,Vietnam,32,17.27,7.36,552.64,235.52,317.12
INV-13701,2023-05-23,CUST-728,Retail,NY,Brazil,18,25.4,15.06,457.2,271.08,186.12
INV-13702,2023-03-12,CUST-683,Retail,CA,Vietnam,50,21.2,8.51,1060.0,425.5,634.5
INV-13703,2023-10-25,CUST-325,Online,IL,Vietnam,46,15.04,6.11,691.84,281.06,410.78
INV-13704,2023-05-14,CUST-775,Retail,FL,Costa Rica,50,18.92,9.68,946.0,484.0,462.0
INV-13705,2023-08-19,CUST-687,Wholesale,NY,Guatemala,395,16.17,11.17,6387.15,4412.15,1975.0
INV-13706,2023-10-20,CUST-897,Online,FL,Guatemala,26,20.03,11.33,520.78,294.58,226.2
INV-13707,2023-09-29,CUST-204,Online,WA,Costa Rica,50,27.89,14.76,1394.5,738.0,656.5
INV-13708,2023-12-03,CUST-442,Wholesale,FL,Colombia,486,17.74,7.51,8621.64,3649.86,4971.78
INV-13709,2023-05-12,CUST-517,Retail,FL,Costa Rica,25,22.29,9.04,557.25,226.0,331.25
INV-13710,2023-01-24,CUST-697,Online,NY,Ethiopia,18,27.71,15.68,498.78,282.24,216.54
INV-13711,2023-02-17,CUST-937,Wholesale,IL,Guatemala,10,22.43,15.35,224.3,153.5,70.8
INV-13712,2023-08-15,CUST-197,Retail,CA,Guatemala,21,29.67,14.31,623.07,300.51,322.56
INV-13713,2023-10-21,CUST-751,Wholesale,NY,Colombia,165,22.21,11.54,3664.65,1904.1,1760.55
INV-13714,2023-08-22,CUST-964,Wholesale,CA,Colombia,208,23.96,13.61,4983.68,2830.88,2152.8
INV-13715,2023-09-20,CUST-107,Online,TX,Costa Rica,50,24.8,14.93,1240.0,746.5,493.5
INV-13716,2023-09-03,CUST-704,Online,TX,Brazil,11,29.78,18.14,327.58,199.54,128.04
INV-13717,2023-10-17,CUST-224,Wholesale,CA,Ethiopia,469,22.49,13.32,10547.81,6247.08,4300.73
INV-13718,2023-08-30,CUST-658,Retail,TX,Colombia,6,23.63,10.2,141.78,61.2,80.58
INV-13719,2023-05-07,CUST-814,Wholesale,IL,Colombia,353,15.39,6.16,5432.67,2174.48,3258.19
INV-13720,2023-02-26,CUST-853,Online,WA,Vietnam,32,17.58,9.38,562.56,300.16,262.4
INV-13721,2023-07-29,CUST-826,Online,FL,Colombia,30,19.89,11.95,596.7,358.5,238.2
INV-13722,2023-07-25,CUST-280,Retail,IL,Ethiopia,40,15.96,6.41,638.4,256.4,382.0
INV-13723,2023-09-20,CUST-126,Online,CA,Vietnam,40,18.33,7.92,733.2,316.8,416.4
INV-13724,2023-10-18,CUST-366,Wholesale,WA,Ethiopia,381,15.3,8.97,5829.3,3417.57,2411.73
INV-13725,2023-06-28,CUST-122,Retail,NY,Guatemala,36,15.48,10.35,557.28,372.6,184.68
INV-13726,2023-09-30,CUST-306,Online,FL,Brazil,17,16.71,9.45,284.07,160.65,123.42
INV-13727,2023-01-13,CUST-405,Wholesale,FL,Brazil,255,19.91,12.49,5077.05,3184.95,1892.1
INV-13728,2023-07-02,CUST-126,Retail,NY,Ethiopia,17,21.9,10.06,372.3,171.02,201.28
INV-13729,2023-10-29,CUST-296,Retail,NY,Colombia,4,21.77,12.63,87.08,50.52,36.56
INV-13730,2023-11-04,CUST-663,Online,TX,Vietnam,26,24.98,10.04,649.48,261.04,388.44
INV-13731,2023-09-03,CUST-261,Retail,FL,Brazil,34,17.02,10.35,578.68,351.9,226.78
INV-13732,2023-01-28,CUST-550,Wholesale,FL,Guatemala,496,29.82,19.75,14790.72,9796.0,4994.72
INV-13733,2023-12-30,CUST-191,Retail,IL,Guatemala,28,20.1,10.06,562.8,281.68,281.12
INV-13734,2023-12-11,CUST-786,Retail,IL,Colombia,42,19.83,13.3,832.86,558.6,274.26
INV-13735,2023-03-12,CUST-657,Retail,NY,Colombia,1,26.17,13.67,26.17,13.67,12.5
INV-13736,2023-09-03,CUST-155,Wholesale,IL,Ethiopia,253,26.72,15.79,6760.16,3994.87,2765.29
INV-13737,2023-09-09,CUST-145,Wholesale,CA,Ethiopia,126,28.85,16.43,3635.1,2070.18,1564.92
INV-13738,2023-10-28,CUST-595,Wholesale,NY,Vietnam,88,23.87,16.26,2100.56,1430.88,669.68
INV-13739,2023-04-09,CUST-569,Wholesale,CA,Ethiopia,57,23.95,12.31,1365.15,701.67,663.48
INV-13740,2023-05-01,CUST-824,Retail,WA,Colombia,44,29.57,19.65,1301.08,864.6,436.48
INV-13741,2023-03-07,CUST-216,Wholesale,WA,Vietnam,210,20.57,8.44,4319.7,1772.4,2547.3
INV-13742,2023-03-01,CUST-292,Retail,FL,Brazil,30,15.89,8.13,476.7,243.9,232.8
INV-13743,2023-09-19,CUST-283,Wholesale,CA,Vietnam,25,19.77,9.45,494.25,236.25,258.0
INV-13744,2023-02-11,CUST-302,Wholesale,TX,Brazil,163,20.33,10.52,3313.79,1714.76,1599.03
INV-13745,2023-10-01,CUST-107,Retail,IL,Costa Rica,30,29.38,14.75,881.4,442.5,438.9
INV-13746,2023-03-02,CUST-788,Retail,TX,Guatemala,47,20.58,13.13,967.26,617.11,350.15
INV-13747,2023-05-22,CUST-931,Retail,IL,Ethiopia,1,17.32,11.95,17.32,11.95,5.37
INV-13748,2023-02-03,CUST-292,Retail,WA,Guatemala,2,24.15,10.92,48.3,21.84,26.46
INV-13749,2023-04-18,CUST-809,Online,FL,Vietnam,23,25.38,14.23,583.74,327.29,256.45
INV-13750,2023-02-10,CUST-288,Wholesale,IL,Costa Rica,205,25.47,15.14,5221.35,3103.7,2117.65
INV-13751,2023-12-18,CUST-704,Retail,CA,Vietnam,49,19.98,12.7,979.02,622.3,356.72
INV-13752,2023-06-16,CUST-753,Retail,CA,Brazil,11,27.55,13.21,303.05,145.31,157.74
INV-13753,2023-05-18,CUST-504,Online,TX,Colombia,14,25.77,15.25,360.78,213.5,147.28
INV-13754,2023-08-26,CUST-773,Wholesale,TX,Colombia,27,23.71,12.37,640.17,333.99,306.18
INV-13755,2023-11-18,CUST-880,Wholesale,IL,Ethiopia,72,19.78,9.56,1424.16,688.32,735.84
INV-13756,2023-04-01,CUST-121,Wholesale,FL,Ethiopia,431,16.49,6.8,7107.19,2930.8,4176.39
INV-13757,2023-06-13,CUST-706,Online,FL,Guatemala,18,27.2,14.87,489.6,267.66,221.94
INV-13758,2023-05-16,CUST-299,Retail,TX,Brazil,38,25.21,12.21,957.98,463.98,494.0
INV-13759,2023-06-19,CUST-730,Wholesale,TX,Ethiopia,494,17.44,9.22,8615.36,4554.68,4060.68
INV-13760,2023-08-19,CUST-519,Retail,WA,Brazil,39,26.51,15.01,1033.89,585.39,448.5
INV-13761,2023-04-21,CUST-216,Online,NY,Vietnam,1,20.84,10.98,20.84,10.98,9.86
INV-13762,2023-08-31,CUST-735,Online,TX,Brazil,2,24.12,13.97,48.24,27.94,20.3
INV-13763,2023-02-03,CUST-666,Wholesale,CA,Costa Rica,240,16.41,11.35,3938.4,2724.0,1214.4
INV-13764,2023-05-01,CUST-212,Wholesale,IL,Colombia,216,19.77,9.0,4270.32,1944.0,2326.32
INV-13765,2023-10-03,CUST-358,Online,WA,Colombia,7,22.38,12.54,156.66,87.78,68.88
INV-13766,2023-08-21,CUST-679,Retail,NY,Brazil,44,18.93,9.72,832.92,427.68,405.24
INV-13767,2023-08-18,CUST-510,Wholesale,FL,Colombia,150,29.18,14.56,4377.0,2184.0,2193.0
INV-13768,2023-03-10,CUST-535,Retail,NY,Vietnam,49,24.6,12.17,1205.4,596.33,609.07
INV-13769,2023-10-25,CUST-487,Wholesale,WA,Colombia,341,19.73,12.99,6727.93,4429.59,2298.34
INV-13770,2023-02-21,CUST-682,Online,CA,Ethiopia,1,22.12,9.76,22.12,9.76,12.36
INV-13771,2023-09-11,CUST-394,Retail,CA,Guatemala,28,26.89,17.7,752.92,495.6,257.32
INV-13772,2023-10-02,CUST-435,Online,CA,Brazil,44,27.51,15.65,1210.44,688.6,521.84
INV-13773,2023-02-05,CUST-330,Retail,WA,Guatemala,22,18.04,9.93,396.88,218.46,178.42
INV-13774,2023-09-30,CUST-242,Online,TX,Guatemala,33,24.78,15.73,817.74,519.09,298.65
INV-13775,2023-05-18,CUST-860,Online,NY,Costa Rica,37,25.61,16.82,947.57,622.34,325.23
INV-13776,2023-07-15,CUST-570,Online,TX,Vietnam,50,21.01,13.91,1050.5,695.5,355.0
INV-13777,2023-11-18,CUST-706,Online,CA,Colombia,3,24.96,13.69,74.88,41.07,33.81
INV-13778,2023-03-22,CUST-477,Wholesale,WA,Vietnam,218,18.95,9.2,4131.1,2005.6,2125.5
INV-13779,2023-01-18,CUST-360,Online,IL,Guatemala,14,28.81,12.44,403.34,174.16,229.18
INV-13780,2023-06-26,CUST-267,Online,TX,Guatemala,10,24.95,12.71,249.5,127.1,122.4
INV-13781,2023-07-07,CUST-490,Retail,FL,Vietnam,30,18.32,11.2,549.6,336.0,213.6
INV-13782,2023-04-18,CUST-541,Wholesale,NY,Colombia,198,19.55,10.38,3870.9,2055.24,1815.66
INV-13783,2023-03-25,CUST-211,Wholesale,CA,Ethiopia,322,15.82,8.52,5094.04,2743.44,2350.6
INV-13784,2023-12-20,CUST-411,Wholesale,IL,Vietnam,71,19.11,8.22,1356.81,583.62,773.19
INV-13785,2023-10-22,CUST-291,Online,FL,Brazil,22,25.41,16.14,559.02,355.08,203.94
INV-13786,2023-12-07,CUST-425,Wholesale,IL,Vietnam,17,23.47,15.63,398.99,265.71,133.28
INV-13787,2023-06-03,CUST-196,Online,NY,Colombia,10,29.32,19.36,293.2,193.6,99.6
INV-13788,2023-07-01,CUST-878,Retail,WA,Ethiopia,43,15.23,9.47,654.89,407.21,247.68
INV-13789,2023-08-04,CUST-572,Retail,NY,Costa Rica,17,15.51,7.77,263.67,132.09,131.58
INV-13790,2023-10-22,CUST-903,Online,TX,Costa Rica,13,18.54,12.57,241.02,163.41,77.61
INV-13791,2023-07-21,CUST-138,Wholesale,CA,Colombia,326,24.69,12.56,8048.94,4094.56,3954.38
INV-13792,2023-02-02,CUST-603,Online,NY,Costa Rica,31,21.37,8.6,662.47,266.6,395.87
INV-13793,2023-06-26,CUST-597,Wholesale,FL,Brazil,286,29.09,15.46,8319.74,4421.56,3898.18
INV-13794,2023-12-02,CUST-677,Retail,CA,Vietnam,30,27.62,19.19,828.6,575.7,252.9
INV-13795,2023-02-23,CUST-372,Online,IL,Vietnam,15,23.45,16.29,351.75,244.35,107.4
INV-13796,2023-10-22,CUST-237,Wholesale,WA,Ethiopia,200,18.97,11.78,3794.0,2356.0,1438.0
INV-13797,2023-01-27,CUST-157,Online,TX,Ethiopia,12,24.79,11.45,297.48,137.4,160.08
INV-13798,2023-08-13,CUST-382,Online,TX,Guatemala,3,17.1,10.7,51.3,32.1,19.2
INV-13799,2023-02-12,CUST-976,Retail,CA,Vietnam,1,27.73,17.07,27.73,17.07,10.66
INV-13800,2023-07-29,CUST-612,Wholesale,WA,Brazil,185,18.84,10.91,3485.4,2018.35,1467.05
INV-13801,2023-05-24,CUST-954,Retail,CA,Guatemala,49,18.46,10.88,904.54,533.12,371.42
INV-13802,2023-09-14,CUST-318,Online,CA,Guatemala,7,24.33,13.42,170.31,93.94,76.37
INV-13803,2023-10-24,CUST-650,Retail,IL,Guatemala,45,23.97,15.46,1078.65,695.7,382.95
INV-13804,2023-06-20,CUST-532,Wholesale,WA,Colombia,197,16.97,10.37,3343.09,2042.89,1300.2
INV-13805,2023-11-03,CUST-294,Online,TX,Vietnam,45,25.31,12.35,1138.95,555.75,583.2
INV-13806,2023-08-04,CUST-340,Online,TX,Vietnam,16,24.78,16.07,396.48,257.12,139.36
INV-13807,2023-06-01,CUST-213,Wholesale,NY,Costa Rica,187,17.65,7.44,3300.55,1391.28,1909.27
INV-13808,2023-09-27,CUST-786,Online,IL,Ethiopia,14,27.35,15.67,382.9,219.38,163.52
INV-13809,2023-05-18,CUST-696,Retail,CA,Ethiopia,1,21.53,8.92,21.53,8.92,12.61
INV-13810,2023-04-05,CUST-505,Online,WA,Costa Rica,7,21.76,13.82,152.32,96.74,55.58
INV-13811,2023-03-19,CUST-483,Wholesale,CA,Brazil,451,25.59,14.54,11541.09,6557.54,4983.55
INV-13812,2023-11-29,CUST-656,Wholesale,CA,Guatemala,30,22.33,14.35,669.9,430.5,239.4
INV-13813,2023-07-16,CUST-294,Retail,WA,Brazil,3,22.96,10.3,68.88,30.9,37.98
INV-13814,2023-10-19,CUST-469,Retail,NY,Vietnam,2,28.17,13.19,56.34,26.38,29.96
INV-13815,2023-07-10,CUST-873,Wholesale,FL,Brazil,421,26.46,11.35,11139.66,4778.35,6361.31
INV-13816,2023-08-14,CUST-277,Online,TX,Vietnam,34,23.02,12.36,782.68,420.24,362.44
INV-13817,2023-06-11,CUST-343,Wholesale,WA,Guatemala,165,16.06,9.45,2649.9,1559.25,1090.65
INV-13818,2023-01-23,CUST-289,Wholesale,CA,Costa Rica,149,19.88,11.31,2962.12,1685.19,1276.93
INV-13819,2023-07-02,CUST-786,Online,IL,Vietnam,36,16.73,9.9,602.28,356.4,245.88
INV-13820,2023-05-05,CUST-359,Wholesale,NY,Vietnam,122,18.56,8.19,2264.32,999.18,1265.14
INV-13821,2023-05-20,CUST-790,Wholesale,FL,Brazil,144,24.33,16.45,3503.52,2368.8,1134.72
INV-13822,2023-03-27,CUST-262,Online,WA,Costa Rica,16,21.73,13.29,347.68,212.64,135.04
INV-13823,2023-12-10,CUST-728,Retail,TX,Colombia,2,18.42,12.48,36.84,24.96,11.88
INV-13824,2023-03-24,CUST-712,Retail,IL,Guatemala,45,28.46,15.17,1280.7,682.65,598.05
INV-13825,2023-01-12,CUST-507,Retail,FL,Ethiopia,23,20.62,14.05,474.26,323.15,151.11
INV-13826,2023-05-28,CUST-561,Wholesale,FL,Colombia,313,29.0,13.12,9077.0,4106.56,4970.44
INV-13827,2023-09-05,CUST-198,Retail,IL,Costa Rica,18,20.17,9.44,363.06,169.92,193.14
INV-13828,2023-09-24,CUST-874,Wholesale,CA,Colombia,120,28.99,18.87,3478.8,2264.4,1214.4
INV-13829,2023-06-11,CUST-413,Wholesale,TX,Colombia,294,17.9,9.88,5262.6,2904.72,2357.88
INV-13830,2023-02-17,CUST-275,Online,FL,Colombia,3,25.59,13.6,76.77,40.8,35.97
INV-13831,2023-08-21,CUST-756,Wholesale,WA,Costa Rica,144,17.48,9.94,2517.12,1431.36,1085.76
INV-13832,2023-01-23,CUST-487,Wholesale,NY,Ethiopia,168,17.33,9.2,2911.44,1545.6,1365.84
INV-13833,2023-08-09,CUST-650,Wholesale,NY,Costa Rica,440,26.49,18.09,11655.6,7959.6,3696.0
INV-13834,2023-11-08,CUST-409,Online,FL,Brazil,24,24.17,14.11,580.08,338.64,241.44
INV-13835,2023-03-13,CUST-191,Retail,WA,Costa Rica,31,25.62,11.24,794.22,348.44,445.78
INV-13836,2023-01-08,CUST-564,Online,CA,Ethiopia,28,28.48,19.09,797.44,534.52,262.92
INV-13837,2023-10-24,CUST-603,Retail,TX,Brazil,48,16.67,10.05,800.16,482.4,317.76
INV-13838,2023-05-10,CUST-529,Wholesale,NY,Ethiopia,94,22.19,12.99,2085.86,1221.06,864.8
INV-13839,2023-10-16,CUST-187,Online,WA,Colombia,9,18.29,10.68,164.61,96.12,68.49
INV-13840,2023-06-22,CUST-920,Online,IL,Ethiopia,4,15.97,9.08,63.88,36.32,27.56
INV-13841,2023-02-03,CUST-567,Wholesale,IL,Brazil,303,18.78,7.68,5690.34,2327.04,3363.3
INV-13842,2023-09-06,CUST-869,Retail,CA,Vietnam,36,28.34,16.45,1020.24,592.2,428.04
INV-13843,2023-01-20,CUST-969,Wholesale,TX,Brazil,79,28.37,19.75,2241.23,1560.25,680.98
INV-13844,2023-04-03,CUST-740,Wholesale,WA,Guatemala,248,28.52,17.05,7072.96,4228.4,2844.56
INV-13845,2023-07-26,CUST-666,Retail,FL,Guatemala,11,25.17,12.54,276.87,137.94,138.93
INV-13846,2023-03-28,CUST-305,Wholesale,NY,Costa Rica,393,19.37,9.41,7612.41,3698.13,3914.28
INV-13847,2023-10-09,CUST-699,Wholesale,NY,Costa Rica,443,24.63,12.6,10911.09,5581.8,5329.29
INV-13848,2023-06-04,CUST-909,Retail,WA,Guatemala,45,21.41,10.36,963.45,466.2,497.25
INV-13849,2023-06-22,CUST-208,Retail,IL,Ethiopia,38,17.57,8.98,667.66,341.24,326.42
INV-13850,2023-01-31,CUST-931,Retail,WA,Costa Rica,50,25.49,12.35,1274.5,617.5,657.0
INV-13851,2023-12-30,CUST-151,Wholesale,IL,Ethiopia,284,20.51,10.35,5824.84,2939.4,2885.44
INV-13852,2023-06-13,CUST-855,Online,IL,Guatemala,40,23.05,13.81,922.0,552.4,369.6
INV-13853,2023-02-16,CUST-853,Online,NY,Colombia,36,16.49,7.45,593.64,268.2,325.44
INV-13854,2023-12-25,CUST-350,Online,TX,Costa Rica,22,21.4,12.44,470.8,273.68,197.12
INV-13855,2023-07-20,CUST-634,Retail,FL,Vietnam,35,16.26,10.41,569.1,364.35,204.75
INV-13856,2023-04-29,CUST-622,Online,FL,Brazil,14,20.93,12.25,293.02,171.5,121.52
INV-13857,2023-10-24,CUST-351,Online,IL,Colombia,8,23.64,10.47,189.12,83.76,105.36
INV-13858,2023-08-10,CUST-496,Wholesale,CA,Costa Rica,74,20.86,14.55,1543.64,1076.7,466.94
INV-13859,2023-08-02,CUST-569,Wholesale,CA,Costa Rica,30,26.08,15.46,782.4,463.8,318.6
INV-13860,2023-04-28,CUST-386,Wholesale,WA,Costa Rica,119,29.96,18.45,3565.24,2195.55,1369.69
INV-13861,2023-04-05,CUST-927,Retail,FL,Guatemala,42,17.85,8.43,749.7,354.06,395.64
INV-13862,2023-07-21,CUST-750,Wholesale,FL,Guatemala,299,29.36,20.21,8778.64,6042.79,2735.85
INV-13863,2023-10-07,CUST-120,Online,FL,Costa Rica,33,16.42,9.97,541.86,329.01,212.85
INV-13864,2023-11-24,CUST-253,Wholesale,FL,Colombia,328,29.44,19.17,9656.32,6287.76,3368.56
INV-13865,2023-02-28,CUST-837,Retail,NY,Ethiopia,33,28.06,15.09,925.98,497.97,428.01
INV-13866,2023-03-31,CUST-729,Retail,NY,Brazil,41,24.98,11.29,1024.18,462.89,561.29
INV-13867,2023-09-22,CUST-829,Online,FL,Costa Rica,43,15.84,9.87,681.12,424.41,256.71
INV-13868,2023-07-07,CUST-296,Wholesale,CA,Costa Rica,441,28.31,16.18,12484.71,7135.38,5349.33
INV-13869,2023-08-20,CUST-680,Retail,IL,Vietnam,39,26.95,14.42,1051.05,562.38,488.67
INV-13870,2023-11-08,CUST-699,Online,TX,Costa Rica,9,18.99,11.98,170.91,107.82,63.09
INV-13871,2023-04-28,CUST-278,Wholesale,NY,Colombia,227,16.0,7.73,3632.0,1754.71,1877.29
INV-13872,2023-04-20,CUST-944,Online,IL,Ethiopia,15,26.99,15.74,404.85,236.1,168.75
INV-13873,2023-06-18,CUST-373,Retail,NY,Vietnam,26,21.29,12.74,553.54,331.24,222.3
INV-13874,2023-10-30,CUST-499,Wholesale,CA,Costa Rica,324,26.5,18.41,8586.0,5964.84,2621.16
INV-13875,2023-02-10,CUST-407,Retail,WA,Brazil,2,18.75,8.92,37.5,17.84,19.66
INV-13876,2023-04-10,CUST-144,Retail,IL,Brazil,36,16.16,9.15,581.76,329.4,252.36
INV-13877,2023-05-26,CUST-626,Retail,CA,Colombia,48,16.93,11.62,812.64,557.76,254.88
INV-13878,2023-02-15,CUST-766,Online,IL,Brazil,16,22.48,12.99,359.68,207.84,151.84
INV-13879,2023-06-28,CUST-309,Wholesale,FL,Ethiopia,75,27.57,18.88,2067.75,1416.0,651.75
INV-13880,2023-02-06,CUST-913,Wholesale,FL,Costa Rica,212,25.25,12.37,5353.0,2622.44,2730.56
INV-13881,2023-06-21,CUST-629,Wholesale,IL,Vietnam,253,28.04,19.09,7094.12,4829.77,2264.35
INV-13882,2023-03-09,CUST-481,Retail,TX,Vietnam,48,22.06,14.41,1058.88,691.68,367.2
INV-13883,2023-04-07,CUST-192,Retail,IL,Vietnam,49,25.76,12.48,1262.24,611.52,650.72
INV-13884,2023-06-09,CUST-171,Wholesale,TX,Guatemala,383,25.71,16.03,9846.93,6139.49,3707.44
INV-13885,2023-04-15,CUST-428,Online,CA,Costa Rica,29,21.9,14.17,635.1,410.93,224.17
INV-13886,2023-02-28,CUST-396,Online,IL,Ethiopia,32,25.44,11.09,814.08,354.88,459.2
INV-13887,2023-09-04,CUST-169,Online,CA,Brazil,41,28.53,15.94,1169.73,653.54,516.19
INV-13888,2023-11-13,CUST-952,Online,IL,Ethiopia,12,28.7,14.87,344.4,178.44,165.96
INV-13889,2023-03-10,CUST-187,Wholesale,NY,Ethiopia,393,29.49,17.23,11589.57,6771.39,4818.18
INV-13890,2023-10-03,CUST-457,Online,WA,Costa Rica,11,23.39,11.81,257.29,129.91,127.38
INV-13891,2023-01-02,CUST-315,Online,CA,Vietnam,9,28.87,16.65,259.83,149.85,109.98
INV-13892,2023-11-10,CUST-140,Wholesale,NY,Costa Rica,402,22.45,14.11,9024.9,5672.22,3352.68
INV-13893,2023-12-30,CUST-784,Online,FL,Brazil,26,18.14,9.38,471.64,243.88,227.76
INV-13894,2023-12-25,CUST-663,Wholesale,NY,Ethiopia,191,23.79,16.39,4543.89,3130.49,1413.4
INV-13895,2023-06-17,CUST-382,Retail,FL,Colombia,7,28.55,18.5,199.85,129.5,70.35
INV-13896,2023-09-04,CUST-765,Retail,CA,Costa Rica,47,24.08,14.79,1131.76,695.13,436.63
INV-13897,2023-03-19,CUST-487,Retail,IL,Ethiopia,12,26.6,17.34,319.2,208.08,111.12
INV-13898,2023-07-25,CUST-326,Online,CA,Ethiopia,18,17.16,8.29,308.88,149.22,159.66
INV-13899,2023-06-16,CUST-818,Wholesale,IL,Brazil,205,22.38,14.28,4587.9,2927.4,1660.5
INV-13900,2023-11-11,CUST-198,Online,TX,Vietnam,13,27.82,13.86,361.66,180.18,181.48
INV-13901,2023-02-28,CUST-367,Online,TX,Costa Rica,13,22.55,13.01,293.15,169.13,124.02
INV-13902,2023-12-08,CUST-428,Wholesale,FL,Guatemala,76,18.45,8.55,1402.2,649.8,752.4
INV-13903,2023-04-23,CUST-457,Online,WA,Ethiopia,44,24.53,11.82,1079.32,520.08,559.24
INV-13904,2023-09-15,CUST-343,Online,TX,Brazil,42,18.44,9.65,774.48,405.3,369.18
INV-13905,2023-10-04,CUST-526,Retail,FL,Vietnam,48,16.12,10.08,773.76,483.84,289.92
INV-13906,2023-10-31,CUST-901,Retail,FL,Colombia,25,29.47,12.87,736.75,321.75,415.0
INV-13907,2023-01-20,CUST-546,Retail,FL,Ethiopia,17,20.38,11.54,346.46,196.18,150.28
INV-13908,2023-08-02,CUST-273,Wholesale,NY,Vietnam,253,27.57,13.34,6975.21,3375.02,3600.19
INV-13909,2023-04-20,CUST-852,Online,TX,Guatemala,4,23.56,9.82,94.24,39.28,54.96
INV-13910,2023-01-10,CUST-224,Wholesale,TX,Guatemala,151,27.57,17.22,4163.07,2600.22,1562.85
INV-13911,2023-04-17,CUST-936,Retail,NY,Ethiopia,25,28.06,13.7,701.5,342.5,359.0
INV-13912,2023-04-15,CUST-656,Wholesale,CA,Costa Rica,178,26.52,15.19,4720.56,2703.82,2016.74
INV-13913,2023-10-14,CUST-958,Online,NY,Guatemala,14,19.34,9.62,270.76,134.68,136.08
INV-13914,2023-05-24,CUST-228,Retail,NY,Vietnam,38,20.86,14.12,792.68,536.56,256.12
INV-13915,2023-12-27,CUST-162,Retail,TX,Colombia,10,25.79,16.53,257.9,165.3,92.6
INV-13916,2023-05-07,CUST-847,Retail,TX,Ethiopia,9,23.41,10.25,210.69,92.25,118.44
INV-13917,2023-02-13,CUST-702,Retail,IL,Guatemala,26,21.58,11.94,561.08,310.44,250.64
INV-13918,2023-06-23,CUST-342,Online,TX,Colombia,19,16.26,8.97,308.94,170.43,138.51
INV-13919,2023-01-26,CUST-224,Retail,IL,Costa Rica,32,26.91,16.3,861.12,521.6,339.52
INV-13920,2023-10-06,CUST-469,Online,WA,Vietnam,8,26.58,13.28,212.64,106.24,106.4
INV-13921,2023-12-08,CUST-219,Retail,FL,Guatemala,1,29.46,13.71,29.46,13.71,15.75
INV-13922,2023-07-02,CUST-545,Online,WA,Brazil,46,28.07,15.6,1291.22,717.6,573.62
INV-13923,2023-10-25,CUST-899,Wholesale,FL,Brazil,82,26.01,17.31,2132.82,1419.42,713.4
INV-13924,2023-01-18,CUST-821,Online,IL,Vietnam,3,26.03,11.33,78.09,33.99,44.1
INV-13925,2023-05-10,CUST-532,Online,IL,Guatemala,26,21.01,9.65,546.26,250.9,295.36
INV-13926,2023-06-05,CUST-114,Online,WA,Ethiopia,19,22.15,12.29,420.85,233.51,187.34
INV-13927,2023-12-22,CUST-573,Wholesale,IL,Vietnam,470,21.13,8.99,9931.1,4225.3,5705.8
INV-13928,2023-07-10,CUST-704,Online,TX,Costa Rica,1,23.39,12.23,23.39,12.23,11.16
INV-13929,2023-06-14,CUST-713,Online,TX,Vietnam,42,15.06,7.13,632.52,299.46,333.06
INV-13930,2023-12-08,CUST-699,Online,IL,Colombia,10,29.38,16.25,293.8,162.5,131.3
INV-13931,2023-08-08,CUST-793,Wholesale,WA,Ethiopia,233,16.8,7.46,3914.4,1738.18,2176.22
INV-13932,2023-09-24,CUST-846,Wholesale,NY,Vietnam,115,15.8,8.58,1817.0,986.7,830.3
INV-13933,2023-02-10,CUST-626,Retail,FL,Ethiopia,23,24.02,15.09,552.46,347.07,205.39
INV-13934,2023-08-01,CUST-479,Wholesale,IL,Ethiopia,99,21.05,14.33,2083.95,1418.67,665.28
INV-13935,2023-04-06,CUST-743,Retail,CA,Ethiopia,17,25.36,14.08,431.12,239.36,191.76
INV-13936,2023-04-27,CUST-103,Retail,TX,Costa Rica,3,29.94,18.58,89.82,55.74,34.08
INV-13937,2023-03-20,CUST-311,Online,CA,Colombia,14,29.26,15.24,409.64,213.36,196.28
INV-13938,2023-09-25,CUST-688,Online,TX,Ethiopia,15,23.19,12.62,347.85,189.3,158.55
INV-13939,2023-07-10,CUST-426,Online,FL,Vietnam,22,18.47,8.49,406.34,186.78,219.56
INV-13940,2023-06-22,CUST-118,Retail,TX,Vietnam,48,27.83,13.68,1335.84,656.64,679.2
INV-13941,2023-08-05,CUST-182,Online,WA,Brazil,20,15.84,8.56,316.8,171.2,145.6
INV-13942,2023-06-05,CUST-702,Online,FL,Costa Rica,45,17.32,9.89,779.4,445.05,334.35
INV-13943,2023-06-18,CUST-915,Retail,WA,Guatemala,29,24.56,13.03,712.24,377.87,334.37
INV-13944,2023-09-18,CUST-332,Wholesale,IL,Guatemala,206,26.17,15.48,5391.02,3188.88,2202.14
INV-13945,2023-12-14,CUST-700,Online,WA,Ethiopia,12,15.92,9.37,191.04,112.44,78.6
INV-13946,2023-04-28,CUST-279,Wholesale,WA,Costa Rica,50,28.63,18.46,1431.5,923.0,508.5
INV-13947,2023-04-17,CUST-321,Retail,IL,Ethiopia,9,17.53,8.72,157.77,78.48,79.29
INV-13948,2023-06-12,CUST-898,Retail,FL,Vietnam,27,15.68,8.8,423.36,237.6,185.76
INV-13949,2023-07-15,CUST-170,Online,WA,Vietnam,30,28.27,18.3,848.1,549.0,299.1
INV-13950,2023-09-07,CUST-957,Online,TX,Vietnam,11,22.65,11.96,249.15,131.56,117.59
INV-13951,2023-08-15,CUST-327,Wholesale,TX,Brazil,113,16.17,10.5,1827.21,1186.5,640.71
INV-13952,2023-03-15,CUST-427,Online,IL,Costa Rica,15,16.37,6.94,245.55,104.1,141.45
INV-13953,2023-02-26,CUST-720,Wholesale,CA,Colombia,438,27.5,19.17,12045.0,8396.46,3648.54
INV-13954,2023-06-27,CUST-359,Retail,TX,Ethiopia,21,20.6,10.0,432.6,210.0,222.6
INV-13955,2023-05-10,CUST-501,Online,IL,Vietnam,45,15.69,9.16,706.05,412.2,293.85
INV-13956,2023-06-29,CUST-121,Retail,IL,Guatemala,15,27.66,17.3,414.9,259.5,155.4
INV-13957,2023-08-04,CUST-648,Wholesale,NY,Guatemala,82,25.19,15.78,2065.58,1293.96,771.62
INV-13958,2023-08-06,CUST-131,Wholesale,IL,Costa Rica,319,19.43,10.69,6198.17,3410.11,2788.06
INV-13959,2023-10-30,CUST-374,Retail,TX,Costa Rica,17,28.12,19.42,478.04,330.14,147.9
INV-13960,2023-04-28,CUST-154,Retail,FL,Ethiopia,6,22.91,12.44,137.46,74.64,62.82
INV-13961,2023-11-21,CUST-127,Online,NY,Colombia,20,27.39,15.53,547.8,310.6,237.2
INV-13962,2023-04-03,CUST-603,Wholesale,WA,Colombia,353,16.17,10.06,5708.01,3551.18,2156.83
INV-13963,2023-11-17,CUST-880,Wholesale,FL,Colombia,101,28.97,12.5,2925.97,1262.5,1663.47
INV-13964,2023-02-02,CUST-157,Online,FL,Brazil,49,21.91,10.93,1073.59,535.57,538.02
INV-13965,2023-07-22,CUST-157,Online,CA,Brazil,29,23.3,9.58,675.7,277.82,397.88
INV-13966,2023-03-12,CUST-475,Wholesale,WA,Ethiopia,177,28.08,14.32,4970.16,2534.64,2435.52
INV-13967,2023-06-17,CUST-209,Online,NY,Guatemala,36,27.45,18.78,988.2,676.08,312.12
INV-13968,2023-03-30,CUST-323,Wholesale,NY,Vietnam,145,21.95,9.74,3182.75,1412.3,1770.45
INV-13969,2023-02-23,CUST-672,Wholesale,NY,Ethiopia,25,28.32,14.93,708.0,373.25,334.75
INV-13970,2023-11-13,CUST-187,Retail,IL,Brazil,24,23.55,9.65,565.2,231.6,333.6
INV-13971,2023-12-11,CUST-220,Wholesale,WA,Brazil,437,29.67,19.72,12965.79,8617.64,4348.15
INV-13972,2023-09-18,CUST-359,Wholesale,TX,Ethiopia,349,20.76,8.45,7245.24,2949.05,4296.19
INV-13973,2023-02-23,CUST-185,Online,CA,Guatemala,49,26.63,14.77,1304.87,723.73,581.14
INV-13974,2023-09-29,CUST-869,Wholesale,FL,Costa Rica,430,22.67,10.35,9748.1,4450.5,5297.6
INV-13975,2023-04-24,CUST-899,Online,WA,Vietnam,21,15.76,8.89,330.96,186.69,144.27
INV-13976,2023-12-12,CUST-646,Online,CA,Costa Rica,10,22.97,14.97,229.7,149.7,80.0
INV-13977,2023-05-10,CUST-214,Retail,FL,Ethiopia,46,24.58,12.37,1130.68,569.02,561.66
INV-13978,2023-12-02,CUST-356,Retail,WA,Ethiopia,9,16.64,11.2,149.76,100.8,48.96
INV-13979,2023-03-03,CUST-808,Retail,WA,Brazil,8,25.05,12.28,200.4,98.24,102.16
INV-13980,2023-05-12,CUST-859,Online,WA,Colombia,29,18.85,10.88,546.65,315.52,231.13
INV-13981,2023-08-20,CUST-495,Wholesale,NY,Colombia,70,21.0,14.11,1470.0,987.7,482.3
INV-13982,2023-12-04,CUST-691,Wholesale,TX,Guatemala,146,24.7,11.7,3606.2,1708.2,1898.0
INV-13983,2023-04-28,CUST-645,Retail,TX,Costa Rica,1,22.19,13.35,22.19,13.35,8.84
INV-13984,2023-05-30,CUST-571,Retail,CA,Colombia,32,29.68,12.75,949.76,408.0,541.76
INV-13985,2023-07-08,CUST-521,Online,WA,Brazil,36,20.08,13.79,722.88,496.44,226.44
INV-13986,2023-02-05,CUST-147,Wholesale,TX,Brazil,77,28.01,18.37,2156.77,1414.49,742.28
INV-13987,2023-07-07,CUST-785,Online,WA,Ethiopia,46,27.75,18.73,1276.5,861.58,414.92
INV-13988,2023-11-30,CUST-921,Wholesale,IL,Colombia,289,26.65,15.59,7701.85,4505.51,3196.34
INV-13989,2023-11-24,CUST-606,Wholesale,NY,Colombia,252,21.65,10.86,5455.8,2736.72,2719.08
INV-13990,2023-01-02,CUST-480,Retail,WA,Ethiopia,47,19.42,9.96,912.74,468.12,444.62
INV-13991,2023-09-14,CUST-283,Wholesale,TX,Ethiopia,41,23.91,10.81,980.31,443.21,537.1
INV-13992,2023-12-02,CUST-843,Retail,TX,Colombia,7,21.66,14.1,151.62,98.7,52.92
INV-13993,2023-05-25,CUST-747,Online,FL,Guatemala,4,21.65,14.01,86.6,56.04,30.56
INV-13994,2023-06-03,CUST-492,Retail,WA,Brazil,14,15.67,8.87,219.38,124.18,95.2
INV-13995,2023-03-14,CUST-755,Online,FL,Ethiopia,9,15.1,9.41,135.9,84.69,51.21
INV-13996,2023-07-01,CUST-807,Online,NY,Colombia,26,28.51,18.99,741.26,493.74,247.52
INV-13997,2023-05-30,CUST-821,Wholesale,TX,Guatemala,252,21.41,13.96,5395.32,3517.92,1877.4
INV-13998,2023-09-03,CUST-357,Wholesale,TX,Guatemala,88,20.63,10.47,1815.44,921.36,894.08
INV-13999,2023-02-18,CUST-357,Wholesale,IL,Brazil,364,29.8,15.83,10847.2,5762.12,5085.08
INV-14000,2023-09-08,CUST-231,Retail,CA,Ethiopia,36,18.27,7.67,657.72,276.12,381.6
INV-14001,2023-11-09,CUST-180,Online,CA,Costa Rica,43,27.74,15.42,1192.82,663.06,529.76
INV-14002,2023-12-07,CUST-805,Wholesale,WA,Vietnam,70,17.21,10.62,1204.7,743.4,461.3
INV-14003,2023-12-30,CUST-283,Wholesale,IL,Brazil,466,15.93,6.82,7423.38,3178.12,4245.26
INV-14004,2023-06-20,CUST-129,Wholesale,NY,Brazil,109,18.74,10.67,2042.66,1163.03,879.63
INV-14005,2023-04-10,CUST-826,Online,FL,Ethiopia,39,23.17,13.06,903.63,509.34,394.29
INV-14006,2023-09-01,CUST-897,Online,CA,Brazil,16,17.64,10.12,282.24,161.92,120.32
INV-14007,2023-05-30,CUST-978,Retail,TX,Colombia,10,22.68,13.74,226.8,137.4,89.4
INV-14008,2023-12-19,CUST-866,Wholesale,IL,Colombia,427,16.7,11.62,7130.9,4961.74,2169.16
INV-14009,2023-04-21,CUST-665,Online,IL,Vietnam,30,28.31,14.1,849.3,423.0,426.3
INV-14010,2023-09-19,CUST-781,Online,IL,Vietnam,38,25.91,14.69,984.58,558.22,426.36
INV-14011,2023-03-20,CUST-710,Retail,CA,Guatemala,50,27.35,18.36,1367.5,918.0,449.5
INV-14012,2023-05-02,CUST-598,Retail,WA,Brazil,47,21.86,10.31,1027.42,484.57,542.85
INV-14013,2023-03-17,CUST-988,Online,FL,Vietnam,37,28.01,13.21,1036.37,488.77,547.6
INV-14014,2023-12-16,CUST-582,Wholesale,CA,Guatemala,214,16.55,8.85,3541.7,1893.9,1647.8
INV-14015,2023-08-26,CUST-660,Retail,WA,Ethiopia,48,16.39,8.57,786.72,411.36,375.36
INV-14016,2023-03-15,CUST-723,Retail,CA,Guatemala,37,17.94,8.83,663.78,326.71,337.07
INV-14017,2023-10-19,CUST-590,Wholesale,IL,Ethiopia,136,22.47,15.01,3055.92,2041.36,1014.56
INV-14018,2023-11-12,CUST-216,Online,IL,Costa Rica,4,22.43,12.38,89.72,49.52,40.2
INV-14019,2023-08-22,CUST-897,Retail,FL,Vietnam,16,26.61,14.07,425.76,225.12,200.64
INV-14020,2023-08-04,CUST-906,Retail,TX,Vietnam,42,21.73,12.64,912.66,530.88,381.78
INV-14021,2023-02-25,CUST-300,Retail,TX,Brazil,37,24.76,13.36,916.12,494.32,421.8
INV-14022,2023-08-25,CUST-334,Wholesale,IL,Costa Rica,490,16.87,9.93,8266.3,4865.7,3400.6
INV-14023,2023-11-18,CUST-148,Online,NY,Vietnam,24,27.45,18.04,658.8,432.96,225.84
INV-14024,2023-04-01,CUST-769,Wholesale,FL,Costa Rica,159,22.03,9.99,3502.77,1588.41,1914.36
INV-14025,2023-04-24,CUST-580,Retail,IL,Costa Rica,24,28.95,16.58,694.8,397.92,296.88
INV-14026,2023-07-07,CUST-814,Online,CA,Costa Rica,41,24.1,14.03,988.1,575.23,412.87
INV-14027,2023-09-22,CUST-603,Wholesale,FL,Costa Rica,31,15.42,7.97,478.02,247.07,230.95
INV-14028,2023-12-13,CUST-975,Retail,TX,Guatemala,12,18.21,11.56,218.52,138.72,79.8
INV-14029,2023-06-02,CUST-934,Wholesale,FL,Vietnam,284,17.34,10.23,4924.56,2905.32,2019.24
INV-14030,2023-01-23,CUST-133,Wholesale,IL,Ethiopia,356,24.06,13.57,8565.36,4830.92,3734.44
INV-14031,2023-01-25,CUST-294,Retail,NY,Brazil,9,22.74,13.93,204.66,125.37,79.29
INV-14032,2023-09-07,CUST-559,Online,NY,Costa Rica,38,17.9,12.42,680.2,471.96,208.24
INV-14033,2023-05-13,CUST-758,Retail,WA,Guatemala,44,21.78,11.7,958.32,514.8,443.52
INV-14034,2023-03-20,CUST-580,Online,WA,Costa Rica,48,23.79,16.44,1141.92,789.12,352.8
INV-14035,2023-02-13,CUST-895,Retail,TX,Vietnam,40,19.07,9.96,762.8,398.4,364.4
INV-14036,2023-11-30,CUST-860,Wholesale,IL,Colombia,424,26.85,18.22,11384.4,7725.28,3659.12
INV-14037,2023-03-17,CUST-444,Wholesale,TX,Vietnam,497,15.8,7.75,7852.6,3851.75,4000.85
INV-14038,2023-05-15,CUST-346,Online,TX,Costa Rica,32,16.17,9.61,517.44,307.52,209.92
INV-14039,2023-03-27,CUST-706,Retail,FL,Brazil,46,28.38,17.62,1305.48,810.52,494.96
INV-14040,2023-09-13,CUST-445,Retail,NY,Vietnam,33,20.7,12.58,683.1,415.14,267.96
INV-14041,2023-06-05,CUST-264,Retail,CA,Vietnam,11,29.71,17.35,326.81,190.85,135.96
INV-14042,2023-12-09,CUST-279,Wholesale,TX,Brazil,455,20.79,8.63,9459.45,3926.65,5532.8
INV-14043,2023-06-27,CUST-452,Wholesale,CA,Ethiopia,238,28.02,17.03,6668.76,4053.14,2615.62
INV-14044,2023-11-12,CUST-666,Online,WA,Vietnam,30,26.55,13.66,796.5,409.8,386.7
INV-14045,2023-12-26,CUST-335,Online,TX,Colombia,25,28.34,16.97,708.5,424.25,284.25
INV-14046,2023-03-21,CUST-602,Retail,NY,Costa Rica,14,24.34,12.48,340.76,174.72,166.04
INV-14047,2023-05-24,CUST-841,Online,IL,Colombia,15,21.03,10.96,315.45,164.4,151.05
INV-14048,2023-06-23,CUST-618,Retail,NY,Ethiopia,24,17.22,7.35,413.28,176.4,236.88
INV-14049,2023-12-01,CUST-897,Online,FL,Costa Rica,28,16.82,6.81,470.96,190.68,280.28
INV-14050,2023-10-26,CUST-365,Retail,FL,Ethiopia,37,19.7,10.18,728.9,376.66,352.24
INV-14051,2023-01-13,CUST-421,Online,FL,Colombia,41,25.29,11.84,1036.89,485.44,551.45
INV-14052,2023-01-22,CUST-144,Online,TX,Colombia,38,26.73,17.52,1015.74,665.76,349.98
INV-14053,2023-12-05,CUST-154,Retail,CA,Colombia,4,29.0,15.25,116.0,61.0,55.0
INV-14054,2023-02-06,CUST-607,Retail,CA,Ethiopia,47,27.58,13.42,1296.26,630.74,665.52
INV-14055,2023-09-30,CUST-708,Wholesale,TX,Vietnam,70,22.25,13.95,1557.5,976.5,581.0
INV-14056,2023-02-03,CUST-204,Retail,IL,Guatemala,4,29.97,14.87,119.88,59.48,60.4
INV-14057,2023-04-05,CUST-539,Online,FL,Guatemala,48,19.27,10.6,924.96,508.8,416.16
INV-14058,2023-03-12,CUST-726,Wholesale,WA,Ethiopia,425,26.47,14.03,11249.75,5962.75,5287.0
INV-14059,2023-12-18,CUST-722,Retail,CA,Vietnam,17,27.28,17.66,463.76,300.22,163.54
INV-14060,2023-05-23,CUST-572,Wholesale,IL,Ethiopia,137,22.61,14.56,3097.57,1994.72,1102.85
INV-14061,2023-04-20,CUST-586,Wholesale,CA,Colombia,312,15.03,10.45,4689.36,3260.4,1428.96
INV-14062,2023-04-19,CUST-998,Retail,CA,Vietnam,21,26.95,10.99,565.95,230.79,335.16
INV-14063,2023-04-24,CUST-633,Online,CA,Brazil,38,25.47,14.61,967.86,555.18,412.68
INV-14064,2023-12-18,CUST-383,Wholesale,FL,Vietnam,280,21.51,11.7,6022.8,3276.0,2746.8
INV-14065,2023-04-08,CUST-490,Wholesale,TX,Brazil,492,16.37,6.7,8054.04,3296.4,4757.64
INV-14066,2023-05-09,CUST-666,Retail,FL,Vietnam,28,18.54,12.29,519.12,344.12,175.0
INV-14067,2023-07-12,CUST-808,Retail,FL,Guatemala,24,25.74,12.18,617.76,292.32,325.44
INV-14068,2023-05-23,CUST-249,Retail,CA,Brazil,23,27.56,12.59,633.88,289.57,344.31
INV-14069,2023-12-06,CUST-769,Retail,IL,Costa Rica,41,23.68,15.73,970.88,644.93,325.95
INV-14070,2023-10-14,CUST-760,Retail,TX,Vietnam,31,21.0,13.27,651.0,411.37,239.63
INV-14071,2023-04-28,CUST-195,Online,FL,Costa Rica,11,25.0,10.2,275.0,112.2,162.8
INV-14072,2023-07-03,CUST-278,Wholesale,CA,Guatemala,256,25.78,17.47,6599.68,4472.32,2127.36
INV-14073,2023-06-09,CUST-573,Online,FL,Ethiopia,22,26.64,14.21,586.08,312.62,273.46
INV-14074,2023-06-10,CUST-848,Wholesale,FL,Ethiopia,67,22.68,10.56,1519.56,707.52,812.04
INV-14075,2023-05-04,CUST-881,Online,NY,Vietnam,40,18.07,12.55,722.8,502.0,220.8
INV-14076,2023-12-03,CUST-844,Retail,FL,Vietnam,9,16.93,8.52,152.37,76.68,75.69
INV-14077,2023-12-16,CUST-234,Online,IL,Guatemala,19,22.94,13.92,435.86,264.48,171.38
INV-14078,2023-09-19,CUST-214,Wholesale,NY,Brazil,429,27.72,12.79,11891.88,5486.91,6404.97
INV-14079,2023-11-23,CUST-496,Wholesale,NY,Brazil,262,17.04,10.94,4464.48,2866.28,1598.2
INV-14080,2023-05-16,CUST-520,Online,CA,Colombia,8,15.69,9.4,125.52,75.2,50.32
INV-14081,2023-01-22,CUST-560,Online,TX,Brazil,25,24.95,10.57,623.75,264.25,359.5
INV-14082,2023-06-26,CUST-887,Retail,IL,Guatemala,23,15.19,8.21,349.37,188.83,160.54
INV-14083,2023-12-02,CUST-692,Wholesale,CA,Ethiopia,382,17.74,9.74,6776.68,3720.68,3056.0
INV-14084,2023-10-26,CUST-202,Online,WA,Ethiopia,42,17.47,11.87,733.74,498.54,235.2
INV-14085,2023-01-07,CUST-407,Retail,CA,Colombia,25,26.58,11.29,664.5,282.25,382.25
INV-14086,2023-01-11,CUST-152,Retail,CA,Brazil,44,16.16,9.36,711.04,411.84,299.2
INV-14087,2023-07-12,CUST-999,Online,IL,Costa Rica,46,23.0,10.77,1058.0,495.42,562.58
INV-14088,2023-01-18,CUST-673,Online,CA,Guatemala,17,17.8,11.96,302.6,203.32,99.28
INV-14089,2023-05-25,CUST-366,Retail,NY,Colombia,48,21.69,12.87,1041.12,617.76,423.36
INV-14090,2023-02-22,CUST-816,Wholesale,TX,Vietnam,16,17.72,11.65,283.52,186.4,97.12
INV-14091,2023-06-27,CUST-968,Retail,IL,Costa Rica,46,24.69,14.68,1135.74,675.28,460.46
INV-14092,2023-12-13,CUST-561,Wholesale,CA,Guatemala,135,29.44,14.86,3974.4,2006.1,1968.3
INV-14093,2023-07-09,CUST-558,Retail,IL,Brazil,21,23.26,9.61,488.46,201.81,286.65
INV-14094,2023-10-03,CUST-389,Retail,CA,Guatemala,24,19.72,13.46,473.28,323.04,150.24
INV-14095,2024-01-01,CUST-821,Wholesale,CA,Vietnam,231,24.07,9.93,5560.17,2293.83,3266.34
INV-14096,2023-01-02,CUST-283,Wholesale,FL,Colombia,90,15.87,10.55,1428.3,949.5,478.8
INV-14097,2023-11-17,CUST-295,Retail,NY,Vietnam,19,15.52,7.18,294.88,136.42,158.46
INV-14098,2023-02-19,CUST-950,Online,FL,Colombia,36,17.71,11.93,637.56,429.48,208.08
INV-14099,2023-07-21,CUST-880,Wholesale,IL,Vietnam,11,28.2,16.7,310.2,183.7,126.5
INV-14100,2023-08-19,CUST-517,Online,FL,Costa Rica,41,17.6,8.23,721.6,337.43,384.17
INV-14101,2023-11-22,CUST-264,Online,NY,Ethiopia,30,24.4,12.79,732.0,383.7,348.3
INV-14102,2023-07-10,CUST-766,Online,CA,Costa Rica,10,17.92,11.75,179.2,117.5,61.7
INV-14103,2023-04-23,CUST-809,Wholesale,IL,Costa Rica,359,25.88,12.8,9290.92,4595.2,4695.72
INV-14104,2023-12-22,CUST-385,Online,FL,Colombia,6,27.32,16.56,163.92,99.36,64.56
INV-14105,2023-09-10,CUST-934,Wholesale,WA,Brazil,91,26.17,11.56,2381.47,1051.96,1329.51
INV-14106,2023-01-21,CUST-843,Retail,IL,Costa Rica,3,26.06,13.46,78.18,40.38,37.8
INV-14107,2023-04-30,CUST-888,Retail,TX,Costa Rica,47,20.51,8.41,963.97,395.27,568.7
INV-14108,2023-03-18,CUST-892,Online,TX,Ethiopia,21,20.04,8.7,420.84,182.7,238.14
INV-14109,2023-09-30,CUST-419,Online,TX,Brazil,39,23.34,12.73,910.26,496.47,413.79
INV-14110,2023-08-02,CUST-989,Retail,IL,Brazil,15,19.99,9.84,299.85,147.6,152.25
INV-14111,2023-11-10,CUST-486,Retail,IL,Vietnam,11,29.47,17.88,324.17,196.68,127.49
INV-14112,2023-11-11,CUST-712,Wholesale,TX,Brazil,86,21.5,9.83,1849.0,845.38,1003.62
INV-14113,2023-02-05,CUST-483,Wholesale,FL,Guatemala,255,16.7,10.61,4258.5,2705.55,1552.95
INV-14114,2023-03-22,CUST-645,Retail,WA,Ethiopia,46,28.09,13.44,1292.14,618.24,673.9
INV-14115,2023-02-02,CUST-337,Retail,IL,Costa Rica,34,23.84,12.48,810.56,424.32,386.24
INV-14116,2023-05-25,CUST-168,Retail,IL,Colombia,48,15.89,10.11,762.72,485.28,277.44
INV-14117,2023-07-27,CUST-511,Online,IL,Costa Rica,37,23.93,12.21,885.41,451.77,433.64
INV-14118,2023-10-02,CUST-600,Retail,IL,Brazil,13,18.66,8.58,242.58,111.54,131.04
INV-14119,2023-07-28,CUST-471,Online,IL,Colombia,6,15.04,6.42,90.24,38.52,51.72
INV-14120,2023-06-24,CUST-905,Retail,WA,Ethiopia,15,16.92,8.79,253.8,131.85,121.95
INV-14121,2023-05-03,CUST-473,Retail,TX,Costa Rica,15,24.73,13.05,370.95,195.75,175.2
INV-14122,2023-07-29,CUST-385,Retail,IL,Costa Rica,14,29.45,14.35,412.3,200.9,211.4
INV-14123,2023-12-14,CUST-394,Retail,CA,Vietnam,34,27.13,12.5,922.42,425.0,497.42
INV-14124,2023-06-11,CUST-104,Retail,CA,Guatemala,36,15.96,8.16,574.56,293.76,280.8
INV-14125,2023-04-14,CUST-759,Wholesale,NY,Vietnam,63,24.74,12.7,1558.62,800.1,758.52
INV-14126,2023-12-31,CUST-864,Retail,FL,Vietnam,49,24.04,14.63,1177.96,716.87,461.09
INV-14127,2023-09-16,CUST-887,Online,FL,Guatemala,4,28.2,14.68,112.8,58.72,54.08
INV-14128,2023-03-17,CUST-646,Wholesale,NY,Vietnam,229,27.6,11.04,6320.4,2528.16,3792.24
INV-14129,2023-03-27,CUST-821,Online,WA,Vietnam,27,23.39,15.28,631.53,412.56,218.97
INV-14130,2023-08-24,CUST-435,Wholesale,FL,Guatemala,57,20.95,14.34,1194.15,817.38,376.77
INV-14131,2023-06-24,CUST-921,Online,CA,Vietnam,20,25.94,11.15,518.8,223.0,295.8
INV-14132,2023-10-21,CUST-659,Retail,TX,Guatemala,41,22.57,14.38,925.37,589.58,335.79
INV-14133,2023-07-04,CUST-279,Retail,TX,Vietnam,5,18.57,12.71,92.85,63.55,29.3
INV-14134,2023-02-20,CUST-814,Retail,WA,Vietnam,19,20.61,10.3,391.59,195.7,195.89
INV-14135,2023-02-04,CUST-800,Retail,CA,Brazil,21,18.76,7.61,393.96,159.81,234.15
INV-14136,2023-12-23,CUST-991,Wholesale,NY,Guatemala,336,23.57,15.25,7919.52,5124.0,2795.52
INV-14137,2023-07-02,CUST-643,Retail,CA,Ethiopia,49,15.83,8.18,775.67,400.82,374.85
INV-14138,2023-07-05,CUST-749,Wholesale,FL,Vietnam,431,23.77,10.59,10244.87,4564.29,5680.58
INV-14139,2023-11-22,CUST-569,Online,CA,Guatemala,17,29.63,17.64,503.71,299.88,203.83
INV-14140,2023-02-07,CUST-470,Wholesale,CA,Costa Rica,414,26.02,11.75,10772.28,4864.5,5907.78
INV-14141,2023-05-12,CUST-131,Wholesale,CA,Costa Rica,31,21.86,14.64,677.66,453.84,223.82
INV-14142,2023-09-01,CUST-558,Online,WA,Costa Rica,22,19.72,9.58,433.84,210.76,223.08
INV-14143,2023-09-10,CUST-523,Retail,FL,Colombia,33,22.18,11.57,731.94,381.81,350.13
INV-14144,2023-10-18,CUST-268,Wholesale,CA,Brazil,498,17.82,10.17,8874.36,5064.66,3809.7
INV-14145,2023-05-13,CUST-543,Retail,IL,Guatemala,15,25.12,15.23,376.8,228.45,148.35
INV-14146,2023-11-13,CUST-421,Wholesale,CA,Vietnam,52,28.35,14.77,1474.2,768.04,706.16
INV-14147,2023-11-21,CUST-574,Retail,CA,Colombia,40,29.76,19.21,1190.4,768.4,422.0
INV-14148,2023-09-22,CUST-550,Retail,TX,Vietnam,14,17.37,11.01,243.18,154.14,89.04
INV-14149,2023-02-08,CUST-761,Online,FL,Vietnam,26,27.68,13.45,719.68,349.7,369.98
INV-14150,2023-10-17,CUST-631,Online,FL,Costa Rica,27,20.74,8.37,559.98,225.99,333.99
INV-14151,2023-07-30,CUST-952,Wholesale,TX,Costa Rica,487,23.89,10.4,11634.43,5064.8,6569.63
INV-14152,2023-03-23,CUST-908,Online,FL,Vietnam,40,18.42,12.18,736.8,487.2,249.6
INV-14153,2023-07-22,CUST-318,Online,TX,Guatemala,36,24.87,10.57,895.32,380.52,514.8
INV-14154,2023-11-23,CUST-352,Online,IL,Ethiopia,49,15.54,6.51,761.46,318.99,442.47
INV-14155,2023-10-28,CUST-183,Online,CA,Ethiopia,28,17.95,11.55,502.6,323.4,179.2
INV-14156,2023-07-13,CUST-699,Retail,CA,Colombia,12,19.06,7.92,228.72,95.04,133.68
INV-14157,2023-03-05,CUST-503,Wholesale,WA,Costa Rica,309,26.59,13.82,8216.31,4270.38,3945.93
INV-14158,2023-02-15,CUST-232,Retail,WA,Colombia,48,16.15,8.19,775.2,393.12,382.08
INV-14159,2023-06-09,CUST-501,Online,NY,Guatemala,8,26.97,15.57,215.76,124.56,91.2
INV-14160,2023-06-22,CUST-942,Online,IL,Colombia,24,24.5,16.0,588.0,384.0,204.0
INV-14161,2023-12-02,CUST-721,Online,IL,Colombia,6,17.95,10.26,107.7,61.56,46.14
INV-14162,2023-12-23,CUST-830,Online,IL,Ethiopia,32,17.36,10.49,555.52,335.68,219.84
INV-14163,2023-08-11,CUST-723,Online,FL,Costa Rica,35,19.96,9.42,698.6,329.7,368.9
INV-14164,2023-04-12,CUST-837,Online,TX,Guatemala,26,20.87,14.59,542.62,379.34,163.28
INV-14165,2023-04-07,CUST-413,Online,WA,Brazil,5,27.29,18.77,136.45,93.85,42.6
INV-14166,2023-10-31,CUST-179,Wholesale,WA,Vietnam,188,19.47,13.51,3660.36,2539.88,1120.48
INV-14167,2023-03-27,CUST-807,Retail,CA,Costa Rica,16,15.97,9.2,255.52,147.2,108.32
INV-14168,2023-10-30,CUST-716,Online,NY,Vietnam,16,23.63,11.95,378.08,191.2,186.88
INV-14169,2023-10-25,CUST-423,Online,IL,Ethiopia,4,26.56,15.03,106.24,60.12,46.12
INV-14170,2023-09-19,CUST-374,Retail,IL,Guatemala,28,17.21,11.66,481.88,326.48,155.4
INV-14171,2023-12-11,CUST-389,Wholesale,WA,Guatemala,150,24.31,14.27,3646.5,2140.5,1506.0
INV-14172,2023-12-10,CUST-173,Retail,NY,Brazil,33,15.52,6.37,512.16,210.21,301.95
INV-14173,2023-01-20,CUST-692,Online,IL,Colombia,21,21.43,8.66,450.03,181.86,268.17
INV-14174,2023-05-15,CUST-465,Wholesale,NY,Colombia,404,28.04,15.84,11328.16,6399.36,4928.8
INV-14175,2023-02-28,CUST-897,Retail,NY,Costa Rica,16,16.38,7.84,262.08,125.44,136.64
INV-14176,2023-05-09,CUST-346,Online,WA,Guatemala,26,19.46,8.98,505.96,233.48,272.48
INV-14177,2023-06-04,CUST-801,Retail,FL,Ethiopia,19,17.6,8.39,334.4,159.41,174.99
INV-14178,2023-04-17,CUST-803,Online,CA,Colombia,21,24.89,13.96,522.69,293.16,229.53
INV-14179,2023-07-28,CUST-728,Wholesale,FL,Guatemala,140,28.72,16.12,4020.8,2256.8,1764.0
INV-14180,2023-07-29,CUST-310,Wholesale,NY,Costa Rica,451,19.38,8.52,8740.38,3842.52,4897.86
INV-14181,2023-11-21,CUST-964,Online,TX,Guatemala,22,26.07,12.58,573.54,276.76,296.78
INV-14182,2023-02-06,CUST-277,Retail,NY,Ethiopia,50,18.6,9.52,930.0,476.0,454.0
INV-14183,2023-12-12,CUST-155,Online,IL,Costa Rica,39,20.93,13.25,816.27,516.75,299.52
INV-14184,2023-04-20,CUST-246,Online,CA,Vietnam,45,22.13,12.75,995.85,573.75,422.1
INV-14185,2023-12-19,CUST-291,Retail,IL,Vietnam,23,29.77,14.3,684.71,328.9,355.81
INV-14186,2023-05-15,CUST-122,Online,CA,Vietnam,41,21.16,11.26,867.56,461.66,405.9
INV-14187,2023-11-01,CUST-134,Online,CA,Guatemala,49,25.64,11.27,1256.36,552.23,704.13
INV-14188,2023-10-11,CUST-504,Retail,TX,Ethiopia,22,28.6,18.02,629.2,396.44,232.76
INV-14189,2023-12-18,CUST-404,Wholesale,TX,Vietnam,477,23.9,13.48,11400.3,6429.96,4970.34
INV-14190,2023-04-08,CUST-214,Online,NY,Brazil,2,24.94,14.22,49.88,28.44,21.44
INV-14191,2023-11-15,CUST-882,Retail,CA,Vietnam,7,17.52,11.2,122.64,78.4,44.24
INV-14192,2023-04-24,CUST-238,Wholesale,NY,Ethiopia,253,27.55,18.8,6970.15,4756.4,2213.75
INV-14193,2023-01-19,CUST-142,Online,FL,Guatemala,16,19.63,10.56,314.08,168.96,145.12
INV-14194,2023-12-26,CUST-515,Online,IL,Costa Rica,22,25.86,11.62,568.92,255.64,313.28
INV-14195,2023-09-28,CUST-491,Online,CA,Vietnam,10,28.48,12.73,284.8,127.3,157.5
INV-14196,2023-05-01,CUST-383,Online,NY,Costa Rica,42,29.55,14.25,1241.1,598.5,642.6
INV-14197,2023-05-17,CUST-791,Online,FL,Colombia,19,24.21,12.0,459.99,228.0,231.99
INV-14198,2023-09-16,CUST-992,Retail,NY,Brazil,46,18.23,11.07,838.58,509.22,329.36
INV-14199,2023-11-17,CUST-233,Wholesale,FL,Brazil,185,19.2,10.41,3552.0,1925.85,1626.15
INV-14200,2023-04-11,CUST-226,Online,IL,Costa Rica,26,26.19,15.73,680.94,408.98,271.96
INV-14201,2023-06-21,CUST-371,Retail,NY,Vietnam,15,27.49,14.48,412.35,217.2,195.15
INV-14202,2023-06-25,CUST-941,Wholesale,CA,Guatemala,480,22.26,10.84,10684.8,5203.2,5481.6
INV-14203,2023-07-23,CUST-322,Retail,IL,Vietnam,27,21.43,14.43,578.61,389.61,189.0
INV-14204,2023-01-18,CUST-692,Wholesale,WA,Ethiopia,353,27.81,16.44,9816.93,5803.32,4013.61
INV-14205,2023-07-17,CUST-821,Wholesale,TX,Brazil,329,23.11,11.32,7603.19,3724.28,3878.91
INV-14206,2023-12-21,CUST-955,Retail,TX,Vietnam,45,18.2,7.44,819.0,334.8,484.2
INV-14207,2023-03-31,CUST-992,Wholesale,TX,Ethiopia,280,29.41,12.71,8234.8,3558.8,4676.0
INV-14208,2023-10-12,CUST-361,Retail,WA,Costa Rica,5,23.78,15.71,118.9,78.55,40.35
INV-14209,2023-05-23,CUST-100,Wholesale,TX,Costa Rica,477,17.87,8.58,8523.99,4092.66,4431.33
INV-14210,2023-03-17,CUST-472,Online,FL,Colombia,37,19.32,13.4,714.84,495.8,219.04
INV-14211,2023-04-18,CUST-671,Wholesale,FL,Vietnam,300,19.03,12.64,5709.0,3792.0,1917.0
INV-14212,2023-10-11,CUST-983,Wholesale,NY,Colombia,397,21.33,12.98,8468.01,5153.06,3314.95
INV-14213,2023-12-23,CUST-784,Retail,WA,Brazil,4,16.32,7.94,65.28,31.76,33.52
INV-14214,2023-10-14,CUST-603,Wholesale,TX,Ethiopia,319,27.28,12.05,8702.32,3843.95,4858.37
INV-14215,2023-03-07,CUST-912,Retail,NY,Costa Rica,25,18.9,8.91,472.5,222.75,249.75
INV-14216,2023-11-17,CUST-720,Retail,IL,Costa Rica,6,21.95,11.16,131.7,66.96,64.74
INV-14217,2023-06-13,CUST-488,Online,IL,Colombia,31,18.36,12.45,569.16,385.95,183.21
INV-14218,2023-10-19,CUST-193,Online,FL,Colombia,2,24.35,14.92,48.7,29.84,18.86
INV-14219,2023-10-21,CUST-513,Retail,WA,Guatemala,4,20.23,11.46,80.92,45.84,35.08
INV-14220,2023-05-11,CUST-440,Retail,WA,Brazil,34,19.68,12.06,669.12,410.04,259.08
INV-14221,2023-10-27,CUST-285,Wholesale,FL,Costa Rica,376,22.37,9.33,8411.12,3508.08,4903.04
INV-14222,2023-12-24,CUST-687,Wholesale,NY,Brazil,33,20.14,9.36,664.62,308.88,355.74
INV-14223,2023-05-14,CUST-570,Online,NY,Brazil,15,29.15,19.65,437.25,294.75,142.5
INV-14224,2023-06-02,CUST-356,Online,NY,Brazil,17,27.67,13.92,470.39,236.64,233.75
INV-14225,2023-11-28,CUST-509,Wholesale,IL,Ethiopia,142,19.44,11.62,2760.48,1650.04,1110.44
INV-14226,2023-05-29,CUST-666,Online,FL,Guatemala,14,16.89,10.17,236.46,142.38,94.08
INV-14227,2023-05-29,CUST-531,Online,NY,Vietnam,22,17.17,11.62,377.74,255.64,122.1
INV-14228,2023-03-03,CUST-401,Online,IL,Ethiopia,50,18.04,12.14,902.0,607.0,295.0
INV-14229,2023-01-29,CUST-572,Wholesale,IL,Ethiopia,78,22.81,12.63,1779.18,985.14,794.04
INV-14230,2023-08-27,CUST-797,Wholesale,FL,Vietnam,402,18.77,12.73,7545.54,5117.46,2428.08
INV-14231,2023-04-02,CUST-789,Retail,NY,Guatemala,41,24.4,10.26,1000.4,420.66,579.74
INV-14232,2023-03-12,CUST-989,Wholesale,WA,Brazil,50,28.58,17.09,1429.0,854.5,574.5
INV-14233,2023-09-05,CUST-815,Online,IL,Brazil,15,16.39,6.8,245.85,102.0,143.85
INV-14234,2023-01-04,CUST-212,Wholesale,NY,Vietnam,194,26.73,18.12,5185.62,3515.28,1670.34
INV-14235,2023-05-04,CUST-825,Wholesale,CA,Brazil,293,26.08,12.71,7641.44,3724.03,3917.41
INV-14236,2023-09-13,CUST-448,Wholesale,FL,Vietnam,401,26.15,14.52,10486.15,5822.52,4663.63
INV-14237,2023-02-03,CUST-869,Wholesale,NY,Guatemala,169,15.12,6.25,2555.28,1056.25,1499.03
INV-14238,2023-02-08,CUST-734,Online,WA,Costa Rica,43,22.16,12.68,952.88,545.24,407.64
INV-14239,2023-03-10,CUST-783,Wholesale,NY,Costa Rica,179,17.1,6.97,3060.9,1247.63,1813.27
INV-14240,2023-08-19,CUST-678,Wholesale,NY,Vietnam,260,25.31,11.95,6580.6,3107.0,3473.6
INV-14241,2023-05-05,CUST-350,Online,NY,Guatemala,45,24.14,14.8,1086.3,666.0,420.3
INV-14242,2023-05-24,CUST-951,Online,CA,Brazil,3,23.71,15.44,71.13,46.32,24.81
INV-14243,2023-12-01,CUST-775,Online,CA,Ethiopia,24,15.59,6.39,374.16,153.36,220.8
INV-14244,2023-07-17,CUST-742,Online,WA,Colombia,15,24.44,13.69,366.6,205.35,161.25
INV-14245,2023-05-18,CUST-394,Wholesale,TX,Brazil,422,19.32,12.29,8153.04,5186.38,2966.66
INV-14246,2023-09-05,CUST-532,Retail,WA,Vietnam,16,27.9,18.96,446.4,303.36,143.04
INV-14247,2023-12-03,CUST-735,Retail,FL,Guatemala,16,25.23,15.32,403.68,245.12,158.56
INV-14248,2023-11-30,CUST-377,Wholesale,FL,Guatemala,225,22.73,15.74,5114.25,3541.5,1572.75
INV-14249,2023-06-22,CUST-780,Wholesale,NY,Costa Rica,127,22.37,9.89,2840.99,1256.03,1584.96
INV-14250,2023-07-30,CUST-354,Retail,FL,Guatemala,41,15.63,8.91,640.83,365.31,275.52
INV-14251,2023-11-28,CUST-683,Wholesale,NY,Colombia,90,18.58,7.61,1672.2,684.9,987.3
INV-14252,2023-07-28,CUST-593,Online,FL,Guatemala,35,29.15,14.91,1020.25,521.85,498.4
INV-14253,2023-11-06,CUST-710,Wholesale,FL,Ethiopia,109,20.82,10.3,2269.38,1122.7,1146.68
INV-14254,2023-12-26,CUST-886,Online,IL,Costa Rica,48,18.0,9.55,864.0,458.4,405.6
INV-14255,2023-01-08,CUST-416,Wholesale,WA,Colombia,182,28.6,19.34,5205.2,3519.88,1685.32
INV-14256,2023-03-02,CUST-660,Wholesale,TX,Brazil,395,25.37,12.6,10021.15,4977.0,5044.15
INV-14257,2023-05-20,CUST-589,Wholesale,WA,Colombia,390,26.37,16.76,10284.3,6536.4,3747.9
INV-14258,2023-03-11,CUST-939,Retail,NY,Colombia,15,23.08,15.57,346.2,233.55,112.65
INV-14259,2023-01-25,CUST-997,Online,NY,Vietnam,8,28.8,15.5,230.4,124.0,106.4
INV-14260,2023-01-13,CUST-744,Retail,TX,Vietnam,6,25.04,13.06,150.24,78.36,71.88
INV-14261,2023-02-07,CUST-692,Online,IL,Colombia,38,15.18,6.57,576.84,249.66,327.18
INV-14262,2023-08-01,CUST-356,Wholesale,TX,Ethiopia,158,18.37,11.41,2902.46,1802.78,1099.68
INV-14263,2023-05-23,CUST-640,Retail,CA,Ethiopia,43,24.58,11.03,1056.94,474.29,582.65
INV-14264,2023-05-13,CUST-724,Retail,IL,Brazil,44,19.15,8.39,842.6,369.16,473.44
INV-14265,2023-12-20,CUST-976,Wholesale,NY,Ethiopia,258,22.44,11.18,5789.52,2884.44,2905.08
INV-14266,2023-06-02,CUST-797,Wholesale,WA,Ethiopia,416,16.1,9.71,6697.6,4039.36,2658.24
INV-14267,2023-08-07,CUST-209,Retail,CA,Brazil,14,16.68,8.83,233.52,123.62,109.9
INV-14268,2023-06-09,CUST-941,Retail,NY,Vietnam,3,28.74,14.53,86.22,43.59,42.63
INV-14269,2023-03-29,CUST-628,Online,FL,Vietnam,1,16.72,7.39,16.72,7.39,9.33
INV-14270,2023-10-07,CUST-716,Wholesale,FL,Brazil,16,19.15,9.65,306.4,154.4,152.0
INV-14271,2023-11-16,CUST-542,Wholesale,CA,Costa Rica,340,21.29,11.87,7238.6,4035.8,3202.8
INV-14272,2023-09-13,CUST-410,Online,CA,Ethiopia,29,25.43,11.58,737.47,335.82,401.65
INV-14273,2023-02-25,CUST-929,Online,FL,Colombia,50,17.62,10.65,881.0,532.5,348.5
INV-14274,2023-06-28,CUST-485,Online,CA,Ethiopia,31,29.19,18.96,904.89,587.76,317.13
INV-14275,2023-07-11,CUST-917,Wholesale,WA,Colombia,347,18.64,8.65,6468.08,3001.55,3466.53
INV-14276,2023-03-25,CUST-223,Wholesale,FL,Colombia,416,28.88,20.15,12014.08,8382.4,3631.68
INV-14277,2023-04-16,CUST-559,Retail,FL,Colombia,7,23.35,13.22,163.45,92.54,70.91
INV-14278,2023-10-27,CUST-724,Online,NY,Colombia,6,26.45,13.11,158.7,78.66,80.04
INV-14279,2023-06-14,CUST-625,Retail,WA,Costa Rica,20,29.85,20.54,597.0,410.8,186.2
INV-14280,2023-01-15,CUST-536,Retail,WA,Guatemala,20,21.21,10.5,424.2,210.0,214.2
INV-14281,2023-04-07,CUST-192,Retail,FL,Brazil,37,27.51,17.92,1017.87,663.04,354.83
INV-14282,2023-05-28,CUST-504,Online,CA,Costa Rica,11,20.92,11.78,230.12,129.58,100.54
INV-14283,2023-04-14,CUST-105,Online,NY,Costa Rica,23,18.94,10.3,435.62,236.9,198.72
INV-14284,2023-09-05,CUST-357,Retail,NY,Vietnam,39,19.38,12.72,755.82,496.08,259.74
INV-14285,2023-09-27,CUST-960,Online,WA,Costa Rica,31,15.54,8.67,481.74,268.77,212.97
INV-14286,2023-04-16,CUST-646,Wholesale,TX,Costa Rica,447,25.63,14.47,11456.61,6468.09,4988.52
INV-14287,2023-08-17,CUST-545,Wholesale,IL,Costa Rica,30,18.68,12.87,560.4,386.1,174.3
INV-14288,2023-11-10,CUST-905,Wholesale,NY,Guatemala,417,28.04,12.99,11692.68,5416.83,6275.85
INV-14289,2023-03-03,CUST-738,Retail,NY,Costa Rica,22,27.5,14.69,605.0,323.18,281.82
INV-14290,2023-09-03,CUST-738,Retail,CA,Vietnam,5,19.25,11.63,96.25,58.15,38.1
INV-14291,2023-11-04,CUST-229,Online,CA,Vietnam,19,20.79,12.05,395.01,228.95,166.06
INV-14292,2023-11-15,CUST-798,Wholesale,IL,Ethiopia,215,17.36,9.97,3732.4,2143.55,1588.85
INV-14293,2023-05-05,CUST-967,Retail,IL,Colombia,48,21.3,12.9,1022.4,619.2,403.2
INV-14294,2023-01-08,CUST-385,Retail,IL,Guatemala,31,24.22,14.9,750.82,461.9,288.92
INV-14295,2023-12-06,CUST-311,Retail,FL,Colombia,46,20.03,11.89,921.38,546.94,374.44
INV-14296,2023-02-12,CUST-210,Retail,TX,Ethiopia,17,28.0,16.49,476.0,280.33,195.67
INV-14297,2023-09-26,CUST-351,Retail,TX,Ethiopia,46,23.5,15.86,1081.0,729.56,351.44
INV-14298,2023-05-16,CUST-289,Wholesale,CA,Vietnam,27,29.51,13.85,796.77,373.95,422.82
INV-14299,2023-08-30,CUST-997,Retail,CA,Colombia,26,19.13,11.69,497.38,303.94,193.44
INV-14300,2023-09-25,CUST-857,Retail,TX,Costa Rica,7,18.04,9.08,126.28,63.56,62.72
INV-14301,2023-05-09,CUST-715,Online,CA,Brazil,40,24.99,11.28,999.6,451.2,548.4
INV-14302,2023-04-19,CUST-994,Online,CA,Brazil,44,27.34,13.37,1202.96,588.28,614.68
INV-14303,2023-04-26,CUST-589,Online,IL,Brazil,2,22.15,13.7,44.3,27.4,16.9
INV-14304,2023-04-07,CUST-951,Online,IL,Costa Rica,40,27.49,16.53,1099.6,661.2,438.4
INV-14305,2023-11-25,CUST-485,Retail,TX,Vietnam,38,29.75,18.43,1130.5,700.34,430.16
INV-14306,2023-08-25,CUST-355,Wholesale,TX,Colombia,361,29.75,20.02,10739.75,7227.22,3512.53
INV-14307,2023-05-09,CUST-599,Wholesale,NY,Colombia,287,22.96,11.55,6589.52,3314.85,3274.67
INV-14308,2023-11-18,CUST-465,Online,CA,Vietnam,18,17.93,11.05,322.74,198.9,123.84
INV-14309,2023-04-24,CUST-390,Online,FL,Colombia,36,15.2,8.16,547.2,293.76,253.44
INV-14310,2023-04-16,CUST-294,Wholesale,TX,Colombia,272,21.91,12.47,5959.52,3391.84,2567.68
INV-14311,2023-11-18,CUST-881,Online,IL,Colombia,21,16.58,10.67,348.18,224.07,124.11
INV-14312,2023-08-16,CUST-259,Wholesale,NY,Costa Rica,411,24.08,14.48,9896.88,5951.28,3945.6
INV-14313,2023-07-03,CUST-515,Wholesale,TX,Costa Rica,476,27.82,15.65,13242.32,7449.4,5792.92
INV-14314,2023-06-27,CUST-705,Wholesale,FL,Vietnam,206,29.17,20.01,6009.02,4122.06,1886.96
INV-14315,2023-03-08,CUST-735,Retail,TX,Vietnam,48,17.73,8.14,851.04,390.72,460.32
INV-14316,2023-08-04,CUST-286,Retail,CA,Colombia,33,16.88,7.92,557.04,261.36,295.68
INV-14317,2023-07-27,CUST-297,Online,CA,Guatemala,36,16.63,10.47,598.68,376.92,221.76
INV-14318,2023-01-13,CUST-514,Online,TX,Costa Rica,35,22.51,10.62,787.85,371.7,416.15
INV-14319,2023-08-20,CUST-504,Retail,WA,Brazil,7,28.2,13.5,197.4,94.5,102.9
INV-14320,2023-06-17,CUST-326,Wholesale,CA,Costa Rica,202,23.54,15.27,4755.08,3084.54,1670.54
INV-14321,2023-11-24,CUST-169,Online,FL,Brazil,24,27.91,13.67,669.84,328.08,341.76
INV-14322,2023-08-07,CUST-390,Retail,IL,Costa Rica,3,23.87,16.14,71.61,48.42,23.19
INV-14323,2023-12-27,CUST-845,Retail,TX,Ethiopia,19,24.89,15.83,472.91,300.77,172.14
INV-14324,2023-03-15,CUST-912,Wholesale,FL,Brazil,367,24.94,10.98,9152.98,4029.66,5123.32
INV-14325,2023-03-26,CUST-877,Online,FL,Guatemala,50,24.35,11.1,1217.5,555.0,662.5
INV-14326,2023-10-10,CUST-502,Online,CA,Ethiopia,47,29.23,14.96,1373.81,703.12,670.69
INV-14327,2023-07-24,CUST-152,Online,IL,Colombia,50,22.38,9.49,1119.0,474.5,644.5
INV-14328,2023-05-23,CUST-563,Retail,CA,Costa Rica,35,17.94,12.14,627.9,424.9,203.0
INV-14329,2023-11-20,CUST-327,Online,FL,Ethiopia,41,20.24,10.73,829.84,439.93,389.91
INV-14330,2023-05-28,CUST-155,Retail,WA,Guatemala,30,18.56,9.28,556.8,278.4,278.4
INV-14331,2023-09-30,CUST-804,Wholesale,TX,Costa Rica,473,24.25,15.88,11470.25,7511.24,3959.01
INV-14332,2023-08-10,CUST-361,Online,IL,Guatemala,30,29.3,20.5,879.0,615.0,264.0
INV-14333,2023-12-07,CUST-209,Online,IL,Costa Rica,1,23.48,16.09,23.48,16.09,7.39
INV-14334,2023-03-23,CUST-491,Wholesale,CA,Guatemala,183,19.83,11.57,3628.89,2117.31,1511.58
INV-14335,2023-08-19,CUST-474,Retail,IL,Costa Rica,21,15.3,10.61,321.3,222.81,98.49
INV-14336,2023-08-29,CUST-138,Wholesale,CA,Guatemala,339,28.09,19.52,9522.51,6617.28,2905.23
INV-14337,2023-04-22,CUST-891,Online,IL,Ethiopia,20,21.44,13.91,428.8,278.2,150.6
INV-14338,2023-04-26,CUST-227,Online,WA,Guatemala,25,19.99,9.16,499.75,229.0,270.75
INV-14339,2023-12-19,CUST-391,Retail,TX,Ethiopia,8,16.73,9.99,133.84,79.92,53.92
INV-14340,2023-05-29,CUST-212,Retail,WA,Guatemala,48,27.88,17.02,1338.24,816.96,521.28
INV-14341,2023-01-11,CUST-741,Wholesale,WA,Guatemala,62,23.69,10.2,1468.78,632.4,836.38
INV-14342,2023-12-13,CUST-576,Retail,WA,Ethiopia,22,24.63,11.28,541.86,248.16,293.7
INV-14343,2023-10-14,CUST-330,Wholesale,TX,Brazil,332,28.27,12.76,9385.64,4236.32,5149.32
INV-14344,2023-07-30,CUST-847,Wholesale,CA,Ethiopia,195,27.2,14.87,5304.0,2899.65,2404.35
INV-14345,2023-01-27,CUST-636,Wholesale,FL,Ethiopia,265,28.05,19.57,7433.25,5186.05,2247.2
INV-14346,2023-07-16,CUST-522,Online,IL,Ethiopia,32,26.6,12.48,851.2,399.36,451.84
INV-14347,2023-02-11,CUST-657,Wholesale,CA,Guatemala,475,24.64,11.33,11704.0,5381.75,6322.25
INV-14348,2023-12-30,CUST-711,Wholesale,NY,Brazil,229,20.27,11.46,4641.83,2624.34,2017.49
INV-14349,2023-02-28,CUST-592,Retail,FL,Ethiopia,39,29.79,12.76,1161.81,497.64,664.17
INV-14350,2023-03-24,CUST-255,Wholesale,NY,Ethiopia,356,19.58,8.53,6970.48,3036.68,3933.8
INV-14351,2023-11-30,CUST-516,Online,NY,Costa Rica,25,27.44,12.59,686.0,314.75,371.25
INV-14352,2023-05-22,CUST-384,Wholesale,IL,Costa Rica,29,16.46,7.05,477.34,204.45,272.89
INV-14353,2023-08-31,CUST-207,Wholesale,NY,Colombia,342,23.38,10.65,7995.96,3642.3,4353.66
INV-14354,2023-03-29,CUST-188,Retail,CA,Brazil,15,23.6,12.78,354.0,191.7,162.3
INV-14355,2023-08-06,CUST-737,Retail,IL,Colombia,6,22.08,10.21,132.48,61.26,71.22
INV-14356,2023-01-09,CUST-145,Wholesale,CA,Ethiopia,220,25.5,15.59,5610.0,3429.8,2180.2
INV-14357,2023-06-08,CUST-797,Wholesale,WA,Brazil,464,23.24,12.01,10783.36,5572.64,5210.72
INV-14358,2023-08-27,CUST-111,Online,CA,Costa Rica,5,18.98,12.19,94.9,60.95,33.95
INV-14359,2023-04-29,CUST-151,Wholesale,IL,Brazil,336,19.33,11.8,6494.88,3964.8,2530.08
INV-14360,2023-07-23,CUST-935,Online,CA,Ethiopia,21,16.08,7.12,337.68,149.52,188.16
INV-14361,2023-03-03,CUST-834,Retail,IL,Vietnam,5,27.91,19.29,139.55,96.45,43.1
INV-14362,2023-04-11,CUST-253,Online,IL,Vietnam,5,28.42,19.26,142.1,96.3,45.8
INV-14363,2023-03-11,CUST-411,Wholesale,CA,Vietnam,462,22.56,12.96,10422.72,5987.52,4435.2
INV-14364,2023-06-27,CUST-906,Online,IL,Brazil,15,25.71,14.58,385.65,218.7,166.95
INV-14365,2023-04-20,CUST-430,Wholesale,NY,Colombia,47,18.71,12.39,879.37,582.33,297.04
INV-14366,2023-01-22,CUST-795,Wholesale,CA,Vietnam,366,28.6,17.84,10467.6,6529.44,3938.16
INV-14367,2023-05-13,CUST-605,Retail,IL,Brazil,18,20.21,11.54,363.78,207.72,156.06
INV-14368,2023-06-11,CUST-189,Retail,FL,Brazil,44,27.09,16.28,1191.96,716.32,475.64
INV-14369,2023-11-05,CUST-895,Retail,CA,Colombia,9,15.87,7.58,142.83,68.22,74.61
INV-14370,2023-05-14,CUST-578,Online,CA,Vietnam,22,16.18,6.87,355.96,151.14,204.82
INV-14371,2023-04-19,CUST-996,Online,FL,Vietnam,17,16.89,10.37,287.13,176.29,110.84
INV-14372,2023-01-24,CUST-476,Wholesale,NY,Brazil,274,23.23,9.37,6365.02,2567.38,3797.64
INV-14373,2023-02-20,CUST-692,Online,FL,Guatemala,36,24.12,12.37,868.32,445.32,423.0
INV-14374,2023-04-11,CUST-605,Online,TX,Colombia,23,28.16,17.16,647.68,394.68,253.0
INV-14375,2023-03-03,CUST-311,Retail,FL,Guatemala,30,22.26,12.46,667.8,373.8,294.0
INV-14376,2023-11-05,CUST-919,Wholesale,TX,Vietnam,294,15.03,10.46,4418.82,3075.24,1343.58
INV-14377,2023-09-03,CUST-337,Online,WA,Costa Rica,32,22.67,12.43,725.44,397.76,327.68
INV-14378,2023-05-21,CUST-237,Retail,FL,Guatemala,42,16.05,9.71,674.1,407.82,266.28
INV-14379,2023-03-21,CUST-487,Online,CA,Colombia,16,24.72,11.91,395.52,190.56,204.96
INV-14380,2023-08-10,CUST-883,Retail,WA,Ethiopia,36,18.44,10.51,663.84,378.36,285.48
INV-14381,2023-04-06,CUST-741,Wholesale,WA,Colombia,292,28.93,13.63,8447.56,3979.96,4467.6
INV-14382,2023-08-05,CUST-394,Retail,NY,Colombia,31,25.39,11.5,787.09,356.5,430.59
INV-14383,2023-07-27,CUST-740,Wholesale,IL,Colombia,140,29.48,17.64,4127.2,2469.6,1657.6
INV-14384,2023-01-16,CUST-898,Retail,FL,Vietnam,17,21.65,10.22,368.05,173.74,194.31
INV-14385,2023-07-26,CUST-445,Retail,TX,Brazil,5,17.69,7.79,88.45,38.95,49.5
INV-14386,2023-08-27,CUST-483,Online,CA,Guatemala,22,21.53,10.34,473.66,227.48,246.18
INV-14387,2023-04-12,CUST-440,Wholesale,TX,Ethiopia,278,26.35,18.33,7325.3,5095.74,2229.56
INV-14388,2023-09-18,CUST-473,Online,FL,Brazil,15,27.6,11.73,414.0,175.95,238.05
INV-14389,2023-12-28,CUST-418,Online,NY,Brazil,39,29.52,16.92,1151.28,659.88,491.4
INV-14390,2023-10-11,CUST-390,Retail,IL,Ethiopia,18,18.76,11.6,337.68,208.8,128.88
INV-14391,2023-08-30,CUST-961,Retail,NY,Vietnam,39,17.69,12.36,689.91,482.04,207.87
INV-14392,2023-12-17,CUST-830,Retail,TX,Guatemala,40,18.47,9.5,738.8,380.0,358.8
INV-14393,2023-12-25,CUST-382,Online,IL,Ethiopia,35,20.52,11.23,718.2,393.05,325.15
INV-14394,2023-11-28,CUST-348,Wholesale,NY,Colombia,51,28.42,16.29,1449.42,830.79,618.63
INV-14395,2023-06-13,CUST-278,Retail,IL,Ethiopia,31,18.87,12.78,584.97,396.18,188.79
INV-14396,2023-05-20,CUST-966,Online,TX,Vietnam,21,19.31,8.28,405.51,173.88,231.63
INV-14397,2023-05-12,CUST-733,Wholesale,NY,Brazil,424,17.18,9.57,7284.32,4057.68,3226.64
INV-14398,2023-07-25,CUST-287,Retail,NY,Vietnam,40,24.37,13.78,974.8,551.2,423.6
INV-14399,2023-10-15,CUST-670,Online,WA,Costa Rica,48,18.78,10.12,901.44,485.76,415.68
INV-14400,2023-12-13,CUST-625,Online,NY,Colombia,8,20.74,13.29,165.92,106.32,59.6
INV-14401,2023-02-22,CUST-986,Wholesale,NY,Brazil,252,25.91,10.72,6529.32,2701.44,3827.88
INV-14402,2023-11-22,CUST-275,Wholesale,NY,Vietnam,418,24.3,10.54,10157.4,4405.72,5751.68
INV-14403,2023-05-20,CUST-514,Wholesale,IL,Colombia,422,29.58,17.28,12482.76,7292.16,5190.6
INV-14404,2023-06-10,CUST-370,Wholesale,IL,Costa Rica,122,18.18,10.99,2217.96,1340.78,877.18
INV-14405,2023-09-29,CUST-890,Retail,WA,Guatemala,8,22.28,11.19,178.24,89.52,88.72
INV-14406,2023-01-16,CUST-646,Online,CA,Brazil,7,29.87,17.27,209.09,120.89,88.2
INV-14407,2023-06-29,CUST-479,Retail,CA,Brazil,30,24.99,17.05,749.7,511.5,238.2
INV-14408,2023-09-30,CUST-519,Retail,NY,Vietnam,4,24.71,15.33,98.84,61.32,37.52
INV-14409,2023-02-28,CUST-911,Online,CA,Brazil,43,15.14,10.33,651.02,444.19,206.83
INV-14410,2023-02-05,CUST-112,Wholesale,TX,Brazil,291,22.59,14.06,6573.69,4091.46,2482.23
INV-14411,2023-03-26,CUST-239,Wholesale,FL,Brazil,360,17.46,9.41,6285.6,3387.6,2898.0
INV-14412,2023-01-01,CUST-543,Online,NY,Guatemala,44,24.19,10.2,1064.36,448.8,615.56
INV-14413,2023-06-13,CUST-192,Wholesale,NY,Brazil,71,16.08,10.37,1141.68,736.27,405.41
INV-14414,2023-04-09,CUST-483,Retail,CA,Ethiopia,36,18.89,10.29,680.04,370.44,309.6
INV-14415,2023-06-07,CUST-732,Wholesale,WA,Vietnam,413,24.13,13.51,9965.69,5579.63,4386.06
INV-14416,2023-09-03,CUST-703,Retail,NY,Costa Rica,3,20.4,12.63,61.2,37.89,23.31
INV-14417,2023-04-07,CUST-764,Wholesale,TX,Ethiopia,141,15.4,9.39,2171.4,1323.99,847.41
INV-14418,2023-11-17,CUST-726,Retail,CA,Vietnam,4,27.11,14.75,108.44,59.0,49.44
INV-14419,2023-12-13,CUST-395,Retail,NY,Guatemala,6,23.19,13.51,139.14,81.06,58.08
INV-14420,2023-05-18,CUST-731,Wholesale,FL,Costa Rica,115,28.19,14.06,3241.85,1616.9,1624.95
INV-14421,2023-06-11,CUST-784,Retail,NY,Ethiopia,14,29.03,15.61,406.42,218.54,187.88
INV-14422,2023-11-08,CUST-933,Retail,FL,Guatemala,22,15.85,11.09,348.7,243.98,104.72
INV-14423,2023-01-23,CUST-372,Retail,FL,Colombia,26,21.02,9.31,546.52,242.06,304.46
INV-14424,2023-10-14,CUST-415,Retail,IL,Costa Rica,17,24.97,12.73,424.49,216.41,208.08
INV-14425,2023-11-26,CUST-405,Online,FL,Brazil,10,29.53,18.68,295.3,186.8,108.5
INV-14426,2023-11-03,CUST-626,Retail,IL,Vietnam,42,27.15,13.57,1140.3,569.94,570.36
INV-14427,2023-06-05,CUST-237,Retail,IL,Costa Rica,23,18.36,11.17,422.28,256.91,165.37
INV-14428,2023-02-26,CUST-141,Wholesale,IL,Guatemala,94,21.65,9.23,2035.1,867.62,1167.48
INV-14429,2023-06-13,CUST-434,Retail,NY,Vietnam,36,24.27,15.73,873.72,566.28,307.44
INV-14430,2023-06-22,CUST-189,Retail,WA,Costa Rica,4,27.39,11.22,109.56,44.88,64.68
INV-14431,2023-06-24,CUST-849,Retail,WA,Colombia,18,19.22,12.29,345.96,221.22,124.74
INV-14432,2023-02-08,CUST-871,Wholesale,FL,Guatemala,376,24.31,15.45,9140.56,5809.2,3331.36
INV-14433,2023-04-10,CUST-547,Retail,NY,Ethiopia,8,25.89,15.02,207.12,120.16,86.96
INV-14434,2023-07-26,CUST-241,Online,NY,Ethiopia,32,16.13,7.93,516.16,253.76,262.4
INV-14435,2023-06-03,CUST-568,Wholesale,CA,Ethiopia,347,28.95,13.05,10045.65,4528.35,5517.3
INV-14436,2023-03-05,CUST-330,Online,NY,Colombia,16,27.38,17.18,438.08,274.88,163.2
INV-14437,2023-10-11,CUST-520,Online,WA,Ethiopia,12,21.32,12.76,255.84,153.12,102.72
INV-14438,2023-06-29,CUST-992,Retail,WA,Guatemala,36,24.47,15.7,880.92,565.2,315.72
INV-14439,2023-04-28,CUST-581,Wholesale,TX,Colombia,202,23.3,15.76,4706.6,3183.52,1523.08
INV-14440,2023-07-11,CUST-782,Wholesale,TX,Costa Rica,474,27.82,13.18,13186.68,6247.32,6939.36
INV-14441,2023-09-25,CUST-352,Wholesale,NY,Vietnam,51,20.72,12.6,1056.72,642.6,414.12
INV-14442,2023-04-21,CUST-237,Online,FL,Guatemala,20,28.21,14.14,564.2,282.8,281.4
INV-14443,2023-06-17,CUST-722,Online,FL,Costa Rica,29,19.92,13.85,577.68,401.65,176.03
INV-14444,2023-01-19,CUST-114,Retail,NY,Brazil,11,24.85,12.36,273.35,135.96,137.39
INV-14445,2023-02-19,CUST-755,Wholesale,WA,Costa Rica,401,15.08,10.51,6047.08,4214.51,1832.57
INV-14446,2023-12-15,CUST-296,Online,CA,Guatemala,7,24.31,16.4,170.17,114.8,55.37
INV-14447,2023-09-16,CUST-720,Retail,TX,Vietnam,20,29.99,18.46,599.8,369.2,230.6
INV-14448,2023-08-11,CUST-513,Online,NY,Guatemala,15,18.08,12.31,271.2,184.65,86.55
INV-14449,2023-07-21,CUST-495,Online,FL,Costa Rica,13,15.9,8.63,206.7,112.19,94.51
INV-14450,2023-08-12,CUST-585,Wholesale,WA,Ethiopia,89,16.55,11.3,1472.95,1005.7,467.25
INV-14451,2023-03-02,CUST-523,Online,CA,Vietnam,21,28.3,12.98,594.3,272.58,321.72
INV-14452,2023-08-27,CUST-583,Wholesale,WA,Ethiopia,291,23.27,9.35,6771.57,2720.85,4050.72
INV-14453,2023-05-31,CUST-338,Wholesale,CA,Costa Rica,76,16.61,7.95,1262.36,604.2,658.16
INV-14454,2023-01-19,CUST-775,Online,NY,Ethiopia,15,27.78,12.77,416.7,191.55,225.15
INV-14455,2023-10-27,CUST-607,Wholesale,NY,Brazil,300,17.55,9.93,5265.0,2979.0,2286.0
INV-14456,2023-11-19,CUST-819,Online,TX,Colombia,15,20.68,10.88,310.2,163.2,147.0
INV-14457,2023-12-25,CUST-694,Wholesale,IL,Brazil,273,23.0,13.14,6279.0,3587.22,2691.78
INV-14458,2023-08-07,CUST-264,Wholesale,NY,Guatemala,65,26.84,18.23,1744.6,1184.95,559.65
INV-14459,2023-10-13,CUST-157,Retail,IL,Guatemala,49,22.13,10.36,1084.37,507.64,576.73
INV-14460,2023-02-05,CUST-472,Wholesale,CA,Colombia,119,19.51,8.91,2321.69,1060.29,1261.4
INV-14461,2023-04-03,CUST-132,Online,FL,Vietnam,40,25.62,14.02,1024.8,560.8,464.0
INV-14462,2023-04-14,CUST-790,Online,WA,Brazil,46,20.57,10.67,946.22,490.82,455.4
INV-14463,2023-03-12,CUST-288,Online,CA,Ethiopia,48,17.66,11.21,847.68,538.08,309.6
INV-14464,2023-09-01,CUST-111,Retail,WA,Ethiopia,48,27.76,12.74,1332.48,611.52,720.96
INV-14465,2023-02-20,CUST-568,Wholesale,IL,Vietnam,192,21.15,9.61,4060.8,1845.12,2215.68
INV-14466,2023-03-03,CUST-537,Retail,FL,Vietnam,29,25.9,17.78,751.1,515.62,235.48
INV-14467,2023-12-05,CUST-343,Wholesale,NY,Colombia,168,18.16,8.39,3050.88,1409.52,1641.36
INV-14468,2023-07-12,CUST-348,Wholesale,TX,Brazil,477,24.66,11.35,11762.82,5413.95,6348.87
INV-14469,2023-04-30,CUST-176,Online,NY,Costa Rica,46,19.07,12.67,877.22,582.82,294.4
INV-14470,2023-06-25,CUST-515,Wholesale,TX,Vietnam,167,27.79,18.76,4640.93,3132.92,1508.01
INV-14471,2023-03-14,CUST-491,Wholesale,CA,Costa Rica,110,22.3,13.09,2453.0,1439.9,1013.1
INV-14472,2023-02-16,CUST-920,Retail,IL,Costa Rica,48,21.83,12.94,1047.84,621.12,426.72
INV-14473,2023-04-30,CUST-345,Online,NY,Costa Rica,23,21.69,9.57,498.87,220.11,278.76
INV-14474,2023-11-27,CUST-926,Retail,IL,Costa Rica,28,20.18,11.96,565.04,334.88,230.16
INV-14475,2023-02-26,CUST-691,Online,IL,Colombia,13,15.95,6.6,207.35,85.8,121.55
INV-14476,2023-10-13,CUST-956,Retail,CA,Brazil,16,20.68,14.04,330.88,224.64,106.24
INV-14477,2023-06-11,CUST-116,Wholesale,IL,Ethiopia,204,24.52,15.46,5002.08,3153.84,1848.24
INV-14478,2023-09-03,CUST-630,Wholesale,TX,Guatemala,256,18.47,7.91,4728.32,2024.96,2703.36
INV-14479,2023-08-01,CUST-343,Online,FL,Ethiopia,37,15.74,7.93,582.38,293.41,288.97
INV-14480,2023-12-28,CUST-925,Wholesale,TX,Colombia,142,17.18,6.88,2439.56,976.96,1462.6
INV-14481,2023-12-28,CUST-641,Wholesale,NY,Colombia,440,20.85,13.25,9174.0,5830.0,3344.0
INV-14482,2023-11-25,CUST-126,Wholesale,TX,Brazil,153,27.57,19.11,4218.21,2923.83,1294.38
INV-14483,2023-11-14,CUST-444,Online,FL,Ethiopia,44,16.86,10.53,741.84,463.32,278.52
INV-14484,2023-01-03,CUST-581,Wholesale,FL,Ethiopia,362,20.99,8.88,7598.38,3214.56,4383.82
INV-14485,2023-06-15,CUST-616,Online,CA,Costa Rica,41,22.4,10.47,918.4,429.27,489.13
INV-14486,2023-02-13,CUST-350,Retail,FL,Colombia,33,24.0,10.64,792.0,351.12,440.88
INV-14487,2023-01-16,CUST-620,Retail,WA,Guatemala,24,19.17,12.46,460.08,299.04,161.04
INV-14488,2023-12-07,CUST-328,Online,NY,Colombia,3,17.46,7.03,52.38,21.09,31.29
INV-14489,2023-04-22,CUST-312,Retail,CA,Brazil,1,21.16,10.75,21.16,10.75,10.41
INV-14490,2023-09-17,CUST-379,Wholesale,CA,Guatemala,305,15.94,7.05,4861.7,2150.25,2711.45
INV-14491,2023-06-28,CUST-917,Online,NY,Brazil,17,22.9,9.84,389.3,167.28,222.02
INV-14492,2023-09-26,CUST-208,Online,FL,Brazil,32,17.86,7.52,571.52,240.64,330.88
INV-14493,2023-12-09,CUST-407,Online,TX,Brazil,33,21.82,11.14,720.06,367.62,352.44
INV-14494,2023-02-19,CUST-271,Retail,WA,Colombia,31,25.93,14.95,803.83,463.45,340.38
INV-14495,2023-03-10,CUST-884,Online,WA,Ethiopia,15,21.44,9.58,321.6,143.7,177.9
INV-14496,2023-07-26,CUST-576,Online,FL,Ethiopia,2,24.34,12.02,48.68,24.04,24.64
INV-14497,2023-05-19,CUST-417,Online,NY,Brazil,8,29.57,18.43,236.56,147.44,89.12
INV-14498,2023-06-15,CUST-931,Retail,TX,Costa Rica,11,25.93,14.72,285.23,161.92,123.31
INV-14499,2023-03-14,CUST-856,Retail,FL,Vietnam,13,24.37,16.06,316.81,208.78,108.03
INV-14500,2023-05-19,CUST-245,Retail,IL,Ethiopia,10,15.54,10.11,155.4,101.1,54.3
INV-14501,2023-04-29,CUST-715,Online,CA,Guatemala,12,24.15,15.5,289.8,186.0,103.8
INV-14502,2023-12-21,CUST-783,Retail,NY,Brazil,44,18.92,9.96,832.48,438.24,394.24
INV-14503,2023-11-21,CUST-622,Online,TX,Costa Rica,18,23.72,11.52,426.96,207.36,219.6
INV-14504,2023-05-29,CUST-667,Online,WA,Costa Rica,25,25.85,16.22,646.25,405.5,240.75
INV-14505,2023-01-28,CUST-571,Retail,NY,Colombia,32,18.07,11.68,578.24,373.76,204.48
INV-14506,2023-07-08,CUST-642,Retail,CA,Brazil,25,28.54,19.96,713.5,499.0,214.5
INV-14507,2023-03-26,CUST-776,Wholesale,FL,Vietnam,54,24.29,13.53,1311.66,730.62,581.04
INV-14508,2023-01-07,CUST-101,Wholesale,IL,Vietnam,60,16.57,11.4,994.2,684.0,310.2
INV-14509,2023-05-14,CUST-695,Wholesale,WA,Vietnam,259,28.81,17.85,7461.79,4623.15,2838.64
INV-14510,2023-12-07,CUST-547,Retail,NY,Brazil,49,27.56,18.96,1350.44,929.04,421.4
INV-14511,2023-05-31,CUST-420,Wholesale,TX,Guatemala,161,29.16,13.01,4694.76,2094.61,2600.15
INV-14512,2023-08-21,CUST-960,Retail,NY,Colombia,44,21.58,11.34,949.52,498.96,450.56
INV-14513,2023-06-21,CUST-290,Wholesale,NY,Costa Rica,368,24.83,14.74,9137.44,5424.32,3713.12
INV-14514,2023-03-23,CUST-804,Wholesale,NY,Ethiopia,325,27.97,18.49,9090.25,6009.25,3081.0
INV-14515,2023-12-13,CUST-515,Wholesale,WA,Colombia,239,19.39,13.22,4634.21,3159.58,1474.63
INV-14516,2023-11-17,CUST-373,Wholesale,TX,Guatemala,175,19.65,9.48,3438.75,1659.0,1779.75
INV-14517,2023-12-20,CUST-349,Wholesale,CA,Colombia,441,23.42,11.41,10328.22,5031.81,5296.41
INV-14518,2023-01-03,CUST-873,Retail,FL,Costa Rica,27,27.19,17.58,734.13,474.66,259.47
INV-14519,2023-03-04,CUST-845,Online,IL,Vietnam,49,17.64,7.49,864.36,367.01,497.35
INV-14520,2023-02-26,CUST-250,Online,TX,Brazil,19,21.32,10.68,405.08,202.92,202.16
INV-14521,2023-09-06,CUST-765,Online,FL,Colombia,34,16.53,10.93,562.02,371.62,190.4
INV-14522,2023-12-09,CUST-438,Wholesale,CA,Vietnam,228,27.69,15.31,6313.32,3490.68,2822.64
INV-14523,2023-10-28,CUST-743,Retail,TX,Colombia,2,28.39,14.58,56.78,29.16,27.62
INV-14524,2023-06-16,CUST-525,Wholesale,WA,Costa Rica,444,16.18,9.57,7183.92,4249.08,2934.84
INV-14525,2023-04-08,CUST-778,Wholesale,CA,Ethiopia,354,21.55,12.86,7628.7,4552.44,3076.26
INV-14526,2023-02-15,CUST-950,Retail,IL,Guatemala,11,26.54,17.75,291.94,195.25,96.69
INV-14527,2023-08-05,CUST-736,Retail,FL,Ethiopia,34,15.35,9.8,521.9,333.2,188.7
INV-14528,2023-06-27,CUST-321,Retail,FL,Colombia,36,25.43,16.55,915.48,595.8,319.68
INV-14529,2023-11-06,CUST-487,Online,CA,Colombia,9,27.76,17.46,249.84,157.14,92.7
INV-14530,2023-04-03,CUST-283,Retail,CA,Ethiopia,38,19.06,8.84,724.28,335.92,388.36
INV-14531,2023-02-10,CUST-874,Retail,TX,Ethiopia,29,27.29,17.52,791.41,508.08,283.33
INV-14532,2023-02-16,CUST-832,Retail,IL,Costa Rica,21,23.46,13.78,492.66,289.38,203.28
INV-14533,2023-05-20,CUST-721,Wholesale,WA,Colombia,63,28.01,11.81,1764.63,744.03,1020.6
INV-14534,2023-10-04,CUST-814,Retail,FL,Guatemala,17,26.18,11.08,445.06,188.36,256.7
INV-14535,2023-04-20,CUST-549,Retail,WA,Ethiopia,16,21.16,10.51,338.56,168.16,170.4
INV-14536,2023-08-07,CUST-223,Retail,WA,Vietnam,23,26.16,11.59,601.68,266.57,335.11
INV-14537,2023-03-10,CUST-678,Wholesale,IL,Brazil,350,16.9,7.56,5915.0,2646.0,3269.0
INV-14538,2023-09-22,CUST-855,Retail,CA,Colombia,18,20.55,8.47,369.9,152.46,217.44
INV-14539,2023-08-31,CUST-653,Retail,CA,Costa Rica,19,16.24,6.78,308.56,128.82,179.74
INV-14540,2023-06-01,CUST-237,Online,TX,Brazil,2,21.32,12.36,42.64,24.72,17.92
INV-14541,2023-08-10,CUST-290,Retail,TX,Costa Rica,19,28.67,15.28,544.73,290.32,254.41
INV-14542,2023-06-10,CUST-403,Wholesale,CA,Colombia,479,21.27,14.52,10188.33,6955.08,3233.25
INV-14543,2023-11-27,CUST-133,Retail,IL,Vietnam,24,18.92,9.78,454.08,234.72,219.36
INV-14544,2023-08-03,CUST-358,Retail,WA,Vietnam,28,26.95,12.98,754.6,363.44,391.16
INV-14545,2023-06-03,CUST-600,Online,NY,Ethiopia,25,18.82,10.52,470.5,263.0,207.5
INV-14546,2023-12-31,CUST-714,Retail,TX,Costa Rica,33,17.86,12.45,589.38,410.85,178.53
INV-14547,2023-02-05,CUST-655,Retail,WA,Costa Rica,16,25.19,17.37,403.04,277.92,125.12
INV-14548,2023-04-17,CUST-577,Retail,IL,Brazil,28,28.7,16.04,803.6,449.12,354.48
INV-14549,2023-06-21,CUST-261,Retail,WA,Costa Rica,48,25.48,13.42,1223.04,644.16,578.88
INV-14550,2023-09-16,CUST-434,Online,CA,Guatemala,3,22.52,10.98,67.56,32.94,34.62
INV-14551,2023-06-24,CUST-880,Wholesale,TX,Colombia,299,23.59,16.17,7053.41,4834.83,2218.58
INV-14552,2023-02-20,CUST-533,Retail,IL,Brazil,8,17.64,7.37,141.12,58.96,82.16
INV-14553,2023-07-06,CUST-258,Retail,FL,Vietnam,27,21.4,10.66,577.8,287.82,289.98
INV-14554,2023-10-23,CUST-874,Online,IL,Brazil,23,18.53,11.38,426.19,261.74,164.45
INV-14555,2023-08-29,CUST-303,Wholesale,FL,Brazil,308,27.54,14.98,8482.32,4613.84,3868.48
INV-14556,2023-09-09,CUST-527,Retail,CA,Costa Rica,23,19.91,12.09,457.93,278.07,179.86
INV-14557,2023-01-03,CUST-390,Retail,FL,Ethiopia,8,20.81,13.31,166.48,106.48,60.0
INV-14558,2023-09-29,CUST-760,Online,TX,Guatemala,30,28.84,13.7,865.2,411.0,454.2
INV-14559,2023-12-16,CUST-513,Online,WA,Costa Rica,18,25.13,11.02,452.34,198.36,253.98
INV-14560,2023-09-21,CUST-828,Wholesale,IL,Guatemala,165,26.97,15.38,4450.05,2537.7,1912.35
INV-14561,2023-06-05,CUST-792,Retail,NY,Ethiopia,33,15.69,9.14,517.77,301.62,216.15
INV-14562,2023-06-14,CUST-810,Wholesale,CA,Colombia,384,19.15,9.86,7353.6,3786.24,3567.36
INV-14563,2023-05-11,CUST-334,Wholesale,IL,Brazil,71,17.36,8.85,1232.56,628.35,604.21
INV-14564,2023-05-05,CUST-673,Wholesale,WA,Costa Rica,190,22.28,11.51,4233.2,2186.9,2046.3
INV-14565,2023-04-25,CUST-802,Online,FL,Colombia,2,16.3,7.15,32.6,14.3,18.3
INV-14566,2023-10-05,CUST-684,Online,TX,Brazil,43,22.83,10.77,981.69,463.11,518.58
INV-14567,2023-04-02,CUST-169,Wholesale,CA,Costa Rica,379,26.59,12.07,10077.61,4574.53,5503.08
INV-14568,2023-07-29,CUST-335,Wholesale,IL,Colombia,222,27.06,13.81,6007.32,3065.82,2941.5
INV-14569,2023-04-29,CUST-101,Retail,TX,Brazil,10,26.61,16.92,266.1,169.2,96.9
INV-14570,2023-03-05,CUST-612,Online,WA,Ethiopia,32,18.4,11.22,588.8,359.04,229.76
INV-14571,2023-01-13,CUST-988,Wholesale,CA,Brazil,145,23.12,10.47,3352.4,1518.15,1834.25
INV-14572,2023-09-23,CUST-409,Retail,CA,Vietnam,26,17.49,10.43,454.74,271.18,183.56
INV-14573,2023-06-18,CUST-918,Retail,IL,Guatemala,24,23.07,14.45,553.68,346.8,206.88
INV-14574,2023-07-11,CUST-330,Wholesale,WA,Guatemala,259,29.63,20.42,7674.17,5288.78,2385.39
INV-14575,2023-05-07,CUST-634,Online,NY,Guatemala,42,22.32,9.08,937.44,381.36,556.08
INV-14576,2023-04-07,CUST-954,Online,TX,Colombia,16,21.92,8.9,350.72,142.4,208.32
INV-14577,2023-08-08,CUST-236,Online,WA,Brazil,38,16.54,8.47,628.52,321.86,306.66
INV-14578,2023-10-05,CUST-980,Wholesale,IL,Colombia,413,22.5,11.22,9292.5,4633.86,4658.64
INV-14579,2023-02-20,CUST-898,Wholesale,CA,Vietnam,255,20.93,13.07,5337.15,3332.85,2004.3
INV-14580,2023-12-02,CUST-960,Wholesale,IL,Ethiopia,165,15.46,8.87,2550.9,1463.55,1087.35
INV-14581,2023-02-10,CUST-269,Wholesale,NY,Brazil,445,24.24,10.71,10786.8,4765.95,6020.85
INV-14582,2023-05-14,CUST-408,Wholesale,TX,Colombia,412,28.78,17.54,11857.36,7226.48,4630.88
INV-14583,2023-11-21,CUST-935,Online,TX,Vietnam,2,18.6,9.72,37.2,19.44,17.76
INV-14584,2023-09-21,CUST-551,Online,IL,Guatemala,48,23.33,13.27,1119.84,636.96,482.88
INV-14585,2023-01-21,CUST-393,Wholesale,NY,Costa Rica,354,29.09,19.53,10297.86,6913.62,3384.24
INV-14586,2023-02-14,CUST-616,Online,CA,Brazil,29,28.83,16.01,836.07,464.29,371.78
INV-14587,2023-09-05,CUST-769,Retail,WA,Ethiopia,27,16.36,8.86,441.72,239.22,202.5
INV-14588,2023-04-09,CUST-227,Wholesale,CA,Ethiopia,152,17.29,8.18,2628.08,1243.36,1384.72
INV-14589,2023-07-25,CUST-914,Online,IL,Brazil,6,25.06,10.19,150.36,61.14,89.22
INV-14590,2023-01-07,CUST-129,Retail,TX,Ethiopia,15,16.16,6.64,242.4,99.6,142.8
INV-14591,2023-07-12,CUST-327,Online,NY,Vietnam,14,17.35,10.55,242.9,147.7,95.2
INV-14592,2023-01-19,CUST-916,Wholesale,TX,Costa Rica,333,18.57,7.82,6183.81,2604.06,3579.75
INV-14593,2023-04-10,CUST-712,Wholesale,WA,Colombia,309,18.49,8.46,5713.41,2614.14,3099.27
INV-14594,2023-06-11,CUST-603,Wholesale,NY,Vietnam,153,15.3,8.13,2340.9,1243.89,1097.01
INV-14595,2023-12-23,CUST-103,Wholesale,CA,Colombia,241,17.64,7.5,4251.24,1807.5,2443.74
INV-14596,2023-02-05,CUST-884,Wholesale,TX,Colombia,213,19.26,10.76,4102.38,2291.88,1810.5
INV-14597,2023-08-31,CUST-693,Retail,CA,Brazil,3,20.35,9.62,61.05,28.86,32.19
INV-14598,2023-02-02,CUST-894,Online,IL,Guatemala,38,27.31,13.4,1037.78,509.2,528.58
INV-14599,2023-05-11,CUST-393,Wholesale,WA,Ethiopia,37,18.15,10.29,671.55,380.73,290.82
INV-14600,2023-09-08,CUST-832,Wholesale,TX,Costa Rica,329,20.76,11.68,6830.04,3842.72,2987.32
INV-14601,2023-09-04,CUST-550,Wholesale,TX,Colombia,487,23.93,13.75,11653.91,6696.25,4957.66
INV-14602,2023-11-14,CUST-734,Online,CA,Brazil,46,22.5,9.07,1035.0,417.22,617.78
INV-14603,2023-12-01,CUST-224,Retail,CA,Ethiopia,48,18.99,11.81,911.52,566.88,344.64
INV-14604,2023-09-09,CUST-152,Online,FL,Colombia,40,21.89,9.41,875.6,376.4,499.2
INV-14605,2023-10-21,CUST-388,Online,WA,Vietnam,5,25.85,14.11,129.25,70.55,58.7
INV-14606,2023-07-24,CUST-329,Online,WA,Colombia,30,15.43,6.46,462.9,193.8,269.1
INV-14607,2023-08-20,CUST-996,Retail,WA,Brazil,49,20.32,9.04,995.68,442.96,552.72
INV-14608,2023-02-10,CUST-566,Online,CA,Ethiopia,35,19.68,13.27,688.8,464.45,224.35
INV-14609,2023-04-19,CUST-478,Wholesale,TX,Colombia,86,20.86,8.36,1793.96,718.96,1075.0
INV-14610,2023-11-07,CUST-622,Wholesale,NY,Vietnam,59,19.96,10.78,1177.64,636.02,541.62
INV-14611,2023-06-22,CUST-480,Retail,FL,Costa Rica,41,29.74,13.6,1219.34,557.6,661.74
INV-14612,2023-03-06,CUST-416,Wholesale,WA,Ethiopia,418,19.08,13.28,7975.44,5551.04,2424.4
INV-14613,2023-05-24,CUST-134,Online,FL,Ethiopia,43,24.18,11.18,1039.74,480.74,559.0
INV-14614,2023-10-31,CUST-553,Wholesale,NY,Ethiopia,178,17.55,8.74,3123.9,1555.72,1568.18
INV-14615,2023-06-11,CUST-991,Retail,WA,Vietnam,48,25.44,15.34,1221.12,736.32,484.8
INV-14616,2023-08-05,CUST-796,Online,TX,Ethiopia,12,28.22,12.82,338.64,153.84,184.8
INV-14617,2023-11-02,CUST-119,Retail,NY,Ethiopia,39,25.37,12.95,989.43,505.05,484.38
INV-14618,2023-05-01,CUST-558,Retail,FL,Costa Rica,39,26.53,17.98,1034.67,701.22,333.45
INV-14619,2023-07-04,CUST-243,Wholesale,NY,Colombia,386,20.78,14.26,8021.08,5504.36,2516.72
INV-14620,2023-05-24,CUST-805,Wholesale,WA,Guatemala,187,24.71,15.14,4620.77,2831.18,1789.59
INV-14621,2023-10-23,CUST-560,Wholesale,FL,Guatemala,70,18.79,8.16,1315.3,571.2,744.1
INV-14622,2023-01-03,CUST-982,Wholesale,IL,Costa Rica,180,17.43,12.04,3137.4,2167.2,970.2
INV-14623,2023-07-14,CUST-811,Wholesale,FL,Vietnam,118,28.11,12.7,3316.98,1498.6,1818.38
INV-14624,2023-04-18,CUST-457,Retail,NY,Guatemala,35,25.36,11.8,887.6,413.0,474.6
INV-14625,2023-11-14,CUST-205,Retail,NY,Ethiopia,23,16.42,7.02,377.66,161.46,216.2
INV-14626,2023-02-03,CUST-860,Online,CA,Costa Rica,41,23.0,13.4,943.0,549.4,393.6
INV-14627,2023-02-14,CUST-203,Online,TX,Ethiopia,2,25.31,10.96,50.62,21.92,28.7
INV-14628,2023-01-17,CUST-982,Wholesale,CA,Costa Rica,140,22.96,10.44,3214.4,1461.6,1752.8
INV-14629,2023-02-13,CUST-360,Wholesale,TX,Ethiopia,326,26.79,14.79,8733.54,4821.54,3912.0
INV-14630,2023-12-26,CUST-146,Retail,TX,Brazil,45,15.45,10.24,695.25,460.8,234.45
INV-14631,2023-11-08,CUST-890,Retail,IL,Costa Rica,34,26.75,15.09,909.5,513.06,396.44
INV-14632,2023-12-07,CUST-382,Online,WA,Costa Rica,35,24.53,13.04,858.55,456.4,402.15
INV-14633,2023-12-28,CUST-442,Retail,CA,Costa Rica,33,23.67,11.76,781.11,388.08,393.03
INV-14634,2023-06-25,CUST-733,Wholesale,IL,Costa Rica,286,22.12,12.76,6326.32,3649.36,2676.96
INV-14635,2023-03-01,CUST-784,Retail,NY,Guatemala,31,19.38,9.66,600.78,299.46,301.32
INV-14636,2023-09-09,CUST-332,Retail,CA,Colombia,16,24.67,11.22,394.72,179.52,215.2
INV-14637,2023-05-09,CUST-825,Wholesale,FL,Costa Rica,404,26.58,12.14,10738.32,4904.56,5833.76
INV-14638,2023-04-29,CUST-190,Wholesale,NY,Guatemala,102,23.29,11.52,2375.58,1175.04,1200.54
INV-14639,2023-05-24,CUST-688,Online,WA,Guatemala,30,27.09,12.28,812.7,368.4,444.3
INV-14640,2023-07-09,CUST-603,Online,CA,Colombia,19,20.05,10.17,380.95,193.23,187.72
INV-14641,2023-06-30,CUST-369,Retail,IL,Guatemala,30,20.05,9.01,601.5,270.3,331.2
INV-14642,2023-04-03,CUST-890,Retail,CA,Ethiopia,39,18.95,11.08,739.05,432.12,306.93
INV-14643,2023-11-04,CUST-335,Wholesale,FL,Colombia,35,27.15,15.64,950.25,547.4,402.85
INV-14644,2023-02-11,CUST-547,Retail,NY,Colombia,23,23.27,12.03,535.21,276.69,258.52
INV-14645,2023-06-05,CUST-243,Online,CA,Vietnam,9,18.17,8.41,163.53,75.69,87.84
INV-14646,2023-07-05,CUST-564,Online,WA,Colombia,13,17.2,11.75,223.6,152.75,70.85
INV-14647,2023-01-02,CUST-501,Online,IL,Brazil,4,29.14,14.07,116.56,56.28,60.28
INV-14648,2023-04-23,CUST-746,Wholesale,CA,Colombia,413,21.08,8.68,8706.04,3584.84,5121.2
INV-14649,2023-08-10,CUST-109,Online,CA,Vietnam,45,26.72,10.96,1202.4,493.2,709.2
INV-14650,2023-08-23,CUST-385,Online,TX,Vietnam,48,22.1,9.23,1060.8,443.04,617.76
INV-14651,2023-12-25,CUST-911,Online,NY,Colombia,25,18.11,11.32,452.75,283.0,169.75
INV-14652,2023-02-18,CUST-968,Retail,FL,Guatemala,36,25.1,15.78,903.6,568.08,335.52
INV-14653,2023-07-07,CUST-980,Wholesale,WA,Costa Rica,186,18.49,10.9,3439.14,2027.4,1411.74
INV-14654,2023-12-12,CUST-172,Retail,NY,Colombia,18,16.17,8.26,291.06,148.68,142.38
INV-14655,2023-02-01,CUST-138,Wholesale,FL,Guatemala,230,18.8,8.04,4324.0,1849.2,2474.8
INV-14656,2023-04-03,CUST-799,Retail,FL,Vietnam,45,18.74,10.6,843.3,477.0,366.3
INV-14657,2023-02-01,CUST-723,Online,IL,Ethiopia,6,26.37,17.04,158.22,102.24,55.98
INV-14658,2023-11-05,CUST-607,Wholesale,TX,Colombia,334,27.68,11.32,9245.12,3780.88,5464.24
INV-14659,2023-11-01,CUST-111,Online,NY,Colombia,38,28.51,11.53,1083.38,438.14,645.24
INV-14660,2023-01-02,CUST-576,Retail,TX,Costa Rica,25,17.7,8.76,442.5,219.0,223.5
INV-14661,2023-05-21,CUST-450,Online,TX,Guatemala,40,29.06,14.18,1162.4,567.2,595.2
INV-14662,2023-12-20,CUST-452,Online,WA,Costa Rica,48,22.93,10.14,1100.64,486.72,613.92
INV-14663,2023-03-09,CUST-689,Retail,NY,Brazil,41,15.19,7.58,622.79,310.78,312.01
INV-14664,2023-12-13,CUST-168,Retail,FL,Vietnam,29,26.82,11.27,777.78,326.83,450.95
INV-14665,2023-03-25,CUST-631,Wholesale,FL,Brazil,273,22.39,12.79,6112.47,3491.67,2620.8
INV-14666,2023-01-03,CUST-151,Retail,CA,Ethiopia,23,23.57,14.22,542.11,327.06,215.05
INV-14667,2023-10-25,CUST-992,Online,CA,Colombia,14,22.68,10.14,317.52,141.96,175.56
INV-14668,2023-08-02,CUST-534,Retail,IL,Ethiopia,42,29.52,19.05,1239.84,800.1,439.74
INV-14669,2023-03-24,CUST-737,Retail,TX,Costa Rica,3,29.79,15.63,89.37,46.89,42.48
INV-14670,2023-04-30,CUST-921,Retail,FL,Colombia,47,28.65,13.02,1346.55,611.94,734.61
INV-14671,2023-10-24,CUST-900,Wholesale,NY,Costa Rica,346,24.04,10.9,8317.84,3771.4,4546.44
INV-14672,2023-03-21,CUST-508,Wholesale,NY,Colombia,474,24.48,10.85,11603.52,5142.9,6460.62
INV-14673,2023-07-12,CUST-415,Retail,IL,Guatemala,14,21.65,14.63,303.1,204.82,98.28
INV-14674,2023-04-07,CUST-173,Wholesale,CA,Ethiopia,77,16.85,8.5,1297.45,654.5,642.95
INV-14675,2023-10-02,CUST-710,Retail,FL,Guatemala,22,19.81,8.97,435.82,197.34,238.48
INV-14676,2023-10-25,CUST-556,Online,CA,Costa Rica,4,20.44,10.61,81.76,42.44,39.32
INV-14677,2023-07-04,CUST-303,Retail,FL,Costa Rica,26,24.44,14.3,635.44,371.8,263.64
INV-14678,2023-08-10,CUST-175,Retail,CA,Brazil,47,22.01,14.05,1034.47,660.35,374.12
INV-14679,2023-06-13,CUST-958,Online,WA,Colombia,43,27.58,11.25,1185.94,483.75,702.19
INV-14680,2023-02-09,CUST-178,Wholesale,TX,Costa Rica,409,28.28,13.65,11566.52,5582.85,5983.67
INV-14681,2023-11-24,CUST-168,Retail,CA,Guatemala,4,23.33,16.09,93.32,64.36,28.96
INV-14682,2023-03-28,CUST-481,Online,TX,Guatemala,43,26.05,13.43,1120.15,577.49,542.66
INV-14683,2023-04-02,CUST-478,Online,NY,Ethiopia,19,21.33,14.6,405.27,277.4,127.87
INV-14684,2023-08-11,CUST-425,Online,NY,Ethiopia,39,21.4,10.72,834.6,418.08,416.52
INV-14685,2023-05-24,CUST-292,Online,TX,Costa Rica,45,27.64,11.52,1243.8,518.4,725.4
INV-14686,2023-02-04,CUST-800,Wholesale,CA,Guatemala,372,25.17,16.31,9363.24,6067.32,3295.92
INV-14687,2023-12-09,CUST-139,Retail,WA,Costa Rica,39,21.98,9.22,857.22,359.58,497.64
INV-14688,2023-09-18,CUST-596,Online,CA,Guatemala,46,21.3,10.57,979.8,486.22,493.58
INV-14689,2023-09-02,CUST-478,Wholesale,CA,Brazil,222,17.2,10.0,3818.4,2220.0,1598.4
INV-14690,2023-01-25,CUST-969,Online,FL,Brazil,24,25.22,11.79,605.28,282.96,322.32
INV-14691,2023-10-10,CUST-440,Retail,IL,Guatemala,15,17.79,9.95,266.85,149.25,117.6
INV-14692,2023-08-25,CUST-381,Online,FL,Costa Rica,48,25.1,11.08,1204.8,531.84,672.96
INV-14693,2023-09-02,CUST-635,Wholesale,IL,Guatemala,129,19.16,12.67,2471.64,1634.43,837.21
INV-14694,2023-06-06,CUST-652,Online,TX,Brazil,50,15.96,10.47,798.0,523.5,274.5
INV-14695,2023-02-04,CUST-287,Retail,IL,Colombia,26,16.91,9.71,439.66,252.46,187.2
INV-14696,2023-12-13,CUST-910,Wholesale,WA,Costa Rica,396,20.7,13.39,8197.2,5302.44,2894.76
INV-14697,2023-03-14,CUST-563,Online,WA,Vietnam,1,23.7,10.55,23.7,10.55,13.15
INV-14698,2023-05-16,CUST-891,Wholesale,TX,Brazil,430,27.21,14.29,11700.3,6144.7,5555.6
INV-14699,2023-11-07,CUST-380,Online,FL,Ethiopia,33,27.54,12.24,908.82,403.92,504.9
INV-14700,2023-02-28,CUST-572,Online,CA,Guatemala,17,16.53,7.54,281.01,128.18,152.83
INV-14701,2023-01-29,CUST-280,Wholesale,IL,Guatemala,241,17.11,9.98,4123.51,2405.18,1718.33
INV-14702,2023-10-25,CUST-683,Retail,FL,Guatemala,9,16.63,10.39,149.67,93.51,56.16
INV-14703,2023-07-17,CUST-353,Retail,TX,Guatemala,35,16.32,11.22,571.2,392.7,178.5
INV-14704,2023-08-15,CUST-764,Online,NY,Colombia,35,19.42,13.07,679.7,457.45,222.25
INV-14705,2023-03-25,CUST-863,Online,FL,Costa Rica,4,27.79,17.25,111.16,69.0,42.16
INV-14706,2023-05-13,CUST-346,Online,WA,Colombia,11,20.18,13.28,221.98,146.08,75.9
INV-14707,2023-07-19,CUST-310,Online,FL,Brazil,12,15.02,7.09,180.24,85.08,95.16
INV-14708,2023-07-05,CUST-824,Retail,FL,Brazil,30,23.28,14.01,698.4,420.3,278.1
INV-14709,2023-06-21,CUST-353,Retail,NY,Vietnam,46,28.25,14.76,1299.5,678.96,620.54
INV-14710,2023-11-15,CUST-933,Wholesale,NY,Guatemala,396,16.67,6.96,6601.32,2756.16,3845.16
INV-14711,2023-02-03,CUST-539,Online,NY,Ethiopia,18,16.21,10.61,291.78,190.98,100.8
INV-14712,2023-12-13,CUST-554,Wholesale,NY,Guatemala,128,23.91,10.82,3060.48,1384.96,1675.52
INV-14713,2023-04-25,CUST-613,Online,CA,Colombia,12,26.52,12.8,318.24,153.6,164.64
INV-14714,2023-10-17,CUST-707,Online,TX,Colombia,16,25.44,16.87,407.04,269.92,137.12
INV-14715,2023-07-23,CUST-845,Retail,FL,Brazil,12,27.54,17.05,330.48,204.6,125.88
INV-14716,2023-06-17,CUST-857,Retail,TX,Vietnam,15,28.68,17.83,430.2,267.45,162.75
INV-14717,2023-12-18,CUST-420,Retail,CA,Colombia,50,18.82,9.2,941.0,460.0,481.0
INV-14718,2023-02-16,CUST-651,Online,FL,Guatemala,42,28.09,19.34,1179.78,812.28,367.5
INV-14719,2023-12-18,CUST-146,Retail,TX,Guatemala,28,19.98,9.08,559.44,254.24,305.2
INV-14720,2023-05-13,CUST-588,Wholesale,WA,Guatemala,302,23.84,16.52,7199.68,4989.04,2210.64
INV-14721,2023-03-11,CUST-322,Online,WA,Ethiopia,45,22.22,12.08,999.9,543.6,456.3
INV-14722,2023-09-13,CUST-854,Wholesale,TX,Vietnam,408,27.11,14.84,11060.88,6054.72,5006.16
INV-14723,2023-02-05,CUST-793,Wholesale,NY,Colombia,416,29.69,19.17,12351.04,7974.72,4376.32
INV-14724,2023-08-26,CUST-131,Online,FL,Costa Rica,42,20.57,13.68,863.94,574.56,289.38
INV-14725,2023-12-16,CUST-616,Wholesale,CA,Vietnam,217,23.34,14.76,5064.78,3202.92,1861.86
INV-14726,2023-02-18,CUST-855,Wholesale,IL,Guatemala,403,15.59,7.95,6282.77,3203.85,3078.92
INV-14727,2023-09-11,CUST-608,Retail,CA,Colombia,46,26.03,17.93,1197.38,824.78,372.6
INV-14728,2023-05-12,CUST-301,Retail,WA,Ethiopia,25,20.83,12.93,520.75,323.25,197.5
INV-14729,2023-12-03,CUST-718,Online,WA,Guatemala,7,29.9,17.63,209.3,123.41,85.89
INV-14730,2023-06-23,CUST-493,Online,TX,Colombia,39,29.52,13.71,1151.28,534.69,616.59
INV-14731,2023-07-17,CUST-253,Online,CA,Costa Rica,44,24.97,17.08,1098.68,751.52,347.16
INV-14732,2023-10-29,CUST-817,Online,FL,Guatemala,16,21.32,9.13,341.12,146.08,195.04
INV-14733,2023-08-31,CUST-701,Online,NY,Vietnam,44,24.76,10.34,1089.44,454.96,634.48
INV-14734,2023-06-16,CUST-210,Online,NY,Ethiopia,39,22.13,15.48,863.07,603.72,259.35
INV-14735,2023-07-12,CUST-168,Retail,WA,Colombia,24,19.92,10.95,478.08,262.8,215.28
INV-14736,2023-07-31,CUST-448,Online,FL,Guatemala,2,22.25,14.99,44.5,29.98,14.52
INV-14737,2023-06-13,CUST-878,Retail,CA,Brazil,2,15.98,6.97,31.96,13.94,18.02
INV-14738,2023-05-23,CUST-652,Retail,CA,Colombia,36,28.04,19.07,1009.44,686.52,322.92
INV-14739,2023-07-22,CUST-902,Retail,FL,Brazil,43,20.4,9.34,877.2,401.62,475.58
INV-14740,2023-01-04,CUST-368,Online,IL,Colombia,36,18.42,9.71,663.12,349.56,313.56
INV-14741,2023-05-29,CUST-388,Wholesale,CA,Guatemala,396,24.05,10.68,9523.8,4229.28,5294.52
INV-14742,2023-03-12,CUST-768,Wholesale,CA,Guatemala,223,17.52,10.74,3906.96,2395.02,1511.94
INV-14743,2023-07-02,CUST-122,Online,FL,Brazil,20,16.39,7.44,327.8,148.8,179.0
INV-14744,2023-09-09,CUST-642,Online,IL,Colombia,42,15.72,7.61,660.24,319.62,340.62
INV-14745,2023-07-13,CUST-966,Online,NY,Colombia,41,21.91,9.86,898.31,404.26,494.05
INV-14746,2023-07-16,CUST-449,Retail,IL,Costa Rica,6,20.77,12.26,124.62,73.56,51.06
INV-14747,2023-07-24,CUST-185,Online,FL,Costa Rica,33,27.12,14.85,894.96,490.05,404.91
INV-14748,2023-03-07,CUST-974,Wholesale,NY,Ethiopia,380,26.5,13.39,10070.0,5088.2,4981.8
INV-14749,2023-05-06,CUST-635,Wholesale,FL,Guatemala,313,21.25,10.5,6651.25,3286.5,3364.75
INV-14750,2023-08-13,CUST-849,Online,TX,Ethiopia,42,23.71,14.61,995.82,613.62,382.2
INV-14751,2023-12-10,CUST-947,Retail,TX,Colombia,37,18.27,9.15,675.99,338.55,337.44
INV-14752,2023-09-19,CUST-179,Retail,TX,Brazil,3,17.72,7.64,53.16,22.92,30.24
INV-14753,2023-12-27,CUST-737,Wholesale,FL,Vietnam,157,26.91,11.39,4224.87,1788.23,2436.64
INV-14754,2023-05-05,CUST-619,Online,WA,Vietnam,49,22.01,11.69,1078.49,572.81,505.68
INV-14755,2023-12-18,CUST-956,Wholesale,TX,Ethiopia,187,23.56,13.26,4405.72,2479.62,1926.1
INV-14756,2023-03-05,CUST-899,Wholesale,NY,Brazil,473,28.55,19.68,13504.15,9308.64,4195.51
INV-14757,2023-06-20,CUST-606,Retail,TX,Ethiopia,11,21.97,10.08,241.67,110.88,130.79
INV-14758,2023-05-12,CUST-968,Retail,IL,Brazil,27,26.56,11.14,717.12,300.78,416.34
INV-14759,2023-08-04,CUST-201,Wholesale,IL,Ethiopia,472,16.41,10.3,7745.52,4861.6,2883.92
INV-14760,2023-12-20,CUST-323,Wholesale,FL,Costa Rica,22,28.18,14.57,619.96,320.54,299.42
INV-14761,2023-06-11,CUST-730,Online,CA,Brazil,24,17.64,11.33,423.36,271.92,151.44
INV-14762,2023-09-19,CUST-300,Wholesale,IL,Brazil,444,26.65,16.15,11832.6,7170.6,4662.0
INV-14763,2023-01-14,CUST-565,Retail,CA,Colombia,19,24.51,13.37,465.69,254.03,211.66
INV-14764,2023-07-07,CUST-331,Online,IL,Brazil,25,22.79,14.19,569.75,354.75,215.0
INV-14765,2023-04-22,CUST-858,Online,FL,Guatemala,19,21.84,11.54,414.96,219.26,195.7
INV-14766,2023-11-17,CUST-929,Retail,NY,Vietnam,11,25.84,11.47,284.24,126.17,158.07
INV-14767,2023-10-09,CUST-819,Retail,WA,Guatemala,26,15.99,11.11,415.74,288.86,126.88
INV-14768,2023-11-12,CUST-509,Wholesale,CA,Vietnam,213,21.84,12.31,4651.92,2622.03,2029.89
INV-14769,2023-07-03,CUST-389,Online,FL,Ethiopia,36,28.17,16.0,1014.12,576.0,438.12
INV-14770,2023-10-26,CUST-268,Retail,FL,Vietnam,19,19.89,10.36,377.91,196.84,181.07
INV-14771,2023-11-19,CUST-929,Online,TX,Guatemala,36,18.22,9.8,655.92,352.8,303.12
INV-14772,2023-03-16,CUST-811,Retail,NY,Brazil,11,27.05,14.2,297.55,156.2,141.35
INV-14773,2023-03-08,CUST-617,Online,IL,Colombia,40,16.53,11.55,661.2,462.0,199.2
INV-14774,2023-09-07,CUST-928,Online,NY,Guatemala,6,15.2,6.61,91.2,39.66,51.54
INV-14775,2023-02-19,CUST-784,Wholesale,CA,Vietnam,136,18.4,11.7,2502.4,1591.2,911.2
INV-14776,2023-07-11,CUST-724,Retail,WA,Costa Rica,39,26.06,16.05,1016.34,625.95,390.39
INV-14777,2023-01-03,CUST-403,Retail,WA,Costa Rica,14,26.1,14.01,365.4,196.14,169.26
INV-14778,2023-11-13,CUST-321,Wholesale,CA,Costa Rica,104,17.22,10.9,1790.88,1133.6,657.28
INV-14779,2023-01-02,CUST-257,Online,TX,Costa Rica,45,23.37,15.7,1051.65,706.5,345.15
INV-14780,2023-07-07,CUST-849,Wholesale,NY,Brazil,430,17.46,8.54,7507.8,3672.2,3835.6
INV-14781,2023-12-25,CUST-870,Wholesale,TX,Costa Rica,265,15.66,8.57,4149.9,2271.05,1878.85
INV-14782,2023-08-05,CUST-855,Retail,FL,Ethiopia,41,27.05,14.74,1109.05,604.34,504.71
INV-14783,2023-01-07,CUST-351,Retail,CA,Colombia,3,26.88,17.51,80.64,52.53,28.11
INV-14784,2023-12-04,CUST-389,Retail,NY,Brazil,21,23.23,13.12,487.83,275.52,212.31
INV-14785,2023-02-07,CUST-300,Online,NY,Guatemala,43,24.56,11.72,1056.08,503.96,552.12
INV-14786,2023-03-08,CUST-167,Retail,FL,Costa Rica,29,18.69,8.11,542.01,235.19,306.82
INV-14787,2023-11-26,CUST-572,Online,FL,Ethiopia,30,23.87,16.37,716.1,491.1,225.0
INV-14788,2023-04-13,CUST-603,Online,FL,Costa Rica,13,29.9,20.06,388.7,260.78,127.92
INV-14789,2023-08-07,CUST-242,Retail,IL,Colombia,23,15.36,7.54,353.28,173.42,179.86
INV-14790,2023-01-24,CUST-340,Wholesale,WA,Guatemala,90,18.09,7.76,1628.1,698.4,929.7
INV-14791,2023-12-12,CUST-202,Retail,NY,Ethiopia,28,28.25,18.7,791.0,523.6,267.4
INV-14792,2023-02-09,CUST-933,Online,TX,Vietnam,19,22.53,9.45,428.07,179.55,248.52
INV-14793,2023-11-01,CUST-804,Wholesale,FL,Colombia,322,15.34,6.54,4939.48,2105.88,2833.6
INV-14794,2023-10-13,CUST-485,Online,NY,Brazil,30,21.28,10.61,638.4,318.3,320.1
INV-14795,2023-08-26,CUST-643,Online,TX,Colombia,21,22.52,10.23,472.92,214.83,258.09
INV-14796,2023-07-14,CUST-932,Wholesale,NY,Guatemala,490,17.78,12.15,8712.2,5953.5,2758.7
INV-14797,2023-01-04,CUST-218,Online,CA,Colombia,43,21.97,12.95,944.71,556.85,387.86
INV-14798,2023-01-14,CUST-507,Retail,TX,Ethiopia,3,28.28,14.36,84.84,43.08,41.76
INV-14799,2023-10-23,CUST-977,Wholesale,IL,Colombia,132,24.43,15.0,3224.76,1980.0,1244.76
INV-14800,2023-09-17,CUST-345,Wholesale,CA,Brazil,95,25.95,12.3,2465.25,1168.5,1296.75
INV-14801,2023-01-31,CUST-756,Retail,WA,Colombia,6,23.24,12.08,139.44,72.48,66.96
INV-14802,2023-11-22,CUST-321,Retail,NY,Ethiopia,16,21.97,15.27,351.52,244.32,107.2
INV-14803,2023-01-05,CUST-184,Online,TX,Guatemala,46,23.41,10.27,1076.86,472.42,604.44
INV-14804,2023-11-23,CUST-882,Retail,FL,Guatemala,34,25.45,17.09,865.3,581.06,284.24
INV-14805,2023-01-19,CUST-279,Retail,TX,Ethiopia,23,23.26,14.54,534.98,334.42,200.56
INV-14806,2023-09-07,CUST-917,Online,TX,Brazil,38,25.65,15.36,974.7,583.68,391.02
INV-14807,2023-03-07,CUST-434,Retail,FL,Brazil,47,25.48,16.3,1197.56,766.1,431.46
INV-14808,2023-03-06,CUST-512,Online,NY,Guatemala,18,29.64,17.64,533.52,317.52,216.0
INV-14809,2023-11-21,CUST-929,Retail,NY,Colombia,21,20.77,14.39,436.17,302.19,133.98
INV-14810,2023-04-09,CUST-271,Online,CA,Brazil,39,27.06,18.92,1055.34,737.88,317.46
INV-14811,2023-07-09,CUST-243,Wholesale,NY,Vietnam,432,21.82,10.24,9426.24,4423.68,5002.56
INV-14812,2023-06-14,CUST-541,Retail,FL,Vietnam,11,22.86,10.43,251.46,114.73,136.73
INV-14813,2023-01-29,CUST-776,Retail,FL,Colombia,17,15.01,7.8,255.17,132.6,122.57
INV-14814,2023-06-17,CUST-670,Online,WA,Colombia,42,27.77,17.29,1166.34,726.18,440.16
INV-14815,2023-10-17,CUST-124,Retail,FL,Colombia,37,15.19,8.01,562.03,296.37,265.66
INV-14816,2023-01-01,CUST-779,Retail,CA,Colombia,35,22.77,15.7,796.95,549.5,247.45
INV-14817,2023-05-11,CUST-655,Retail,FL,Guatemala,24,25.08,13.71,601.92,329.04,272.88
INV-14818,2023-02-13,CUST-119,Retail,CA,Brazil,14,22.27,12.4,311.78,173.6,138.18
INV-14819,2023-05-20,CUST-393,Online,WA,Brazil,28,21.48,11.82,601.44,330.96,270.48
INV-14820,2023-01-05,CUST-413,Wholesale,WA,Brazil,247,16.11,10.8,3979.17,2667.6,1311.57
INV-14821,2023-09-01,CUST-354,Wholesale,TX,Brazil,451,19.49,12.2,8789.99,5502.2,3287.79
INV-14822,2023-09-23,CUST-854,Online,CA,Colombia,5,24.78,10.8,123.9,54.0,69.9
INV-14823,2023-04-23,CUST-714,Online,FL,Costa Rica,11,28.2,16.16,310.2,177.76,132.44
INV-14824,2023-10-17,CUST-468,Wholesale,TX,Guatemala,33,16.82,7.52,555.06,248.16,306.9
INV-14825,2023-10-09,CUST-769,Retail,NY,Guatemala,34,19.32,8.79,656.88,298.86,358.02
INV-14826,2023-04-23,CUST-786,Wholesale,FL,Guatemala,157,19.63,11.86,3081.91,1862.02,1219.89
INV-14827,2023-04-27,CUST-408,Wholesale,FL,Colombia,487,20.53,9.27,9998.11,4514.49,5483.62
INV-14828,2023-02-25,CUST-647,Wholesale,WA,Guatemala,42,15.42,7.51,647.64,315.42,332.22
INV-14829,2023-03-25,CUST-932,Online,IL,Colombia,44,21.2,9.0,932.8,396.0,536.8
INV-14830,2023-06-09,CUST-601,Wholesale,WA,Vietnam,149,21.85,9.26,3255.65,1379.74,1875.91
INV-14831,2023-04-23,CUST-529,Wholesale,WA,Vietnam,233,29.17,12.92,6796.61,3010.36,3786.25
INV-14832,2023-02-07,CUST-869,Online,IL,Guatemala,25,19.26,8.22,481.5,205.5,276.0
INV-14833,2023-10-28,CUST-259,Retail,CA,Colombia,20,26.17,12.59,523.4,251.8,271.6
INV-14834,2023-07-20,CUST-935,Wholesale,NY,Costa Rica,291,26.29,15.66,7650.39,4557.06,3093.33
INV-14835,2023-01-03,CUST-935,Online,FL,Colombia,22,24.26,10.98,533.72,241.56,292.16
INV-14836,2023-10-26,CUST-702,Retail,WA,Ethiopia,27,16.42,10.34,443.34,279.18,164.16
INV-14837,2023-04-22,CUST-403,Retail,TX,Vietnam,23,16.15,9.32,371.45,214.36,157.09
INV-14838,2023-05-27,CUST-361,Wholesale,IL,Guatemala,250,28.7,15.02,7175.0,3755.0,3420.0
INV-14839,2023-06-23,CUST-236,Retail,CA,Ethiopia,45,20.88,13.18,939.6,593.1,346.5
INV-14840,2023-01-20,CUST-891,Online,WA,Brazil,32,27.38,12.52,876.16,400.64,475.52
INV-14841,2023-10-11,CUST-753,Retail,IL,Ethiopia,37,22.59,14.25,835.83,527.25,308.58
INV-14842,2023-07-10,CUST-494,Online,WA,Costa Rica,27,22.8,13.42,615.6,362.34,253.26
INV-14843,2023-09-11,CUST-849,Wholesale,FL,Costa Rica,363,25.98,16.57,9430.74,6014.91,3415.83
INV-14844,2023-05-21,CUST-865,Retail,CA,Brazil,23,22.16,9.35,509.68,215.05,294.63
INV-14845,2023-06-25,CUST-209,Retail,TX,Costa Rica,8,28.9,14.29,231.2,114.32,116.88
INV-14846,2023-10-14,CUST-642,Retail,WA,Guatemala,10,20.69,13.54,206.9,135.4,71.5
INV-14847,2023-12-11,CUST-796,Wholesale,TX,Brazil,17,26.65,12.0,453.05,204.0,249.05
INV-14848,2023-06-29,CUST-166,Retail,WA,Guatemala,29,22.79,9.33,660.91,270.57,390.34
INV-14849,2023-02-01,CUST-945,Wholesale,CA,Guatemala,389,26.85,15.46,10444.65,6013.94,4430.71
INV-14850,2023-06-14,CUST-126,Wholesale,NY,Ethiopia,414,16.4,10.49,6789.6,4342.86,2446.74
INV-14851,2023-01-17,CUST-156,Online,IL,Colombia,18,16.63,7.66,299.34,137.88,161.46
INV-14852,2023-08-23,CUST-698,Retail,CA,Ethiopia,31,22.84,11.23,708.04,348.13,359.91
INV-14853,2023-02-21,CUST-257,Wholesale,FL,Colombia,332,17.85,7.71,5926.2,2559.72,3366.48
INV-14854,2023-05-10,CUST-819,Wholesale,TX,Guatemala,418,21.22,11.75,8869.96,4911.5,3958.46
INV-14855,2023-09-25,CUST-389,Wholesale,FL,Vietnam,218,28.87,18.75,6293.66,4087.5,2206.16
INV-14856,2023-06-24,CUST-881,Online,NY,Ethiopia,48,24.53,14.8,1177.44,710.4,467.04
INV-14857,2023-05-26,CUST-781,Wholesale,FL,Vietnam,272,27.99,12.92,7613.28,3514.24,4099.04
INV-14858,2023-11-02,CUST-437,Retail,FL,Costa Rica,34,19.28,10.31,655.52,350.54,304.98
INV-14859,2023-10-10,CUST-694,Wholesale,IL,Ethiopia,362,15.41,6.69,5578.42,2421.78,3156.64
INV-14860,2023-01-03,CUST-142,Retail,FL,Ethiopia,37,22.43,14.51,829.91,536.87,293.04
INV-14861,2023-02-21,CUST-120,Online,TX,Ethiopia,18,23.25,12.5,418.5,225.0,193.5
INV-14862,2023-01-06,CUST-383,Wholesale,TX,Guatemala,413,17.95,7.61,7413.35,3142.93,4270.42
INV-14863,2023-09-02,CUST-256,Retail,NY,Ethiopia,23,27.5,14.41,632.5,331.43,301.07
INV-14864,2023-02-18,CUST-628,Wholesale,WA,Colombia,350,15.89,8.85,5561.5,3097.5,2464.0
INV-14865,2023-10-22,CUST-914,Online,IL,Vietnam,40,18.73,9.19,749.2,367.6,381.6
INV-14866,2023-01-27,CUST-576,Wholesale,FL,Guatemala,18,15.11,8.98,271.98,161.64,110.34
INV-14867,2023-05-22,CUST-526,Online,IL,Brazil,25,21.95,10.33,548.75,258.25,290.5
INV-14868,2023-09-15,CUST-570,Retail,NY,Costa Rica,3,25.09,16.02,75.27,48.06,27.21
INV-14869,2023-09-29,CUST-262,Retail,IL,Brazil,1,19.31,11.1,19.31,11.1,8.21
INV-14870,2023-12-25,CUST-842,Online,TX,Vietnam,46,17.8,10.88,818.8,500.48,318.32
INV-14871,2023-09-13,CUST-277,Retail,CA,Colombia,37,28.15,14.61,1041.55,540.57,500.98
INV-14872,2023-10-24,CUST-636,Online,TX,Ethiopia,7,17.98,8.75,125.86,61.25,64.61
INV-14873,2023-03-27,CUST-125,Retail,FL,Ethiopia,30,24.11,16.12,723.3,483.6,239.7
INV-14874,2023-12-02,CUST-355,Retail,TX,Costa Rica,39,17.91,11.06,698.49,431.34,267.15
INV-14875,2023-12-18,CUST-294,Online,CA,Brazil,8,22.36,14.81,178.88,118.48,60.4
INV-14876,2023-06-30,CUST-737,Online,TX,Colombia,36,20.73,14.42,746.28,519.12,227.16
INV-14877,2023-04-06,CUST-936,Retail,CA,Brazil,9,21.02,13.59,189.18,122.31,66.87
INV-14878,2023-05-17,CUST-420,Wholesale,FL,Costa Rica,35,24.3,12.35,850.5,432.25,418.25
INV-14879,2023-11-21,CUST-807,Wholesale,TX,Guatemala,440,27.31,17.87,12016.4,7862.8,4153.6
INV-14880,2023-07-27,CUST-690,Wholesale,IL,Brazil,161,27.17,11.63,4374.37,1872.43,2501.94
INV-14881,2023-05-13,CUST-876,Wholesale,IL,Ethiopia,194,26.13,16.29,5069.22,3160.26,1908.96
INV-14882,2023-09-20,CUST-366,Online,FL,Ethiopia,20,22.39,15.56,447.8,311.2,136.6
INV-14883,2023-09-11,CUST-262,Wholesale,FL,Vietnam,170,17.08,7.96,2903.6,1353.2,1550.4
INV-14884,2023-07-18,CUST-432,Retail,CA,Colombia,6,17.01,10.59,102.06,63.54,38.52
INV-14885,2023-04-10,CUST-983,Retail,TX,Brazil,26,19.12,9.67,497.12,251.42,245.7
INV-14886,2023-05-17,CUST-715,Retail,TX,Costa Rica,10,29.66,20.71,296.6,207.1,89.5
INV-14887,2023-08-05,CUST-906,Wholesale,WA,Vietnam,248,29.4,12.86,7291.2,3189.28,4101.92
INV-14888,2023-06-19,CUST-343,Wholesale,WA,Vietnam,288,23.01,10.57,6626.88,3044.16,3582.72
INV-14889,2023-11-10,CUST-523,Retail,CA,Vietnam,39,25.75,13.43,1004.25,523.77,480.48
INV-14890,2023-11-02,CUST-859,Retail,IL,Vietnam,16,20.38,14.11,326.08,225.76,100.32
INV-14891,2023-12-01,CUST-451,Retail,CA,Costa Rica,11,17.16,10.1,188.76,111.1,77.66
INV-14892,2023-11-11,CUST-713,Wholesale,FL,Brazil,243,21.2,8.51,5151.6,2067.93,3083.67
INV-14893,2023-09-23,CUST-644,Online,TX,Brazil,21,17.93,8.44,376.53,177.24,199.29
INV-14894,2023-06-09,CUST-556,Online,WA,Guatemala,15,29.87,18.89,448.05,283.35,164.7
INV-14895,2023-10-13,CUST-712,Wholesale,FL,Guatemala,36,29.59,16.52,1065.24,594.72,470.52
INV-14896,2023-10-19,CUST-622,Online,TX,Ethiopia,16,21.77,10.38,348.32,166.08,182.24
INV-14897,2023-12-08,CUST-361,Retail,TX,Brazil,15,26.72,10.91,400.8,163.65,237.15
INV-14898,2023-08-02,CUST-922,Wholesale,FL,Guatemala,303,26.16,17.59,7926.48,5329.77,2596.71
INV-14899,2023-12-27,CUST-500,Online,FL,Vietnam,36,21.46,12.23,772.56,440.28,332.28
INV-14900,2023-07-04,CUST-616,Online,TX,Guatemala,36,24.99,17.39,899.64,626.04,273.6
INV-14901,2023-08-05,CUST-133,Wholesale,CA,Ethiopia,494,15.01,6.49,7414.94,3206.06,4208.88
INV-14902,2023-02-25,CUST-894,Online,NY,Ethiopia,8,16.95,10.23,135.6,81.84,53.76
INV-14903,2023-08-11,CUST-398,Online,NY,Ethiopia,28,17.47,10.99,489.16,307.72,181.44
INV-14904,2023-03-04,CUST-426,Retail,NY,Costa Rica,27,26.93,13.21,727.11,356.67,370.44
INV-14905,2023-05-14,CUST-913,Online,FL,Brazil,36,26.94,14.94,969.84,537.84,432.0
INV-14906,2023-03-07,CUST-750,Wholesale,NY,Guatemala,228,20.53,12.17,4680.84,2774.76,1906.08
INV-14907,2023-01-19,CUST-969,Online,CA,Brazil,27,21.23,13.33,573.21,359.91,213.3
INV-14908,2023-01-12,CUST-784,Retail,WA,Guatemala,43,22.19,11.88,954.17,510.84,443.33
INV-14909,2023-06-21,CUST-733,Wholesale,IL,Colombia,449,29.78,18.35,13371.22,8239.15,5132.07
INV-14910,2023-03-28,CUST-271,Retail,NY,Colombia,8,16.62,7.9,132.96,63.2,69.76
INV-14911,2023-08-07,CUST-309,Retail,IL,Costa Rica,38,20.36,11.37,773.68,432.06,341.62
INV-14912,2023-09-26,CUST-177,Wholesale,IL,Guatemala,399,28.0,13.31,11172.0,5310.69,5861.31
INV-14913,2023-04-19,CUST-648,Retail,TX,Costa Rica,5,18.94,11.32,94.7,56.6,38.1
INV-14914,2023-03-02,CUST-242,Online,IL,Costa Rica,44,17.63,8.59,775.72,377.96,397.76
INV-14915,2023-05-07,CUST-463,Wholesale,FL,Colombia,425,27.03,16.99,11487.75,7220.75,4267.0
INV-14916,2023-11-13,CUST-878,Wholesale,CA,Guatemala,150,18.24,8.47,2736.0,1270.5,1465.5
INV-14917,2023-02-01,CUST-289,Wholesale,FL,Colombia,494,29.88,15.11,14760.72,7464.34,7296.38
INV-14918,2023-11-28,CUST-726,Wholesale,NY,Costa Rica,125,27.93,13.77,3491.25,1721.25,1770.0
INV-14919,2023-01-25,CUST-696,Wholesale,WA,Vietnam,74,22.76,12.42,1684.24,919.08,765.16
INV-14920,2023-01-18,CUST-760,Retail,TX,Guatemala,46,21.52,11.68,989.92,537.28,452.64
INV-14921,2023-01-05,CUST-170,Retail,IL,Colombia,34,16.45,6.63,559.3,225.42,333.88
INV-14922,2023-03-24,CUST-994,Retail,CA,Costa Rica,30,24.08,13.69,722.4,410.7,311.7
INV-14923,2023-07-01,CUST-648,Online,TX,Costa Rica,10,22.03,8.87,220.3,88.7,131.6
INV-14924,2023-09-08,CUST-933,Retail,TX,Costa Rica,29,26.56,15.55,770.24,450.95,319.29
INV-14925,2023-07-02,CUST-909,Wholesale,IL,Costa Rica,87,18.48,9.1,1607.76,791.7,816.06
INV-14926,2023-10-31,CUST-473,Retail,WA,Colombia,1,26.69,15.86,26.69,15.86,10.83
INV-14927,2023-07-18,CUST-343,Wholesale,NY,Guatemala,447,29.09,20.3,13003.23,9074.1,3929.13
INV-14928,2023-01-11,CUST-455,Online,WA,Costa Rica,23,17.84,8.85,410.32,203.55,206.77
INV-14929,2023-04-05,CUST-195,Online,TX,Colombia,13,21.19,10.69,275.47,138.97,136.5
INV-14930,2023-03-19,CUST-670,Retail,WA,Ethiopia,18,19.8,8.33,356.4,149.94,206.46
INV-14931,2023-10-14,CUST-345,Online,NY,Colombia,5,17.21,8.37,86.05,41.85,44.2
INV-14932,2023-07-20,CUST-856,Retail,CA,Brazil,9,21.68,12.41,195.12,111.69,83.43
INV-14933,2023-11-22,CUST-994,Retail,WA,Ethiopia,8,25.71,12.61,205.68,100.88,104.8
INV-14934,2023-11-26,CUST-260,Online,WA,Costa Rica,8,18.29,12.53,146.32,100.24,46.08
INV-14935,2023-08-07,CUST-598,Online,WA,Colombia,25,15.51,6.45,387.75,161.25,226.5
INV-14936,2023-01-02,CUST-288,Retail,IL,Colombia,50,20.61,8.86,1030.5,443.0,587.5
INV-14937,2023-09-14,CUST-121,Wholesale,WA,Ethiopia,431,16.42,11.49,7077.02,4952.19,2124.83
INV-14938,2023-11-28,CUST-678,Online,NY,Colombia,30,27.58,16.65,827.4,499.5,327.9
INV-14939,2023-08-09,CUST-868,Retail,TX,Colombia,39,21.15,14.07,824.85,548.73,276.12
INV-14940,2023-04-04,CUST-342,Online,WA,Colombia,35,26.6,13.97,931.0,488.95,442.05
INV-14941,2023-01-11,CUST-477,Wholesale,WA,Brazil,69,24.55,10.83,1693.95,747.27,946.68
INV-14942,2023-04-08,CUST-824,Online,CA,Brazil,46,24.39,11.04,1121.94,507.84,614.1
INV-14943,2023-12-06,CUST-733,Wholesale,CA,Ethiopia,325,21.57,12.85,7010.25,4176.25,2834.0
INV-14944,2023-01-05,CUST-976,Online,TX,Ethiopia,25,29.87,18.38,746.75,459.5,287.25
INV-14945,2023-12-09,CUST-372,Online,FL,Vietnam,3,25.25,16.11,75.75,48.33,27.42
INV-14946,2023-10-31,CUST-797,Wholesale,FL,Vietnam,224,20.92,12.88,4686.08,2885.12,1800.96
INV-14947,2023-08-11,CUST-154,Online,NY,Colombia,27,25.85,13.36,697.95,360.72,337.23
INV-14948,2023-12-05,CUST-153,Wholesale,IL,Vietnam,119,27.75,11.55,3302.25,1374.45,1927.8
INV-14949,2023-09-26,CUST-277,Online,TX,Ethiopia,6,28.65,16.32,171.9,97.92,73.98
INV-14950,2023-01-10,CUST-529,Wholesale,TX,Vietnam,368,29.63,17.3,10903.84,6366.4,4537.44
INV-14951,2023-09-12,CUST-774,Wholesale,WA,Guatemala,260,21.38,13.03,5558.8,3387.8,2171.0
INV-14952,2023-08-10,CUST-186,Wholesale,TX,Costa Rica,493,15.27,7.78,7528.11,3835.54,3692.57
INV-14953,2023-11-08,CUST-538,Wholesale,WA,Colombia,407,28.5,17.4,11599.5,7081.8,4517.7
INV-14954,2023-03-22,CUST-464,Retail,NY,Brazil,31,16.84,8.89,522.04,275.59,246.45
INV-14955,2023-12-13,CUST-183,Online,CA,Costa Rica,10,29.65,12.21,296.5,122.1,174.4
INV-14956,2023-10-07,CUST-683,Retail,CA,Brazil,20,20.06,10.74,401.2,214.8,186.4
INV-14957,2023-05-12,CUST-656,Retail,IL,Vietnam,41,20.54,11.35,842.14,465.35,376.79
INV-14958,2023-11-06,CUST-950,Retail,WA,Guatemala,49,16.59,11.47,812.91,562.03,250.88
INV-14959,2023-02-04,CUST-843,Online,IL,Vietnam,34,29.74,19.96,1011.16,678.64,332.52
INV-14960,2023-12-03,CUST-829,Wholesale,NY,Guatemala,65,20.5,13.12,1332.5,852.8,479.7
INV-14961,2023-04-13,CUST-763,Online,NY,Costa Rica,23,27.24,18.16,626.52,417.68,208.84
INV-14962,2023-04-08,CUST-274,Retail,NY,Costa Rica,44,22.12,12.35,973.28,543.4,429.88
INV-14963,2023-06-26,CUST-262,Retail,TX,Guatemala,5,26.65,16.8,133.25,84.0,49.25
INV-14964,2023-05-10,CUST-128,Online,CA,Brazil,26,25.35,17.52,659.1,455.52,203.58
INV-14965,2023-06-11,CUST-227,Wholesale,NY,Guatemala,105,27.81,19.34,2920.05,2030.7,889.35
INV-14966,2023-01-04,CUST-145,Wholesale,FL,Vietnam,476,24.62,13.97,11719.12,6649.72,5069.4
INV-14967,2023-05-07,CUST-941,Retail,CA,Costa Rica,14,17.47,7.12,244.58,99.68,144.9
INV-14968,2023-06-04,CUST-761,Wholesale,FL,Brazil,194,20.02,8.97,3883.88,1740.18,2143.7
INV-14969,2023-10-09,CUST-384,Online,FL,Ethiopia,9,21.38,9.8,192.42,88.2,104.22
INV-14970,2023-09-10,CUST-819,Retail,WA,Brazil,48,27.55,15.18,1322.4,728.64,593.76
INV-14971,2023-09-28,CUST-199,Online,IL,Costa Rica,17,16.45,7.77,279.65,132.09,147.56
INV-14972,2023-01-18,CUST-734,Retail,IL,Colombia,18,20.64,11.93,371.52,214.74,156.78
INV-14973,2023-06-15,CUST-606,Online,WA,Brazil,40,18.42,12.72,736.8,508.8,228.0
INV-14974,2023-04-08,CUST-748,Online,WA,Vietnam,8,29.05,16.5,232.4,132.0,100.4
INV-14975,2023-08-31,CUST-174,Online,IL,Colombia,10,22.47,15.59,224.7,155.9,68.8
INV-14976,2023-07-18,CUST-229,Online,NY,Costa Rica,15,21.85,10.09,327.75,151.35,176.4
INV-14977,2023-11-24,CUST-683,Online,IL,Colombia,28,22.55,13.02,631.4,364.56,266.84
INV-14978,2023-10-15,CUST-353,Wholesale,CA,Brazil,239,29.98,12.71,7165.22,3037.69,4127.53
INV-14979,2023-03-04,CUST-603,Wholesale,FL,Ethiopia,364,25.27,16.21,9198.28,5900.44,3297.84
INV-14980,2023-02-12,CUST-447,Wholesale,IL,Costa Rica,264,29.38,15.44,7756.32,4076.16,3680.16
INV-14981,2023-04-02,CUST-118,Retail,CA,Vietnam,27,25.87,11.2,698.49,302.4,396.09
INV-14982,2023-10-02,CUST-147,Online,WA,Guatemala,37,18.72,8.56,692.64,316.72,375.92
INV-14983,2023-09-03,CUST-698,Wholesale,WA,Colombia,13,15.09,9.03,196.17,117.39,78.78
INV-14984,2023-10-27,CUST-109,Wholesale,CA,Guatemala,303,20.07,8.71,6081.21,2639.13,3442.08
INV-14985,2023-09-01,CUST-855,Wholesale,WA,Costa Rica,355,19.97,13.38,7089.35,4749.9,2339.45
INV-14986,2023-05-05,CUST-746,Retail,NY,Ethiopia,49,21.94,15.16,1075.06,742.84,332.22
INV-14987,2023-06-22,CUST-979,Online,IL,Costa Rica,28,17.77,7.45,497.56,208.6,288.96
INV-14988,2023-04-30,CUST-466,Retail,FL,Ethiopia,32,15.72,9.25,503.04,296.0,207.04
INV-14989,2023-12-10,CUST-303,Wholesale,FL,Ethiopia,83,27.07,14.98,2246.81,1243.34,1003.47
INV-14990,2023-04-04,CUST-796,Online,NY,Colombia,2,22.28,10.49,44.56,20.98,23.58
INV-14991,2023-03-25,CUST-201,Wholesale,TX,Costa Rica,151,21.43,9.95,3235.93,1502.45,1733.48
INV-14992,2023-05-13,CUST-297,Online,FL,Guatemala,48,23.56,11.47,1130.88,550.56,580.32
INV-14993,2023-04-08,CUST-115,Wholesale,TX,Guatemala,176,16.55,8.98,2912.8,1580.48,1332.32
INV-14994,2023-01-22,CUST-347,Retail,CA,Guatemala,45,20.51,9.63,922.95,433.35,489.6
INV-14995,2023-09-19,CUST-418,Online,IL,Colombia,34,29.77,18.25,1012.18,620.5,391.68
INV-14996,2023-01-23,CUST-244,Online,FL,Vietnam,15,19.3,11.03,289.5,165.45,124.05
INV-14997,2023-04-04,CUST-436,Retail,TX,Vietnam,34,21.22,14.54,721.48,494.36,227.12
INV-14998,2023-01-13,CUST-151,Online,IL,Brazil,1,25.48,12.07,25.48,12.07,13.41
INV-14999,2023-10-03,CUST-375,Retail,FL,Colombia,8,21.15,8.62,169.2,68.96,100.24
INV-15000,2023-04-09,CUST-967,Retail,FL,Ethiopia,5,19.77,8.1,98.85,40.5,58.35
