Ngày CT,Số CT,TK Nợ,TK Có,Số tiền,Nội dung,Bộ phận,Mã KH,Mã NCC,IFRS_Category,IFRS_Standard,IFRS_Category,IFRS_Standard
19/12/2024,CT292425,131,131,35477450.74đ,Giao dịch mua bán,IT,CUST0009,VEND0194,Asset,IAS 16,Asset,IAS 16
20/07/2024,CT863204,152,511,45749938.98đ,Giao dịch mua bán,Finance,CUST0119,VEND0141,Asset,IAS 16,Asset,IAS 16
19/02/2024,CT714345,632,156,23942524.22đ,Giao dịch mua bán,Finance,CUST0081,VEND0016,Expense,IAS 1,Expense,IAS 1
13/07/2024,CT127446,131,156,16986628.68đ,Giao dịch mua bán,Finance,CUST0128,VEND0183,Asset,IAS 16,Asset,IAS 16
25/10/2024,CT372471,112,214,21606396.88đ,Giao dịch mua bán,Finance,CUST0170,VEND0091,Asset,IAS 16,Asset,IAS 16
18/12/2024,CT054013,632,642,32717017.35đ,Giao dịch mua bán,Sales,CUST0134,VEND0159,Expense,IAS 1,Expense,IAS 1
19/09/2024,CT512594,156,156,38497206.72đ,Giao dịch mua bán,IT,CUST0139,VEND0011,Asset,IAS 16,Asset,IAS 16
21/06/2024,CT917251,211,331,13511849.5đđ,Giao dịch mua bán,Finance,CUST0106,VEND0084,Asset,IAS 16,Asset,IAS 16
29/12/2024,CT538799,211,214,21843231.87đ,Giao dịch mua bán,Sales,CUST0062,VEND0154,Asset,IAS 16,Asset,IAS 16
05/03/2024,CT537131,211,156,15148664.82đ,Giao dịch mua bán,Sales,CUST0191,VEND0108,Asset,IAS 16,Asset,IAS 16
04/02/2024,CT291382,152,112,11595524.42đ,Giao dịch mua bán,Sales,CUST0006,VEND0159,Asset,IAS 16,Asset,IAS 16
23/01/2024,CT771546,511,152,35452277.03đ,Giao dịch mua bán,IT,CUST0036,VEND0006,Revenue,IFRS 15,Revenue,IFRS 15
15/12/2024,CT923464,111,632,40774442.83đ,Giao dịch mua bán,Sales,CUST0175,VEND0179,Asset,IAS 16,Asset,IAS 16
11/06/2024,CT738797,152,152,3743849.44đ,Giao dịch mua bán,Sales,CUST0107,VEND0156,Asset,IAS 16,Asset,IAS 16
06/09/2024,CT154260,211,214,18013251.52đ,Giao dịch mua bán,IT,CUST0010,VEND0160,Asset,IAS 16,Asset,IAS 16
22/08/2024,CT041619,111,152,6919667.85đ,Giao dịch mua bán,Finance,CUST0156,VEND0099,Asset,IAS 16,Asset,IAS 16
13/01/2024,CT995838,214,211,7277972.21đ,Giao dịch mua bán,Production,CUST0191,VEND0077,Asset,IAS 16,Asset,IAS 16
20/11/2024,CT914010,642,152,5215342.51đ,Giao dịch mua bán,Finance,CUST0084,VEND0116,Expense,IAS 1,Expense,IAS 1
06/08/2024,CT859803,152,642,44138299.85đđ,Giao dịch mua bán,IT,CUST0024,VEND0090,Asset,IAS 16,Asset,IAS 16
19/03/2024,CT698878,211,152,2788905.27đ,Giao dịch mua bán,IT,CUST0016,VEND0183,Asset,IAS 16,Asset,IAS 16
03/03/2024,CT849159,511,152,47945425.62đ,Giao dịch mua bán,IT,CUST0135,VEND0182,Revenue,IFRS 15,Revenue,IFRS 15
29/02/2024,CT111756,511,214,8494461.8đ,Giao dịch mua bán,Sales,CUST0179,VEND0034,Revenue,IFRS 15,Revenue,IFRS 15
04/11/2024,CT200768,111,632,19216120.5đ,Giao dịch mua bán,Production,CUST0068,VEND0134,Asset,IAS 16,Asset,IAS 16
14/06/2024,CT423099,111,111,34014444.84đ,Giao dịch mua bán,Sales,CUST0141,VEND0188,Asset,IAS 16,Asset,IAS 16
10/05/2024,CT874792,331,111,42499808.41đ,Giao dịch mua bán,Production,CUST0005,VEND0195,Liability,IAS 37,Liability,IAS 37
25/01/2024,CT770651,112,152,7269184.47đ,Giao dịch mua bán,IT,CUST0079,VEND0013,Asset,IAS 16,Asset,IAS 16
09/11/2024,CT521228,632,131,5881329.26đ,Giao dịch mua bán,Finance,CUST0099,VEND0166,Expense,IAS 1,Expense,IAS 1
10/10/2024,CT991513,112,152,27239406.96đ,Giao dịch mua bán,HR,CUST0017,VEND0026,Asset,IAS 16,Asset,IAS 16
25/11/2024,CT526835,156,131,12830751.32đ,Giao dịch mua bán,IT,CUST0189,VEND0125,Asset,IAS 16,Asset,IAS 16
08/01/2024,CT377754,156,152,8111009.61đ,Giao dịch mua bán,Production,CUST0002,VEND0090,Asset,IAS 16,Asset,IAS 16
17/01/2024,CT472805,214,511,21712601.64đ,Giao dịch mua bán,Production,CUST0034,VEND0072,Asset,IAS 16,Asset,IAS 16
24/05/2024,CT772289,632,112,46204094.36đ,Giao dịch mua bán,Sales,CUST0136,VEND0009,Expense,IAS 1,Expense,IAS 1
12/10/2024,CT608382,112,632,21874561.91đ,Giao dịch mua bán,Production,CUST0086,VEND0045,Asset,IAS 16,Asset,IAS 16
12/02/2024,CT290964,214,156,1273145.97đ,Giao dịch mua bán,Production,CUST0198,VEND0144,Asset,IAS 16,Asset,IAS 16
15/01/2024,CT700292,156,214,761888.62đ,Giao dịch mua bán,Sales,CUST0169,VEND0110,Asset,IAS 16,Asset,IAS 16
29/07/2024,CT630464,111,632,20859808.56đ,Giao dịch mua bán,Production,CUST0113,VEND0158,Asset,IAS 16,Asset,IAS 16
10/01/2024,CT639327,156,511,9774958.9đ,Giao dịch mua bán,Production,CUST0028,VEND0167,Asset,IAS 16,Asset,IAS 16
15/04/2024,CT340499,642,112,25028541.72đ,Giao dịch mua bán,HR,CUST0107,VEND0042,Expense,IAS 1,Expense,IAS 1
22/07/2024,CT386559,156,131,14967158.75đ,Giao dịch mua bán,Sales,CUST0112,VEND0164,Asset,IAS 16,Asset,IAS 16
21/01/2024,CT417981,211,112,46340967.05đ,Giao dịch mua bán,Production,CUST0074,VEND0069,Asset,IAS 16,Asset,IAS 16
25/12/2024,CT104413,642,632,45294648.12đ,Giao dịch mua bán,IT,CUST0145,VEND0065,Expense,IAS 1,Expense,IAS 1
10/04/2024,CT980844,632,632,746192.75đ,Giao dịch mua bán,Production,CUST0008,VEND0074,Expense,IAS 1,Expense,IAS 1
06/03/2024,CT170934,111,331,19244092.55đ,Giao dịch mua bán,Production,CUST0029,VEND0067,Asset,IAS 16,Asset,IAS 16
01/05/2024,CT699578,211,331,38988140.21đ,Giao dịch mua bán,Sales,CUST0131,VEND0188,Asset,IAS 16,Asset,IAS 16
01/08/2024,CT874659,214,214,7259206.07đ,Giao dịch mua bán,Finance,CUST0016,VEND0006,Asset,IAS 16,Asset,IAS 16
29/03/2024,CT880418,331,511,5261939.45đ,Giao dịch mua bán,Sales,CUST0126,VEND0154,Liability,IAS 37,Liability,IAS 37
28/02/2024,CT951596,156,632,13568642.48đ,Giao dịch mua bán,Production,CUST0009,VEND0194,Asset,IAS 16,Asset,IAS 16
16/09/2024,CT619660,112,331,46524689.57đ,Giao dịch mua bán,HR,CUST0053,VEND0125,Asset,IAS 16,Asset,IAS 16
12/03/2024,CT666197,131,632,47644542.79đ,Giao dịch mua bán,IT,CUST0087,VEND0025,Asset,IAS 16,Asset,IAS 16
30/12/2024,CT751057,632,632,41450414.42đ,Giao dịch mua bán,IT,CUST0037,VEND0128,Expense,IAS 1,Expense,IAS 1
18/04/2024,CT153930,131,331,13078368.23đ,Giao dịch mua bán,HR,CUST0120,VEND0097,Asset,IAS 16,Asset,IAS 16
11/08/2024,CT502063,214,511,24913153.66đ,Giao dịch mua bán,Finance,CUST0170,VEND0148,Asset,IAS 16,Asset,IAS 16
16/05/2024,CT713578,211,156,45819425.48đ,Giao dịch mua bán,Production,CUST0016,VEND0102,Asset,IAS 16,Asset,IAS 16
16/11/2024,CT944391,211,211,25176220.49đ,Giao dịch mua bán,Finance,CUST0126,VEND0178,Asset,IAS 16,Asset,IAS 16
18/05/2024,CT563801,214,131,38186276.37đ,Giao dịch mua bán,Sales,CUST0154,VEND0122,Asset,IAS 16,Asset,IAS 16
10/01/2024,CT710203,112,632,27761124.34đ,Giao dịch mua bán,Finance,CUST0011,VEND0050,Asset,IAS 16,Asset,IAS 16
02/07/2024,CT908379,214,111,31882465.7đ,Giao dịch mua bán,Production,CUST0046,VEND0097,Asset,IAS 16,Asset,IAS 16
26/07/2024,CT818485,331,111,11711871.33đ,Giao dịch mua bán,Production,CUST0074,VEND0130,Liability,IAS 37,Liability,IAS 37
01/01/2024,CT371139,111,214,8346757.16đ,Giao dịch mua bán,Sales,CUST0069,VEND0097,Asset,IAS 16,Asset,IAS 16
26/01/2024,CT090499,331,214,28480344.59đ,Giao dịch mua bán,HR,CUST0104,VEND0052,Liability,IAS 37,Liability,IAS 37
09/09/2024,CT620433,152,111,557957.23đ,Giao dịch mua bán,Sales,CUST0123,VEND0038,Asset,IAS 16,Asset,IAS 16
17/02/2024,CT884403,511,642,14375623.19đ,Giao dịch mua bán,IT,CUST0074,VEND0081,Revenue,IFRS 15,Revenue,IFRS 15
10/02/2024,CT011770,111,211,9165931.93đ,Giao dịch mua bán,HR,CUST0160,VEND0029,Asset,IAS 16,Asset,IAS 16
14/09/2024,CT862510,211,642,23717212.06đ,Giao dịch mua bán,HR,CUST0009,VEND0151,Asset,IAS 16,Asset,IAS 16
27/03/2024,CT325122,331,632,4031042.55đ,Giao dịch mua bán,IT,CUST0156,VEND0122,Liability,IAS 37,Liability,IAS 37
22/02/2024,CT526071,211,112,5932647.88đ,Giao dịch mua bán,Sales,CUST0100,VEND0198,Asset,IAS 16,Asset,IAS 16
30/03/2024,CT836383,331,642,33511400.27đ,Giao dịch mua bán,HR,CUST0066,VEND0029,Liability,IAS 37,Liability,IAS 37
27/08/2024,CT428557,112,211,44172761.99đ,Giao dịch mua bán,Finance,CUST0055,VEND0189,Asset,IAS 16,Asset,IAS 16
26/03/2024,CT094979,214,511,36030036.82đ,Giao dịch mua bán,Production,CUST0031,VEND0195,Asset,IAS 16,Asset,IAS 16
26/01/2024,CT618508,642,131,15333346.85đ,Giao dịch mua bán,Sales,CUST0026,VEND0080,Expense,IAS 1,Expense,IAS 1
06/01/2024,CT570924,152,214,5680897.2đ,Giao dịch mua bán,HR,CUST0140,VEND0049,Asset,IAS 16,Asset,IAS 16
09/07/2024,CT182115,214,131,37792349.8đ,Giao dịch mua bán,HR,CUST0119,VEND0089,Asset,IAS 16,Asset,IAS 16
13/07/2024,CT108355,112,211,42278079.61đ,Giao dịch mua bán,Sales,CUST0039,VEND0034,Asset,IAS 16,Asset,IAS 16
18/03/2024,CT016340,511,152,9874689.97đ,Giao dịch mua bán,Finance,CUST0066,VEND0139,Revenue,IFRS 15,Revenue,IFRS 15
25/06/2024,CT751897,112,156,42657895.68đ,Giao dịch mua bán,HR,CUST0113,VEND0166,Asset,IAS 16,Asset,IAS 16
22/03/2024,CT955046,211,152,32172531.98đ,Giao dịch mua bán,Finance,CUST0120,VEND0030,Asset,IAS 16,Asset,IAS 16
12/07/2024,CT920753,211,632,37089619.68đ,Giao dịch mua bán,Sales,CUST0179,VEND0153,Asset,IAS 16,Asset,IAS 16
20/01/2024,CT913621,642,511,13746371.7đđ,Giao dịch mua bán,HR,CUST0031,VEND0136,Expense,IAS 1,Expense,IAS 1
29/01/2024,CT512948,112,152,45679571.22đ,Giao dịch mua bán,IT,CUST0080,VEND0055,Asset,IAS 16,Asset,IAS 16
13/06/2024,CT843472,511,111,5353139.75đ,Giao dịch mua bán,Production,CUST0180,VEND0089,Revenue,IFRS 15,Revenue,IFRS 15
15/08/2024,CT203725,156,331,14469828.72đ,Giao dịch mua bán,IT,CUST0027,VEND0138,Asset,IAS 16,Asset,IAS 16
17/03/2024,CT274727,214,632,1979761.44đ,Giao dịch mua bán,HR,CUST0015,VEND0133,Asset,IAS 16,Asset,IAS 16
19/04/2024,CT201514,632,511,32156343.38đ,Giao dịch mua bán,Finance,CUST0009,VEND0179,Expense,IAS 1,Expense,IAS 1
20/10/2024,CT461670,156,211,25469731.23đ,Giao dịch mua bán,HR,CUST0011,VEND0176,Asset,IAS 16,Asset,IAS 16
18/11/2024,CT686032,112,111,44237514.45đ,Giao dịch mua bán,Sales,CUST0096,VEND0104,Asset,IAS 16,Asset,IAS 16
19/11/2024,CT396008,112,511,23191020.09đ,Giao dịch mua bán,Sales,CUST0190,VEND0184,Asset,IAS 16,Asset,IAS 16
14/08/2024,CT416986,511,511,6926107.05đ,Giao dịch mua bán,Finance,CUST0191,VEND0134,Revenue,IFRS 15,Revenue,IFRS 15
30/04/2024,CT483966,211,131,5349503.89đ,Giao dịch mua bán,IT,CUST0084,VEND0169,Asset,IAS 16,Asset,IAS 16
14/10/2024,CT275017,511,131,23937190.64đ,Giao dịch mua bán,IT,CUST0112,VEND0050,Revenue,IFRS 15,Revenue,IFRS 15
21/09/2024,CT806513,331,331,5188136.82đ,Giao dịch mua bán,Sales,CUST0021,VEND0161,Liability,IAS 37,Liability,IAS 37
11/05/2024,CT804978,511,211,37392497.79đ,Giao dịch mua bán,HR,CUST0118,VEND0093,Revenue,IFRS 15,Revenue,IFRS 15
23/04/2024,CT120449,131,632,3425881.26đ,Giao dịch mua bán,HR,CUST0052,VEND0067,Asset,IAS 16,Asset,IAS 16
10/10/2024,CT277034,511,112,16648792.87đ,Giao dịch mua bán,HR,CUST0119,VEND0129,Revenue,IFRS 15,Revenue,IFRS 15
30/06/2024,CT419898,112,214,6495774.14đ,Giao dịch mua bán,HR,CUST0198,VEND0036,Asset,IAS 16,Asset,IAS 16
05/07/2024,CT216483,331,131,28332210.8đ,Giao dịch mua bán,Finance,CUST0023,VEND0094,Liability,IAS 37,Liability,IAS 37
19/08/2024,CT096493,642,211,33620070.57đ,Giao dịch mua bán,Finance,CUST0016,VEND0106,Expense,IAS 1,Expense,IAS 1
14/03/2024,CT507772,156,511,11811513.61đ,Giao dịch mua bán,Sales,CUST0080,VEND0172,Asset,IAS 16,Asset,IAS 16
20/10/2024,CT672697,131,511,17410778.26đ,Giao dịch mua bán,HR,CUST0148,VEND0108,Asset,IAS 16,Asset,IAS 16
14/03/2024,CT522649,156,642,4592274.02đ,Giao dịch mua bán,IT,CUST0055,VEND0147,Asset,IAS 16,Asset,IAS 16
23/10/2024,CT716141,131,211,9243711.13đ,Giao dịch mua bán,IT,CUST0105,VEND0028,Asset,IAS 16,Asset,IAS 16
20/07/2024,CT026572,152,152,40862995.82đ,Giao dịch mua bán,HR,CUST0102,VEND0118,Asset,IAS 16,Asset,IAS 16
21/04/2024,CT214832,152,211,5395302.16đ,Giao dịch mua bán,Sales,CUST0028,VEND0083,Asset,IAS 16,Asset,IAS 16
21/04/2024,CT419291,156,111,6540173.74đ,Giao dịch mua bán,Sales,CUST0084,VEND0180,Asset,IAS 16,Asset,IAS 16
23/05/2024,CT219941,112,152,34553725.71đ,Giao dịch mua bán,HR,CUST0046,VEND0015,Asset,IAS 16,Asset,IAS 16
17/05/2024,CT463059,111,632,11361494.93đ,Giao dịch mua bán,Production,CUST0159,VEND0078,Asset,IAS 16,Asset,IAS 16
05/03/2024,CT847222,112,131,35376046.42đđ,Giao dịch mua bán,HR,CUST0146,VEND0032,Asset,IAS 16,Asset,IAS 16
02/03/2024,CT187819,632,214,39479120.32đ,Giao dịch mua bán,Finance,CUST0188,VEND0034,Expense,IAS 1,Expense,IAS 1
23/11/2024,CT519420,331,211,9820396.05đ,Giao dịch mua bán,Sales,CUST0148,VEND0102,Liability,IAS 37,Liability,IAS 37
06/09/2024,CT327211,214,111,39737494.26đ,Giao dịch mua bán,Finance,CUST0017,VEND0042,Asset,IAS 16,Asset,IAS 16
24/06/2024,CT914318,112,112,2365888.12đ,Giao dịch mua bán,Production,CUST0064,VEND0049,Asset,IAS 16,Asset,IAS 16
18/01/2024,CT498969,152,111,34291114.28đ,Giao dịch mua bán,Finance,CUST0054,VEND0114,Asset,IAS 16,Asset,IAS 16
18/04/2024,CT336962,214,331,40177108.91đ,Giao dịch mua bán,Finance,CUST0173,VEND0061,Asset,IAS 16,Asset,IAS 16
06/03/2024,CT950214,156,131,24204788.04đ,Giao dịch mua bán,Production,CUST0183,VEND0111,Asset,IAS 16,Asset,IAS 16
26/12/2024,CT411289,131,511,16083039.51đ,Giao dịch mua bán,Sales,CUST0122,VEND0024,Asset,IAS 16,Asset,IAS 16
29/07/2024,CT362188,152,211,13835210.93đ,Giao dịch mua bán,IT,CUST0094,VEND0167,Asset,IAS 16,Asset,IAS 16
08/02/2024,CT023509,214,111,12184800.78đ,Giao dịch mua bán,Production,CUST0090,VEND0032,Asset,IAS 16,Asset,IAS 16
21/06/2024,CT503150,112,111,12386478.13đ,Giao dịch mua bán,Production,CUST0067,VEND0107,Asset,IAS 16,Asset,IAS 16
02/06/2024,CT765933,111,632,42729932.61đ,Giao dịch mua bán,HR,CUST0077,VEND0045,Asset,IAS 16,Asset,IAS 16
29/08/2024,CT736775,642,642,34693529.98đ,Giao dịch mua bán,HR,CUST0145,VEND0169,Expense,IAS 1,Expense,IAS 1
24/01/2024,CT757462,642,152,31291432.42đ,Giao dịch mua bán,HR,CUST0151,VEND0104,Expense,IAS 1,Expense,IAS 1
15/12/2024,CT088109,511,156,28337770.01đ,Giao dịch mua bán,Production,CUST0112,VEND0079,Revenue,IFRS 15,Revenue,IFRS 15
13/10/2024,CT431233,632,156,1146049.22đ,Giao dịch mua bán,Finance,CUST0178,VEND0099,Expense,IAS 1,Expense,IAS 1
14/12/2024,CT300498,131,211,7025423.94đ,Giao dịch mua bán,Sales,CUST0192,VEND0043,Asset,IAS 16,Asset,IAS 16
20/12/2024,CT828834,214,111,33989689.8đ,Giao dịch mua bán,Production,CUST0043,VEND0022,Asset,IAS 16,Asset,IAS 16
27/07/2024,CT448413,642,331,4928214.75đ,Giao dịch mua bán,HR,CUST0174,VEND0139,Expense,IAS 1,Expense,IAS 1
04/03/2024,CT764840,131,331,26797309.49đ,Giao dịch mua bán,Finance,CUST0172,VEND0046,Asset,IAS 16,Asset,IAS 16
06/02/2024,CT722900,642,156,15367561.19đ,Giao dịch mua bán,Finance,CUST0130,VEND0189,Expense,IAS 1,Expense,IAS 1
02/11/2024,CT623422,131,112,19174096.54đ,Giao dịch mua bán,HR,CUST0172,VEND0077,Asset,IAS 16,Asset,IAS 16
15/10/2024,CT978478,112,111,41333702.76đ,Giao dịch mua bán,Production,CUST0111,VEND0041,Asset,IAS 16,Asset,IAS 16
14/02/2024,CT181270,214,152,15721959.67đ,Giao dịch mua bán,Sales,CUST0064,VEND0022,Asset,IAS 16,Asset,IAS 16
23/03/2024,CT442523,112,511,6755819.32đ,Giao dịch mua bán,IT,CUST0185,VEND0049,Asset,IAS 16,Asset,IAS 16
11/11/2024,CT968903,156,112,15421422.81đ,Giao dịch mua bán,Production,CUST0065,VEND0124,Asset,IAS 16,Asset,IAS 16
05/03/2024,CT995221,632,642,30963569.33đ,Giao dịch mua bán,Finance,CUST0073,VEND0198,Expense,IAS 1,Expense,IAS 1
17/01/2024,CT886801,211,211,6876722.96đ,Giao dịch mua bán,Finance,CUST0012,VEND0001,Asset,IAS 16,Asset,IAS 16
08/05/2024,CT265118,511,156,34405570.66đ,Giao dịch mua bán,HR,CUST0179,VEND0051,Revenue,IFRS 15,Revenue,IFRS 15
08/08/2024,CT905107,156,112,35454517.25đ,Giao dịch mua bán,Sales,CUST0193,VEND0018,Asset,IAS 16,Asset,IAS 16
27/09/2024,CT839853,214,331,12118706.33đđ,Giao dịch mua bán,Production,CUST0103,VEND0126,Asset,IAS 16,Asset,IAS 16
04/01/2024,CT474173,331,211,21293006.84đ,Giao dịch mua bán,Production,CUST0195,VEND0088,Liability,IAS 37,Liability,IAS 37
20/06/2024,CT192262,632,152,39891480.22đ,Giao dịch mua bán,Sales,CUST0039,VEND0111,Expense,IAS 1,Expense,IAS 1
17/06/2024,CT895403,211,331,7503903.35đ,Giao dịch mua bán,IT,CUST0122,VEND0085,Asset,IAS 16,Asset,IAS 16
07/11/2024,CT851660,111,152,43949472.66đ,Giao dịch mua bán,Finance,CUST0045,VEND0025,Asset,IAS 16,Asset,IAS 16
19/12/2024,CT484988,632,642,8006195.99đ,Giao dịch mua bán,Production,CUST0198,VEND0133,Expense,IAS 1,Expense,IAS 1
14/06/2024,CT665606,632,214,24269820.35đ,Giao dịch mua bán,Sales,CUST0120,VEND0154,Expense,IAS 1,Expense,IAS 1
16/04/2024,CT844818,152,112,14808242.53đ,Giao dịch mua bán,IT,CUST0101,VEND0062,Asset,IAS 16,Asset,IAS 16
19/08/2024,CT748199,156,211,35439264.13đ,Giao dịch mua bán,HR,CUST0122,VEND0047,Asset,IAS 16,Asset,IAS 16
23/01/2024,CT498077,112,156,15533007.42đđ,Giao dịch mua bán,IT,CUST0125,VEND0093,Asset,IAS 16,Asset,IAS 16
14/03/2024,CT772733,642,211,28946924.49đ,Giao dịch mua bán,IT,CUST0090,VEND0171,Expense,IAS 1,Expense,IAS 1
06/12/2024,CT255289,331,156,558789.33đ,Giao dịch mua bán,Production,CUST0138,VEND0087,Liability,IAS 37,Liability,IAS 37
25/09/2024,CT456124,152,632,34238611.43đ,Giao dịch mua bán,IT,CUST0058,VEND0189,Asset,IAS 16,Asset,IAS 16
29/02/2024,CT577215,511,156,24573848.76đ,Giao dịch mua bán,Sales,CUST0153,VEND0003,Revenue,IFRS 15,Revenue,IFRS 15
05/11/2024,CT742083,211,642,30680086.61,Giao dịch mua bán,Sales,CUST0002,VEND0157,Asset,IAS 16,Asset,IAS 16
26/08/2024,CT242698,111,511,34191978.94,Giao dịch mua bán,Sales,CUST0063,VEND0183,Asset,IAS 16,Asset,IAS 16
21/06/2024,CT870938,111,111,16332216.28,Giao dịch mua bán,Sales,CUST0186,VEND0200,Asset,IAS 16,Asset,IAS 16
13/12/2024,CT924279,331,152,26807334.88,Giao dịch mua bán,HR,CUST0023,VEND0141,Liability,IAS 37,Liability,IAS 37
23/05/2024,CT266892,131,632,46331744.74,Giao dịch mua bán,HR,CUST0198,VEND0098,Asset,IAS 16,Asset,IAS 16
15/06/2024,CT267769,214,112,19240191.3,Giao dịch mua bán,IT,CUST0182,VEND0088,Asset,IAS 16,Asset,IAS 16
04/02/2024,CT714122,131,112,14175558.1,Giao dịch mua bán,Finance,CUST0033,VEND0053,Asset,IAS 16,Asset,IAS 16
19/03/2024,CT349016,642,131,9614066.55,Giao dịch mua bán,Production,CUST0148,VEND0179,Expense,IAS 1,Expense,IAS 1
03/04/2024,CT784498,156,131,23720108.26,Giao dịch mua bán,Sales,CUST0175,VEND0035,Asset,IAS 16,Asset,IAS 16
09/08/2024,CT749712,152,511,40759735.51,Giao dịch mua bán,Sales,CUST0148,VEND0059,Asset,IAS 16,Asset,IAS 16
09/12/2024,CT533313,511,112,20107360.67,Giao dịch mua bán,HR,CUST0092,VEND0038,Revenue,IFRS 15,Revenue,IFRS 15
11/08/2024,CT636908,331,331,31220486.19đ,Giao dịch mua bán,IT,CUST0046,VEND0117,Liability,IAS 37,Liability,IAS 37
22/05/2024,CT193584,511,156,20786639.26,Giao dịch mua bán,HR,CUST0118,VEND0105,Revenue,IFRS 15,Revenue,IFRS 15
27/04/2024,CT872926,642,642,28505224.51,Giao dịch mua bán,Sales,CUST0006,VEND0058,Expense,IAS 1,Expense,IAS 1
17/02/2024,CT254435,131,642,22666619.21,Giao dịch mua bán,Production,CUST0110,VEND0108,Asset,IAS 16,Asset,IAS 16
11/01/2024,CT418354,152,152,4936970.12,Giao dịch mua bán,Production,CUST0099,VEND0161,Asset,IAS 16,Asset,IAS 16
20/11/2024,CT868651,156,511,17520666.82,Giao dịch mua bán,IT,CUST0176,VEND0048,Asset,IAS 16,Asset,IAS 16
13/12/2024,CT712631,112,152,28241793.7,Giao dịch mua bán,Finance,CUST0006,VEND0104,Asset,IAS 16,Asset,IAS 16
26/10/2024,DUPLICATE,211,211,18324626.65,Giao dịch mua bán,Finance,CUST0146,VEND0043,Asset,IAS 16,Asset,IAS 16
06/02/2024,CT747212,214,211,44666273.25,Giao dịch mua bán,Finance,CUST0110,VEND0149,Asset,IAS 16,Asset,IAS 16
27/01/2024,CT719313,214,211,43436645.4,Giao dịch mua bán,Finance,CUST0044,VEND0008,Asset,IAS 16,Asset,IAS 16
21/10/2024,CT317927,632,331,40325190.95,Giao dịch mua bán,Sales,CUST0109,VEND0079,Expense,IAS 1,Expense,IAS 1
14/10/2024,CT214714,156,131,6716275.03,Giao dịch mua bán,Sales,CUST0015,VEND0017,Asset,IAS 16,Asset,IAS 16
08/06/2024,CT187185,152,214,49146201.1,Giao dịch mua bán,Sales,CUST0051,VEND0033,Asset,IAS 16,Asset,IAS 16
20/06/2024,CT108900,152,211,22082295.05,Giao dịch mua bán,Finance,CUST0129,VEND0059,Asset,IAS 16,Asset,IAS 16
07/08/2024,CT588625,214,112,45716643.18,Giao dịch mua bán,IT,CUST0077,VEND0169,Asset,IAS 16,Asset,IAS 16
15/03/2024,CT058080,131,152,19155157.6,Giao dịch mua bán,Sales,CUST0048,VEND0152,Asset,IAS 16,Asset,IAS 16
17/04/2024,CT943746,111,156,49721724.22,Giao dịch mua bán,Production,CUST0016,VEND0067,Asset,IAS 16,Asset,IAS 16
19/04/2024,CT339230,112,642,45132942.48,Giao dịch mua bán,IT,CUST0172,VEND0082,Asset,IAS 16,Asset,IAS 16
20/08/2024,CT721843,156,331,46581568.65,Giao dịch mua bán,Finance,CUST0166,VEND0061,Asset,IAS 16,Asset,IAS 16
14/02/2024,CT798335,112,511,13447764.14,Giao dịch mua bán,Sales,CUST0158,VEND0161,Asset,IAS 16,Asset,IAS 16
23/09/2024,CT396303,214,111,14353776.02,Giao dịch mua bán,HR,CUST0165,VEND0023,Asset,IAS 16,Asset,IAS 16
10/12/2024,CT627487,331,112,9921736.8,Giao dịch mua bán,IT,CUST0124,VEND0011,Liability,IAS 37,Liability,IAS 37
06/12/2024,DUPLICATE,214,511,15709977.78,Giao dịch mua bán,HR,CUST0118,VEND0105,Asset,IAS 16,Asset,IAS 16
07/06/2024,CT389188,214,111,35810261.41,Giao dịch mua bán,Production,CUST0078,VEND0151,Asset,IAS 16,Asset,IAS 16
17/12/2024,CT419188,632,642,34888866.16,Giao dịch mua bán,IT,CUST0105,VEND0116,Expense,IAS 1,Expense,IAS 1
12/05/2024,CT973223,152,152,8650828.66,Giao dịch mua bán,IT,CUST0012,VEND0152,Asset,IAS 16,Asset,IAS 16
13/06/2024,CT051262,152,331,32778337.13,Giao dịch mua bán,HR,CUST0068,VEND0184,Asset,IAS 16,Asset,IAS 16
30/09/2024,CT885262,131,211,29999053.86,Giao dịch mua bán,IT,CUST0007,VEND0166,Asset,IAS 16,Asset,IAS 16
09/03/2024,CT120244,111,331,8109434.19,Giao dịch mua bán,IT,CUST0008,VEND0185,Asset,IAS 16,Asset,IAS 16
30/05/2024,CT294667,156,112,17233039.6,Giao dịch mua bán,HR,CUST0174,VEND0108,Asset,IAS 16,Asset,IAS 16
03/11/2024,CT643658,152,156,3199363.93,Giao dịch mua bán,Sales,CUST0187,VEND0038,Asset,IAS 16,Asset,IAS 16
06/06/2024,CT420221,511,156,1513014.42,Giao dịch mua bán,Sales,CUST0174,VEND0053,Revenue,IFRS 15,Revenue,IFRS 15
29/04/2024,CT237068,214,152,9772239.08,Giao dịch mua bán,Production,CUST0011,VEND0200,Asset,IAS 16,Asset,IAS 16
29/07/2024,CT203746,331,156,36287848.74,Giao dịch mua bán,IT,CUST0038,VEND0172,Liability,IAS 37,Liability,IAS 37
13/11/2024,CT636808,331,642,20263102.4,Giao dịch mua bán,Production,CUST0112,VEND0026,Liability,IAS 37,Liability,IAS 37
01/11/2024,CT861554,111,111,48605357.81,Giao dịch mua bán,HR,CUST0190,VEND0128,Asset,IAS 16,Asset,IAS 16
13/08/2024,CT385675,111,632,21264656.09,Giao dịch mua bán,HR,CUST0130,VEND0108,Asset,IAS 16,Asset,IAS 16
16/09/2024,CT626739,331,511,5560791.86,Giao dịch mua bán,Production,CUST0113,VEND0051,Liability,IAS 37,Liability,IAS 37
18/11/2024,CT690226,331,111,15599559.57,Giao dịch mua bán,IT,CUST0165,VEND0164,Liability,IAS 37,Liability,IAS 37
11/04/2024,CT578350,214,152,10588698.73,Giao dịch mua bán,HR,CUST0192,VEND0050,Asset,IAS 16,Asset,IAS 16
24/05/2024,CT956293,642,131,4571454.74,Giao dịch mua bán,Sales,CUST0171,VEND0027,Expense,IAS 1,Expense,IAS 1
02/10/2024,CT492542,156,214,38172473.97,Giao dịch mua bán,Production,CUST0096,VEND0120,Asset,IAS 16,Asset,IAS 16
28/07/2024,CT031743,131,211,45097011.29,Giao dịch mua bán,HR,CUST0198,VEND0164,Asset,IAS 16,Asset,IAS 16
20/08/2024,DUPLICATE,511,156,15090027.6,Giao dịch mua bán,Finance,CUST0151,VEND0147,Revenue,IFRS 15,Revenue,IFRS 15
14/10/2024,CT703952,131,331,21721247.42,Giao dịch mua bán,Sales,CUST0007,VEND0154,Asset,IAS 16,Asset,IAS 16
04/05/2024,CT116683,111,632,36130646.7,Giao dịch mua bán,IT,CUST0130,VEND0176,Asset,IAS 16,Asset,IAS 16
09/03/2024,CT345647,131,211,40448377.3,Giao dịch mua bán,Production,CUST0130,VEND0078,Asset,IAS 16,Asset,IAS 16
30/03/2024,CT558661,331,211,24397472.14,Giao dịch mua bán,HR,CUST0052,VEND0047,Liability,IAS 37,Liability,IAS 37
03/11/2024,CT174349,112,511,33006416.72,Giao dịch mua bán,HR,CUST0014,VEND0157,Asset,IAS 16,Asset,IAS 16
23/07/2024,CT680700,214,152,1664535.01,Giao dịch mua bán,Sales,CUST0078,VEND0085,Asset,IAS 16,Asset,IAS 16
07/02/2024,CT533309,632,112,48495683.9,Giao dịch mua bán,IT,CUST0005,VEND0093,Expense,IAS 1,Expense,IAS 1
22/03/2024,CT613496,214,111,3482984.68đ,Giao dịch mua bán,Production,CUST0028,VEND0076,Asset,IAS 16,Asset,IAS 16
22/01/2024,CT484577,632,211,46444393.66,Giao dịch mua bán,Production,CUST0151,VEND0151,Expense,IAS 1,Expense,IAS 1
11/12/2024,CT654633,156,152,44700267.32,Giao dịch mua bán,HR,CUST0092,VEND0025,Asset,IAS 16,Asset,IAS 16
06/05/2024,CT486395,211,111,26231500.98,Giao dịch mua bán,Production,CUST0199,VEND0158,Asset,IAS 16,Asset,IAS 16
04/01/2024,CT108375,131,131,36875637.81,Giao dịch mua bán,IT,CUST0040,VEND0156,Asset,IAS 16,Asset,IAS 16
03/07/2024,CT727246,112,111,44363032.49,Giao dịch mua bán,HR,CUST0155,VEND0104,Asset,IAS 16,Asset,IAS 16
12/08/2024,CT254913,152,331,37303129.77,Giao dịch mua bán,HR,CUST0088,VEND0074,Asset,IAS 16,Asset,IAS 16
30/04/2024,CT097133,214,331,48111518.43,Giao dịch mua bán,Finance,CUST0062,VEND0115,Asset,IAS 16,Asset,IAS 16
25/02/2024,CT476205,131,632,48980715.73,Giao dịch mua bán,Sales,CUST0183,VEND0139,Asset,IAS 16,Asset,IAS 16
18/04/2024,CT197617,111,112,17852517.23,Giao dịch mua bán,IT,CUST0022,VEND0039,Asset,IAS 16,Asset,IAS 16
31/05/2024,CT138917,111,214,5534428.64,Giao dịch mua bán,HR,CUST0064,VEND0156,Asset,IAS 16,Asset,IAS 16
18/05/2024,CT779441,156,112,21789487.65,Giao dịch mua bán,IT,CUST0196,VEND0158,Asset,IAS 16,Asset,IAS 16
25/07/2024,CT176250,131,331,24691486.52,Giao dịch mua bán,Production,CUST0008,VEND0121,Asset,IAS 16,Asset,IAS 16
05/11/2024,CT356168,111,131,5667390.13,Giao dịch mua bán,HR,CUST0133,VEND0075,Asset,IAS 16,Asset,IAS 16
12/07/2024,CT187567,214,214,34388444.48,Giao dịch mua bán,Sales,CUST0058,VEND0003,Asset,IAS 16,Asset,IAS 16
29/07/2024,CT704978,642,156,17389803.35,Giao dịch mua bán,HR,CUST0182,VEND0130,Expense,IAS 1,Expense,IAS 1
30/03/2024,CT835036,632,111,2630552.76,Giao dịch mua bán,HR,CUST0192,VEND0022,Expense,IAS 1,Expense,IAS 1
18/05/2024,CT031508,642,511,29392377.77,Giao dịch mua bán,Production,CUST0132,VEND0020,Expense,IAS 1,Expense,IAS 1
16/01/2024,CT565551,632,211,10789040.09,Giao dịch mua bán,Sales,CUST0007,VEND0079,Expense,IAS 1,Expense,IAS 1
05/03/2024,CT454070,111,211,24350625.59,Giao dịch mua bán,Production,CUST0012,VEND0051,Asset,IAS 16,Asset,IAS 16
20/12/2024,CT228019,131,131,502968.51,Giao dịch mua bán,IT,CUST0099,VEND0073,Asset,IAS 16,Asset,IAS 16
19/08/2024,CT044392,642,331,39826547.99,Giao dịch mua bán,IT,CUST0108,VEND0075,Expense,IAS 1,Expense,IAS 1
12/01/2024,CT996789,642,131,49064950.47,Giao dịch mua bán,HR,CUST0159,VEND0094,Expense,IAS 1,Expense,IAS 1
09/08/2024,CT326059,156,214,35701881.13,Giao dịch mua bán,Sales,CUST0157,VEND0078,Asset,IAS 16,Asset,IAS 16
12/09/2024,CT746923,632,211,47963848.6,Giao dịch mua bán,Finance,CUST0188,VEND0128,Expense,IAS 1,Expense,IAS 1
22/01/2024,CT813438,156,156,10399142.35,Giao dịch mua bán,Sales,CUST0152,VEND0101,Asset,IAS 16,Asset,IAS 16
24/03/2024,CT083199,511,642,35613556.91,Giao dịch mua bán,HR,CUST0029,VEND0185,Revenue,IFRS 15,Revenue,IFRS 15
28/01/2024,CT976725,131,112,8392112.41,Giao dịch mua bán,HR,CUST0199,VEND0094,Asset,IAS 16,Asset,IAS 16
04/12/2024,CT910227,642,111,20210501.99,Giao dịch mua bán,Sales,CUST0136,VEND0191,Expense,IAS 1,Expense,IAS 1
08/12/2024,CT161587,211,632,45645857.89,Giao dịch mua bán,Sales,CUST0103,VEND0128,Asset,IAS 16,Asset,IAS 16
26/05/2024,CT699217,511,152,48791996.53,Giao dịch mua bán,Sales,CUST0107,VEND0055,Revenue,IFRS 15,Revenue,IFRS 15
15/09/2024,CT619276,511,112,23323637.51,Giao dịch mua bán,Sales,CUST0089,VEND0068,Revenue,IFRS 15,Revenue,IFRS 15
15/08/2024,CT142482,111,152,37376458.85,Giao dịch mua bán,IT,CUST0021,VEND0038,Asset,IAS 16,Asset,IAS 16
14/04/2024,CT245423,214,112,44335213.85,Giao dịch mua bán,Finance,CUST0189,VEND0195,Asset,IAS 16,Asset,IAS 16
30/10/2024,CT836346,632,214,24007163.31,Giao dịch mua bán,Production,CUST0177,VEND0164,Expense,IAS 1,Expense,IAS 1
05/11/2024,CT595575,331,112,14778862.62đ,Giao dịch mua bán,IT,CUST0154,VEND0140,Liability,IAS 37,Liability,IAS 37
19/09/2024,CT945035,112,331,26032217.96,Giao dịch mua bán,Finance,CUST0148,VEND0188,Asset,IAS 16,Asset,IAS 16
25/04/2024,CT879569,214,112,25306517.86,Giao dịch mua bán,Finance,CUST0110,VEND0070,Asset,IAS 16,Asset,IAS 16
09/02/2024,CT940387,214,112,45566760.52,Giao dịch mua bán,Finance,CUST0166,VEND0034,Asset,IAS 16,Asset,IAS 16
07/10/2024,CT804765,111,214,1093419.04,Giao dịch mua bán,IT,CUST0068,VEND0059,Asset,IAS 16,Asset,IAS 16
16/07/2024,CT583312,642,331,34862026.38,Giao dịch mua bán,IT,CUST0106,VEND0051,Expense,IAS 1,Expense,IAS 1
09/04/2024,CT348661,211,111,21687787.1,Giao dịch mua bán,Finance,CUST0185,VEND0194,Asset,IAS 16,Asset,IAS 16
07/05/2024,CT261928,112,111,26674760.63,Giao dịch mua bán,Sales,CUST0106,VEND0148,Asset,IAS 16,Asset,IAS 16
31/10/2024,CT907468,511,152,25466250.01,Giao dịch mua bán,Finance,CUST0163,VEND0131,Revenue,IFRS 15,Revenue,IFRS 15
02/11/2024,CT110993,511,214,1864564.07,Giao dịch mua bán,IT,CUST0193,VEND0059,Revenue,IFRS 15,Revenue,IFRS 15
03/09/2024,CT607072,111,214,43353599.03,Giao dịch mua bán,Production,CUST0158,VEND0008,Asset,IAS 16,Asset,IAS 16
21/05/2024,CT134659,331,211,1858433.73đ,Giao dịch mua bán,IT,CUST0179,VEND0159,Liability,IAS 37,Liability,IAS 37
09/02/2024,CT810942,152,642,16997386.02,Giao dịch mua bán,HR,CUST0104,VEND0059,Asset,IAS 16,Asset,IAS 16
13/01/2024,CT136049,632,111,24800586.73,Giao dịch mua bán,HR,CUST0023,VEND0199,Expense,IAS 1,Expense,IAS 1
26/10/2024,CT054906,152,511,22982358.26,Giao dịch mua bán,Production,CUST0184,VEND0144,Asset,IAS 16,Asset,IAS 16
02/02/2024,CT032117,156,331,44344739.54,Giao dịch mua bán,Sales,CUST0086,VEND0017,Asset,IAS 16,Asset,IAS 16
25/12/2024,CT564135,112,511,22973050.36,Giao dịch mua bán,HR,CUST0032,VEND0056,Asset,IAS 16,Asset,IAS 16
25/03/2024,CT674402,156,214,20273167.4,Giao dịch mua bán,Sales,CUST0151,VEND0036,Asset,IAS 16,Asset,IAS 16
18/04/2024,CT929471,642,131,39638881.87,Giao dịch mua bán,Production,CUST0043,VEND0053,Expense,IAS 1,Expense,IAS 1
12/09/2024,CT993492,112,331,30264295.71,Giao dịch mua bán,IT,CUST0172,VEND0002,Asset,IAS 16,Asset,IAS 16
26/09/2024,CT195140,131,111,7688580.22,Giao dịch mua bán,Finance,CUST0129,VEND0055,Asset,IAS 16,Asset,IAS 16
21/09/2024,CT106060,214,214,12742874.09,Giao dịch mua bán,HR,CUST0068,VEND0048,Asset,IAS 16,Asset,IAS 16
04/09/2024,CT525607,211,112,2187448.48,Giao dịch mua bán,IT,CUST0007,VEND0074,Asset,IAS 16,Asset,IAS 16
12/05/2024,CT529106,211,214,23703564.29,Giao dịch mua bán,HR,CUST0143,VEND0007,Asset,IAS 16,Asset,IAS 16
18/03/2024,CT964793,642,112,19219427.63,Giao dịch mua bán,Finance,CUST0194,VEND0112,Expense,IAS 1,Expense,IAS 1
04/08/2024,CT096713,211,131,18448827.45,Giao dịch mua bán,IT,CUST0133,VEND0045,Asset,IAS 16,Asset,IAS 16
29/03/2024,CT796158,642,511,44624766.34,Giao dịch mua bán,IT,CUST0039,VEND0056,Expense,IAS 1,Expense,IAS 1
04/05/2024,CT080199,152,111,44226635.61,Giao dịch mua bán,IT,CUST0109,VEND0081,Asset,IAS 16,Asset,IAS 16
31/03/2024,CT574898,111,211,12628307.13,Giao dịch mua bán,Sales,CUST0149,VEND0148,Asset,IAS 16,Asset,IAS 16
21/12/2024,CT221610,131,214,21022879.43,Giao dịch mua bán,HR,CUST0175,VEND0032,Asset,IAS 16,Asset,IAS 16
08/01/2024,CT266397,131,331,36186186.51,Giao dịch mua bán,IT,CUST0016,VEND0156,Asset,IAS 16,Asset,IAS 16
10/06/2024,DUPLICATE,211,642,43568716.96,Giao dịch mua bán,Finance,CUST0134,VEND0096,Asset,IAS 16,Asset,IAS 16
21/04/2024,CT317980,211,331,1337586.54,Giao dịch mua bán,Sales,CUST0048,VEND0168,Asset,IAS 16,Asset,IAS 16
25/12/2024,CT599063,152,632,43221843.56,Giao dịch mua bán,Production,CUST0126,VEND0005,Asset,IAS 16,Asset,IAS 16
11/06/2024,CT634265,511,152,46289327.28,Giao dịch mua bán,Sales,CUST0065,VEND0125,Revenue,IFRS 15,Revenue,IFRS 15
01/04/2024,CT882816,112,156,13515237.66,Giao dịch mua bán,HR,CUST0084,VEND0182,Asset,IAS 16,Asset,IAS 16
02/03/2024,CT719491,211,632,25424040.08,Giao dịch mua bán,Production,CUST0186,VEND0134,Asset,IAS 16,Asset,IAS 16
29/12/2024,CT781064,632,156,3612003.6,Giao dịch mua bán,Production,CUST0153,VEND0004,Expense,IAS 1,Expense,IAS 1
10/11/2024,CT575055,152,331,15933553.67,Giao dịch mua bán,Finance,CUST0033,VEND0073,Asset,IAS 16,Asset,IAS 16
06/09/2024,CT534113,642,511,37524995.23,Giao dịch mua bán,Sales,CUST0031,VEND0149,Expense,IAS 1,Expense,IAS 1
12/10/2024,CT980381,112,331,10763936.07,Giao dịch mua bán,Sales,CUST0114,VEND0156,Asset,IAS 16,Asset,IAS 16
08/03/2024,CT270633,214,511,43700003.35,Giao dịch mua bán,IT,CUST0135,VEND0162,Asset,IAS 16,Asset,IAS 16
03/04/2024,CT665708,211,131,6139184.14,Giao dịch mua bán,Production,CUST0090,VEND0194,Asset,IAS 16,Asset,IAS 16
26/06/2024,CT077643,211,511,45669543.51,Giao dịch mua bán,Production,CUST0034,VEND0028,Asset,IAS 16,Asset,IAS 16
01/08/2024,CT951983,214,211,23846043.61,Giao dịch mua bán,Production,CUST0094,VEND0062,Asset,IAS 16,Asset,IAS 16
17/12/2024,CT655098,211,632,43551756.81,Giao dịch mua bán,IT,CUST0090,VEND0121,Asset,IAS 16,Asset,IAS 16
02/01/2024,CT310229,152,642,6471337.98,Giao dịch mua bán,Sales,CUST0013,VEND0044,Asset,IAS 16,Asset,IAS 16
15/03/2024,CT669339,331,156,41922376.87,Giao dịch mua bán,Sales,CUST0066,VEND0003,Liability,IAS 37,Liability,IAS 37
19/09/2024,CT536448,152,211,19028952.23,Giao dịch mua bán,HR,CUST0196,VEND0188,Asset,IAS 16,Asset,IAS 16
29/03/2024,CT137667,331,642,28806883.13,Giao dịch mua bán,Sales,CUST0167,VEND0118,Liability,IAS 37,Liability,IAS 37
26/08/2024,CT303488,642,214,41053908.39,Giao dịch mua bán,HR,CUST0115,VEND0122,Expense,IAS 1,Expense,IAS 1
18/08/2024,CT796870,111,152,41879945.08,Giao dịch mua bán,Finance,CUST0033,VEND0187,Asset,IAS 16,Asset,IAS 16
13/10/2024,CT494011,214,214,29459725.9,Giao dịch mua bán,IT,CUST0089,VEND0109,Asset,IAS 16,Asset,IAS 16
29/01/2024,CT863204,511,156,26217996.07,Giao dịch mua bán,Finance,CUST0032,VEND0065,Revenue,IFRS 15,Revenue,IFRS 15
28/10/2024,CT863204,111,111,40455549.42,Giao dịch mua bán,Sales,CUST0153,VEND0071,Asset,IAS 16,Asset,IAS 16
25/08/2024,CT863204,642,642,7227897.35,Giao dịch mua bán,Finance,CUST0029,VEND0138,Expense,IAS 1,Expense,IAS 1
21/07/2024,CT863204,111,214,17168093.56,Giao dịch mua bán,IT,CUST0027,VEND0112,Asset,IAS 16,Asset,IAS 16
14/09/2024,CT863204,642,632,30390654.33,Giao dịch mua bán,Production,CUST0141,VEND0032,Expense,IAS 1,Expense,IAS 1
01/08/2024,CT863204,156,214,15740779.09,Giao dịch mua bán,IT,CUST0105,VEND0155,Asset,IAS 16,Asset,IAS 16
18/01/2024,CT863204,152,112,20264952.4,Giao dịch mua bán,Production,CUST0165,VEND0032,Asset,IAS 16,Asset,IAS 16
19/10/2024,CT863204,214,632,23592164.51,Giao dịch mua bán,IT,CUST0045,VEND0079,Asset,IAS 16,Asset,IAS 16
16/03/2024,CT863204,211,642,27205138.9,Giao dịch mua bán,HR,CUST0016,VEND0020,Asset,IAS 16,Asset,IAS 16
15/03/2024,CT863204,156,111,44246448.17,Giao dịch mua bán,HR,CUST0145,VEND0187,Asset,IAS 16,Asset,IAS 16
07/06/2024,CT863204,111,156,38547822.5,Giao dịch mua bán,IT,CUST0030,VEND0076,Asset,IAS 16,Asset,IAS 16
22/01/2024,CT863204,156,214,16546796.15,Giao dịch mua bán,Finance,CUST0051,VEND0039,Asset,IAS 16,Asset,IAS 16
20/01/2024,CT863204,111,632,13054923.17,Giao dịch mua bán,Production,CUST0095,VEND0051,Asset,IAS 16,Asset,IAS 16
23/02/2024,CT863204,156,111,45575227.15,Giao dịch mua bán,IT,CUST0089,VEND0135,Asset,IAS 16,Asset,IAS 16
28/11/2024,CT863204,214,511,43283820.36,Giao dịch mua bán,Sales,CUST0035,VEND0192,Asset,IAS 16,Asset,IAS 16
28/10/2024,CT863204,156,211,27283642.37,Giao dịch mua bán,Production,CUST0008,VEND0083,Asset,IAS 16,Asset,IAS 16
02/03/2024,CT863204,156,642,3863021.45,Giao dịch mua bán,Production,CUST0075,VEND0020,Asset,IAS 16,Asset,IAS 16
24/03/2024,CT863204,111,214,8302221.48,Giao dịch mua bán,Sales,CUST0143,VEND0066,Asset,IAS 16,Asset,IAS 16
18/02/2024,CT863204,511,642,15777014.92,Giao dịch mua bán,Sales,CUST0191,VEND0088,Revenue,IFRS 15,Revenue,IFRS 15
28/06/2024,CT863204,632,156,13164884.65,Giao dịch mua bán,Production,CUST0074,VEND0089,Expense,IAS 1,Expense,IAS 1
26/12/2024,CT863204,642,152,20613804.32,Giao dịch mua bán,Finance,CUST0029,VEND0089,Expense,IAS 1,Expense,IAS 1
24/07/2024,CT863204,112,131,29371779.85,Giao dịch mua bán,IT,CUST0026,VEND0039,Asset,IAS 16,Asset,IAS 16
19/07/2024,CT863204,152,214,16065086.06,Giao dịch mua bán,HR,CUST0163,VEND0169,Asset,IAS 16,Asset,IAS 16
14/11/2024,CT863204,632,642,41363036.58,Giao dịch mua bán,Finance,CUST0178,VEND0114,Expense,IAS 1,Expense,IAS 1
18/01/2024,CT863204,112,112,3853303.62,Giao dịch mua bán,IT,CUST0145,VEND0144,Asset,IAS 16,Asset,IAS 16
26/10/2024,CT863204,211,642,19300815.87,Giao dịch mua bán,Production,CUST0178,VEND0111,Asset,IAS 16,Asset,IAS 16
21/08/2024,CT863204,632,642,28127427.4,Giao dịch mua bán,Finance,CUST0185,VEND0185,Expense,IAS 1,Expense,IAS 1
01/04/2024,CT863204,131,111,46037802.46,Giao dịch mua bán,Finance,CUST0062,VEND0139,Asset,IAS 16,Asset,IAS 16
14/11/2024,CT863204,211,111,26870854,Giao dịch mua bán,Finance,CUST0197,VEND0200,Asset,IAS 16,Asset,IAS 16
17/08/2024,CT863204,156,511,17552610.14,Giao dịch mua bán,Production,CUST0192,VEND0075,Asset,IAS 16,Asset,IAS 16
19/01/2024,CT863204,331,152,23427860.82,Giao dịch mua bán,Finance,CUST0116,VEND0076,Liability,IAS 37,Liability,IAS 37
07/06/2024,CT863204,111,632,20418848.43,Giao dịch mua bán,Production,CUST0113,VEND0084,Asset,IAS 16,Asset,IAS 16
24/08/2024,CT863204,211,131,27363785.17,Giao dịch mua bán,Finance,CUST0182,VEND0059,Asset,IAS 16,Asset,IAS 16
18/04/2024,CT863204,112,112,43984134.77,Giao dịch mua bán,IT,CUST0008,VEND0088,Asset,IAS 16,Asset,IAS 16
28/08/2024,CT863204,214,331,26573939.84,Giao dịch mua bán,HR,CUST0130,VEND0046,Asset,IAS 16,Asset,IAS 16
03/12/2024,CT863204,642,152,33149020.93,Giao dịch mua bán,Sales,CUST0032,VEND0051,Expense,IAS 1,Expense,IAS 1
10/05/2024,CT863204,112,632,12924906.98,Giao dịch mua bán,HR,CUST0089,VEND0068,Asset,IAS 16,Asset,IAS 16
08/08/2024,CT863204,511,511,41736860.06,Giao dịch mua bán,Production,CUST0031,VEND0115,Revenue,IFRS 15,Revenue,IFRS 15
10/08/2024,CT863204,214,152,4085551.82,Giao dịch mua bán,HR,CUST0151,VEND0004,Asset,IAS 16,Asset,IAS 16
28/01/2024,CT863204,112,111,44285757.4,Giao dịch mua bán,Production,CUST0059,VEND0138,Asset,IAS 16,Asset,IAS 16
01/12/2024,CT863204,131,156,37448753.89,Giao dịch mua bán,IT,CUST0184,VEND0099,Asset,IAS 16,Asset,IAS 16
25/06/2024,CT863204,131,156,13094545.52,Giao dịch mua bán,Sales,CUST0089,VEND0114,Asset,IAS 16,Asset,IAS 16
19/09/2024,CT863204,112,152,30059941.19,Giao dịch mua bán,IT,CUST0154,VEND0104,Asset,IAS 16,Asset,IAS 16
19/11/2024,CT863204,211,111,8948189.17,Giao dịch mua bán,Production,CUST0150,VEND0105,Asset,IAS 16,Asset,IAS 16
24/07/2024,CT863204,131,511,6872068.19,Giao dịch mua bán,Production,CUST0009,VEND0185,Asset,IAS 16,Asset,IAS 16
22/09/2024,CT863204,642,632,42211010.71,Giao dịch mua bán,Finance,CUST0161,VEND0164,Expense,IAS 1,Expense,IAS 1
04/08/2024,CT863204,211,211,38280674.29,Giao dịch mua bán,HR,CUST0166,VEND0057,Asset,IAS 16,Asset,IAS 16
21/12/2024,CT863204,214,632,48397087.84,Giao dịch mua bán,Production,CUST0165,VEND0185,Asset,IAS 16,Asset,IAS 16
12/08/2024,CT863204,152,156,43269540.82,Giao dịch mua bán,Sales,CUST0166,VEND0128,Asset,IAS 16,Asset,IAS 16
08/11/2024,CT863204,632,214,31123676.12,Giao dịch mua bán,Production,CUST0039,VEND0010,Expense,IAS 1,Expense,IAS 1
17/06/2024,CT863204,632,331,37109866.35,Giao dịch mua bán,Sales,CUST0023,VEND0053,Expense,IAS 1,Expense,IAS 1
25/04/2024,CT863204,632,111,36307742.35,Giao dịch mua bán,IT,CUST0049,VEND0072,Expense,IAS 1,Expense,IAS 1
10/09/2024,CT863204,211,131,10386317.5,Giao dịch mua bán,Production,CUST0187,VEND0039,Asset,IAS 16,Asset,IAS 16
06/08/2024,CT863204,331,211,28009116.52,Giao dịch mua bán,IT,CUST0194,VEND0089,Liability,IAS 37,Liability,IAS 37
06/06/2024,CT863204,214,131,28766888.02,Giao dịch mua bán,Sales,CUST0146,VEND0092,Asset,IAS 16,Asset,IAS 16
02/03/2024,CT863204,111,214,43669046.06,Giao dịch mua bán,HR,CUST0091,VEND0192,Asset,IAS 16,Asset,IAS 16
25/05/2024,CT863204,214,632,30378530.75,Giao dịch mua bán,Production,CUST0040,VEND0049,Asset,IAS 16,Asset,IAS 16
30/04/2024,CT863204,211,214,43590472.46,Giao dịch mua bán,Production,CUST0011,VEND0106,Asset,IAS 16,Asset,IAS 16
04/11/2024,CT863204,152,112,10186062.9,Giao dịch mua bán,Finance,CUST0076,VEND0032,Asset,IAS 16,Asset,IAS 16
22/05/2024,CT863204,331,152,47883121.09,Giao dịch mua bán,Finance,CUST0085,VEND0057,Liability,IAS 37,Liability,IAS 37
25/10/2024,CT863204,331,112,43812831.09,Giao dịch mua bán,IT,CUST0097,VEND0100,Liability,IAS 37,Liability,IAS 37
27/05/2024,CT863204,214,112,2647581.13,Giao dịch mua bán,Production,CUST0107,VEND0148,Asset,IAS 16,Asset,IAS 16
09/05/2024,CT863204,152,211,35404042.83,Giao dịch mua bán,Sales,CUST0122,VEND0191,Asset,IAS 16,Asset,IAS 16
14/05/2024,CT863204,642,331,18868085.04,Giao dịch mua bán,IT,CUST0035,VEND0121,Expense,IAS 1,Expense,IAS 1
30/09/2024,CT863204,211,511,49806864.57,Giao dịch mua bán,Finance,CUST0182,VEND0021,Asset,IAS 16,Asset,IAS 16
03/04/2024,CT863204,511,214,41464436.11,Giao dịch mua bán,IT,CUST0115,VEND0086,Revenue,IFRS 15,Revenue,IFRS 15
17/10/2024,CT863204,632,131,15993720.33,Giao dịch mua bán,Production,CUST0178,VEND0098,Expense,IAS 1,Expense,IAS 1
09/07/2024,CT863204,211,642,15909000.5,Giao dịch mua bán,Finance,CUST0066,VEND0108,Asset,IAS 16,Asset,IAS 16
03/12/2024,CT863204,156,152,5873364.35,Giao dịch mua bán,Production,CUST0025,VEND0100,Asset,IAS 16,Asset,IAS 16
21/12/2024,CT863204,331,156,7081013,Giao dịch mua bán,HR,CUST0117,VEND0005,Liability,IAS 37,Liability,IAS 37
05/05/2024,CT863204,156,111,30417314.33,Giao dịch mua bán,HR,CUST0195,VEND0106,Asset,IAS 16,Asset,IAS 16
07/10/2024,CT863204,211,632,3433637.39,Giao dịch mua bán,IT,CUST0120,VEND0082,Asset,IAS 16,Asset,IAS 16
11/08/2024,CT863204,152,112,30927585.23,Giao dịch mua bán,IT,CUST0099,VEND0191,Asset,IAS 16,Asset,IAS 16
26/02/2024,CT863204,112,112,39833104.39,Giao dịch mua bán,Production,CUST0135,VEND0189,Asset,IAS 16,Asset,IAS 16
05/04/2024,CT863204,632,111,9399703.03,Giao dịch mua bán,HR,CUST0128,VEND0198,Expense,IAS 1,Expense,IAS 1
06/08/2024,CT863204,112,156,46444862.76,Giao dịch mua bán,Production,CUST0148,VEND0120,Asset,IAS 16,Asset,IAS 16
05/10/2024,CT863204,642,112,8269325.24,Giao dịch mua bán,Sales,CUST0006,VEND0166,Expense,IAS 1,Expense,IAS 1
22/12/2024,CT863204,112,511,14565011.34,Giao dịch mua bán,Sales,CUST0117,VEND0170,Asset,IAS 16,Asset,IAS 16
01/02/2024,CT863204,211,331,43381857.56,Giao dịch mua bán,Production,CUST0096,VEND0006,Asset,IAS 16,Asset,IAS 16
04/04/2024,CT863204,511,152,49779663.79,Giao dịch mua bán,Finance,CUST0039,VEND0133,Revenue,IFRS 15,Revenue,IFRS 15
31/03/2024,CT863204,511,156,47021938.37,Giao dịch mua bán,Production,CUST0070,VEND0156,Revenue,IFRS 15,Revenue,IFRS 15
07/05/2024,CT863204,511,632,9189610.28,Giao dịch mua bán,Finance,CUST0169,VEND0045,Revenue,IFRS 15,Revenue,IFRS 15
21/05/2024,CT863204,152,152,32938521.23,Giao dịch mua bán,IT,CUST0108,VEND0174,Asset,IAS 16,Asset,IAS 16
30/12/2024,CT863204,112,111,42375135.88,Giao dịch mua bán,Finance,CUST0155,VEND0064,Asset,IAS 16,Asset,IAS 16
30/08/2024,CT863204,511,214,32325579.85,Giao dịch mua bán,HR,CUST0096,VEND0022,Revenue,IFRS 15,Revenue,IFRS 15
23/03/2024,CT863204,131,331,36703929.37,Giao dịch mua bán,Production,CUST0143,VEND0163,Asset,IAS 16,Asset,IAS 16
21/07/2024,CT863204,642,156,1439300.51,Giao dịch mua bán,IT,CUST0080,VEND0104,Expense,IAS 1,Expense,IAS 1
03/02/2024,CT863204,632,632,38871130.58,Giao dịch mua bán,Finance,CUST0077,VEND0193,Expense,IAS 1,Expense,IAS 1
26/12/2024,CT863204,152,131,13774810.04,Giao dịch mua bán,Sales,CUST0173,VEND0122,Asset,IAS 16,Asset,IAS 16
27/02/2024,CT863204,156,214,5652215.55,Giao dịch mua bán,Production,CUST0006,VEND0018,Asset,IAS 16,Asset,IAS 16
01/09/2024,CT863204,152,211,45774813.46,Giao dịch mua bán,Sales,CUST0035,VEND0066,Asset,IAS 16,Asset,IAS 16
19/06/2024,CT863204,331,214,9561849.44,Giao dịch mua bán,Finance,CUST0064,VEND0176,Liability,IAS 37,Liability,IAS 37
19/01/2024,CT863204,632,632,25488660.52,Giao dịch mua bán,Finance,CUST0008,VEND0138,Expense,IAS 1,Expense,IAS 1
01/03/2024,CT863204,211,642,3123313.35,Giao dịch mua bán,IT,CUST0189,VEND0040,Asset,IAS 16,Asset,IAS 16
04/12/2024,CT863204,156,211,15709256.67,Giao dịch mua bán,Sales,CUST0196,VEND0157,Asset,IAS 16,Asset,IAS 16
21/07/2024,CT863204,642,642,22998348.62,Giao dịch mua bán,Production,CUST0145,VEND0181,Expense,IAS 1,Expense,IAS 1
16/02/2024,CT863204,131,111,3706660.42,Giao dịch mua bán,HR,CUST0122,VEND0073,Asset,IAS 16,Asset,IAS 16
21/06/2024,CT863204,331,131,22286820.17,Giao dịch mua bán,IT,CUST0066,VEND0046,Liability,IAS 37,Liability,IAS 37
04/01/2024,CT863204,111,214,46526666.09,Giao dịch mua bán,Finance,CUST0195,VEND0008,Asset,IAS 16,Asset,IAS 16
27/02/2024,CT863204,156,111,16226917.32,Giao dịch mua bán,HR,CUST0129,VEND0098,Asset,IAS 16,Asset,IAS 16
15/07/2024,CT863204,214,111,49883046.44,Giao dịch mua bán,HR,CUST0126,VEND0178,Asset,IAS 16,Asset,IAS 16
02/03/2024,CT863204,152,511,40958512.92,Giao dịch mua bán,IT,CUST0128,VEND0001,Asset,IAS 16,Asset,IAS 16
15/04/2024,CT863204,211,112,41756324.01,Giao dịch mua bán,Production,CUST0125,VEND0006,Asset,IAS 16,Asset,IAS 16
02/07/2024,CT863204,112,112,43938968.08,Giao dịch mua bán,Sales,CUST0009,VEND0041,Asset,IAS 16,Asset,IAS 16
03/08/2024,CT863204,211,211,47491263.92,Giao dịch mua bán,Sales,CUST0042,VEND0049,Asset,IAS 16,Asset,IAS 16
06/06/2024,CT863204,511,511,17690506.78,Giao dịch mua bán,Finance,CUST0164,VEND0119,Revenue,IFRS 15,Revenue,IFRS 15
11/07/2024,CT863204,632,642,41664955.45,Giao dịch mua bán,HR,CUST0133,VEND0013,Expense,IAS 1,Expense,IAS 1
24/07/2024,CT863204,112,214,27924464,Giao dịch mua bán,HR,CUST0004,VEND0182,Asset,IAS 16,Asset,IAS 16
30/01/2024,CT863204,152,214,8877995.21,Giao dịch mua bán,HR,CUST0091,VEND0173,Asset,IAS 16,Asset,IAS 16
04/10/2024,CT863204,331,112,26114817.95,Giao dịch mua bán,Sales,CUST0173,VEND0117,Liability,IAS 37,Liability,IAS 37
14/02/2024,CT863204,331,112,6537043.52,Giao dịch mua bán,Production,CUST0147,VEND0057,Liability,IAS 37,Liability,IAS 37
09/02/2024,CT863204,131,511,14602577.18,Giao dịch mua bán,Finance,CUST0039,VEND0155,Asset,IAS 16,Asset,IAS 16
25/07/2024,CT863204,112,211,28032102.25,Giao dịch mua bán,HR,CUST0167,VEND0022,Asset,IAS 16,Asset,IAS 16
30/03/2024,CT863204,111,111,2429463.21,Giao dịch mua bán,Sales,CUST0089,VEND0121,Asset,IAS 16,Asset,IAS 16
21/06/2024,CT863204,131,331,41092034.79,Giao dịch mua bán,Sales,CUST0034,VEND0187,Asset,IAS 16,Asset,IAS 16
16/02/2024,CT863204,112,111,39513169.97,Giao dịch mua bán,Finance,CUST0034,VEND0172,Asset,IAS 16,Asset,IAS 16
13/03/2024,CT863204,112,211,13386093.21,Giao dịch mua bán,Sales,CUST0030,VEND0099,Asset,IAS 16,Asset,IAS 16
23/09/2024,CT863204,131,331,652136.75,Giao dịch mua bán,Production,CUST0169,VEND0074,Asset,IAS 16,Asset,IAS 16
27/12/2024,CT863204,111,156,48743438.96,Giao dịch mua bán,Sales,CUST0174,VEND0079,Asset,IAS 16,Asset,IAS 16
21/07/2024,CT863204,511,211,1341961.93,Giao dịch mua bán,HR,CUST0156,VEND0083,Revenue,IFRS 15,Revenue,IFRS 15
29/04/2024,CT863204,331,156,41555130.63,Giao dịch mua bán,Finance,CUST0031,VEND0059,Liability,IAS 37,Liability,IAS 37
18/12/2024,CT863204,632,214,7676847.16,Giao dịch mua bán,HR,CUST0020,VEND0019,Expense,IAS 1,Expense,IAS 1
01/07/2024,CT863204,131,511,46478186.71,Giao dịch mua bán,HR,CUST0045,VEND0124,Asset,IAS 16,Asset,IAS 16
06/05/2024,CT863204,642,331,22299725.71,Giao dịch mua bán,Finance,CUST0013,VEND0035,Expense,IAS 1,Expense,IAS 1
01/02/2024,CT863204,632,112,2643659.85,Giao dịch mua bán,Production,CUST0076,VEND0019,Expense,IAS 1,Expense,IAS 1
12/04/2024,CT863204,642,642,38986669.12,Giao dịch mua bán,IT,CUST0043,VEND0034,Expense,IAS 1,Expense,IAS 1
22/07/2024,CT863204,331,331,916304.3,Giao dịch mua bán,Finance,CUST0131,VEND0199,Liability,IAS 37,Liability,IAS 37
02/10/2024,CT863204,211,511,33645663.51,Giao dịch mua bán,IT,CUST0091,VEND0129,Asset,IAS 16,Asset,IAS 16
07/08/2024,CT863204,112,111,9400132.76,Giao dịch mua bán,Finance,CUST0133,VEND0069,Asset,IAS 16,Asset,IAS 16
28/03/2024,CT863204,331,156,35271639.06,Giao dịch mua bán,Finance,CUST0096,VEND0031,Liability,IAS 37,Liability,IAS 37
04/05/2024,CT863204,214,511,34146459.35,Giao dịch mua bán,Sales,CUST0188,VEND0117,Asset,IAS 16,Asset,IAS 16
23/05/2024,CT863204,211,156,5481457.38,Giao dịch mua bán,Sales,CUST0067,VEND0068,Asset,IAS 16,Asset,IAS 16
04/08/2024,CT863204,111,511,38320993.8,Giao dịch mua bán,IT,CUST0004,VEND0147,Asset,IAS 16,Asset,IAS 16
22/05/2024,CT863204,511,632,7252303.03,Giao dịch mua bán,Production,CUST0147,VEND0015,Revenue,IFRS 15,Revenue,IFRS 15
19/12/2024,CT863204,131,511,22487485.81,Giao dịch mua bán,Sales,CUST0067,VEND0007,Asset,IAS 16,Asset,IAS 16
31/05/2024,CT863204,214,152,48995272.85,Giao dịch mua bán,Production,CUST0120,VEND0183,Asset,IAS 16,Asset,IAS 16
13/08/2024,CT863204,112,511,16029531.68,Giao dịch mua bán,HR,CUST0078,VEND0195,Asset,IAS 16,Asset,IAS 16
11/02/2024,CT863204,211,632,29159942.07,Giao dịch mua bán,IT,CUST0009,VEND0092,Asset,IAS 16,Asset,IAS 16
17/02/2024,CT863204,156,331,34435704.73,Giao dịch mua bán,Production,CUST0103,VEND0128,Asset,IAS 16,Asset,IAS 16
25/10/2024,CT863204,632,152,1917141.71,Giao dịch mua bán,Finance,CUST0155,VEND0164,Expense,IAS 1,Expense,IAS 1
06/01/2024,CT863204,111,152,20309719.01,Giao dịch mua bán,Production,CUST0184,VEND0119,Asset,IAS 16,Asset,IAS 16
06/03/2024,CT863204,112,112,920365.17,Giao dịch mua bán,Production,CUST0030,VEND0175,Asset,IAS 16,Asset,IAS 16
15/05/2024,CT863204,211,214,30982616.54,Giao dịch mua bán,Sales,CUST0080,VEND0019,Asset,IAS 16,Asset,IAS 16
20/02/2024,CT863204,642,632,8891423.62,Giao dịch mua bán,IT,CUST0146,VEND0114,Expense,IAS 1,Expense,IAS 1
20/01/2024,CT863204,156,156,27882655.17,Giao dịch mua bán,IT,CUST0200,VEND0023,Asset,IAS 16,Asset,IAS 16
27/06/2024,CT863204,111,111,34020128.64,Giao dịch mua bán,Production,CUST0176,VEND0046,Asset,IAS 16,Asset,IAS 16
09/08/2024,CT863204,642,152,43877737.75,Giao dịch mua bán,IT,CUST0060,VEND0177,Expense,IAS 1,Expense,IAS 1
13/05/2024,CT863204,112,152,45807641.03,Giao dịch mua bán,Sales,CUST0160,VEND0129,Asset,IAS 16,Asset,IAS 16
24/11/2024,CT863204,152,214,13401808.04,Giao dịch mua bán,Finance,CUST0061,VEND0168,Asset,IAS 16,Asset,IAS 16
05/07/2024,CT863204,131,156,13432997.89,Giao dịch mua bán,Finance,CUST0011,VEND0125,Asset,IAS 16,Asset,IAS 16
12/02/2024,CT101848,111,632,5903513.54,Giao dịch mua bán,HR,CUST0191,VEND0098,Asset,IAS 16,Asset,IAS 16
06/08/2024,CT141498,211,642,522399.46,Giao dịch mua bán,Sales,CUST0106,VEND0167,Asset,IAS 16,Asset,IAS 16
02/07/2024,CT015890,214,642,730712.75,Giao dịch mua bán,HR,CUST0174,VEND0026,Asset,IAS 16,Asset,IAS 16
27/01/2024,CT426969,642,211,7615774.67,Giao dịch mua bán,Finance,CUST0177,VEND0047,Expense,IAS 1,Expense,IAS 1
10/09/2024,CT495376,211,214,3708895.7,Giao dịch mua bán,Finance,CUST0192,VEND0099,Asset,IAS 16,Asset,IAS 16
05/11/2024,CT003178,511,152,7132279.11,Giao dịch mua bán,IT,CUST0106,VEND0043,Revenue,IFRS 15,Revenue,IFRS 15
22/11/2024,CT280048,152,152,4508108.58,Giao dịch mua bán,Sales,CUST0115,VEND0131,Asset,IAS 16,Asset,IAS 16
18/09/2024,CT450392,214,152,9335854.52,Giao dịch mua bán,HR,CUST0046,VEND0144,Asset,IAS 16,Asset,IAS 16
22/03/2024,CT464730,111,331,2510119.41,Giao dịch mua bán,HR,CUST0175,VEND0035,Asset,IAS 16,Asset,IAS 16
05/09/2024,CT171506,511,152,8940944.35,Giao dịch mua bán,Production,CUST0139,VEND0138,Revenue,IFRS 15,Revenue,IFRS 15
22/11/2024,CT064648,642,511,272666.44,Giao dịch mua bán,Finance,CUST0042,VEND0190,Expense,IAS 1,Expense,IAS 1
18/11/2024,CT342962,214,331,8857566,Giao dịch mua bán,HR,CUST0187,VEND0154,Asset,IAS 16,Asset,IAS 16
02/01/2024,CT636549,112,632,5702238,Giao dịch mua bán,Production,CUST0008,VEND0149,Asset,IAS 16,Asset,IAS 16
02/09/2024,CT195876,511,111,3368770.04,Giao dịch mua bán,HR,CUST0042,VEND0137,Revenue,IFRS 15,Revenue,IFRS 15
06/09/2024,CT972181,331,152,2103516.38,Giao dịch mua bán,IT,CUST0095,VEND0031,Liability,IAS 37,Liability,IAS 37
22/10/2024,CT237348,214,156,3600784.98,Giao dịch mua bán,IT,CUST0025,VEND0098,Asset,IAS 16,Asset,IAS 16
07/02/2024,CT926177,211,214,5140132.89,Giao dịch mua bán,HR,CUST0103,VEND0091,Asset,IAS 16,Asset,IAS 16
15/05/2024,CT020785,152,214,5861123.18,Giao dịch mua bán,HR,CUST0071,VEND0063,Asset,IAS 16,Asset,IAS 16
09/11/2024,CT833132,111,632,1413288.62,Giao dịch mua bán,IT,CUST0184,VEND0039,Asset,IAS 16,Asset,IAS 16
08/05/2024,CT110037,642,642,3683406.75,Giao dịch mua bán,Finance,CUST0168,VEND0175,Expense,IAS 1,Expense,IAS 1
25/10/2024,CT988515,642,112,9104785.16,Giao dịch mua bán,Finance,CUST0041,VEND0153,Expense,IAS 1,Expense,IAS 1
05/06/2024,CT932825,211,214,3253570.67,Giao dịch mua bán,Production,CUST0065,VEND0035,Asset,IAS 16,Asset,IAS 16
19/01/2024,CT504292,111,152,6797856.75,Giao dịch mua bán,HR,CUST0113,VEND0190,Asset,IAS 16,Asset,IAS 16
09/05/2024,CT947877,214,331,3470249.56,Giao dịch mua bán,Sales,CUST0064,VEND0002,Asset,IAS 16,Asset,IAS 16
30/03/2024,CT830928,642,152,629867.31,Giao dịch mua bán,IT,CUST0075,VEND0200,Expense,IAS 1,Expense,IAS 1
02/08/2024,CT013196,331,511,5034768.98,Giao dịch mua bán,HR,CUST0172,VEND0033,Liability,IAS 37,Liability,IAS 37
21/06/2024,CT792371,642,642,9672525.89,Giao dịch mua bán,Production,CUST0115,VEND0101,Expense,IAS 1,Expense,IAS 1
01/11/2024,CT747968,112,211,4901624.77,Giao dịch mua bán,Production,CUST0024,VEND0060,Asset,IAS 16,Asset,IAS 16
05/12/2024,CT766984,111,152,4645712.61,Giao dịch mua bán,Finance,CUST0170,VEND0032,Asset,IAS 16,Asset,IAS 16
31/10/2024,CT826807,111,632,6571380.69,Giao dịch mua bán,IT,CUST0009,VEND0159,Asset,IAS 16,Asset,IAS 16
07/08/2024,CT629347,214,156,3539904.04,Giao dịch mua bán,HR,CUST0015,VEND0058,Asset,IAS 16,Asset,IAS 16
06/04/2024,CT643466,112,112,906627.57,Giao dịch mua bán,Sales,CUST0093,VEND0161,Asset,IAS 16,Asset,IAS 16
08/01/2024,CT100709,642,511,9823118.25,Giao dịch mua bán,Production,CUST0066,VEND0049,Expense,IAS 1,Expense,IAS 1
26/12/2024,CT291263,211,112,2699133.25,Giao dịch mua bán,Sales,CUST0089,VEND0103,Asset,IAS 16,Asset,IAS 16
03/01/2024,CT971853,156,152,4882194,Giao dịch mua bán,HR,CUST0175,VEND0102,Asset,IAS 16,Asset,IAS 16
09/02/2024,CT824697,632,632,5905033.77,Giao dịch mua bán,Finance,CUST0176,VEND0043,Expense,IAS 1,Expense,IAS 1
06/03/2024,CT970380,511,642,4535561.95,Giao dịch mua bán,Sales,CUST0021,VEND0013,Revenue,IFRS 15,Revenue,IFRS 15
27/05/2024,CT887633,331,331,9493610.59,Giao dịch mua bán,IT,CUST0105,VEND0096,Liability,IAS 37,Liability,IAS 37
20/09/2024,CT558213,111,642,3044120.2,Giao dịch mua bán,IT,CUST0097,VEND0073,Asset,IAS 16,Asset,IAS 16
30/12/2024,CT556513,632,211,6355194.49,Giao dịch mua bán,Production,CUST0189,VEND0071,Expense,IAS 1,Expense,IAS 1
06/03/2024,CT559735,156,211,8308832.37,Giao dịch mua bán,Finance,CUST0193,VEND0035,Asset,IAS 16,Asset,IAS 16
03/06/2024,CT248981,211,642,5978752.84,Giao dịch mua bán,Finance,CUST0131,VEND0063,Asset,IAS 16,Asset,IAS 16
17/04/2024,CT314540,111,111,9938924.5,Giao dịch mua bán,IT,CUST0108,VEND0144,Asset,IAS 16,Asset,IAS 16
17/05/2024,CT438451,112,112,5724242.5,Giao dịch mua bán,Finance,CUST0023,VEND0093,Asset,IAS 16,Asset,IAS 16
11/05/2024,CT694825,214,111,6062328.6,Giao dịch mua bán,Production,CUST0027,VEND0127,Asset,IAS 16,Asset,IAS 16
06/12/2024,CT725422,642,211,1299295.02,Giao dịch mua bán,IT,CUST0119,VEND0077,Expense,IAS 1,Expense,IAS 1
13/06/2024,CT951440,211,131,4277574.14,Giao dịch mua bán,IT,CUST0072,VEND0158,Asset,IAS 16,Asset,IAS 16
30/07/2024,CT504550,642,131,5690109.16,Giao dịch mua bán,Sales,CUST0124,VEND0014,Expense,IAS 1,Expense,IAS 1
06/06/2024,CT963986,112,111,7498957.02,Giao dịch mua bán,HR,CUST0102,VEND0113,Asset,IAS 16,Asset,IAS 16
06/08/2024,CT161186,152,331,7324671.79,Giao dịch mua bán,Production,CUST0030,VEND0150,Asset,IAS 16,Asset,IAS 16
09/06/2024,CT013517,156,211,3529977.85,Giao dịch mua bán,Sales,CUST0023,VEND0162,Asset,IAS 16,Asset,IAS 16
30/10/2024,CT165268,511,156,3732909.53,Giao dịch mua bán,Production,CUST0021,VEND0168,Revenue,IFRS 15,Revenue,IFRS 15
24/09/2024,CT191059,211,331,3888174.36,Giao dịch mua bán,IT,CUST0158,VEND0025,Asset,IAS 16,Asset,IAS 16
22/02/2024,CT074687,632,214,5343734.43,Giao dịch mua bán,Finance,CUST0101,VEND0121,Expense,IAS 1,Expense,IAS 1
06/04/2024,CT196587,131,511,9294604.06,Giao dịch mua bán,Production,CUST0035,VEND0180,Asset,IAS 16,Asset,IAS 16
27/01/2024,CT774439,156,642,1319846.49,Giao dịch mua bán,IT,CUST0009,VEND0064,Asset,IAS 16,Asset,IAS 16
01/09/2024,CT284289,511,156,9737534.44,Giao dịch mua bán,IT,CUST0094,VEND0168,Revenue,IFRS 15,Revenue,IFRS 15
16/07/2024,CT246482,112,111,1448000.23,Giao dịch mua bán,Production,CUST0084,VEND0083,Asset,IAS 16,Asset,IAS 16
13/02/2024,CT425717,111,152,6949886.59,Giao dịch mua bán,IT,CUST0196,VEND0051,Asset,IAS 16,Asset,IAS 16
26/06/2024,CT600340,642,331,1500533.71,Giao dịch mua bán,HR,CUST0061,VEND0142,Expense,IAS 1,Expense,IAS 1
27/04/2024,CT572156,111,331,8643740.25,Giao dịch mua bán,HR,CUST0084,VEND0080,Asset,IAS 16,Asset,IAS 16
19/12/2024,CT338140,511,511,9082150.72,Giao dịch mua bán,HR,CUST0045,VEND0043,Revenue,IFRS 15,Revenue,IFRS 15
20/04/2024,CT607277,152,214,3926016.61,Giao dịch mua bán,Production,CUST0084,VEND0035,Asset,IAS 16,Asset,IAS 16
10/04/2024,CT242490,511,214,7787687,Giao dịch mua bán,Production,CUST0031,VEND0003,Revenue,IFRS 15,Revenue,IFRS 15
13/11/2024,CT245865,211,211,4623450.82,Giao dịch mua bán,IT,CUST0072,VEND0170,Asset,IAS 16,Asset,IAS 16
26/12/2024,CT134638,642,511,1511955.99,Giao dịch mua bán,IT,CUST0190,VEND0105,Expense,IAS 1,Expense,IAS 1
28/06/2024,CT061195,131,111,2022032.81,Giao dịch mua bán,Production,CUST0110,VEND0035,Asset,IAS 16,Asset,IAS 16
07/12/2024,CT095912,112,152,6915634.02,Giao dịch mua bán,Sales,CUST0098,VEND0138,Asset,IAS 16,Asset,IAS 16
29/09/2024,CT732625,156,511,7538143.75,Giao dịch mua bán,Finance,CUST0142,VEND0166,Asset,IAS 16,Asset,IAS 16
03/04/2024,CT054545,511,111,9247380.07,Giao dịch mua bán,Finance,CUST0081,VEND0137,Revenue,IFRS 15,Revenue,IFRS 15
06/01/2024,CT532090,211,642,675719.08,Giao dịch mua bán,HR,CUST0061,VEND0153,Asset,IAS 16,Asset,IAS 16
26/09/2024,CT678155,214,511,7506308.59,Giao dịch mua bán,HR,CUST0069,VEND0160,Asset,IAS 16,Asset,IAS 16
03/07/2024,CT298817,511,111,2860910.67,Giao dịch mua bán,Sales,CUST0191,VEND0103,Revenue,IFRS 15,Revenue,IFRS 15
16/01/2024,CT942969,111,156,5280209.75,Giao dịch mua bán,IT,CUST0127,VEND0182,Asset,IAS 16,Asset,IAS 16
10/04/2024,CT859237,632,511,2930700.45,Giao dịch mua bán,HR,CUST0048,VEND0169,Expense,IAS 1,Expense,IAS 1
19/11/2024,CT465342,111,642,3722325.79,Giao dịch mua bán,Finance,CUST0173,VEND0085,Asset,IAS 16,Asset,IAS 16
12/01/2024,CT645287,511,211,5562763.37,Giao dịch mua bán,IT,CUST0144,VEND0013,Revenue,IFRS 15,Revenue,IFRS 15
09/08/2024,CT758766,214,152,1642166.82,Giao dịch mua bán,Finance,CUST0033,VEND0027,Asset,IAS 16,Asset,IAS 16
15/02/2024,CT438002,642,331,929764.07,Giao dịch mua bán,HR,CUST0197,VEND0051,Expense,IAS 1,Expense,IAS 1
29/08/2024,CT164798,331,211,5211893.7,Giao dịch mua bán,Sales,CUST0089,VEND0084,Liability,IAS 37,Liability,IAS 37
23/03/2024,CT646004,131,511,1340196.05,Giao dịch mua bán,Finance,CUST0063,VEND0161,Asset,IAS 16,Asset,IAS 16
25/02/2024,CT400191,112,156,6711989.58,Giao dịch mua bán,Sales,CUST0160,VEND0094,Asset,IAS 16,Asset,IAS 16
07/03/2024,CT901151,131,156,3730613.56,Giao dịch mua bán,IT,CUST0093,VEND0013,Asset,IAS 16,Asset,IAS 16
12/08/2024,CT546771,156,131,4256195.53,Giao dịch mua bán,IT,CUST0038,VEND0030,Asset,IAS 16,Asset,IAS 16
25/09/2024,CT509245,511,112,5504986.2,Giao dịch mua bán,Production,CUST0197,VEND0100,Revenue,IFRS 15,Revenue,IFRS 15
27/08/2024,CT187576,214,331,2447042.42,Giao dịch mua bán,Production,CUST0102,VEND0192,Asset,IAS 16,Asset,IAS 16
21/05/2024,CT315046,642,642,9370060.94,Giao dịch mua bán,IT,CUST0104,VEND0098,Expense,IAS 1,Expense,IAS 1
27/09/2024,CT420360,214,211,3492896.41,Giao dịch mua bán,Sales,CUST0019,VEND0060,Asset,IAS 16,Asset,IAS 16
04/04/2024,CT472485,156,156,8056471.18,Giao dịch mua bán,HR,CUST0092,VEND0102,Asset,IAS 16,Asset,IAS 16
21/03/2024,CT101990,112,111,9216050.11,Giao dịch mua bán,HR,CUST0062,VEND0026,Asset,IAS 16,Asset,IAS 16
17/07/2024,CT170472,331,152,7674412.61,Giao dịch mua bán,IT,CUST0118,VEND0096,Liability,IAS 37,Liability,IAS 37
12/09/2024,CT279678,632,511,70664.44,Giao dịch mua bán,Production,CUST0011,VEND0173,Expense,IAS 1,Expense,IAS 1
18/09/2024,CT291911,152,156,2471309.24,Giao dịch mua bán,HR,CUST0023,VEND0064,Asset,IAS 16,Asset,IAS 16
09/09/2024,CT793719,331,214,2815625.65,Giao dịch mua bán,Sales,CUST0014,VEND0145,Liability,IAS 37,Liability,IAS 37
04/10/2024,CT040292,131,211,8075124.3,Giao dịch mua bán,Production,CUST0134,VEND0029,Asset,IAS 16,Asset,IAS 16
09/01/2024,CT210482,331,156,9475122.24,Giao dịch mua bán,IT,CUST0153,VEND0172,Liability,IAS 37,Liability,IAS 37
26/02/2024,CT650269,632,214,7444629.61,Giao dịch mua bán,HR,CUST0021,VEND0166,Expense,IAS 1,Expense,IAS 1
25/03/2024,CT608044,511,511,8098718.69,Giao dịch mua bán,Sales,CUST0112,VEND0087,Revenue,IFRS 15,Revenue,IFRS 15
16/06/2024,CT468986,331,211,8863716.63,Giao dịch mua bán,Finance,CUST0060,VEND0114,Liability,IAS 37,Liability,IAS 37
15/07/2024,CT414607,152,131,5500872.24,Giao dịch mua bán,Sales,CUST0187,VEND0147,Asset,IAS 16,Asset,IAS 16
18/05/2024,CT263271,511,156,7897137.89,Giao dịch mua bán,Sales,CUST0014,VEND0115,Revenue,IFRS 15,Revenue,IFRS 15
01/06/2024,CT112033,152,642,4438353.26,Giao dịch mua bán,HR,CUST0009,VEND0018,Asset,IAS 16,Asset,IAS 16
19/08/2024,CT475100,152,152,8312150.8,Giao dịch mua bán,Production,CUST0197,VEND0168,Asset,IAS 16,Asset,IAS 16
28/09/2024,CT576439,642,331,9757036.16,Giao dịch mua bán,Finance,CUST0106,VEND0134,Expense,IAS 1,Expense,IAS 1
30/12/2024,CT450547,511,331,7917720.6,Giao dịch mua bán,Sales,CUST0102,VEND0126,Revenue,IFRS 15,Revenue,IFRS 15
25/12/2024,CT432849,112,112,8397260.62,Giao dịch mua bán,Sales,CUST0172,VEND0017,Asset,IAS 16,Asset,IAS 16
22/07/2024,CT212775,156,156,9401592.11,Giao dịch mua bán,Sales,CUST0164,VEND0082,Asset,IAS 16,Asset,IAS 16
26/07/2024,CT183104,156,156,9645907.43,Giao dịch mua bán,HR,CUST0046,VEND0091,Asset,IAS 16,Asset,IAS 16
24/05/2024,CT492883,642,642,4683671.3,Giao dịch mua bán,Sales,CUST0140,VEND0110,Expense,IAS 1,Expense,IAS 1
23/03/2024,CT324677,156,112,4776338.59,Giao dịch mua bán,Production,CUST0144,VEND0105,Asset,IAS 16,Asset,IAS 16
05/05/2024,CT931308,214,131,4001564.35,Giao dịch mua bán,HR,CUST0106,VEND0125,Asset,IAS 16,Asset,IAS 16
23/11/2024,CT808301,156,331,9330623.71,Giao dịch mua bán,Production,CUST0013,VEND0040,Asset,IAS 16,Asset,IAS 16
17/01/2024,CT984278,632,131,5080413.1,Giao dịch mua bán,Finance,CUST0010,VEND0178,Expense,IAS 1,Expense,IAS 1
29/01/2024,CT095222,112,131,988060.29,Giao dịch mua bán,HR,CUST0068,VEND0119,Asset,IAS 16,Asset,IAS 16
21/07/2024,CT049437,511,642,5562734.13,Giao dịch mua bán,HR,CUST0122,VEND0050,Revenue,IFRS 15,Revenue,IFRS 15
07/08/2024,CT058500,331,112,8600856.69,Giao dịch mua bán,Finance,CUST0129,VEND0197,Liability,IAS 37,Liability,IAS 37
16/06/2024,CT021090,156,511,9273896.44,Giao dịch mua bán,Sales,CUST0176,VEND0147,Asset,IAS 16,Asset,IAS 16
27/12/2024,CT149406,131,632,577746.46,Giao dịch mua bán,Production,CUST0063,VEND0073,Asset,IAS 16,Asset,IAS 16
24/12/2024,CT412308,131,112,4599141.4,Giao dịch mua bán,Sales,CUST0075,VEND0196,Asset,IAS 16,Asset,IAS 16
16/12/2024,CT802418,511,642,9311879.67,Giao dịch mua bán,Production,CUST0107,VEND0199,Revenue,IFRS 15,Revenue,IFRS 15
29/03/2024,CT701604,211,511,6872752.88,Giao dịch mua bán,Finance,CUST0146,VEND0058,Asset,IAS 16,Asset,IAS 16
29/09/2024,CT346503,152,131,8613007.88,Giao dịch mua bán,Sales,CUST0053,VEND0020,Asset,IAS 16,Asset,IAS 16
04/05/2024,CT002959,111,214,620883.05,Giao dịch mua bán,IT,CUST0168,VEND0188,Asset,IAS 16,Asset,IAS 16
10/09/2024,CT237802,214,331,2291299.88,Giao dịch mua bán,IT,CUST0198,VEND0167,Asset,IAS 16,Asset,IAS 16
15/10/2024,CT108492,112,214,7203251.69,Giao dịch mua bán,Finance,CUST0139,VEND0140,Asset,IAS 16,Asset,IAS 16
02/09/2024,CT314625,632,152,4615561.47,Giao dịch mua bán,Finance,CUST0151,VEND0052,Expense,IAS 1,Expense,IAS 1
09/08/2024,CT539018,511,331,9056721.04,Giao dịch mua bán,HR,CUST0100,VEND0067,Revenue,IFRS 15,Revenue,IFRS 15
05/03/2024,CT288075,112,152,5326100.2,Giao dịch mua bán,Sales,CUST0066,VEND0020,Asset,IAS 16,Asset,IAS 16
20/08/2024,CT109576,111,112,5197088.06,Giao dịch mua bán,IT,CUST0008,VEND0036,Asset,IAS 16,Asset,IAS 16
20/02/2024,CT065674,152,331,7919581.98,Giao dịch mua bán,Production,CUST0071,VEND0188,Asset,IAS 16,Asset,IAS 16
20/07/2024,CT638021,331,331,9624689.95,Giao dịch mua bán,Finance,CUST0189,VEND0045,Liability,IAS 37,Liability,IAS 37
21/04/2024,CT006011,632,112,3227698.19,Giao dịch mua bán,Sales,CUST0010,VEND0125,Expense,IAS 1,Expense,IAS 1
31/07/2024,CT828356,131,152,3751346.18,Giao dịch mua bán,HR,CUST0052,VEND0030,Asset,IAS 16,Asset,IAS 16
08/11/2024,CT980365,331,112,6561686.12,Giao dịch mua bán,IT,CUST0164,VEND0056,Liability,IAS 37,Liability,IAS 37
28/02/2024,CT551646,112,331,2351806.23,Giao dịch mua bán,Finance,CUST0107,VEND0145,Asset,IAS 16,Asset,IAS 16
25/09/2024,CT305674,642,211,1313309.18,Giao dịch mua bán,Finance,CUST0070,VEND0132,Expense,IAS 1,Expense,IAS 1
03/11/2024,CT546324,111,632,170360.96,Giao dịch mua bán,Production,CUST0023,VEND0171,Asset,IAS 16,Asset,IAS 16
04/09/2024,CT904622,642,111,71775.77,Giao dịch mua bán,IT,CUST0196,VEND0041,Expense,IAS 1,Expense,IAS 1
17/02/2024,CT614163,156,511,1848738.6,Giao dịch mua bán,Production,CUST0148,VEND0168,Asset,IAS 16,Asset,IAS 16
16/11/2024,CT011740,642,331,1466920.85,Giao dịch mua bán,IT,CUST0114,VEND0152,Expense,IAS 1,Expense,IAS 1
24/08/2024,CT608468,152,331,1114391.47,Giao dịch mua bán,HR,CUST0107,VEND0013,Asset,IAS 16,Asset,IAS 16
03/02/2024,CT430326,642,511,1156180.03,Giao dịch mua bán,IT,CUST0098,VEND0070,Expense,IAS 1,Expense,IAS 1
25/02/2024,CT049709,642,211,8135100.09,Giao dịch mua bán,HR,CUST0043,VEND0094,Expense,IAS 1,Expense,IAS 1
16/03/2024,CT039353,211,331,9151940.91,Giao dịch mua bán,IT,CUST0075,VEND0130,Asset,IAS 16,Asset,IAS 16
18/07/2024,CT191120,112,111,9686438.36,Giao dịch mua bán,Finance,CUST0092,VEND0129,Asset,IAS 16,Asset,IAS 16
16/09/2024,CT501026,214,632,8280100.18,Giao dịch mua bán,Production,CUST0064,VEND0135,Asset,IAS 16,Asset,IAS 16
06/12/2024,CT577657,214,211,7097851.64,Giao dịch mua bán,HR,CUST0008,VEND0011,Asset,IAS 16,Asset,IAS 16
23/10/2024,CT833798,214,211,4866201.34,Giao dịch mua bán,IT,CUST0069,VEND0024,Asset,IAS 16,Asset,IAS 16
14/05/2024,CT157890,131,511,4582859.77,Giao dịch mua bán,HR,CUST0038,VEND0102,Asset,IAS 16,Asset,IAS 16
14/01/2024,CT793969,632,511,1457152.55,Giao dịch mua bán,Finance,CUST0096,VEND0191,Expense,IAS 1,Expense,IAS 1
31/12/2022,CT573636,112,112,48559876.83,Giao dịch mua bán,HR,CUST0081,VEND0078,Asset,IAS 16,Asset,IAS 16
31/12/2022,CT212177,131,214,47443512.38,Giao dịch mua bán,Finance,CUST0122,VEND0134,Asset,IAS 16,Asset,IAS 16
31/12/2022,CT234985,211,211,46616401.5,Giao dịch mua bán,Sales,CUST0187,VEND0010,Asset,IAS 16,Asset,IAS 16
31/12/2022,CT089453,211,632,43632034.13,Giao dịch mua bán,HR,CUST0029,VEND0159,Asset,IAS 16,Asset,IAS 16
31/12/2022,CT738781,131,214,25477749.8,Giao dịch mua bán,Sales,CUST0062,VEND0160,Asset,IAS 16,Asset,IAS 16
31/12/2022,CT655307,331,156,33904891.02,Giao dịch mua bán,HR,CUST0018,VEND0033,Liability,IAS 37,Liability,IAS 37
31/12/2022,CT051331,152,156,36070008.71,Giao dịch mua bán,Finance,CUST0070,VEND0136,Asset,IAS 16,Asset,IAS 16
31/12/2022,CT087155,152,156,49681969.22,Giao dịch mua bán,Sales,CUST0036,VEND0002,Asset,IAS 16,Asset,IAS 16
31/12/2022,CT781469,331,642,38161444.31,Giao dịch mua bán,IT,CUST0021,VEND0063,Liability,IAS 37,Liability,IAS 37
31/12/2022,CT422198,112,111,16826378.69,Giao dịch mua bán,Production,CUST0115,VEND0158,Asset,IAS 16,Asset,IAS 16
31/12/2022,CT945843,152,156,26611799.44,Giao dịch mua bán,Sales,CUST0083,VEND0133,Asset,IAS 16,Asset,IAS 16
31/12/2022,CT774155,112,331,35425437.05,Giao dịch mua bán,Finance,CUST0068,VEND0125,Asset,IAS 16,Asset,IAS 16
31/12/2022,CT852398,642,112,40859543.23,Giao dịch mua bán,IT,CUST0063,VEND0090,Expense,IAS 1,Expense,IAS 1
31/12/2022,CT186312,111,112,43271952.77,Giao dịch mua bán,IT,CUST0074,VEND0153,Asset,IAS 16,Asset,IAS 16
31/12/2022,CT249672,156,632,43816700.9,Giao dịch mua bán,IT,CUST0126,VEND0158,Asset,IAS 16,Asset,IAS 16
31/12/2022,CT140853,211,214,49727926.48,Giao dịch mua bán,Sales,CUST0044,VEND0175,Asset,IAS 16,Asset,IAS 16
31/12/2022,CT328334,111,156,31355227.93,Giao dịch mua bán,Sales,CUST0046,VEND0101,Asset,IAS 16,Asset,IAS 16
31/12/2022,CT372022,511,131,48853485.62,Giao dịch mua bán,Production,CUST0191,VEND0146,Revenue,IFRS 15,Revenue,IFRS 15
31/12/2022,CT456866,112,642,489906.42,Giao dịch mua bán,Finance,CUST0133,VEND0087,Asset,IAS 16,Asset,IAS 16
31/12/2022,CT559838,511,642,8146972.31,Giao dịch mua bán,Finance,CUST0118,VEND0029,Revenue,IFRS 15,Revenue,IFRS 15
31/12/2022,CT181389,331,511,17709261.42,Giao dịch mua bán,Finance,CUST0121,VEND0190,Liability,IAS 37,Liability,IAS 37
31/12/2022,CT420990,511,156,34950327.28,Giao dịch mua bán,Production,CUST0061,VEND0075,Revenue,IFRS 15,Revenue,IFRS 15
31/12/2022,CT424437,511,156,43985526.64,Giao dịch mua bán,IT,CUST0021,VEND0084,Revenue,IFRS 15,Revenue,IFRS 15
31/12/2022,CT202951,156,111,46746662.68,Giao dịch mua bán,Finance,CUST0011,VEND0124,Asset,IAS 16,Asset,IAS 16
31/12/2022,CT522411,112,156,28608624.15,Giao dịch mua bán,IT,CUST0059,VEND0152,Asset,IAS 16,Asset,IAS 16
31/12/2022,CT957050,211,642,22621076.8,Giao dịch mua bán,IT,CUST0148,VEND0138,Asset,IAS 16,Asset,IAS 16
31/12/2022,CT591439,331,152,36477537.25,Giao dịch mua bán,IT,CUST0190,VEND0192,Liability,IAS 37,Liability,IAS 37
31/12/2022,CT989468,156,111,17547287.81,Giao dịch mua bán,Production,CUST0066,VEND0076,Asset,IAS 16,Asset,IAS 16
31/12/2022,CT192394,131,112,17048031.15,Giao dịch mua bán,HR,CUST0109,VEND0085,Asset,IAS 16,Asset,IAS 16
31/12/2022,CT938292,214,511,44143155.99,Giao dịch mua bán,IT,CUST0050,VEND0045,Asset,IAS 16,Asset,IAS 16
31/12/2022,CT986587,111,152,24181261.35,Giao dịch mua bán,Finance,CUST0124,VEND0009,Asset,IAS 16,Asset,IAS 16
31/12/2022,CT679003,511,642,46790466.63,Giao dịch mua bán,IT,CUST0036,VEND0056,Revenue,IFRS 15,Revenue,IFRS 15
31/12/2022,CT698027,112,211,19521388.08,Giao dịch mua bán,Finance,CUST0038,VEND0105,Asset,IAS 16,Asset,IAS 16
31/12/2022,CT879513,111,131,1967696.96,Giao dịch mua bán,IT,CUST0158,VEND0045,Asset,IAS 16,Asset,IAS 16
31/12/2022,CT726000,211,642,20556259.26,Giao dịch mua bán,HR,CUST0147,VEND0132,Asset,IAS 16,Asset,IAS 16
31/12/2022,CT676425,152,331,6400079.99,Giao dịch mua bán,Finance,CUST0042,VEND0189,Asset,IAS 16,Asset,IAS 16
31/12/2022,CT281909,152,331,36505274.36,Giao dịch mua bán,Production,CUST0129,VEND0001,Asset,IAS 16,Asset,IAS 16
31/12/2022,CT226566,156,511,31109240.03,Giao dịch mua bán,Finance,CUST0177,VEND0035,Asset,IAS 16,Asset,IAS 16
31/12/2022,CT293861,156,152,6236400.1,Giao dịch mua bán,HR,CUST0180,VEND0023,Asset,IAS 16,Asset,IAS 16
31/12/2022,CT436303,642,211,22248523.09,Giao dịch mua bán,Production,CUST0019,VEND0157,Expense,IAS 1,Expense,IAS 1
31/12/2022,CT016907,111,112,1495449.82,Giao dịch mua bán,Production,CUST0127,VEND0006,Asset,IAS 16,Asset,IAS 16
31/12/2022,CT101734,214,214,34369930.09,Giao dịch mua bán,IT,CUST0184,VEND0045,Asset,IAS 16,Asset,IAS 16
31/12/2022,CT451211,152,211,42176469.72,Giao dịch mua bán,Finance,CUST0048,VEND0168,Asset,IAS 16,Asset,IAS 16
31/12/2022,CT769328,511,642,32278563.53,Giao dịch mua bán,HR,CUST0163,VEND0189,Revenue,IFRS 15,Revenue,IFRS 15
31/12/2022,CT285921,642,152,1686776.7,Giao dịch mua bán,Production,CUST0034,VEND0006,Expense,IAS 1,Expense,IAS 1
31/12/2022,CT629441,632,511,23418963.03,Giao dịch mua bán,Sales,CUST0176,VEND0182,Expense,IAS 1,Expense,IAS 1
31/12/2022,CT175122,632,214,24951257.5,Giao dịch mua bán,HR,CUST0199,VEND0161,Expense,IAS 1,Expense,IAS 1
31/12/2022,CT160600,642,211,48928831.99,Giao dịch mua bán,Finance,CUST0082,VEND0066,Expense,IAS 1,Expense,IAS 1
31/12/2022,CT042852,156,211,17216501.4,Giao dịch mua bán,Sales,CUST0028,VEND0051,Asset,IAS 16,Asset,IAS 16
31/12/2022,CT956758,152,211,45753337,Giao dịch mua bán,Sales,CUST0030,VEND0178,Asset,IAS 16,Asset,IAS 16
31/12/2022,CT174053,111,642,8737029.96,Giao dịch mua bán,Production,CUST0153,VEND0083,Asset,IAS 16,Asset,IAS 16
31/12/2022,CT958575,152,632,40783688.91,Giao dịch mua bán,IT,CUST0089,VEND0130,Asset,IAS 16,Asset,IAS 16
31/12/2022,CT576523,211,331,27824912.49,Giao dịch mua bán,Sales,CUST0087,VEND0152,Asset,IAS 16,Asset,IAS 16
31/12/2022,CT858804,111,131,28447168.5,Giao dịch mua bán,Finance,CUST0034,VEND0033,Asset,IAS 16,Asset,IAS 16
31/12/2022,CT570387,511,214,37927422.11,Giao dịch mua bán,Sales,CUST0179,VEND0056,Revenue,IFRS 15,Revenue,IFRS 15
31/12/2022,CT720366,131,211,15285889.94,Giao dịch mua bán,IT,CUST0189,VEND0006,Asset,IAS 16,Asset,IAS 16
31/12/2022,CT654083,331,214,43832957.96,Giao dịch mua bán,HR,CUST0003,VEND0031,Liability,IAS 37,Liability,IAS 37
31/12/2022,CT332672,131,111,21538522.56,Giao dịch mua bán,HR,CUST0165,VEND0051,Asset,IAS 16,Asset,IAS 16
31/12/2022,CT011860,112,642,45401319.84,Giao dịch mua bán,IT,CUST0200,VEND0094,Asset,IAS 16,Asset,IAS 16
31/12/2022,CT016750,156,211,14709525.84,Giao dịch mua bán,IT,CUST0143,VEND0197,Asset,IAS 16,Asset,IAS 16
31/12/2022,CT491678,131,331,48382025.78,Giao dịch mua bán,Finance,CUST0183,VEND0075,Asset,IAS 16,Asset,IAS 16
31/12/2022,CT498293,111,111,20952075.67,Giao dịch mua bán,Finance,CUST0077,VEND0137,Asset,IAS 16,Asset,IAS 16
31/12/2022,CT169023,131,131,25811195.62,Giao dịch mua bán,HR,CUST0169,VEND0091,Asset,IAS 16,Asset,IAS 16
31/12/2022,CT868711,214,331,27124738.21,Giao dịch mua bán,IT,CUST0025,VEND0015,Asset,IAS 16,Asset,IAS 16
31/12/2022,CT217847,152,131,3297730.47,Giao dịch mua bán,Production,CUST0198,VEND0065,Asset,IAS 16,Asset,IAS 16
31/12/2022,CT216149,331,214,5135855.19,Giao dịch mua bán,Sales,CUST0066,VEND0187,Liability,IAS 37,Liability,IAS 37
31/12/2022,CT249901,214,331,18902760.53,Giao dịch mua bán,HR,CUST0081,VEND0108,Asset,IAS 16,Asset,IAS 16
31/12/2022,CT063837,214,331,10813016.86,Giao dịch mua bán,HR,CUST0036,VEND0101,Asset,IAS 16,Asset,IAS 16
31/12/2022,CT274250,111,112,27789248.03,Giao dịch mua bán,Production,CUST0188,VEND0010,Asset,IAS 16,Asset,IAS 16
31/12/2022,CT222281,632,642,17115148.14,Giao dịch mua bán,IT,CUST0122,VEND0123,Expense,IAS 1,Expense,IAS 1
31/12/2022,CT815709,214,131,42968424.95,Giao dịch mua bán,Production,CUST0142,VEND0160,Asset,IAS 16,Asset,IAS 16
31/12/2022,CT706956,511,156,14208672.58,Giao dịch mua bán,Sales,CUST0097,VEND0020,Revenue,IFRS 15,Revenue,IFRS 15
31/12/2022,CT392304,214,642,25838854.3,Giao dịch mua bán,Finance,CUST0097,VEND0184,Asset,IAS 16,Asset,IAS 16
31/12/2022,CT977595,112,511,40239009.03,Giao dịch mua bán,Production,CUST0159,VEND0174,Asset,IAS 16,Asset,IAS 16
31/12/2022,CT163160,131,214,39413670.66,Giao dịch mua bán,Sales,CUST0110,VEND0098,Asset,IAS 16,Asset,IAS 16
31/12/2022,CT434178,112,632,31798153.67,Giao dịch mua bán,Finance,CUST0003,VEND0182,Asset,IAS 16,Asset,IAS 16
31/12/2022,CT071755,214,156,14344976.99,Giao dịch mua bán,Finance,CUST0143,VEND0156,Asset,IAS 16,Asset,IAS 16
31/12/2022,CT186572,211,111,30047476.44,Giao dịch mua bán,Finance,CUST0030,VEND0182,Asset,IAS 16,Asset,IAS 16
31/12/2022,CT866676,642,112,30901501.01,Giao dịch mua bán,Sales,CUST0195,VEND0184,Expense,IAS 1,Expense,IAS 1
31/12/2022,CT081427,511,156,38666538.83,Giao dịch mua bán,Finance,CUST0172,VEND0160,Revenue,IFRS 15,Revenue,IFRS 15
31/12/2022,CT206057,211,111,36477830.44,Giao dịch mua bán,Sales,CUST0059,VEND0114,Asset,IAS 16,Asset,IAS 16
31/12/2022,CT625512,642,112,21459914.97,Giao dịch mua bán,Sales,CUST0009,VEND0188,Expense,IAS 1,Expense,IAS 1
31/12/2022,CT868516,152,131,44715497.24,Giao dịch mua bán,IT,CUST0034,VEND0073,Asset,IAS 16,Asset,IAS 16
31/12/2022,CT118018,331,112,40885781.18,Giao dịch mua bán,HR,CUST0143,VEND0103,Liability,IAS 37,Liability,IAS 37
31/12/2022,CT915972,112,131,12304231.84,Giao dịch mua bán,HR,CUST0049,VEND0126,Asset,IAS 16,Asset,IAS 16
31/12/2022,CT867162,642,214,43320663.75,Giao dịch mua bán,IT,CUST0197,VEND0067,Expense,IAS 1,Expense,IAS 1
31/12/2022,CT135341,632,511,22756859.06,Giao dịch mua bán,Sales,CUST0043,VEND0099,Expense,IAS 1,Expense,IAS 1
31/12/2022,CT657433,131,111,18853709.89,Giao dịch mua bán,Finance,CUST0107,VEND0071,Asset,IAS 16,Asset,IAS 16
31/12/2022,CT757953,156,511,48892079.46,Giao dịch mua bán,Sales,CUST0191,VEND0040,Asset,IAS 16,Asset,IAS 16
31/12/2022,CT274039,632,331,13202153.29,Giao dịch mua bán,Production,CUST0053,VEND0047,Expense,IAS 1,Expense,IAS 1
31/12/2022,CT649739,152,331,24948495.35,Giao dịch mua bán,IT,CUST0018,VEND0069,Asset,IAS 16,Asset,IAS 16
31/12/2022,CT087827,111,131,45771426.37,Giao dịch mua bán,HR,CUST0035,VEND0158,Asset,IAS 16,Asset,IAS 16
31/12/2022,CT222935,214,112,12805317.29,Giao dịch mua bán,HR,CUST0077,VEND0063,Asset,IAS 16,Asset,IAS 16
31/12/2022,CT271174,152,511,25067517.83,Giao dịch mua bán,HR,CUST0119,VEND0026,Asset,IAS 16,Asset,IAS 16
31/12/2022,CT750494,642,511,19847045.86,Giao dịch mua bán,HR,CUST0045,VEND0119,Expense,IAS 1,Expense,IAS 1
31/12/2022,CT996547,642,156,47138962.01,Giao dịch mua bán,Sales,CUST0105,VEND0005,Expense,IAS 1,Expense,IAS 1
31/12/2022,CT475062,152,131,40124162.25,Giao dịch mua bán,Sales,CUST0088,VEND0123,Asset,IAS 16,Asset,IAS 16
31/12/2022,CT611300,152,632,7696340.09,Giao dịch mua bán,Production,CUST0030,VEND0118,Asset,IAS 16,Asset,IAS 16
31/12/2022,CT682882,111,331,36973677.06,Giao dịch mua bán,Production,CUST0084,VEND0126,Asset,IAS 16,Asset,IAS 16
31/12/2022,CT130622,632,214,28958424.59,Giao dịch mua bán,Sales,CUST0051,VEND0062,Expense,IAS 1,Expense,IAS 1
31/12/2022,CT408987,642,211,33315579.56,Giao dịch mua bán,Sales,CUST0054,VEND0055,Expense,IAS 1,Expense,IAS 1
31/12/2022,CT763940,111,511,775992.06,Giao dịch mua bán,Sales,CUST0113,VEND0149,Asset,IAS 16,Asset,IAS 16
31/12/2022,CT944703,511,131,2958025.8,Giao dịch mua bán,HR,CUST0151,VEND0159,Revenue,IFRS 15,Revenue,IFRS 15
31/12/2022,CT068114,331,331,49711530.76,Giao dịch mua bán,Production,CUST0156,VEND0118,Liability,IAS 37,Liability,IAS 37
31/12/2022,CT917721,214,156,14948914.42,Giao dịch mua bán,IT,CUST0123,VEND0089,Asset,IAS 16,Asset,IAS 16
31/12/2022,CT061429,214,511,47534353.38,Giao dịch mua bán,Production,CUST0129,VEND0101,Asset,IAS 16,Asset,IAS 16
31/12/2022,CT584000,156,632,30747120.66đ,Giao dịch mua bán,Production,CUST0121,VEND0185,Asset,IAS 16,Asset,IAS 16
31/12/2022,CT534899,214,156,36780496.33,Giao dịch mua bán,Production,CUST0144,VEND0109,Asset,IAS 16,Asset,IAS 16
31/12/2022,CT654803,152,211,31866567.75,Giao dịch mua bán,Finance,CUST0051,VEND0160,Asset,IAS 16,Asset,IAS 16
31/12/2022,CT232923,511,214,13331663.94,Giao dịch mua bán,IT,CUST0037,VEND0078,Revenue,IFRS 15,Revenue,IFRS 15
31/12/2022,CT717739,214,331,40852182.21,Giao dịch mua bán,HR,CUST0094,VEND0068,Asset,IAS 16,Asset,IAS 16
31/12/2022,CT293650,211,331,2566733.39,Giao dịch mua bán,IT,CUST0127,VEND0175,Asset,IAS 16,Asset,IAS 16
31/12/2022,CT642455,152,211,731305.63,Giao dịch mua bán,Production,CUST0098,VEND0112,Asset,IAS 16,Asset,IAS 16
31/12/2022,CT704131,642,214,49872156.73,Giao dịch mua bán,HR,CUST0009,VEND0085,Expense,IAS 1,Expense,IAS 1
31/12/2022,CT797095,131,214,29017218.79,Giao dịch mua bán,Sales,CUST0110,VEND0131,Asset,IAS 16,Asset,IAS 16
31/12/2022,CT532829,511,156,21193317.97,Giao dịch mua bán,Sales,CUST0080,VEND0103,Revenue,IFRS 15,Revenue,IFRS 15
31/12/2022,CT049522,156,111,47215117.31,Giao dịch mua bán,IT,CUST0010,VEND0142,Asset,IAS 16,Asset,IAS 16
31/12/2022,CT890685,111,632,29779753.97,Giao dịch mua bán,IT,CUST0071,VEND0195,Asset,IAS 16,Asset,IAS 16
31/12/2022,CT858027,331,632,38153928.28,Giao dịch mua bán,Sales,CUST0091,VEND0035,Liability,IAS 37,Liability,IAS 37
31/12/2022,CT781370,111,214,47512129.82,Giao dịch mua bán,Production,CUST0056,VEND0181,Asset,IAS 16,Asset,IAS 16
31/12/2022,CT136990,642,211,49888307.66,Giao dịch mua bán,HR,CUST0033,VEND0084,Expense,IAS 1,Expense,IAS 1
31/12/2022,CT754598,511,152,35181265.63,Giao dịch mua bán,Production,CUST0184,VEND0086,Revenue,IFRS 15,Revenue,IFRS 15
31/12/2022,CT878408,331,111,30472414.05,Giao dịch mua bán,Finance,CUST0012,VEND0021,Liability,IAS 37,Liability,IAS 37
31/12/2022,CT298965,112,111,603465.22,Giao dịch mua bán,Finance,CUST0097,VEND0049,Asset,IAS 16,Asset,IAS 16
31/12/2022,CT843541,632,156,39485637.01,Giao dịch mua bán,Sales,CUST0097,VEND0071,Expense,IAS 1,Expense,IAS 1
31/12/2022,CT566823,214,511,21346940.31,Giao dịch mua bán,Production,CUST0087,VEND0088,Asset,IAS 16,Asset,IAS 16
31/12/2022,CT952792,642,131,11129002.46,Giao dịch mua bán,Finance,CUST0075,VEND0126,Expense,IAS 1,Expense,IAS 1
31/12/2022,CT505955,642,156,41503640.73,Giao dịch mua bán,IT,CUST0082,VEND0091,Expense,IAS 1,Expense,IAS 1
31/12/2022,CT156813,211,156,23456900.61,Giao dịch mua bán,Finance,CUST0048,VEND0031,Asset,IAS 16,Asset,IAS 16
31/12/2022,CT084583,112,331,253006.93,Giao dịch mua bán,Finance,CUST0021,VEND0023,Asset,IAS 16,Asset,IAS 16
31/12/2022,CT997675,331,111,39936485.87,Giao dịch mua bán,Sales,CUST0043,VEND0139,Liability,IAS 37,Liability,IAS 37
31/12/2022,CT383487,214,112,29186957.51,Giao dịch mua bán,Sales,CUST0001,VEND0089,Asset,IAS 16,Asset,IAS 16
31/12/2022,CT589553,111,152,24945646.41,Giao dịch mua bán,IT,CUST0015,VEND0144,Asset,IAS 16,Asset,IAS 16
31/12/2022,CT778349,111,331,24853385.27,Giao dịch mua bán,Production,CUST0046,VEND0142,Asset,IAS 16,Asset,IAS 16
31/12/2022,CT800471,511,131,25312305.99,Giao dịch mua bán,Production,CUST0043,VEND0087,Revenue,IFRS 15,Revenue,IFRS 15
31/12/2022,CT392784,111,632,38735817,Giao dịch mua bán,Sales,CUST0057,VEND0088,Asset,IAS 16,Asset,IAS 16
31/12/2022,CT970116,156,152,13950881.1,Giao dịch mua bán,IT,CUST0152,VEND0048,Asset,IAS 16,Asset,IAS 16
31/12/2022,CT133401,214,131,45432467.5,Giao dịch mua bán,Sales,CUST0105,VEND0190,Asset,IAS 16,Asset,IAS 16
31/12/2022,CT246885,331,632,47740926.24,Giao dịch mua bán,Sales,CUST0040,VEND0154,Liability,IAS 37,Liability,IAS 37
31/12/2022,CT132582,331,632,38052921.75,Giao dịch mua bán,Finance,CUST0045,VEND0098,Liability,IAS 37,Liability,IAS 37
31/12/2022,CT816777,131,156,9112632.55,Giao dịch mua bán,Finance,CUST0170,VEND0128,Asset,IAS 16,Asset,IAS 16
31/12/2022,CT267202,112,156,20317502.34,Giao dịch mua bán,IT,CUST0123,VEND0034,Asset,IAS 16,Asset,IAS 16
31/12/2022,CT281288,331,156,45165851.11,Giao dịch mua bán,HR,CUST0165,VEND0118,Liability,IAS 37,Liability,IAS 37
31/12/2022,CT490817,642,211,14334695.02,Giao dịch mua bán,HR,CUST0199,VEND0093,Expense,IAS 1,Expense,IAS 1
31/12/2022,CT801865,331,214,1277360.47,Giao dịch mua bán,Production,CUST0105,VEND0197,Liability,IAS 37,Liability,IAS 37
31/12/2022,DUPLICATE,152,214,25946706.03,Giao dịch mua bán,Sales,CUST0159,VEND0111,Asset,IAS 16,Asset,IAS 16
31/12/2022,CT797889,152,131,1101368.83,Giao dịch mua bán,IT,CUST0066,VEND0012,Asset,IAS 16,Asset,IAS 16
31/12/2022,CT494527,111,131,5281478.82,Giao dịch mua bán,HR,CUST0046,VEND0118,Asset,IAS 16,Asset,IAS 16
31/12/2022,CT669848,214,331,48573478.42,Giao dịch mua bán,Production,CUST0012,VEND0023,Asset,IAS 16,Asset,IAS 16
31/12/2022,CT750655,131,642,40527402.29,Giao dịch mua bán,Finance,CUST0087,VEND0170,Asset,IAS 16,Asset,IAS 16
11/09/2024,CT687411,214,632,23850549.33,Giao dịch mua bán,IT,CUST0122,VEND0165,Asset,IAS 16,Asset,IAS 16
26/04/2024,CT438715,511,131,17524820.28,Giao dịch mua bán,HR,CUST0030,VEND0135,Revenue,IFRS 15,Revenue,IFRS 15
20/03/2024,CT140844,331,156,11086260.11,Giao dịch mua bán,HR,CUST0068,VEND0056,Liability,IAS 37,Liability,IAS 37
19/04/2024,CT402003,211,111,179221.1,Giao dịch mua bán,Finance,CUST0032,VEND0066,Asset,IAS 16,Asset,IAS 16
03/07/2024,CT993179,632,211,39269774.58,Giao dịch mua bán,Finance,CUST0014,VEND0103,Expense,IAS 1,Expense,IAS 1
23/05/2024,CT767663,152,511,34020483.74đ,Giao dịch mua bán,HR,CUST0121,VEND0117,Asset,IAS 16,Asset,IAS 16
09/02/2024,CT955715,214,211,12698555.32,Giao dịch mua bán,Finance,CUST0138,VEND0121,Asset,IAS 16,Asset,IAS 16
30/08/2024,CT163004,152,156,32253584.7,Giao dịch mua bán,IT,CUST0140,VEND0083,Asset,IAS 16,Asset,IAS 16
28/02/2024,CT397070,131,211,37054440.5,Giao dịch mua bán,Finance,CUST0187,VEND0128,Asset,IAS 16,Asset,IAS 16
20/09/2024,CT317036,152,131,45615256.94,Giao dịch mua bán,IT,CUST0087,VEND0098,Asset,IAS 16,Asset,IAS 16
12/01/2024,CT899729,131,131,48183199.25,Giao dịch mua bán,Production,CUST0037,VEND0117,Asset,IAS 16,Asset,IAS 16
12/01/2024,CT564056,511,211,16266354.68,Giao dịch mua bán,IT,CUST0042,VEND0158,Revenue,IFRS 15,Revenue,IFRS 15
19/12/2024,CT516912,511,511,42691612.3,Giao dịch mua bán,Finance,CUST0153,VEND0064,Revenue,IFRS 15,Revenue,IFRS 15
12/12/2024,CT023540,156,214,28320873.5,Giao dịch mua bán,Sales,CUST0121,VEND0031,Asset,IAS 16,Asset,IAS 16
15/05/2024,CT892860,152,632,23029078.97,Giao dịch mua bán,IT,CUST0139,VEND0148,Asset,IAS 16,Asset,IAS 16
29/11/2024,CT015432,156,511,23506059.24,Giao dịch mua bán,HR,CUST0163,VEND0056,Asset,IAS 16,Asset,IAS 16
24/12/2024,CT504746,511,131,16545809.11,Giao dịch mua bán,Sales,CUST0167,VEND0082,Revenue,IFRS 15,Revenue,IFRS 15
23/02/2024,CT887467,642,156,25366446.65,Giao dịch mua bán,Sales,CUST0089,VEND0106,Expense,IAS 1,Expense,IAS 1
16/05/2024,CT616141,331,511,45034383.3,Giao dịch mua bán,Sales,CUST0174,VEND0051,Liability,IAS 37,Liability,IAS 37
26/03/2024,CT734513,642,211,41416426.69,Giao dịch mua bán,Production,CUST0132,VEND0142,Expense,IAS 1,Expense,IAS 1
10/01/2024,CT122158,156,112,4975851.04,Giao dịch mua bán,HR,CUST0023,VEND0166,Asset,IAS 16,Asset,IAS 16
30/10/2024,CT116399,152,331,29628387.07,Giao dịch mua bán,HR,CUST0107,VEND0023,Asset,IAS 16,Asset,IAS 16
17/09/2024,CT161898,152,152,14130394.12,Giao dịch mua bán,Production,CUST0008,VEND0082,Asset,IAS 16,Asset,IAS 16
28/05/2024,CT787984,214,511,19935193.44,Giao dịch mua bán,HR,CUST0069,VEND0117,Asset,IAS 16,Asset,IAS 16
31/10/2024,CT083521,152,331,3931131.09,Giao dịch mua bán,Finance,CUST0104,VEND0084,Asset,IAS 16,Asset,IAS 16
15/08/2024,CT710613,211,642,27414208.92,Giao dịch mua bán,Finance,CUST0014,VEND0016,Asset,IAS 16,Asset,IAS 16
28/04/2024,CT701494,112,131,20725907.59,Giao dịch mua bán,HR,CUST0004,VEND0070,Asset,IAS 16,Asset,IAS 16
31/03/2024,CT151281,214,111,18769877.5,Giao dịch mua bán,Production,CUST0123,VEND0137,Asset,IAS 16,Asset,IAS 16
20/02/2024,CT099790,211,632,7445024.58,Giao dịch mua bán,Finance,CUST0181,VEND0051,Asset,IAS 16,Asset,IAS 16
06/11/2024,CT597806,112,331,7172815.75,Giao dịch mua bán,Sales,CUST0055,VEND0068,Asset,IAS 16,Asset,IAS 16
08/01/2024,CT773106,111,152,8759719.09,Giao dịch mua bán,IT,CUST0044,VEND0054,Asset,IAS 16,Asset,IAS 16
30/06/2024,CT782519,112,511,8867361.75,Giao dịch mua bán,HR,CUST0037,VEND0184,Asset,IAS 16,Asset,IAS 16
04/08/2024,CT942566,211,214,13263098.16,Giao dịch mua bán,Sales,CUST0181,VEND0048,Asset,IAS 16,Asset,IAS 16
28/07/2024,CT767172,214,642,37108194.58,Giao dịch mua bán,Production,CUST0025,VEND0094,Asset,IAS 16,Asset,IAS 16
24/03/2024,CT427641,642,211,5874492.74,Giao dịch mua bán,HR,CUST0188,VEND0017,Expense,IAS 1,Expense,IAS 1
17/07/2024,CT216972,214,156,29729619.6,Giao dịch mua bán,IT,CUST0173,VEND0128,Asset,IAS 16,Asset,IAS 16
21/10/2024,CT165234,642,111,9406966.44,Giao dịch mua bán,IT,CUST0114,VEND0018,Expense,IAS 1,Expense,IAS 1
14/03/2024,CT854494,331,211,32161419.7,Giao dịch mua bán,Finance,CUST0174,VEND0137,Liability,IAS 37,Liability,IAS 37
28/08/2024,CT837114,642,112,10925856.24,Giao dịch mua bán,Finance,CUST0189,VEND0056,Expense,IAS 1,Expense,IAS 1
08/11/2024,CT161867,152,152,41021864.03,Giao dịch mua bán,HR,CUST0143,VEND0197,Asset,IAS 16,Asset,IAS 16
09/07/2024,CT015867,632,152,38142337.51,Giao dịch mua bán,Production,CUST0001,VEND0192,Expense,IAS 1,Expense,IAS 1
13/07/2024,CT362133,152,156,44350551.84,Giao dịch mua bán,HR,CUST0136,VEND0067,Asset,IAS 16,Asset,IAS 16
04/07/2024,CT831869,131,211,38498653.74,Giao dịch mua bán,Sales,CUST0020,VEND0140,Asset,IAS 16,Asset,IAS 16
21/08/2024,CT016381,511,331,39235303.91,Giao dịch mua bán,Sales,CUST0175,VEND0012,Revenue,IFRS 15,Revenue,IFRS 15
02/05/2024,CT408420,214,642,35861714.61,Giao dịch mua bán,Sales,CUST0180,VEND0006,Asset,IAS 16,Asset,IAS 16
04/02/2024,CT037887,511,152,31854385.45,Giao dịch mua bán,HR,CUST0051,VEND0167,Revenue,IFRS 15,Revenue,IFRS 15
03/04/2024,CT108014,211,211,18555337.82,Giao dịch mua bán,Finance,CUST0061,VEND0051,Asset,IAS 16,Asset,IAS 16
23/07/2024,CT499952,131,152,30059828.24,Giao dịch mua bán,Production,CUST0183,VEND0040,Asset,IAS 16,Asset,IAS 16
26/03/2024,CT919973,131,211,27706314.6,Giao dịch mua bán,Sales,CUST0042,VEND0198,Asset,IAS 16,Asset,IAS 16
01/07/2024,CT828541,131,156,36994331.69,Giao dịch mua bán,Production,CUST0003,VEND0094,Asset,IAS 16,Asset,IAS 16
17/02/2024,CT889491,112,331,35836990.49,Giao dịch mua bán,IT,CUST0165,VEND0009,Asset,IAS 16,Asset,IAS 16
10/06/2024,CT503056,632,111,37941793.28,Giao dịch mua bán,HR,CUST0004,VEND0173,Expense,IAS 1,Expense,IAS 1
06/06/2024,CT384776,111,642,35232555.31,Giao dịch mua bán,Sales,CUST0010,VEND0149,Asset,IAS 16,Asset,IAS 16
04/06/2024,CT477468,642,156,49297191.6,Giao dịch mua bán,Finance,CUST0034,VEND0175,Expense,IAS 1,Expense,IAS 1
27/09/2024,CT611680,112,642,3673833.29,Giao dịch mua bán,HR,CUST0171,VEND0073,Asset,IAS 16,Asset,IAS 16
23/01/2024,CT898103,632,642,44229413.93,Giao dịch mua bán,Production,CUST0091,VEND0062,Expense,IAS 1,Expense,IAS 1
11/11/2024,CT972537,211,152,6988205.85,Giao dịch mua bán,Finance,CUST0170,VEND0048,Asset,IAS 16,Asset,IAS 16
06/07/2024,CT397250,642,214,42598289.12,Giao dịch mua bán,Sales,CUST0044,VEND0109,Expense,IAS 1,Expense,IAS 1
04/05/2024,CT161539,214,156,17449148.25,Giao dịch mua bán,HR,CUST0194,VEND0153,Asset,IAS 16,Asset,IAS 16
26/09/2024,CT599946,111,131,37263804.84,Giao dịch mua bán,Sales,CUST0053,VEND0155,Asset,IAS 16,Asset,IAS 16
17/10/2024,CT171826,152,331,19553230.13,Giao dịch mua bán,HR,CUST0179,VEND0197,Asset,IAS 16,Asset,IAS 16
11/11/2024,CT112644,156,331,49947387.62,Giao dịch mua bán,HR,CUST0081,VEND0018,Asset,IAS 16,Asset,IAS 16
28/09/2024,CT011395,112,112,5457435.43,Giao dịch mua bán,IT,CUST0132,VEND0154,Asset,IAS 16,Asset,IAS 16
30/04/2024,CT361776,214,632,34422633.92,Giao dịch mua bán,Finance,CUST0132,VEND0127,Asset,IAS 16,Asset,IAS 16
09/12/2024,CT823697,211,156,21327032.96,Giao dịch mua bán,IT,CUST0104,VEND0133,Asset,IAS 16,Asset,IAS 16
25/05/2024,CT047280,152,632,32077691.05đ,Giao dịch mua bán,Sales,CUST0082,VEND0125,Asset,IAS 16,Asset,IAS 16
09/11/2024,CT037806,112,112,38477944.52,Giao dịch mua bán,HR,CUST0130,VEND0025,Asset,IAS 16,Asset,IAS 16
27/06/2024,CT177744,131,111,34142469.25,Giao dịch mua bán,HR,CUST0015,VEND0040,Asset,IAS 16,Asset,IAS 16
07/06/2024,CT839380,131,152,45669017.56,Giao dịch mua bán,IT,CUST0054,VEND0156,Asset,IAS 16,Asset,IAS 16
02/08/2024,CT708100,211,131,45660640.86,Giao dịch mua bán,Finance,CUST0061,VEND0009,Asset,IAS 16,Asset,IAS 16
16/08/2024,CT534646,152,156,44299885.06,Giao dịch mua bán,IT,CUST0011,VEND0195,Asset,IAS 16,Asset,IAS 16
10/08/2024,CT837317,156,211,23004948.16,Giao dịch mua bán,Production,CUST0127,VEND0028,Asset,IAS 16,Asset,IAS 16
03/11/2024,CT984511,214,211,28638577.91đ,Giao dịch mua bán,IT,CUST0069,VEND0143,Asset,IAS 16,Asset,IAS 16
25/02/2024,CT199154,112,642,49021549.17,Giao dịch mua bán,IT,CUST0108,VEND0049,Asset,IAS 16,Asset,IAS 16
26/09/2024,CT596398,642,642,5006918.44,Giao dịch mua bán,Finance,CUST0176,VEND0116,Expense,IAS 1,Expense,IAS 1
08/10/2024,CT686535,111,112,7404289.85,Giao dịch mua bán,IT,CUST0153,VEND0121,Asset,IAS 16,Asset,IAS 16
10/08/2024,CT805067,331,511,38030581.53,Giao dịch mua bán,Sales,CUST0133,VEND0012,Liability,IAS 37,Liability,IAS 37
16/02/2024,CT788327,211,331,6183948.4,Giao dịch mua bán,IT,CUST0093,VEND0115,Asset,IAS 16,Asset,IAS 16
13/11/2024,CT487926,214,111,42726917.24,Giao dịch mua bán,Sales,CUST0178,VEND0107,Asset,IAS 16,Asset,IAS 16
17/12/2024,CT505534,642,211,26630483.14,Giao dịch mua bán,Production,CUST0171,VEND0195,Expense,IAS 1,Expense,IAS 1
27/09/2024,CT792182,156,152,39478531.52,Giao dịch mua bán,Production,CUST0086,VEND0028,Asset,IAS 16,Asset,IAS 16
25/01/2024,CT233434,131,632,29933768.42,Giao dịch mua bán,Sales,CUST0065,VEND0046,Asset,IAS 16,Asset,IAS 16
25/06/2024,CT721841,642,214,2342943.07,Giao dịch mua bán,Production,CUST0062,VEND0065,Expense,IAS 1,Expense,IAS 1
02/03/2024,CT850515,331,156,32330710.58,Giao dịch mua bán,Finance,CUST0181,VEND0089,Liability,IAS 37,Liability,IAS 37
30/06/2024,CT650327,632,112,28045553.38,Giao dịch mua bán,Production,CUST0024,VEND0141,Expense,IAS 1,Expense,IAS 1
01/10/2024,CT870397,331,632,3458050.94,Giao dịch mua bán,HR,CUST0068,VEND0164,Liability,IAS 37,Liability,IAS 37
11/05/2024,CT799925,511,112,47069581.12,Giao dịch mua bán,Production,CUST0182,VEND0013,Revenue,IFRS 15,Revenue,IFRS 15
11/04/2024,CT964921,112,331,5840005.58,Giao dịch mua bán,IT,CUST0089,VEND0031,Asset,IAS 16,Asset,IAS 16
30/06/2024,CT550058,642,632,40365417.91đ,Giao dịch mua bán,IT,CUST0082,VEND0196,Expense,IAS 1,Expense,IAS 1
29/04/2024,CT897804,642,111,11898446.34,Giao dịch mua bán,Finance,CUST0100,VEND0043,Expense,IAS 1,Expense,IAS 1
16/01/2024,CT427669,112,214,22193051.6,Giao dịch mua bán,Production,CUST0047,VEND0150,Asset,IAS 16,Asset,IAS 16
18/06/2024,CT025120,511,131,27839364.82,Giao dịch mua bán,IT,CUST0151,VEND0036,Revenue,IFRS 15,Revenue,IFRS 15
26/04/2024,CT776181,511,156,38797285.63,Giao dịch mua bán,IT,CUST0118,VEND0094,Revenue,IFRS 15,Revenue,IFRS 15
20/06/2024,CT971425,642,131,22612276.29,Giao dịch mua bán,Production,CUST0017,VEND0057,Expense,IAS 1,Expense,IAS 1
11/01/2024,CT337711,331,112,42948128.07,Giao dịch mua bán,IT,CUST0032,VEND0054,Liability,IAS 37,Liability,IAS 37
22/02/2024,CT394036,131,131,5503778.04,Giao dịch mua bán,Production,CUST0190,VEND0125,Asset,IAS 16,Asset,IAS 16
09/02/2024,CT010651,152,331,17765194.53,Giao dịch mua bán,Finance,CUST0139,VEND0007,Asset,IAS 16,Asset,IAS 16
14/05/2024,CT614706,111,214,17864865.7,Giao dịch mua bán,HR,CUST0182,VEND0097,Asset,IAS 16,Asset,IAS 16
13/12/2024,CT134853,152,331,18272713.39,Giao dịch mua bán,Sales,CUST0189,VEND0185,Asset,IAS 16,Asset,IAS 16
18/10/2024,CT154622,211,211,18553589.95,Giao dịch mua bán,Finance,CUST0154,VEND0057,Asset,IAS 16,Asset,IAS 16
18/03/2024,CT576189,156,331,7019402.78,Giao dịch mua bán,Sales,CUST0116,VEND0179,Asset,IAS 16,Asset,IAS 16
30/12/2024,DUPLICATE,632,111,8078955.13,Giao dịch mua bán,HR,CUST0159,VEND0116,Expense,IAS 1,Expense,IAS 1
08/08/2024,CT692660,632,632,11084798.84,Giao dịch mua bán,Sales,CUST0174,VEND0180,Expense,IAS 1,Expense,IAS 1
25/09/2024,CT463171,112,331,20808371.65,Giao dịch mua bán,HR,CUST0123,VEND0200,Asset,IAS 16,Asset,IAS 16
16/03/2024,CT116683,642,112,2823864.18,Giao dịch mua bán,Sales,CUST0005,VEND0114,Expense,IAS 1,Expense,IAS 1
23/04/2024,CT444023,131,511,15844325.38,Giao dịch mua bán,HR,CUST0121,VEND0164,Asset,IAS 16,Asset,IAS 16
21/12/2024,CT060474,642,112,37515840.4,Giao dịch mua bán,Sales,CUST0008,VEND0010,Expense,IAS 1,Expense,IAS 1
20/04/2024,CT578576,111,111,14839771.43,Giao dịch mua bán,HR,CUST0151,VEND0138,Asset,IAS 16,Asset,IAS 16
12/02/2024,CT442619,156,156,24585780.83,Giao dịch mua bán,IT,CUST0084,VEND0140,Asset,IAS 16,Asset,IAS 16
20/04/2024,CT429944,131,214,6072255.77,Giao dịch mua bán,IT,CUST0194,VEND0049,Asset,IAS 16,Asset,IAS 16
19/04/2024,CT191690,112,131,27878170.73,Giao dịch mua bán,Finance,CUST0134,VEND0153,Asset,IAS 16,Asset,IAS 16
04/02/2024,CT840163,642,111,10357768.23,Giao dịch mua bán,Production,CUST0014,VEND0030,Expense,IAS 1,Expense,IAS 1
22/08/2024,CT570167,632,112,26649125.6,Giao dịch mua bán,Sales,CUST0103,VEND0104,Expense,IAS 1,Expense,IAS 1
31/10/2024,CT702473,152,214,49970943.3,Giao dịch mua bán,IT,CUST0121,VEND0127,Asset,IAS 16,Asset,IAS 16
30/03/2024,CT901583,211,112,2291177.67đ,Giao dịch mua bán,Production,CUST0043,VEND0050,Asset,IAS 16,Asset,IAS 16
02/09/2024,CT539270,156,214,36085357.41,Giao dịch mua bán,Production,CUST0118,VEND0183,Asset,IAS 16,Asset,IAS 16
04/08/2024,CT095193,156,632,22538049.66,Giao dịch mua bán,Sales,CUST0044,VEND0166,Asset,IAS 16,Asset,IAS 16
27/01/2024,CT128225,152,331,24222485.27,Giao dịch mua bán,Sales,CUST0174,VEND0024,Asset,IAS 16,Asset,IAS 16
14/12/2024,CT467212,211,112,11262352.01,Giao dịch mua bán,Production,CUST0103,VEND0134,Asset,IAS 16,Asset,IAS 16
29/11/2024,CT463520,632,156,42731752.9,Giao dịch mua bán,Production,CUST0062,VEND0130,Expense,IAS 1,Expense,IAS 1
23/11/2024,CT183660,111,331,12614274.26,Giao dịch mua bán,IT,CUST0009,VEND0089,Asset,IAS 16,Asset,IAS 16
08/08/2024,CT684174,211,152,25369695.45,Giao dịch mua bán,Sales,CUST0117,VEND0132,Asset,IAS 16,Asset,IAS 16
06/12/2024,CT015342,511,111,11603901.01,Giao dịch mua bán,Finance,CUST0114,VEND0128,Revenue,IFRS 15,Revenue,IFRS 15
25/11/2024,CT368641,111,511,44121758.49,Giao dịch mua bán,Production,CUST0047,VEND0137,Asset,IAS 16,Asset,IAS 16
03/06/2024,CT633294,111,642,20038011.04,Giao dịch mua bán,Finance,CUST0017,VEND0195,Asset,IAS 16,Asset,IAS 16
02/06/2024,CT394390,156,331,39770654.35,Giao dịch mua bán,HR,CUST0038,VEND0117,Asset,IAS 16,Asset,IAS 16
10/04/2024,CT696363,211,214,36388305.9,Giao dịch mua bán,Production,CUST0012,VEND0068,Asset,IAS 16,Asset,IAS 16
08/11/2024,CT568261,214,331,34147936.55,Giao dịch mua bán,IT,CUST0086,VEND0139,Asset,IAS 16,Asset,IAS 16
20/08/2024,CT989516,131,112,12186842.57,Giao dịch mua bán,HR,CUST0140,VEND0026,Asset,IAS 16,Asset,IAS 16
12/05/2024,CT054255,331,214,20121841.94,Giao dịch mua bán,Sales,CUST0193,VEND0140,Liability,IAS 37,Liability,IAS 37
26/07/2024,CT488530,511,211,28727578.77,Giao dịch mua bán,Finance,CUST0038,VEND0053,Revenue,IFRS 15,Revenue,IFRS 15
08/06/2024,CT129716,642,131,5525245.88,Giao dịch mua bán,Finance,CUST0099,VEND0119,Expense,IAS 1,Expense,IAS 1
12/02/2024,CT606263,214,131,1663388.38,Giao dịch mua bán,HR,CUST0105,VEND0016,Asset,IAS 16,Asset,IAS 16
22/10/2024,CT028234,511,511,33960042.16,Giao dịch mua bán,Finance,CUST0181,VEND0056,Revenue,IFRS 15,Revenue,IFRS 15
06/05/2024,CT594820,112,214,14409632,Giao dịch mua bán,IT,CUST0172,VEND0121,Asset,IAS 16,Asset,IAS 16
13/09/2024,CT912681,331,632,40532176.16,Giao dịch mua bán,IT,CUST0085,VEND0067,Liability,IAS 37,Liability,IAS 37
30/11/2024,CT345820,642,511,41412083.23,Giao dịch mua bán,Sales,CUST0032,VEND0008,Expense,IAS 1,Expense,IAS 1
01/07/2024,CT780550,152,331,18182919.67,Giao dịch mua bán,Finance,CUST0049,VEND0163,Asset,IAS 16,Asset,IAS 16
01/07/2024,CT392006,511,214,14613148.04,Giao dịch mua bán,Sales,CUST0042,VEND0037,Revenue,IFRS 15,Revenue,IFRS 15
16/06/2024,CT254993,511,112,28918326.55,Giao dịch mua bán,Sales,CUST0110,VEND0003,Revenue,IFRS 15,Revenue,IFRS 15
20/03/2024,CT795795,642,331,16284972.31,Giao dịch mua bán,HR,CUST0036,VEND0099,Expense,IAS 1,Expense,IAS 1
07/12/2024,CT817521,152,211,1270475.38,Giao dịch mua bán,IT,CUST0116,VEND0101,Asset,IAS 16,Asset,IAS 16
09/04/2024,CT979262,112,642,49348063.92đ,Giao dịch mua bán,Sales,CUST0064,VEND0099,Asset,IAS 16,Asset,IAS 16
07/01/2024,CT885492,131,131,46121516.3,Giao dịch mua bán,Finance,CUST0166,VEND0130,Asset,IAS 16,Asset,IAS 16
02/08/2024,CT875505,331,152,45493088.04,Giao dịch mua bán,HR,CUST0047,VEND0167,Liability,IAS 37,Liability,IAS 37
14/04/2024,CT628208,632,211,48306402.29,Giao dịch mua bán,HR,CUST0009,VEND0019,Expense,IAS 1,Expense,IAS 1
02/08/2024,CT386540,131,111,19538851.02,Giao dịch mua bán,Finance,CUST0095,VEND0110,Asset,IAS 16,Asset,IAS 16
14/08/2024,CT048012,131,152,24247291.99,Giao dịch mua bán,Sales,CUST0151,VEND0166,Asset,IAS 16,Asset,IAS 16
25/06/2024,CT750768,156,331,48642069.85,Giao dịch mua bán,Production,CUST0167,VEND0002,Asset,IAS 16,Asset,IAS 16
10/11/2024,CT802496,131,214,45260634.15,Giao dịch mua bán,Sales,CUST0066,VEND0184,Asset,IAS 16,Asset,IAS 16
06/06/2024,CT233484,632,211,23028842.88,Giao dịch mua bán,Production,CUST0141,VEND0082,Expense,IAS 1,Expense,IAS 1
24/01/2024,CT120612,331,156,39221454.37,Giao dịch mua bán,IT,CUST0042,VEND0113,Liability,IAS 37,Liability,IAS 37
10/12/2024,CT541997,642,152,43095022.82,Giao dịch mua bán,Sales,CUST0103,VEND0017,Expense,IAS 1,Expense,IAS 1
17/04/2024,CT040710,156,331,32272079.63,Giao dịch mua bán,IT,CUST0198,VEND0022,Asset,IAS 16,Asset,IAS 16
24/10/2024,CT124349,131,214,33806804.9,Giao dịch mua bán,IT,CUST0126,VEND0121,Asset,IAS 16,Asset,IAS 16
03/07/2024,CT382371,111,511,29952337.97,Giao dịch mua bán,Sales,CUST0064,VEND0126,Asset,IAS 16,Asset,IAS 16
30/08/2024,CT885609,632,152,47053652.51,Giao dịch mua bán,Production,CUST0199,VEND0006,Expense,IAS 1,Expense,IAS 1
12/09/2024,CT990905,642,632,48283861.66,Giao dịch mua bán,IT,CUST0040,VEND0003,Expense,IAS 1,Expense,IAS 1
08/11/2024,CT496878,642,214,13723949.9,Giao dịch mua bán,IT,CUST0111,VEND0017,Expense,IAS 1,Expense,IAS 1
21/03/2024,CT387986,642,642,27747164.06đ,Giao dịch mua bán,Finance,CUST0175,VEND0036,Expense,IAS 1,Expense,IAS 1
07/04/2024,CT913130,131,111,33751402.03,Giao dịch mua bán,Sales,CUST0100,VEND0162,Asset,IAS 16,Asset,IAS 16
18/02/2024,CT589534,131,156,4036406.85,Giao dịch mua bán,IT,CUST0078,VEND0013,Asset,IAS 16,Asset,IAS 16
24/11/2024,CT359231,642,111,14511913.72,Giao dịch mua bán,Production,CUST0081,VEND0064,Expense,IAS 1,Expense,IAS 1
23/10/2024,CT122049,131,331,34937609.16,Giao dịch mua bán,Finance,CUST0066,VEND0039,Asset,IAS 16,Asset,IAS 16
22/11/2024,CT382911,152,211,27852284.89,Giao dịch mua bán,IT,CUST0065,VEND0163,Asset,IAS 16,Asset,IAS 16
05/09/2024,CT894478,111,152,16111557.14,Giao dịch mua bán,Finance,CUST0123,VEND0088,Asset,IAS 16,Asset,IAS 16
09/04/2024,CT191247,214,112,49530426.24đ,Giao dịch mua bán,Finance,CUST0053,VEND0023,Asset,IAS 16,Asset,IAS 16
01/02/2024,CT010092,131,131,17599927.2,Giao dịch mua bán,Production,CUST0153,VEND0122,Asset,IAS 16,Asset,IAS 16
07/10/2024,CT764074,156,632,410549.56,Giao dịch mua bán,Sales,CUST0119,VEND0198,Asset,IAS 16,Asset,IAS 16
17/07/2024,CT330211,131,211,28111219.12,Giao dịch mua bán,HR,CUST0030,VEND0046,Asset,IAS 16,Asset,IAS 16
12/12/2024,CT620644,642,632,43766756.23,Giao dịch mua bán,Finance,CUST0091,VEND0010,Expense,IAS 1,Expense,IAS 1
25/02/2024,CT142235,331,511,6695276.75,Giao dịch mua bán,Sales,CUST0037,VEND0076,Liability,IAS 37,Liability,IAS 37
16/12/2024,CT861574,152,131,39027680.74,Giao dịch mua bán,Finance,CUST0090,VEND0169,Asset,IAS 16,Asset,IAS 16
13/01/2024,CT580820,131,112,1143420.17,Giao dịch mua bán,HR,CUST0040,VEND0010,Asset,IAS 16,Asset,IAS 16
03/11/2024,CT786123,632,112,12865486.04,Giao dịch mua bán,HR,CUST0131,VEND0180,Expense,IAS 1,Expense,IAS 1
19/10/2024,CT210878,111,156,29983320.82,Giao dịch mua bán,Production,CUST0155,VEND0164,Asset,IAS 16,Asset,IAS 16
14/05/2024,CT501424,511,211,9437932.04,Giao dịch mua bán,Finance,CUST0032,VEND0152,Revenue,IFRS 15,Revenue,IFRS 15
25/08/2024,CT287830,214,511,37495280.58,Giao dịch mua bán,Sales,CUST0134,VEND0079,Asset,IAS 16,Asset,IAS 16
03/12/2024,CT948790,152,131,5496388.53,Giao dịch mua bán,HR,CUST0137,VEND0016,Asset,IAS 16,Asset,IAS 16
24/02/2024,CT975839,331,131,13906128.71,Giao dịch mua bán,Sales,CUST0084,VEND0182,Liability,IAS 37,Liability,IAS 37
07/01/2024,CT165060,131,112,44143341.78,Giao dịch mua bán,HR,CUST0130,VEND0072,Asset,IAS 16,Asset,IAS 16
02/03/2024,CT518962,511,152,24734829.08,Giao dịch mua bán,Finance,CUST0093,VEND0160,Revenue,IFRS 15,Revenue,IFRS 15
11/04/2024,CT278744,632,131,9041713.01,Giao dịch mua bán,Finance,CUST0047,VEND0109,Expense,IAS 1,Expense,IAS 1
08/07/2024,CT711552,214,211,13296259.7,Giao dịch mua bán,Finance,CUST0177,VEND0039,Asset,IAS 16,Asset,IAS 16
30/06/2024,CT290052,511,331,46585667.26,Giao dịch mua bán,Finance,CUST0108,VEND0055,Revenue,IFRS 15,Revenue,IFRS 15
16/06/2024,CT294807,211,156,14621518.47,Giao dịch mua bán,IT,CUST0145,VEND0098,Asset,IAS 16,Asset,IAS 16
18/01/2024,CT949579,214,131,40346248.34,Giao dịch mua bán,Production,CUST0047,VEND0106,Asset,IAS 16,Asset,IAS 16
11/11/2024,CT739772,152,642,22223148.89,Giao dịch mua bán,HR,CUST0184,VEND0147,Asset,IAS 16,Asset,IAS 16
10/01/2024,CT485743,112,331,2747782.74,Giao dịch mua bán,Production,CUST0073,VEND0150,Asset,IAS 16,Asset,IAS 16
28/07/2024,CT969434,214,112,12392271.91,Giao dịch mua bán,Sales,CUST0010,VEND0171,Asset,IAS 16,Asset,IAS 16
12/05/2024,CT518406,111,112,8538389.63,Giao dịch mua bán,Production,CUST0010,VEND0178,Asset,IAS 16,Asset,IAS 16
06/12/2024,CT210051,642,111,9637671.18,Giao dịch mua bán,Production,CUST0016,VEND0192,Expense,IAS 1,Expense,IAS 1
08/11/2024,CT524335,156,331,41519662.76,Giao dịch mua bán,Production,CUST0007,VEND0122,Asset,IAS 16,Asset,IAS 16
08/11/2024,CT320698,632,131,49572969.1,Giao dịch mua bán,Production,CUST0043,VEND0086,Expense,IAS 1,Expense,IAS 1
26/08/2024,CT829592,642,632,37372083.65,Giao dịch mua bán,HR,CUST0088,VEND0013,Expense,IAS 1,Expense,IAS 1
30/11/2024,CT899232,131,511,43026390.57,Giao dịch mua bán,HR,CUST0082,VEND0144,Asset,IAS 16,Asset,IAS 16
13/11/2024,CT334851,131,632,46423909.23,Giao dịch mua bán,HR,CUST0006,VEND0104,Asset,IAS 16,Asset,IAS 16
15/01/2024,CT490757,111,642,12819762.78,Giao dịch mua bán,IT,CUST0025,VEND0001,Asset,IAS 16,Asset,IAS 16
01/07/2024,CT006274,632,152,30057799.42,Giao dịch mua bán,Production,CUST0148,VEND0144,Expense,IAS 1,Expense,IAS 1
17/03/2024,CT736446,152,131,3440104.58,Giao dịch mua bán,HR,CUST0196,VEND0005,Asset,IAS 16,Asset,IAS 16
28/08/2024,CT621601,211,511,30857303.93,Giao dịch mua bán,Finance,CUST0127,VEND0026,Asset,IAS 16,Asset,IAS 16
16/10/2024,CT382692,331,632,27947571.64,Giao dịch mua bán,Sales,CUST0142,VEND0086,Liability,IAS 37,Liability,IAS 37
22/12/2024,CT954486,131,642,4813848.07,Giao dịch mua bán,Finance,CUST0138,VEND0178,Asset,IAS 16,Asset,IAS 16
23/02/2024,CT890683,642,511,8414727.26,Giao dịch mua bán,Sales,CUST0179,VEND0089,Expense,IAS 1,Expense,IAS 1
04/06/2024,CT968637,156,211,23133138.97,Giao dịch mua bán,Sales,CUST0096,VEND0035,Asset,IAS 16,Asset,IAS 16
12/02/2024,CT675214,211,642,3964912.01,Giao dịch mua bán,Finance,CUST0074,VEND0200,Asset,IAS 16,Asset,IAS 16
10/04/2024,CT061444,156,211,44153148.94,Giao dịch mua bán,Finance,CUST0166,VEND0138,Asset,IAS 16,Asset,IAS 16
04/04/2024,CT412990,211,211,13734149.33,Giao dịch mua bán,Finance,CUST0027,VEND0018,Asset,IAS 16,Asset,IAS 16
28/09/2024,CT787777,152,211,46464396.88,Giao dịch mua bán,HR,CUST0049,VEND0073,Asset,IAS 16,Asset,IAS 16
15/01/2024,CT327386,131,111,5093659.98,Giao dịch mua bán,IT,CUST0171,VEND0128,Asset,IAS 16,Asset,IAS 16
25/10/2024,CT319481,211,632,43062048.05đ,Giao dịch mua bán,Sales,CUST0135,VEND0155,Asset,IAS 16,Asset,IAS 16
05/10/2024,CT778882,152,511,2497159.84,Giao dịch mua bán,Production,CUST0037,VEND0033,Asset,IAS 16,Asset,IAS 16
13/07/2024,CT697929,152,511,22223517.02,Giao dịch mua bán,Production,CUST0085,VEND0011,Asset,IAS 16,Asset,IAS 16
15/05/2024,CT525037,211,156,7701047.42,Giao dịch mua bán,Finance,CUST0054,VEND0130,Asset,IAS 16,Asset,IAS 16
04/08/2024,CT811363,131,156,22693692.86,Giao dịch mua bán,Production,CUST0127,VEND0123,Asset,IAS 16,Asset,IAS 16
16/06/2024,CT542984,131,111,2310811.08,Giao dịch mua bán,Sales,CUST0161,VEND0136,Asset,IAS 16,Asset,IAS 16
28/05/2024,CT445836,211,111,49985267.68,Giao dịch mua bán,Sales,CUST0113,VEND0105,Asset,IAS 16,Asset,IAS 16
10/09/2024,CT805947,511,152,13578784.25,Giao dịch mua bán,HR,CUST0010,VEND0112,Revenue,IFRS 15,Revenue,IFRS 15
04/12/2024,CT152569,214,112,33765048.81,Giao dịch mua bán,Sales,CUST0054,VEND0027,Asset,IAS 16,Asset,IAS 16
05/05/2024,CT213082,131,511,49347776.44,Giao dịch mua bán,Finance,CUST0052,VEND0019,Asset,IAS 16,Asset,IAS 16
03/08/2024,CT315784,511,131,12507624.61,Giao dịch mua bán,HR,CUST0140,VEND0125,Revenue,IFRS 15,Revenue,IFRS 15
13/04/2024,CT733922,152,111,37828515.09,Giao dịch mua bán,Finance,CUST0077,VEND0061,Asset,IAS 16,Asset,IAS 16
25/04/2024,CT074806,131,511,20447402.75,Giao dịch mua bán,Production,CUST0025,VEND0081,Asset,IAS 16,Asset,IAS 16
13/10/2024,CT835872,111,632,28650138.19,Giao dịch mua bán,IT,CUST0019,VEND0166,Asset,IAS 16,Asset,IAS 16
21/04/2024,CT545000,156,632,40739365.95,Giao dịch mua bán,Production,CUST0189,VEND0149,Asset,IAS 16,Asset,IAS 16
11/05/2024,CT756444,111,156,14655069.55,Giao dịch mua bán,Finance,CUST0116,VEND0138,Asset,IAS 16,Asset,IAS 16
16/02/2024,CT459807,642,152,2613178.58,Giao dịch mua bán,IT,CUST0199,VEND0079,Expense,IAS 1,Expense,IAS 1
09/08/2024,CT598916,211,511,7910791.41,Giao dịch mua bán,IT,CUST0100,VEND0132,Asset,IAS 16,Asset,IAS 16
15/05/2024,CT936917,331,211,20447052.36,Giao dịch mua bán,HR,CUST0164,VEND0062,Liability,IAS 37,Liability,IAS 37
29/06/2024,CT297561,131,211,29821731.48,Giao dịch mua bán,Production,CUST0111,VEND0009,Asset,IAS 16,Asset,IAS 16
02/12/2024,CT642783,111,642,44402672.44,Giao dịch mua bán,HR,CUST0161,VEND0086,Asset,IAS 16,Asset,IAS 16
22/10/2024,CT759779,131,642,38094972.2,Giao dịch mua bán,HR,CUST0175,VEND0098,Asset,IAS 16,Asset,IAS 16
18/11/2024,CT062469,152,331,19448444.59,Giao dịch mua bán,IT,CUST0137,VEND0021,Asset,IAS 16,Asset,IAS 16
12/12/2024,CT485501,331,112,43520591.86,Giao dịch mua bán,HR,CUST0009,VEND0187,Liability,IAS 37,Liability,IAS 37
07/11/2024,CT153161,511,214,1916246.37,Giao dịch mua bán,Production,CUST0115,VEND0127,Revenue,IFRS 15,Revenue,IFRS 15
17/12/2024,CT688699,511,111,38303391.37,Giao dịch mua bán,Finance,CUST0089,VEND0198,Revenue,IFRS 15,Revenue,IFRS 15
19/05/2024,CT167449,152,211,22774601.41,Giao dịch mua bán,HR,CUST0099,VEND0091,Asset,IAS 16,Asset,IAS 16
20/06/2024,CT191489,152,112,34149332.43,Giao dịch mua bán,Production,CUST0199,VEND0164,Asset,IAS 16,Asset,IAS 16
17/03/2024,CT796976,131,152,24206179.33,Giao dịch mua bán,Production,CUST0052,VEND0062,Asset,IAS 16,Asset,IAS 16
05/04/2024,CT792944,511,111,11641366.48,Giao dịch mua bán,Finance,CUST0025,VEND0110,Revenue,IFRS 15,Revenue,IFRS 15
19/01/2024,CT974282,642,511,44728193.11,Giao dịch mua bán,IT,CUST0097,VEND0113,Expense,IAS 1,Expense,IAS 1
25/11/2024,CT980025,111,112,7540435.14,Giao dịch mua bán,HR,CUST0013,VEND0154,Asset,IAS 16,Asset,IAS 16
12/11/2024,CT429617,511,511,24751661.26,Giao dịch mua bán,HR,CUST0190,VEND0053,Revenue,IFRS 15,Revenue,IFRS 15
15/04/2024,CT653834,511,511,47339178.55,Giao dịch mua bán,IT,CUST0158,VEND0017,Revenue,IFRS 15,Revenue,IFRS 15
16/09/2024,CT342992,156,331,23180825.03,Giao dịch mua bán,Production,CUST0009,VEND0049,Asset,IAS 16,Asset,IAS 16
30/10/2024,CT423656,112,152,32797224.03,Giao dịch mua bán,HR,CUST0111,VEND0035,Asset,IAS 16,Asset,IAS 16
05/03/2024,CT743595,112,112,5605295.16,Giao dịch mua bán,Finance,CUST0008,VEND0011,Asset,IAS 16,Asset,IAS 16
02/06/2024,CT745247,331,112,33356609.37,Giao dịch mua bán,Production,CUST0146,VEND0194,Liability,IAS 37,Liability,IAS 37
29/03/2024,CT038519,211,156,29427681.85,Giao dịch mua bán,Finance,CUST0129,VEND0094,Asset,IAS 16,Asset,IAS 16
27/03/2024,CT221359,152,152,49289036.82,Giao dịch mua bán,HR,CUST0071,VEND0177,Asset,IAS 16,Asset,IAS 16
08/12/2024,CT126722,511,156,48920636.28,Giao dịch mua bán,Finance,CUST0050,VEND0058,Revenue,IFRS 15,Revenue,IFRS 15
31/12/2024,CT772905,214,156,43517849,Giao dịch mua bán,Sales,CUST0085,VEND0062,Asset,IAS 16,Asset,IAS 16
06/03/2024,CT202611,632,214,33315415.09,Giao dịch mua bán,Finance,CUST0014,VEND0028,Expense,IAS 1,Expense,IAS 1
05/10/2024,CT709307,632,112,37519646.05,Giao dịch mua bán,Sales,CUST0036,VEND0113,Expense,IAS 1,Expense,IAS 1
04/05/2024,CT276871,156,331,46303854.64,Giao dịch mua bán,Production,CUST0008,VEND0018,Asset,IAS 16,Asset,IAS 16
28/07/2024,CT350614,511,211,11957180.41,Giao dịch mua bán,Finance,CUST0129,VEND0151,Revenue,IFRS 15,Revenue,IFRS 15
05/02/2024,CT197596,642,111,9518082.59,Giao dịch mua bán,Sales,CUST0148,VEND0033,Expense,IAS 1,Expense,IAS 1
29/01/2024,CT538655,211,331,26759598.46,Giao dịch mua bán,IT,CUST0072,VEND0015,Asset,IAS 16,Asset,IAS 16
28/12/2024,CT058410,112,642,45892116.64,Giao dịch mua bán,IT,CUST0052,VEND0074,Asset,IAS 16,Asset,IAS 16
02/10/2024,CT151864,131,131,10994322.85,Giao dịch mua bán,Sales,CUST0107,VEND0083,Asset,IAS 16,Asset,IAS 16
13/10/2024,CT939884,131,111,9418293.08,Giao dịch mua bán,Sales,CUST0159,VEND0188,Asset,IAS 16,Asset,IAS 16
28/01/2024,CT826877,511,131,48466983.13,Giao dịch mua bán,Production,CUST0190,VEND0127,Revenue,IFRS 15,Revenue,IFRS 15
20/02/2024,CT718182,111,211,35881953.53,Giao dịch mua bán,HR,CUST0109,VEND0019,Asset,IAS 16,Asset,IAS 16
09/03/2024,CT429573,632,632,36260488.57,Giao dịch mua bán,IT,CUST0185,VEND0167,Expense,IAS 1,Expense,IAS 1
24/10/2024,CT172332,331,156,21244257.44,Giao dịch mua bán,Finance,CUST0088,VEND0167,Liability,IAS 37,Liability,IAS 37
13/11/2024,CT451995,211,131,45297670.23,Giao dịch mua bán,Production,CUST0164,VEND0022,Asset,IAS 16,Asset,IAS 16
24/08/2024,CT750488,632,211,13952677.1,Giao dịch mua bán,Production,CUST0089,VEND0106,Expense,IAS 1,Expense,IAS 1
17/07/2024,CT473740,642,632,42069538.59,Giao dịch mua bán,IT,CUST0054,VEND0073,Expense,IAS 1,Expense,IAS 1
27/07/2024,CT093378,111,632,9234090.64,Giao dịch mua bán,Production,CUST0183,VEND0077,Asset,IAS 16,Asset,IAS 16
14/04/2024,CT026868,156,111,38345904.82,Giao dịch mua bán,Finance,CUST0048,VEND0169,Asset,IAS 16,Asset,IAS 16
11/07/2024,CT297289,156,112,4781970.3,Giao dịch mua bán,Finance,CUST0121,VEND0017,Asset,IAS 16,Asset,IAS 16
20/07/2024,CT635055,511,156,27245917.29,Giao dịch mua bán,Finance,CUST0093,VEND0127,Revenue,IFRS 15,Revenue,IFRS 15
06/12/2024,CT415041,511,642,25270483.44,Giao dịch mua bán,Sales,CUST0021,VEND0114,Revenue,IFRS 15,Revenue,IFRS 15
06/01/2024,CT312201,214,642,36569688.21,Giao dịch mua bán,Production,CUST0146,VEND0136,Asset,IAS 16,Asset,IAS 16
15/08/2024,CT692841,152,112,18816290.74,Giao dịch mua bán,IT,CUST0107,VEND0033,Asset,IAS 16,Asset,IAS 16
17/11/2024,CT672802,156,156,4995440.63,Giao dịch mua bán,HR,CUST0106,VEND0103,Asset,IAS 16,Asset,IAS 16
19/06/2024,CT669957,112,111,1488295.82,Giao dịch mua bán,Finance,CUST0023,VEND0046,Asset,IAS 16,Asset,IAS 16
20/08/2024,CT665117,211,642,14886284.06,Giao dịch mua bán,IT,CUST0050,VEND0096,Asset,IAS 16,Asset,IAS 16
23/02/2024,CT619609,156,152,31328108.83,Giao dịch mua bán,Production,CUST0089,VEND0107,Asset,IAS 16,Asset,IAS 16
08/11/2024,CT986393,131,511,12110788.51,Giao dịch mua bán,HR,CUST0085,VEND0068,Asset,IAS 16,Asset,IAS 16
10/05/2024,CT479975,211,156,21286182.73,Giao dịch mua bán,IT,CUST0106,VEND0150,Asset,IAS 16,Asset,IAS 16
26/09/2024,CT449075,642,211,47590086.42,Giao dịch mua bán,HR,CUST0163,VEND0157,Expense,IAS 1,Expense,IAS 1
13/05/2024,CT553594,632,112,17309168.72,Giao dịch mua bán,Production,CUST0153,VEND0003,Expense,IAS 1,Expense,IAS 1
03/08/2024,CT888938,214,642,29672642.28,Giao dịch mua bán,Sales,CUST0092,VEND0038,Asset,IAS 16,Asset,IAS 16
11/01/2024,CT784189,214,642,2689417.48đ,Giao dịch mua bán,Finance,CUST0185,VEND0023,Asset,IAS 16,Asset,IAS 16
16/10/2024,CT914632,111,131,38796343.89,Giao dịch mua bán,Sales,CUST0175,VEND0127,Asset,IAS 16,Asset,IAS 16
19/03/2024,CT996595,214,214,24311732.65,Giao dịch mua bán,Finance,CUST0006,VEND0135,Asset,IAS 16,Asset,IAS 16
30/09/2024,CT691984,112,112,16420958.51,Giao dịch mua bán,Finance,CUST0093,VEND0131,Asset,IAS 16,Asset,IAS 16
09/05/2024,CT006811,214,632,23926998.88,Giao dịch mua bán,IT,CUST0127,VEND0156,Asset,IAS 16,Asset,IAS 16
21/11/2024,CT290771,632,632,17831310.1,Giao dịch mua bán,HR,CUST0074,VEND0138,Expense,IAS 1,Expense,IAS 1
02/09/2024,CT951544,642,112,18413795.1,Giao dịch mua bán,Production,CUST0113,VEND0052,Expense,IAS 1,Expense,IAS 1
09/01/2024,CT864722,111,211,33812673.04đ,Giao dịch mua bán,HR,CUST0102,VEND0015,Asset,IAS 16,Asset,IAS 16
02/06/2024,CT643295,152,642,18320265.33,Giao dịch mua bán,Finance,CUST0100,VEND0076,Asset,IAS 16,Asset,IAS 16
30/03/2024,CT439439,632,632,31845400.96,Giao dịch mua bán,Sales,CUST0145,VEND0077,Expense,IAS 1,Expense,IAS 1
27/02/2024,CT089141,131,632,46005770.32,Giao dịch mua bán,IT,CUST0091,VEND0082,Asset,IAS 16,Asset,IAS 16
29/10/2024,CT106869,642,632,38022412.42,Giao dịch mua bán,IT,CUST0070,VEND0104,Expense,IAS 1,Expense,IAS 1
08/09/2024,CT784594,331,214,47758207.11,Giao dịch mua bán,Finance,CUST0076,VEND0164,Liability,IAS 37,Liability,IAS 37
19/09/2024,CT890106,632,152,34662742.52,Giao dịch mua bán,Finance,CUST0104,VEND0089,Expense,IAS 1,Expense,IAS 1
12/12/2024,CT178033,642,156,40015030.83,Giao dịch mua bán,Finance,CUST0188,VEND0197,Expense,IAS 1,Expense,IAS 1
28/06/2024,CT772304,331,112,29122407.33,Giao dịch mua bán,HR,CUST0185,VEND0135,Liability,IAS 37,Liability,IAS 37
05/12/2024,CT023448,156,152,34465328.74,Giao dịch mua bán,Finance,CUST0147,VEND0156,Asset,IAS 16,Asset,IAS 16
24/03/2024,CT808507,131,152,25273949.33,Giao dịch mua bán,IT,CUST0082,VEND0198,Asset,IAS 16,Asset,IAS 16
05/05/2024,CT597646,642,214,20098402.98,Giao dịch mua bán,Production,CUST0045,VEND0040,Expense,IAS 1,Expense,IAS 1
31/03/2024,CT958472,214,211,29326405.02,Giao dịch mua bán,Sales,CUST0008,VEND0096,Asset,IAS 16,Asset,IAS 16
05/11/2024,CT833156,511,511,2446783.2,Giao dịch mua bán,Sales,CUST0045,VEND0110,Revenue,IFRS 15,Revenue,IFRS 15
29/08/2024,CT712866,632,111,2988184.21,Giao dịch mua bán,Finance,CUST0114,VEND0119,Expense,IAS 1,Expense,IAS 1
27/08/2024,CT690768,131,331,31204302.77,Giao dịch mua bán,IT,CUST0172,VEND0151,Asset,IAS 16,Asset,IAS 16
27/08/2024,CT070633,642,642,5001468.4,Giao dịch mua bán,Production,CUST0079,VEND0114,Expense,IAS 1,Expense,IAS 1
20/07/2024,CT801400,112,111,24945373.02,Giao dịch mua bán,IT,CUST0156,VEND0079,Asset,IAS 16,Asset,IAS 16
30/06/2024,CT950139,111,152,33716664.04,Giao dịch mua bán,IT,CUST0142,VEND0070,Asset,IAS 16,Asset,IAS 16
29/07/2024,CT766201,642,111,2969447.58,Giao dịch mua bán,Production,CUST0127,VEND0083,Expense,IAS 1,Expense,IAS 1
08/05/2024,CT805748,632,511,3269197.01,Giao dịch mua bán,Production,CUST0122,VEND0034,Expense,IAS 1,Expense,IAS 1
13/07/2024,CT612787,331,112,45327799.85,Giao dịch mua bán,Production,CUST0181,VEND0095,Liability,IAS 37,Liability,IAS 37
05/04/2024,CT747107,331,111,16757826.52,Giao dịch mua bán,IT,CUST0013,VEND0070,Liability,IAS 37,Liability,IAS 37
24/03/2024,CT031304,211,642,14598710.5,Giao dịch mua bán,Production,CUST0143,VEND0085,Asset,IAS 16,Asset,IAS 16
17/07/2024,CT260143,511,112,39984742.88,Giao dịch mua bán,Finance,CUST0142,VEND0064,Revenue,IFRS 15,Revenue,IFRS 15
22/01/2024,CT232731,156,152,12580371.03,Giao dịch mua bán,Finance,CUST0168,VEND0024,Asset,IAS 16,Asset,IAS 16
16/12/2024,CT629839,331,211,25078481.78,Giao dịch mua bán,Finance,CUST0031,VEND0159,Liability,IAS 37,Liability,IAS 37
19/05/2024,CT587200,211,156,15106997.6,Giao dịch mua bán,Production,CUST0073,VEND0150,Asset,IAS 16,Asset,IAS 16
15/02/2024,CT500322,642,112,7360216.46,Giao dịch mua bán,IT,CUST0122,VEND0133,Expense,IAS 1,Expense,IAS 1
26/07/2024,CT326282,511,511,25604393.17,Giao dịch mua bán,Sales,CUST0165,VEND0061,Revenue,IFRS 15,Revenue,IFRS 15
29/07/2024,CT291234,112,111,1806840.19,Giao dịch mua bán,Production,CUST0163,VEND0017,Asset,IAS 16,Asset,IAS 16
18/01/2024,CT712879,111,211,2182094.36,Giao dịch mua bán,Production,CUST0190,VEND0150,Asset,IAS 16,Asset,IAS 16
18/05/2024,CT272936,111,111,9138647.4,Giao dịch mua bán,HR,CUST0165,VEND0175,Asset,IAS 16,Asset,IAS 16
02/07/2024,CT202235,156,211,5386906.88,Giao dịch mua bán,Finance,CUST0036,VEND0101,Asset,IAS 16,Asset,IAS 16
14/05/2024,CT205125,211,112,12807682.85,Giao dịch mua bán,Finance,CUST0058,VEND0094,Asset,IAS 16,Asset,IAS 16
06/03/2024,CT632761,156,152,11614608.73,Giao dịch mua bán,Production,CUST0130,VEND0142,Asset,IAS 16,Asset,IAS 16
20/09/2024,CT631576,214,131,13453746.76,Giao dịch mua bán,Finance,CUST0178,VEND0047,Asset,IAS 16,Asset,IAS 16
30/07/2024,CT272549,112,152,6318500,Giao dịch mua bán,IT,CUST0051,VEND0042,Asset,IAS 16,Asset,IAS 16
05/08/2024,CT881821,511,111,5811955.84,Giao dịch mua bán,Finance,CUST0074,VEND0159,Revenue,IFRS 15,Revenue,IFRS 15
03/12/2024,CT584726,112,632,3869383.33,Giao dịch mua bán,Sales,CUST0111,VEND0079,Asset,IAS 16,Asset,IAS 16
03/03/2024,CT143493,156,111,39354651.56,Giao dịch mua bán,Finance,CUST0081,VEND0072,Asset,IAS 16,Asset,IAS 16
09/03/2024,CT607820,331,331,32441640.39,Giao dịch mua bán,Finance,CUST0031,VEND0147,Liability,IAS 37,Liability,IAS 37
13/01/2024,CT557102,642,331,30361641.78,Giao dịch mua bán,IT,CUST0007,VEND0133,Expense,IAS 1,Expense,IAS 1
12/04/2024,CT346722,211,156,36765682.53,Giao dịch mua bán,Production,CUST0049,VEND0166,Asset,IAS 16,Asset,IAS 16
26/02/2024,CT991446,642,112,1081297.18,Giao dịch mua bán,Sales,CUST0124,VEND0014,Expense,IAS 1,Expense,IAS 1
19/01/2024,CT023372,331,131,28448649.01,Giao dịch mua bán,Production,CUST0014,VEND0096,Liability,IAS 37,Liability,IAS 37
25/07/2024,CT314792,131,112,16283867.72,Giao dịch mua bán,IT,CUST0023,VEND0191,Asset,IAS 16,Asset,IAS 16
14/04/2024,CT894268,214,511,45492093.78,Giao dịch mua bán,HR,CUST0084,VEND0143,Asset,IAS 16,Asset,IAS 16
21/03/2024,CT011313,112,214,26832342.08,Giao dịch mua bán,Finance,CUST0017,VEND0091,Asset,IAS 16,Asset,IAS 16
05/06/2024,CT823139,112,511,26266203.27,Giao dịch mua bán,Sales,CUST0142,VEND0048,Asset,IAS 16,Asset,IAS 16
21/03/2024,CT945648,111,211,17331708.45,Giao dịch mua bán,HR,CUST0161,VEND0100,Asset,IAS 16,Asset,IAS 16
21/01/2024,CT302938,511,632,32728266.38,Giao dịch mua bán,Sales,CUST0097,VEND0075,Revenue,IFRS 15,Revenue,IFRS 15
28/04/2024,CT658692,331,112,35950957.08,Giao dịch mua bán,HR,CUST0142,VEND0081,Liability,IAS 37,Liability,IAS 37
17/09/2024,CT779633,131,131,15643585.27,Giao dịch mua bán,Finance,CUST0153,VEND0011,Asset,IAS 16,Asset,IAS 16
19/04/2024,CT841429,214,112,23185151.07,Giao dịch mua bán,Sales,CUST0072,VEND0174,Asset,IAS 16,Asset,IAS 16
03/06/2024,CT397663,642,331,28843701.88,Giao dịch mua bán,Production,CUST0179,VEND0121,Expense,IAS 1,Expense,IAS 1
03/04/2024,CT073665,632,214,4259781.83,Giao dịch mua bán,Sales,CUST0062,VEND0198,Expense,IAS 1,Expense,IAS 1
28/04/2024,CT504354,331,111,44271565.24,Giao dịch mua bán,Sales,CUST0119,VEND0157,Liability,IAS 37,Liability,IAS 37
27/07/2024,CT856806,152,131,4314510.23đ,Giao dịch mua bán,Finance,CUST0010,VEND0030,Asset,IAS 16,Asset,IAS 16
24/12/2024,CT422521,152,112,35621386.29,Giao dịch mua bán,IT,CUST0138,VEND0137,Asset,IAS 16,Asset,IAS 16
26/11/2024,CT132913,331,112,9450488.09,Giao dịch mua bán,Finance,CUST0145,VEND0199,Liability,IAS 37,Liability,IAS 37
27/07/2024,CT299570,112,156,14304599.16,Giao dịch mua bán,Finance,CUST0039,VEND0189,Asset,IAS 16,Asset,IAS 16
19/11/2024,CT194714,511,156,20628276.31,Giao dịch mua bán,HR,CUST0127,VEND0118,Revenue,IFRS 15,Revenue,IFRS 15
30/03/2024,CT399063,331,211,26247106.27,Giao dịch mua bán,Finance,CUST0110,VEND0040,Liability,IAS 37,Liability,IAS 37
24/08/2024,CT805623,511,111,43932446.43,Giao dịch mua bán,Finance,CUST0152,VEND0096,Revenue,IFRS 15,Revenue,IFRS 15
07/02/2024,CT723298,214,156,21265760.82,Giao dịch mua bán,HR,CUST0043,VEND0032,Asset,IAS 16,Asset,IAS 16
27/05/2024,CT468824,214,511,24339895.7,Giao dịch mua bán,Sales,CUST0080,VEND0133,Asset,IAS 16,Asset,IAS 16
09/12/2024,CT397259,511,632,23094305.84,Giao dịch mua bán,Production,CUST0117,VEND0133,Revenue,IFRS 15,Revenue,IFRS 15
24/10/2024,CT582970,331,111,3718140.39,Giao dịch mua bán,Finance,CUST0077,VEND0033,Liability,IAS 37,Liability,IAS 37
29/11/2024,CT714210,211,152,12767114.54,Giao dịch mua bán,Finance,CUST0078,VEND0176,Asset,IAS 16,Asset,IAS 16
09/04/2024,CT938584,111,331,31962908.64,Giao dịch mua bán,Sales,CUST0168,VEND0162,Asset,IAS 16,Asset,IAS 16
15/07/2024,CT129329,642,642,37059638.24đ,Giao dịch mua bán,Finance,CUST0025,VEND0032,Expense,IAS 1,Expense,IAS 1
16/01/2024,CT296482,632,131,46770953.03,Giao dịch mua bán,Sales,CUST0062,VEND0085,Expense,IAS 1,Expense,IAS 1
13/11/2024,CT108770,214,331,19972083.84,Giao dịch mua bán,HR,CUST0165,VEND0058,Asset,IAS 16,Asset,IAS 16
17/04/2024,CT548877,131,511,20458363.79,Giao dịch mua bán,HR,CUST0126,VEND0091,Asset,IAS 16,Asset,IAS 16
15/08/2024,CT112232,632,112,23205909.96,Giao dịch mua bán,HR,CUST0083,VEND0146,Expense,IAS 1,Expense,IAS 1
12/03/2024,CT721921,214,112,9058632.44,Giao dịch mua bán,Production,CUST0041,VEND0193,Asset,IAS 16,Asset,IAS 16
29/01/2024,CT583729,642,131,46029788.46,Giao dịch mua bán,Sales,CUST0047,VEND0164,Expense,IAS 1,Expense,IAS 1
27/08/2024,CT561775,214,152,49174548.54,Giao dịch mua bán,Sales,CUST0050,VEND0187,Asset,IAS 16,Asset,IAS 16
19/03/2024,CT963128,152,214,9214843.01,Giao dịch mua bán,Sales,CUST0034,VEND0092,Asset,IAS 16,Asset,IAS 16
16/01/2024,CT918322,511,331,34975176.56,Giao dịch mua bán,Sales,CUST0041,VEND0087,Revenue,IFRS 15,Revenue,IFRS 15
30/09/2024,CT304482,131,331,31876396.21,Giao dịch mua bán,IT,CUST0067,VEND0072,Asset,IAS 16,Asset,IAS 16
01/01/2024,CT945020,632,642,48835700.38,Giao dịch mua bán,Finance,CUST0148,VEND0017,Expense,IAS 1,Expense,IAS 1
26/05/2024,CT372817,214,211,10121309.3,Giao dịch mua bán,Sales,CUST0077,VEND0157,Asset,IAS 16,Asset,IAS 16
12/11/2024,CT912347,111,642,7674301.31,Giao dịch mua bán,Production,CUST0174,VEND0039,Asset,IAS 16,Asset,IAS 16
15/12/2024,CT752329,152,156,24014847.94,Giao dịch mua bán,Sales,CUST0018,VEND0116,Asset,IAS 16,Asset,IAS 16
10/06/2024,CT446514,642,511,36738120.19,Giao dịch mua bán,IT,CUST0109,VEND0147,Expense,IAS 1,Expense,IAS 1
08/08/2024,CT338461,511,331,40840403.64,Giao dịch mua bán,Finance,CUST0134,VEND0163,Revenue,IFRS 15,Revenue,IFRS 15
11/06/2024,CT488012,152,152,27497676.42,Giao dịch mua bán,Sales,CUST0089,VEND0178,Asset,IAS 16,Asset,IAS 16
28/03/2024,CT309274,331,511,13636562.84,Giao dịch mua bán,IT,CUST0026,VEND0016,Liability,IAS 37,Liability,IAS 37
25/07/2024,CT138267,131,156,27414720.92,Giao dịch mua bán,Sales,CUST0160,VEND0197,Asset,IAS 16,Asset,IAS 16
08/03/2024,CT420615,511,511,49450489.35,Giao dịch mua bán,Production,CUST0064,VEND0168,Revenue,IFRS 15,Revenue,IFRS 15
02/12/2024,CT869760,156,511,7068486.6,Giao dịch mua bán,Finance,CUST0163,VEND0049,Asset,IAS 16,Asset,IAS 16
18/04/2024,CT097239,511,511,42916465.17,Giao dịch mua bán,HR,CUST0088,VEND0160,Revenue,IFRS 15,Revenue,IFRS 15
22/09/2024,CT651584,511,214,32915171.5,Giao dịch mua bán,Finance,CUST0152,VEND0136,Revenue,IFRS 15,Revenue,IFRS 15
29/09/2024,CT802894,112,211,29882856.72,Giao dịch mua bán,Finance,CUST0148,VEND0176,Asset,IAS 16,Asset,IAS 16
29/08/2024,CT095298,214,152,10105786.48,Giao dịch mua bán,HR,CUST0025,VEND0047,Asset,IAS 16,Asset,IAS 16
12/06/2024,CT373495,331,642,26883987.21,Giao dịch mua bán,Finance,CUST0143,VEND0059,Liability,IAS 37,Liability,IAS 37
15/11/2024,CT907140,112,511,18244702.94,Giao dịch mua bán,HR,CUST0043,VEND0080,Asset,IAS 16,Asset,IAS 16
01/09/2024,CT339792,131,112,9173704.29,Giao dịch mua bán,Production,CUST0126,VEND0023,Asset,IAS 16,Asset,IAS 16
05/05/2024,CT990518,156,642,27241895.17,Giao dịch mua bán,Sales,CUST0013,VEND0028,Asset,IAS 16,Asset,IAS 16
25/01/2024,CT705724,214,331,21608269.12,Giao dịch mua bán,Finance,CUST0080,VEND0113,Asset,IAS 16,Asset,IAS 16
01/09/2024,CT905571,112,511,14964196.48,Giao dịch mua bán,HR,CUST0071,VEND0184,Asset,IAS 16,Asset,IAS 16
09/09/2024,CT960620,511,642,47542656,Giao dịch mua bán,Production,CUST0056,VEND0078,Revenue,IFRS 15,Revenue,IFRS 15
23/05/2024,CT423215,112,152,31977253.19,Giao dịch mua bán,HR,CUST0053,VEND0146,Asset,IAS 16,Asset,IAS 16
18/02/2024,CT724035,156,632,21303108.3,Giao dịch mua bán,HR,CUST0046,VEND0118,Asset,IAS 16,Asset,IAS 16
06/06/2024,CT108681,112,331,7863914.3,Giao dịch mua bán,Production,CUST0165,VEND0147,Asset,IAS 16,Asset,IAS 16
11/03/2024,CT070287,331,111,15276413.06,Giao dịch mua bán,HR,CUST0140,VEND0061,Liability,IAS 37,Liability,IAS 37
04/02/2024,CT083156,112,112,22496997.59,Giao dịch mua bán,Sales,CUST0017,VEND0131,Asset,IAS 16,Asset,IAS 16
30/11/2024,CT899122,511,331,21220759.91,Giao dịch mua bán,Production,CUST0020,VEND0187,Revenue,IFRS 15,Revenue,IFRS 15
20/08/2024,CT741407,156,211,25774346.45,Giao dịch mua bán,Finance,CUST0178,VEND0134,Asset,IAS 16,Asset,IAS 16
08/08/2024,CT343080,131,131,24393237.46,Giao dịch mua bán,Production,CUST0028,VEND0004,Asset,IAS 16,Asset,IAS 16
29/02/2024,CT438632,156,131,47844089.23,Giao dịch mua bán,Sales,CUST0024,VEND0054,Asset,IAS 16,Asset,IAS 16
17/01/2024,CT629289,112,331,6679760.32,Giao dịch mua bán,HR,CUST0037,VEND0058,Asset,IAS 16,Asset,IAS 16
20/09/2024,CT714298,211,211,42369345.35,Giao dịch mua bán,Finance,CUST0086,VEND0001,Asset,IAS 16,Asset,IAS 16
24/05/2024,CT009566,511,111,28538731.59,Giao dịch mua bán,Production,CUST0199,VEND0099,Revenue,IFRS 15,Revenue,IFRS 15
21/03/2024,CT222493,642,632,22093149.96,Giao dịch mua bán,Sales,CUST0125,VEND0013,Expense,IAS 1,Expense,IAS 1
02/10/2024,CT364054,632,511,6313075.46,Giao dịch mua bán,HR,CUST0175,VEND0113,Expense,IAS 1,Expense,IAS 1
30/11/2024,CT026211,632,156,40765235.8,Giao dịch mua bán,HR,CUST0196,VEND0123,Expense,IAS 1,Expense,IAS 1
20/01/2024,CT606972,642,511,18022289.03,Giao dịch mua bán,Sales,CUST0035,VEND0116,Expense,IAS 1,Expense,IAS 1
18/11/2024,CT791563,632,131,34761422.75,Giao dịch mua bán,IT,CUST0197,VEND0150,Expense,IAS 1,Expense,IAS 1
08/10/2024,CT317655,152,156,16736056.01,Giao dịch mua bán,HR,CUST0123,VEND0037,Asset,IAS 16,Asset,IAS 16
10/07/2024,CT105274,331,214,46932204.47,Giao dịch mua bán,HR,CUST0044,VEND0015,Liability,IAS 37,Liability,IAS 37
22/10/2024,CT169844,211,642,17105124.55,Giao dịch mua bán,HR,CUST0112,VEND0185,Asset,IAS 16,Asset,IAS 16
21/03/2024,CT256987,331,211,29108455.71,Giao dịch mua bán,Finance,CUST0166,VEND0155,Liability,IAS 37,Liability,IAS 37
21/03/2024,CT566462,511,642,38417969.53,Giao dịch mua bán,Production,CUST0080,VEND0102,Revenue,IFRS 15,Revenue,IFRS 15
06/03/2024,CT352356,156,214,3648249.84,Giao dịch mua bán,Finance,CUST0012,VEND0152,Asset,IAS 16,Asset,IAS 16
16/04/2024,CT591011,511,642,19996564.78,Giao dịch mua bán,Finance,CUST0059,VEND0085,Revenue,IFRS 15,Revenue,IFRS 15
25/08/2024,CT648066,156,156,40192095.34,Giao dịch mua bán,Production,CUST0158,VEND0088,Asset,IAS 16,Asset,IAS 16
30/05/2024,CT773845,511,331,48070495.79,Giao dịch mua bán,Sales,CUST0192,VEND0065,Revenue,IFRS 15,Revenue,IFRS 15
06/12/2024,CT664158,111,156,18132558.02,Giao dịch mua bán,IT,CUST0140,VEND0090,Asset,IAS 16,Asset,IAS 16
07/04/2024,CT185583,131,211,10927942.99,Giao dịch mua bán,HR,CUST0172,VEND0188,Asset,IAS 16,Asset,IAS 16
17/12/2024,CT464878,152,331,9981418.82,Giao dịch mua bán,Finance,CUST0032,VEND0133,Asset,IAS 16,Asset,IAS 16
23/05/2024,CT968668,331,211,45752952.98,Giao dịch mua bán,HR,CUST0192,VEND0112,Liability,IAS 37,Liability,IAS 37
17/08/2024,CT061045,111,211,38217401.2,Giao dịch mua bán,Finance,CUST0170,VEND0099,Asset,IAS 16,Asset,IAS 16
18/08/2024,CT050285,152,511,22825848.01,Giao dịch mua bán,Production,CUST0013,VEND0014,Asset,IAS 16,Asset,IAS 16
13/05/2024,CT847223,131,156,24952469.17,Giao dịch mua bán,HR,CUST0008,VEND0124,Asset,IAS 16,Asset,IAS 16
16/10/2024,CT316400,131,632,39525739.81,Giao dịch mua bán,Production,CUST0096,VEND0129,Asset,IAS 16,Asset,IAS 16
13/12/2024,CT045594,214,511,47366350.67,Giao dịch mua bán,Production,CUST0139,VEND0058,Asset,IAS 16,Asset,IAS 16
14/02/2024,CT550851,331,632,2473834.86,Giao dịch mua bán,HR,CUST0067,VEND0140,Liability,IAS 37,Liability,IAS 37
25/12/2024,CT318603,511,632,37900234.05,Giao dịch mua bán,Finance,CUST0081,VEND0049,Revenue,IFRS 15,Revenue,IFRS 15
10/09/2024,CT474726,331,211,29448335.34,Giao dịch mua bán,Finance,CUST0013,VEND0057,Liability,IAS 37,Liability,IAS 37
22/09/2024,CT335641,152,211,15056196.13,Giao dịch mua bán,HR,CUST0159,VEND0069,Asset,IAS 16,Asset,IAS 16
16/01/2024,CT018005,214,632,23341369.38,Giao dịch mua bán,Finance,CUST0169,VEND0007,Asset,IAS 16,Asset,IAS 16
08/09/2024,CT351343,112,511,42383087.88,Giao dịch mua bán,Finance,CUST0181,VEND0118,Asset,IAS 16,Asset,IAS 16
19/01/2024,CT000712,156,632,28800885.65,Giao dịch mua bán,HR,CUST0001,VEND0031,Asset,IAS 16,Asset,IAS 16
27/04/2024,CT450416,632,156,31877240.9,Giao dịch mua bán,HR,CUST0133,VEND0018,Expense,IAS 1,Expense,IAS 1
19/10/2024,CT432131,152,511,4167271.99,Giao dịch mua bán,Finance,CUST0192,VEND0129,Asset,IAS 16,Asset,IAS 16
06/12/2024,CT180452,152,214,28045990.7,Giao dịch mua bán,IT,CUST0061,VEND0198,Asset,IAS 16,Asset,IAS 16
18/03/2024,CT640411,112,211,39514202.07,Giao dịch mua bán,HR,CUST0064,VEND0037,Asset,IAS 16,Asset,IAS 16
01/01/2024,CT264549,632,131,32933031.23,Giao dịch mua bán,Production,CUST0166,VEND0085,Expense,IAS 1,Expense,IAS 1
11/02/2024,CT296267,111,642,27734002.2,Giao dịch mua bán,Sales,CUST0010,VEND0183,Asset,IAS 16,Asset,IAS 16
29/07/2024,CT823709,156,214,35055586.23,Giao dịch mua bán,Sales,CUST0130,VEND0133,Asset,IAS 16,Asset,IAS 16
29/09/2024,CT600105,632,511,11588652.86,Giao dịch mua bán,IT,CUST0164,VEND0027,Expense,IAS 1,Expense,IAS 1
30/09/2024,CT136024,112,511,34417636.39,Giao dịch mua bán,Finance,CUST0067,VEND0134,Asset,IAS 16,Asset,IAS 16
14/04/2024,CT309793,632,642,48506034.54,Giao dịch mua bán,Sales,CUST0065,VEND0173,Expense,IAS 1,Expense,IAS 1
19/10/2024,CT482885,111,331,27751392.11,Giao dịch mua bán,IT,CUST0181,VEND0136,Asset,IAS 16,Asset,IAS 16
12/06/2024,CT872917,511,211,10411668.07,Giao dịch mua bán,HR,CUST0035,VEND0084,Revenue,IFRS 15,Revenue,IFRS 15
04/03/2024,CT469183,152,331,3471052.82,Giao dịch mua bán,IT,CUST0031,VEND0005,Asset,IAS 16,Asset,IAS 16
20/12/2024,CT509860,131,131,279453.28,Giao dịch mua bán,IT,CUST0145,VEND0200,Asset,IAS 16,Asset,IAS 16
11/07/2024,CT147570,131,214,39052446.74,Giao dịch mua bán,HR,CUST0061,VEND0200,Asset,IAS 16,Asset,IAS 16
27/12/2024,CT036794,152,211,43167007.07,Giao dịch mua bán,Finance,CUST0175,VEND0089,Asset,IAS 16,Asset,IAS 16
03/02/2024,CT674364,152,331,33397937.87,Giao dịch mua bán,HR,CUST0175,VEND0192,Asset,IAS 16,Asset,IAS 16
19/09/2024,CT899147,214,642,37730152.57,Giao dịch mua bán,Finance,CUST0001,VEND0051,Asset,IAS 16,Asset,IAS 16
06/02/2024,CT741686,152,642,206836.93,Giao dịch mua bán,HR,CUST0063,VEND0128,Asset,IAS 16,Asset,IAS 16
24/06/2024,CT302269,112,632,49104816.52,Giao dịch mua bán,Production,CUST0144,VEND0087,Asset,IAS 16,Asset,IAS 16
13/04/2024,CT351217,131,511,29772344.35,Giao dịch mua bán,Sales,CUST0148,VEND0196,Asset,IAS 16,Asset,IAS 16
22/08/2024,DUPLICATE,214,131,48607480.62,Giao dịch mua bán,IT,CUST0010,VEND0073,Asset,IAS 16,Asset,IAS 16
20/12/2024,CT128839,112,642,27566180.53,Giao dịch mua bán,Production,CUST0081,VEND0059,Asset,IAS 16,Asset,IAS 16
27/01/2024,CT868586,131,152,4863608.02,Giao dịch mua bán,Finance,CUST0030,VEND0126,Asset,IAS 16,Asset,IAS 16
03/08/2024,CT875374,111,632,12703323.53,Giao dịch mua bán,IT,CUST0127,VEND0168,Asset,IAS 16,Asset,IAS 16
18/04/2024,CT037318,331,131,4229439.72,Giao dịch mua bán,Production,CUST0181,VEND0037,Liability,IAS 37,Liability,IAS 37
19/11/2024,CT140140,211,642,2222983.87,Giao dịch mua bán,Sales,CUST0157,VEND0074,Asset,IAS 16,Asset,IAS 16
20/01/2024,CT708060,131,131,37263702.54,Giao dịch mua bán,Production,CUST0190,VEND0136,Asset,IAS 16,Asset,IAS 16
13/03/2024,CT234647,112,211,25685600.99,Giao dịch mua bán,HR,CUST0052,VEND0011,Asset,IAS 16,Asset,IAS 16
09/10/2024,CT225284,511,331,21892808.07,Giao dịch mua bán,Production,CUST0195,VEND0008,Revenue,IFRS 15,Revenue,IFRS 15
21/08/2024,CT229753,642,112,49572898.13,Giao dịch mua bán,Finance,CUST0097,VEND0082,Expense,IAS 1,Expense,IAS 1
23/02/2024,CT845907,632,131,10147115.47,Giao dịch mua bán,HR,CUST0197,VEND0023,Expense,IAS 1,Expense,IAS 1
29/06/2024,CT754199,111,211,11051038.82,Giao dịch mua bán,Sales,CUST0143,VEND0112,Asset,IAS 16,Asset,IAS 16
10/07/2024,CT204133,111,156,29379607.19,Giao dịch mua bán,Sales,CUST0004,VEND0173,Asset,IAS 16,Asset,IAS 16
29/01/2024,CT027734,111,111,12466488.77,Giao dịch mua bán,Sales,CUST0022,VEND0098,Asset,IAS 16,Asset,IAS 16
31/03/2024,CT436252,152,214,32052810.07,Giao dịch mua bán,Sales,CUST0190,VEND0010,Asset,IAS 16,Asset,IAS 16
13/12/2024,CT426421,112,642,28077868.14,Giao dịch mua bán,Finance,CUST0085,VEND0133,Asset,IAS 16,Asset,IAS 16
27/04/2024,CT858935,511,111,22825742.37,Giao dịch mua bán,Production,CUST0108,VEND0084,Revenue,IFRS 15,Revenue,IFRS 15
29/08/2024,CT622752,632,111,743673.74,Giao dịch mua bán,Production,CUST0027,VEND0185,Expense,IAS 1,Expense,IAS 1
15/08/2024,CT249396,211,131,14131214.03,Giao dịch mua bán,IT,CUST0033,VEND0070,Asset,IAS 16,Asset,IAS 16
31/10/2024,CT374998,632,112,9895003.06,Giao dịch mua bán,Finance,CUST0136,VEND0052,Expense,IAS 1,Expense,IAS 1
14/07/2024,CT004489,331,214,36638554.99,Giao dịch mua bán,Production,CUST0167,VEND0135,Liability,IAS 37,Liability,IAS 37
17/05/2024,CT594763,152,131,26892260.99,Giao dịch mua bán,Production,CUST0171,VEND0068,Asset,IAS 16,Asset,IAS 16
15/06/2024,CT983848,152,112,35723697.67,Giao dịch mua bán,Sales,CUST0181,VEND0024,Asset,IAS 16,Asset,IAS 16
09/08/2024,CT571363,211,152,49461839.28,Giao dịch mua bán,Sales,CUST0112,VEND0025,Asset,IAS 16,Asset,IAS 16
04/01/2024,CT308574,211,211,7796507.67,Giao dịch mua bán,IT,CUST0099,VEND0116,Asset,IAS 16,Asset,IAS 16
21/02/2024,CT252602,511,632,48957857.33,Giao dịch mua bán,Sales,CUST0059,VEND0119,Revenue,IFRS 15,Revenue,IFRS 15
06/03/2024,CT109814,331,156,18879315.63,Giao dịch mua bán,HR,CUST0033,VEND0178,Liability,IAS 37,Liability,IAS 37
01/06/2024,CT707912,211,152,38768644.09,Giao dịch mua bán,Production,CUST0047,VEND0121,Asset,IAS 16,Asset,IAS 16
20/04/2024,CT315954,131,214,10694493.89,Giao dịch mua bán,Finance,CUST0134,VEND0055,Asset,IAS 16,Asset,IAS 16
05/11/2024,CT134303,111,211,44839443.31,Giao dịch mua bán,IT,CUST0021,VEND0102,Asset,IAS 16,Asset,IAS 16
17/04/2024,CT229197,152,152,13200536.82,Giao dịch mua bán,Production,CUST0140,VEND0092,Asset,IAS 16,Asset,IAS 16
13/09/2024,CT288682,131,511,34165576.9,Giao dịch mua bán,Sales,CUST0080,VEND0013,Asset,IAS 16,Asset,IAS 16
18/06/2024,CT574979,152,632,38027723.72,Giao dịch mua bán,HR,CUST0100,VEND0115,Asset,IAS 16,Asset,IAS 16
09/11/2024,CT914022,156,511,1598088.5,Giao dịch mua bán,Finance,CUST0097,VEND0136,Asset,IAS 16,Asset,IAS 16
16/10/2024,CT784553,331,214,1885009.27,Giao dịch mua bán,Sales,CUST0013,VEND0127,Liability,IAS 37,Liability,IAS 37
25/10/2024,CT089552,642,111,13250245.83,Giao dịch mua bán,IT,CUST0081,VEND0187,Expense,IAS 1,Expense,IAS 1
26/10/2024,CT546986,331,632,39561345.64,Giao dịch mua bán,Finance,CUST0134,VEND0143,Liability,IAS 37,Liability,IAS 37
24/01/2024,CT223665,511,511,1794784.06,Giao dịch mua bán,Production,CUST0110,VEND0178,Revenue,IFRS 15,Revenue,IFRS 15
28/08/2024,CT846805,214,632,3482607.85,Giao dịch mua bán,Finance,CUST0016,VEND0067,Asset,IAS 16,Asset,IAS 16
12/05/2024,CT529757,511,156,27857013.7,Giao dịch mua bán,HR,CUST0197,VEND0130,Revenue,IFRS 15,Revenue,IFRS 15
09/08/2024,CT194322,511,111,9430706.8,Giao dịch mua bán,HR,CUST0077,VEND0117,Revenue,IFRS 15,Revenue,IFRS 15
06/01/2024,CT246344,131,511,27383985.11,Giao dịch mua bán,IT,CUST0015,VEND0127,Asset,IAS 16,Asset,IAS 16
28/09/2024,CT996852,111,214,13848770.9,Giao dịch mua bán,Sales,CUST0012,VEND0023,Asset,IAS 16,Asset,IAS 16
01/02/2024,CT786147,131,642,26465978.87,Giao dịch mua bán,IT,CUST0193,VEND0142,Asset,IAS 16,Asset,IAS 16
25/07/2024,CT877817,214,214,23844078.49,Giao dịch mua bán,Production,CUST0037,VEND0094,Asset,IAS 16,Asset,IAS 16
29/11/2024,CT930986,331,331,24663884.87,Giao dịch mua bán,IT,CUST0171,VEND0066,Liability,IAS 37,Liability,IAS 37
07/05/2024,CT536871,111,211,47833221.49,Giao dịch mua bán,HR,CUST0192,VEND0056,Asset,IAS 16,Asset,IAS 16
26/10/2024,CT910301,214,131,29210953.51đ,Giao dịch mua bán,Finance,CUST0019,VEND0073,Asset,IAS 16,Asset,IAS 16
29/12/2024,CT254125,642,131,26646911.88,Giao dịch mua bán,Production,CUST0152,VEND0036,Expense,IAS 1,Expense,IAS 1
26/06/2024,CT675261,211,152,30919460.4,Giao dịch mua bán,IT,CUST0086,VEND0145,Asset,IAS 16,Asset,IAS 16
24/11/2024,CT487256,131,112,5847964.42,Giao dịch mua bán,Production,CUST0049,VEND0190,Asset,IAS 16,Asset,IAS 16
21/09/2024,CT436531,156,211,28927348.14,Giao dịch mua bán,Sales,CUST0132,VEND0042,Asset,IAS 16,Asset,IAS 16
31/12/2024,CT424093,214,632,30195949.01,Giao dịch mua bán,Sales,CUST0065,VEND0095,Asset,IAS 16,Asset,IAS 16
21/06/2024,CT050576,632,211,5237356.54,Giao dịch mua bán,Finance,CUST0065,VEND0067,Expense,IAS 1,Expense,IAS 1
19/11/2024,CT167585,642,511,32104758.26,Giao dịch mua bán,Finance,CUST0044,VEND0140,Expense,IAS 1,Expense,IAS 1
09/12/2024,CT068500,511,112,39476830.54,Giao dịch mua bán,HR,CUST0080,VEND0182,Revenue,IFRS 15,Revenue,IFRS 15
30/01/2024,CT399298,112,152,18208284.59,Giao dịch mua bán,HR,CUST0084,VEND0030,Asset,IAS 16,Asset,IAS 16
16/09/2024,CT124326,111,111,29798519.66,Giao dịch mua bán,Sales,CUST0099,VEND0097,Asset,IAS 16,Asset,IAS 16
22/03/2024,CT739667,331,156,32113388.12,Giao dịch mua bán,IT,CUST0109,VEND0027,Liability,IAS 37,Liability,IAS 37
19/09/2024,CT698722,111,152,7005289.05,Giao dịch mua bán,Sales,CUST0059,VEND0054,Asset,IAS 16,Asset,IAS 16
30/12/2024,CT419289,152,632,12202803.36,Giao dịch mua bán,Production,CUST0072,VEND0011,Asset,IAS 16,Asset,IAS 16
20/03/2024,CT179389,214,156,30595653.03,Giao dịch mua bán,Production,CUST0073,VEND0101,Asset,IAS 16,Asset,IAS 16
23/08/2024,CT768888,214,511,26057661.88,Giao dịch mua bán,HR,CUST0071,VEND0079,Asset,IAS 16,Asset,IAS 16
01/09/2024,CT204769,511,642,48681885.57,Giao dịch mua bán,IT,CUST0194,VEND0141,Revenue,IFRS 15,Revenue,IFRS 15
24/11/2024,CT958222,211,111,132255,Giao dịch mua bán,Production,CUST0183,VEND0021,Asset,IAS 16,Asset,IAS 16
18/01/2024,CT960553,331,211,47660743.29,Giao dịch mua bán,Sales,CUST0063,VEND0189,Liability,IAS 37,Liability,IAS 37
09/09/2024,CT514241,632,131,34161892.63,Giao dịch mua bán,IT,CUST0128,VEND0075,Expense,IAS 1,Expense,IAS 1
11/03/2024,CT371905,156,156,34501597.08,Giao dịch mua bán,IT,CUST0011,VEND0071,Asset,IAS 16,Asset,IAS 16
28/06/2024,CT080000,642,111,14012590.33,Giao dịch mua bán,IT,CUST0007,VEND0015,Expense,IAS 1,Expense,IAS 1
02/07/2024,CT319018,131,131,29056328.17,Giao dịch mua bán,IT,CUST0174,VEND0113,Asset,IAS 16,Asset,IAS 16
06/04/2024,CT438196,112,152,33860423.78,Giao dịch mua bán,Sales,CUST0031,VEND0150,Asset,IAS 16,Asset,IAS 16
23/07/2024,CT110753,211,642,15051181.28,Giao dịch mua bán,IT,CUST0108,VEND0160,Asset,IAS 16,Asset,IAS 16
08/11/2024,CT260371,131,111,38635959.03,Giao dịch mua bán,IT,CUST0068,VEND0134,Asset,IAS 16,Asset,IAS 16
02/07/2024,CT280456,156,131,44388149.76,Giao dịch mua bán,Production,CUST0200,VEND0088,Asset,IAS 16,Asset,IAS 16
24/11/2024,CT850722,112,112,40823191.86,Giao dịch mua bán,HR,CUST0104,VEND0159,Asset,IAS 16,Asset,IAS 16
08/04/2024,CT584582,642,211,39181379.66,Giao dịch mua bán,IT,CUST0061,VEND0049,Expense,IAS 1,Expense,IAS 1
12/12/2024,CT554431,331,331,39079936.34,Giao dịch mua bán,IT,CUST0028,VEND0155,Liability,IAS 37,Liability,IAS 37
30/06/2024,CT582181,214,211,44886683.74,Giao dịch mua bán,IT,CUST0185,VEND0062,Asset,IAS 16,Asset,IAS 16
20/02/2024,CT861786,131,111,13735340.15,Giao dịch mua bán,Production,CUST0119,VEND0001,Asset,IAS 16,Asset,IAS 16
24/04/2024,CT324459,152,111,41385174.36,Giao dịch mua bán,Finance,CUST0188,VEND0042,Asset,IAS 16,Asset,IAS 16
18/05/2024,CT290952,642,642,14533672.56,Giao dịch mua bán,HR,CUST0095,VEND0136,Expense,IAS 1,Expense,IAS 1
28/02/2024,CT154446,214,156,40704830.82,Giao dịch mua bán,IT,CUST0145,VEND0176,Asset,IAS 16,Asset,IAS 16
17/07/2024,CT168484,152,131,22576157.95,Giao dịch mua bán,Sales,CUST0160,VEND0031,Asset,IAS 16,Asset,IAS 16
29/01/2024,CT031210,112,214,40821386.58,Giao dịch mua bán,HR,CUST0165,VEND0138,Asset,IAS 16,Asset,IAS 16
14/10/2024,CT238959,112,211,2208592.3,Giao dịch mua bán,HR,CUST0128,VEND0079,Asset,IAS 16,Asset,IAS 16
11/01/2024,CT731943,331,152,7396073.32,Giao dịch mua bán,IT,CUST0125,VEND0088,Liability,IAS 37,Liability,IAS 37
16/09/2024,CT567288,152,111,1407643.7,Giao dịch mua bán,Sales,CUST0160,VEND0085,Asset,IAS 16,Asset,IAS 16
06/03/2024,CT949828,156,511,25535228.29,Giao dịch mua bán,Production,CUST0191,VEND0107,Asset,IAS 16,Asset,IAS 16
19/04/2024,CT092173,214,112,20009507.44,Giao dịch mua bán,Finance,CUST0106,VEND0045,Asset,IAS 16,Asset,IAS 16
27/05/2024,CT703373,131,112,40222205.25,Giao dịch mua bán,Sales,CUST0175,VEND0059,Asset,IAS 16,Asset,IAS 16
03/02/2024,CT712747,156,131,49621924.02,Giao dịch mua bán,Finance,CUST0146,VEND0191,Asset,IAS 16,Asset,IAS 16
19/06/2024,CT481861,152,131,8602595.11,Giao dịch mua bán,HR,CUST0064,VEND0072,Asset,IAS 16,Asset,IAS 16
15/06/2024,CT745827,112,642,47928891.98,Giao dịch mua bán,Sales,CUST0104,VEND0136,Asset,IAS 16,Asset,IAS 16
01/10/2024,CT573260,331,642,4757228.65,Giao dịch mua bán,Production,CUST0023,VEND0152,Liability,IAS 37,Liability,IAS 37
11/02/2024,CT922560,331,131,14411811.62,Giao dịch mua bán,Production,CUST0190,VEND0047,Liability,IAS 37,Liability,IAS 37
14/10/2024,CT833697,511,331,24927258.02,Giao dịch mua bán,HR,CUST0178,VEND0030,Revenue,IFRS 15,Revenue,IFRS 15
11/01/2024,CT563945,331,632,11906408.39,Giao dịch mua bán,Sales,CUST0062,VEND0139,Liability,IAS 37,Liability,IAS 37
16/04/2024,CT028819,131,112,1222842.91đ,Giao dịch mua bán,IT,CUST0164,VEND0058,Asset,IAS 16,Asset,IAS 16
05/06/2024,CT870110,131,152,37865204.83,Giao dịch mua bán,HR,CUST0151,VEND0031,Asset,IAS 16,Asset,IAS 16
27/01/2024,CT465707,156,112,11951973.19,Giao dịch mua bán,Sales,CUST0117,VEND0109,Asset,IAS 16,Asset,IAS 16
25/07/2024,CT543858,331,111,26368856.14,Giao dịch mua bán,HR,CUST0151,VEND0132,Liability,IAS 37,Liability,IAS 37
01/08/2024,CT698407,331,511,14438293.94,Giao dịch mua bán,HR,CUST0116,VEND0101,Liability,IAS 37,Liability,IAS 37
28/02/2024,CT311547,214,211,44414539.15,Giao dịch mua bán,Production,CUST0130,VEND0008,Asset,IAS 16,Asset,IAS 16
28/09/2024,CT958607,331,642,16129100.67,Giao dịch mua bán,Finance,CUST0198,VEND0123,Liability,IAS 37,Liability,IAS 37
13/08/2024,CT225809,131,152,11033909.28,Giao dịch mua bán,HR,CUST0060,VEND0128,Asset,IAS 16,Asset,IAS 16
19/12/2024,CT051915,112,211,5977069.22,Giao dịch mua bán,Production,CUST0021,VEND0048,Asset,IAS 16,Asset,IAS 16
08/12/2024,CT652504,111,214,19427356.78,Giao dịch mua bán,Production,CUST0030,VEND0094,Asset,IAS 16,Asset,IAS 16
11/05/2024,CT171087,331,642,33466591.37,Giao dịch mua bán,Production,CUST0149,VEND0188,Liability,IAS 37,Liability,IAS 37
08/03/2024,CT417483,632,331,42973945.31,Giao dịch mua bán,Production,CUST0116,VEND0200,Expense,IAS 1,Expense,IAS 1
25/01/2024,CT359088,111,642,12648921.31,Giao dịch mua bán,HR,CUST0086,VEND0065,Asset,IAS 16,Asset,IAS 16
21/05/2024,CT622905,152,331,38587163.23,Giao dịch mua bán,IT,CUST0104,VEND0020,Asset,IAS 16,Asset,IAS 16
20/03/2024,CT436534,156,642,36884666.38,Giao dịch mua bán,IT,CUST0181,VEND0128,Asset,IAS 16,Asset,IAS 16
21/04/2024,CT165817,331,152,33752825.44,Giao dịch mua bán,IT,CUST0009,VEND0088,Liability,IAS 37,Liability,IAS 37
01/04/2024,CT148248,111,632,3087162.85,Giao dịch mua bán,IT,CUST0190,VEND0170,Asset,IAS 16,Asset,IAS 16
11/07/2024,CT617523,211,111,31608838.95,Giao dịch mua bán,Finance,CUST0024,VEND0032,Asset,IAS 16,Asset,IAS 16
30/08/2024,CT150869,156,152,24126303.1,Giao dịch mua bán,Sales,CUST0004,VEND0062,Asset,IAS 16,Asset,IAS 16
02/07/2024,CT120150,632,331,6193281.22,Giao dịch mua bán,Sales,CUST0059,VEND0021,Expense,IAS 1,Expense,IAS 1
31/12/2024,CT828544,331,331,15715012.07,Giao dịch mua bán,IT,CUST0140,VEND0113,Liability,IAS 37,Liability,IAS 37
23/11/2024,CT661246,642,632,49781654.65,Giao dịch mua bán,IT,CUST0078,VEND0197,Expense,IAS 1,Expense,IAS 1
31/08/2024,DUPLICATE,211,642,23346568.09,Giao dịch mua bán,Finance,CUST0060,VEND0064,Asset,IAS 16,Asset,IAS 16
18/03/2024,CT319320,632,211,22279839.29,Giao dịch mua bán,IT,CUST0067,VEND0083,Expense,IAS 1,Expense,IAS 1
15/03/2024,CT863775,211,632,47254858.88,Giao dịch mua bán,Finance,CUST0187,VEND0041,Asset,IAS 16,Asset,IAS 16
13/06/2024,CT775558,211,112,47426857.38,Giao dịch mua bán,Finance,CUST0089,VEND0029,Asset,IAS 16,Asset,IAS 16
21/11/2024,CT864458,331,511,47129470.8,Giao dịch mua bán,Sales,CUST0182,VEND0036,Liability,IAS 37,Liability,IAS 37
24/06/2024,CT249435,211,511,12387098.78,Giao dịch mua bán,Finance,CUST0136,VEND0070,Asset,IAS 16,Asset,IAS 16
21/09/2024,CT858362,511,156,32625284.94,Giao dịch mua bán,Finance,CUST0200,VEND0029,Revenue,IFRS 15,Revenue,IFRS 15
09/02/2024,CT922363,331,111,1291652.54,Giao dịch mua bán,HR,CUST0116,VEND0085,Liability,IAS 37,Liability,IAS 37
24/07/2024,CT550562,642,111,18726469.05,Giao dịch mua bán,Sales,CUST0185,VEND0091,Expense,IAS 1,Expense,IAS 1
09/10/2024,CT593274,152,642,23536359.97,Giao dịch mua bán,Sales,CUST0076,VEND0195,Asset,IAS 16,Asset,IAS 16
02/08/2024,CT115255,156,112,3335192.93,Giao dịch mua bán,Sales,CUST0031,VEND0017,Asset,IAS 16,Asset,IAS 16
19/10/2024,CT618180,214,211,14400501.08,Giao dịch mua bán,Sales,CUST0108,VEND0099,Asset,IAS 16,Asset,IAS 16
12/07/2024,CT154302,131,131,23467961.26,Giao dịch mua bán,Finance,CUST0185,VEND0006,Asset,IAS 16,Asset,IAS 16
15/03/2024,CT309843,112,152,32750809.93,Giao dịch mua bán,Production,CUST0031,VEND0039,Asset,IAS 16,Asset,IAS 16
13/01/2024,CT874035,156,214,7768419.39,Giao dịch mua bán,IT,CUST0081,VEND0011,Asset,IAS 16,Asset,IAS 16
19/01/2024,CT810178,331,214,20095135.93,Giao dịch mua bán,HR,CUST0125,VEND0083,Liability,IAS 37,Liability,IAS 37
12/03/2024,CT004971,111,131,25449204.69,Giao dịch mua bán,Finance,CUST0117,VEND0010,Asset,IAS 16,Asset,IAS 16
05/10/2024,CT392177,511,112,27209474.65,Giao dịch mua bán,HR,CUST0122,VEND0043,Revenue,IFRS 15,Revenue,IFRS 15
22/12/2024,CT517823,331,214,6670049.6,Giao dịch mua bán,HR,CUST0097,VEND0102,Liability,IAS 37,Liability,IAS 37
20/05/2024,CT713779,131,331,3929012.55,Giao dịch mua bán,Finance,CUST0063,VEND0029,Asset,IAS 16,Asset,IAS 16
08/06/2024,CT364283,214,112,31728870.15,Giao dịch mua bán,Production,CUST0125,VEND0187,Asset,IAS 16,Asset,IAS 16
13/09/2024,CT373499,211,331,10908855.78,Giao dịch mua bán,Sales,CUST0049,VEND0197,Asset,IAS 16,Asset,IAS 16
02/01/2024,CT427978,632,152,11298918.76,Giao dịch mua bán,HR,CUST0001,VEND0129,Expense,IAS 1,Expense,IAS 1
01/10/2024,CT277481,632,156,16513401.42,Giao dịch mua bán,Sales,CUST0087,VEND0065,Expense,IAS 1,Expense,IAS 1
01/07/2024,CT219928,112,152,39808531.31,Giao dịch mua bán,Production,CUST0078,VEND0153,Asset,IAS 16,Asset,IAS 16
16/11/2024,CT714228,111,632,33853402.3,Giao dịch mua bán,Finance,CUST0008,VEND0179,Asset,IAS 16,Asset,IAS 16
20/09/2024,CT584286,112,152,38003815.35,Giao dịch mua bán,IT,CUST0125,VEND0125,Asset,IAS 16,Asset,IAS 16
01/09/2024,CT664655,511,632,29266025.82,Giao dịch mua bán,Sales,CUST0186,VEND0154,Revenue,IFRS 15,Revenue,IFRS 15
09/02/2024,CT213270,642,112,9382301.2,Giao dịch mua bán,Finance,CUST0182,VEND0172,Expense,IAS 1,Expense,IAS 1
17/11/2024,CT517797,214,642,11773763.79,Giao dịch mua bán,Sales,CUST0160,VEND0021,Asset,IAS 16,Asset,IAS 16
19/02/2024,CT556701,211,642,13128021.52,Giao dịch mua bán,Production,CUST0192,VEND0044,Asset,IAS 16,Asset,IAS 16
29/09/2024,CT037640,111,214,20005087.19,Giao dịch mua bán,HR,CUST0081,VEND0038,Asset,IAS 16,Asset,IAS 16
13/05/2024,CT051076,214,111,29115823.48,Giao dịch mua bán,IT,CUST0115,VEND0100,Asset,IAS 16,Asset,IAS 16
13/02/2024,CT171002,511,152,3942454.14,Giao dịch mua bán,Production,CUST0047,VEND0135,Revenue,IFRS 15,Revenue,IFRS 15
13/05/2024,CT085227,156,214,34029054.39,Giao dịch mua bán,Sales,CUST0086,VEND0055,Asset,IAS 16,Asset,IAS 16
18/10/2024,CT654696,632,112,25185548.09,Giao dịch mua bán,Finance,CUST0015,VEND0013,Expense,IAS 1,Expense,IAS 1
28/06/2024,CT269050,211,331,7636365.25,Giao dịch mua bán,Sales,CUST0104,VEND0082,Asset,IAS 16,Asset,IAS 16
03/07/2024,CT529552,632,131,14500920.5,Giao dịch mua bán,IT,CUST0133,VEND0053,Expense,IAS 1,Expense,IAS 1
20/08/2024,CT063149,642,152,46719100.95,Giao dịch mua bán,Sales,CUST0071,VEND0200,Expense,IAS 1,Expense,IAS 1
16/04/2024,CT590594,131,211,26964457.38,Giao dịch mua bán,Finance,CUST0047,VEND0070,Asset,IAS 16,Asset,IAS 16
08/06/2024,CT738171,642,632,3560076.25,Giao dịch mua bán,Production,CUST0174,VEND0080,Expense,IAS 1,Expense,IAS 1
29/04/2024,CT882444,632,111,14031212.26,Giao dịch mua bán,Finance,CUST0059,VEND0121,Expense,IAS 1,Expense,IAS 1
15/10/2024,CT116862,211,632,49083516.3,Giao dịch mua bán,Sales,CUST0164,VEND0196,Asset,IAS 16,Asset,IAS 16
08/08/2024,CT830970,156,511,24035225.78,Giao dịch mua bán,HR,CUST0113,VEND0196,Asset,IAS 16,Asset,IAS 16
24/08/2024,CT630961,112,112,31721379.3,Giao dịch mua bán,Finance,CUST0171,VEND0051,Asset,IAS 16,Asset,IAS 16
25/07/2024,CT498296,112,632,37400411.33,Giao dịch mua bán,Finance,CUST0142,VEND0148,Asset,IAS 16,Asset,IAS 16
29/10/2024,CT541087,331,331,34592510.6,Giao dịch mua bán,HR,CUST0143,VEND0151,Liability,IAS 37,Liability,IAS 37
27/07/2024,CT945869,214,211,21126140.77,Giao dịch mua bán,Finance,CUST0037,VEND0178,Asset,IAS 16,Asset,IAS 16
20/03/2024,CT314104,214,131,29198384.02,Giao dịch mua bán,HR,CUST0164,VEND0140,Asset,IAS 16,Asset,IAS 16
24/02/2024,CT666419,331,152,14083359.74,Giao dịch mua bán,Sales,CUST0033,VEND0109,Liability,IAS 37,Liability,IAS 37
06/07/2024,CT884817,632,211,24936761.29,Giao dịch mua bán,Finance,CUST0045,VEND0157,Expense,IAS 1,Expense,IAS 1
20/04/2024,CT169663,152,152,3275702.69đ,Giao dịch mua bán,IT,CUST0041,VEND0004,Asset,IAS 16,Asset,IAS 16
03/07/2024,CT502936,642,112,25238258.29,Giao dịch mua bán,HR,CUST0182,VEND0070,Expense,IAS 1,Expense,IAS 1
22/04/2024,CT807786,131,642,32162838.02,Giao dịch mua bán,Sales,CUST0005,VEND0163,Asset,IAS 16,Asset,IAS 16
17/09/2024,CT591232,642,632,16024991.63,Giao dịch mua bán,Finance,CUST0080,VEND0007,Expense,IAS 1,Expense,IAS 1
13/07/2024,CT261564,111,152,13040924.51,Giao dịch mua bán,HR,CUST0085,VEND0106,Asset,IAS 16,Asset,IAS 16
04/01/2024,CT561006,131,511,31998501.64,Giao dịch mua bán,HR,CUST0186,VEND0105,Asset,IAS 16,Asset,IAS 16
04/02/2024,CT065390,642,131,32455288.7,Giao dịch mua bán,IT,CUST0184,VEND0105,Expense,IAS 1,Expense,IAS 1
02/06/2024,CT641674,331,152,21603909.79,Giao dịch mua bán,Finance,CUST0056,VEND0079,Liability,IAS 37,Liability,IAS 37
24/09/2024,CT225126,642,112,31725742.43,Giao dịch mua bán,Production,CUST0180,VEND0093,Expense,IAS 1,Expense,IAS 1
23/05/2024,CT150305,331,111,19740567.8,Giao dịch mua bán,Sales,CUST0108,VEND0031,Liability,IAS 37,Liability,IAS 37
12/01/2024,CT390213,214,642,49634109.84,Giao dịch mua bán,Production,CUST0091,VEND0051,Asset,IAS 16,Asset,IAS 16
01/10/2024,CT202332,112,112,13708486.46,Giao dịch mua bán,Production,CUST0008,VEND0038,Asset,IAS 16,Asset,IAS 16
23/09/2024,CT654203,156,112,2473068.37,Giao dịch mua bán,HR,CUST0027,VEND0011,Asset,IAS 16,Asset,IAS 16
03/02/2024,CT016650,214,511,48887426.86,Giao dịch mua bán,HR,CUST0181,VEND0021,Asset,IAS 16,Asset,IAS 16
13/11/2024,CT484667,156,211,25830606.05,Giao dịch mua bán,Finance,CUST0115,VEND0009,Asset,IAS 16,Asset,IAS 16
01/07/2024,CT839548,214,111,39338524.31,Giao dịch mua bán,HR,CUST0088,VEND0054,Asset,IAS 16,Asset,IAS 16
26/02/2024,CT607169,214,112,31269586.44,Giao dịch mua bán,Sales,CUST0002,VEND0098,Asset,IAS 16,Asset,IAS 16
06/02/2024,CT927044,152,211,7712692.68,Giao dịch mua bán,Sales,CUST0045,VEND0152,Asset,IAS 16,Asset,IAS 16
21/01/2024,CT587267,331,331,18170203.6,Giao dịch mua bán,HR,CUST0068,VEND0167,Liability,IAS 37,Liability,IAS 37
11/11/2024,CT119212,331,211,25666356.27,Giao dịch mua bán,Production,CUST0076,VEND0185,Liability,IAS 37,Liability,IAS 37
23/09/2024,CT583059,214,214,2334199.76,Giao dịch mua bán,Sales,CUST0185,VEND0118,Asset,IAS 16,Asset,IAS 16
08/06/2024,CT329237,211,214,8002690.7,Giao dịch mua bán,Finance,CUST0108,VEND0072,Asset,IAS 16,Asset,IAS 16
28/04/2024,CT606155,152,642,46208672.93,Giao dịch mua bán,HR,CUST0006,VEND0078,Asset,IAS 16,Asset,IAS 16
06/06/2024,CT149195,131,131,6004151.97,Giao dịch mua bán,HR,CUST0197,VEND0156,Asset,IAS 16,Asset,IAS 16
09/03/2024,CT672753,211,511,28401790.3,Giao dịch mua bán,Sales,CUST0156,VEND0178,Asset,IAS 16,Asset,IAS 16
16/01/2024,CT647543,131,214,16303179.42,Giao dịch mua bán,IT,CUST0050,VEND0181,Asset,IAS 16,Asset,IAS 16
28/12/2024,CT915210,642,214,7249516.72,Giao dịch mua bán,Sales,CUST0021,VEND0021,Expense,IAS 1,Expense,IAS 1
22/11/2024,CT280853,211,211,6455844.71,Giao dịch mua bán,Finance,CUST0170,VEND0084,Asset,IAS 16,Asset,IAS 16
03/01/2024,CT710312,211,511,26786580.01,Giao dịch mua bán,HR,CUST0141,VEND0163,Asset,IAS 16,Asset,IAS 16
11/08/2024,CT291980,156,111,13763017.4,Giao dịch mua bán,Sales,CUST0055,VEND0171,Asset,IAS 16,Asset,IAS 16
15/03/2024,CT411700,211,156,11684794.48,Giao dịch mua bán,Finance,CUST0043,VEND0035,Asset,IAS 16,Asset,IAS 16
13/01/2024,CT750828,331,131,17174610.02,Giao dịch mua bán,HR,CUST0012,VEND0180,Liability,IAS 37,Liability,IAS 37
18/11/2024,CT341052,211,131,13143663.78,Giao dịch mua bán,Finance,CUST0020,VEND0029,Asset,IAS 16,Asset,IAS 16
06/09/2024,CT693235,152,211,32580060.7,Giao dịch mua bán,Sales,CUST0026,VEND0060,Asset,IAS 16,Asset,IAS 16
18/12/2024,CT355465,211,156,33167264.12,Giao dịch mua bán,Finance,CUST0126,VEND0003,Asset,IAS 16,Asset,IAS 16
10/11/2024,CT321239,152,112,13718094.6,Giao dịch mua bán,HR,CUST0073,VEND0080,Asset,IAS 16,Asset,IAS 16
05/02/2024,CT754461,642,131,39992659.67,Giao dịch mua bán,Sales,CUST0191,VEND0008,Expense,IAS 1,Expense,IAS 1
24/03/2024,CT870022,642,112,20499368.86đ,Giao dịch mua bán,Finance,CUST0112,VEND0126,Expense,IAS 1,Expense,IAS 1
16/03/2024,CT888010,331,511,40883126.83,Giao dịch mua bán,Production,CUST0157,VEND0199,Liability,IAS 37,Liability,IAS 37
17/09/2024,CT332236,511,214,22631520.76,Giao dịch mua bán,Production,CUST0177,VEND0031,Revenue,IFRS 15,Revenue,IFRS 15
22/08/2024,CT358494,511,331,26217745.82đ,Giao dịch mua bán,IT,CUST0139,VEND0032,Revenue,IFRS 15,Revenue,IFRS 15
14/08/2024,CT524987,214,111,25680633.73,Giao dịch mua bán,Sales,CUST0096,VEND0121,Asset,IAS 16,Asset,IAS 16
29/12/2024,CT235360,211,632,30453920.82,Giao dịch mua bán,IT,CUST0182,VEND0182,Asset,IAS 16,Asset,IAS 16
12/09/2024,CT291927,331,156,41383287.84,Giao dịch mua bán,IT,CUST0081,VEND0092,Liability,IAS 37,Liability,IAS 37
24/05/2024,CT022243,331,214,12171263.61,Giao dịch mua bán,Sales,CUST0063,VEND0125,Liability,IAS 37,Liability,IAS 37
02/11/2024,CT498032,642,131,10112819.8,Giao dịch mua bán,Sales,CUST0104,VEND0166,Expense,IAS 1,Expense,IAS 1
10/05/2024,CT336985,331,131,2141591.56,Giao dịch mua bán,IT,CUST0159,VEND0088,Liability,IAS 37,Liability,IAS 37
10/01/2024,CT984714,214,112,13503365.91,Giao dịch mua bán,Production,CUST0184,VEND0163,Asset,IAS 16,Asset,IAS 16
19/09/2024,CT374590,131,131,19956471.94,Giao dịch mua bán,Production,CUST0043,VEND0029,Asset,IAS 16,Asset,IAS 16
24/05/2024,CT297381,642,632,40605485.45,Giao dịch mua bán,Sales,CUST0036,VEND0083,Expense,IAS 1,Expense,IAS 1
02/12/2024,CT411937,511,632,2392715.83,Giao dịch mua bán,Finance,CUST0196,VEND0101,Revenue,IFRS 15,Revenue,IFRS 15
20/09/2024,CT967499,111,214,28529135.95,Giao dịch mua bán,Sales,CUST0081,VEND0100,Asset,IAS 16,Asset,IAS 16
26/05/2024,CT645893,331,112,12341904.17,Giao dịch mua bán,HR,CUST0095,VEND0082,Liability,IAS 37,Liability,IAS 37
09/08/2024,CT350097,156,152,9756341.88,Giao dịch mua bán,IT,CUST0194,VEND0194,Asset,IAS 16,Asset,IAS 16
13/04/2024,CT816410,131,211,39106185.2,Giao dịch mua bán,IT,CUST0120,VEND0193,Asset,IAS 16,Asset,IAS 16
22/07/2024,CT454528,632,131,24101500.38,Giao dịch mua bán,HR,CUST0182,VEND0037,Expense,IAS 1,Expense,IAS 1
11/11/2024,CT552495,331,111,49919477.33,Giao dịch mua bán,HR,CUST0150,VEND0131,Liability,IAS 37,Liability,IAS 37
19/11/2024,CT785849,331,511,24492036,Giao dịch mua bán,Production,CUST0191,VEND0180,Liability,IAS 37,Liability,IAS 37
09/05/2024,CT301926,211,511,2506212.91,Giao dịch mua bán,HR,CUST0076,VEND0117,Asset,IAS 16,Asset,IAS 16
07/02/2024,CT082971,511,131,33418847.74,Giao dịch mua bán,HR,CUST0039,VEND0153,Revenue,IFRS 15,Revenue,IFRS 15
01/03/2024,CT760131,131,511,23975413.98,Giao dịch mua bán,Sales,CUST0091,VEND0138,Asset,IAS 16,Asset,IAS 16
26/09/2024,CT164317,211,152,14776094.24,Giao dịch mua bán,HR,CUST0037,VEND0131,Asset,IAS 16,Asset,IAS 16
09/02/2024,CT354118,131,156,48783673.08,Giao dịch mua bán,HR,CUST0102,VEND0116,Asset,IAS 16,Asset,IAS 16
17/08/2024,CT458911,111,331,9960342.28,Giao dịch mua bán,IT,CUST0168,VEND0163,Asset,IAS 16,Asset,IAS 16
17/02/2024,CT329723,211,331,43568251.74,Giao dịch mua bán,Finance,CUST0004,VEND0082,Asset,IAS 16,Asset,IAS 16
22/10/2024,CT757103,511,211,31858703.12,Giao dịch mua bán,IT,CUST0040,VEND0034,Revenue,IFRS 15,Revenue,IFRS 15
27/04/2024,CT480621,112,111,36911369.78,Giao dịch mua bán,Finance,CUST0133,VEND0172,Asset,IAS 16,Asset,IAS 16
24/08/2024,CT368350,214,331,39788357.52,Giao dịch mua bán,HR,CUST0030,VEND0060,Asset,IAS 16,Asset,IAS 16
28/11/2024,CT267551,214,511,33460553.84,Giao dịch mua bán,Finance,CUST0062,VEND0041,Asset,IAS 16,Asset,IAS 16
22/03/2024,CT594776,511,131,4602384.38,Giao dịch mua bán,IT,CUST0134,VEND0184,Revenue,IFRS 15,Revenue,IFRS 15
23/09/2024,CT273617,632,331,47800428.83,Giao dịch mua bán,Finance,CUST0137,VEND0136,Expense,IAS 1,Expense,IAS 1
19/05/2024,CT327702,214,632,18214153.17,Giao dịch mua bán,HR,CUST0018,VEND0193,Asset,IAS 16,Asset,IAS 16
21/07/2024,CT163466,111,152,26563877.28,Giao dịch mua bán,HR,CUST0040,VEND0146,Asset,IAS 16,Asset,IAS 16
04/01/2024,CT279956,331,214,37121883.76,Giao dịch mua bán,HR,CUST0033,VEND0041,Liability,IAS 37,Liability,IAS 37
27/03/2024,CT621076,211,131,26321280.43,Giao dịch mua bán,IT,CUST0083,VEND0123,Asset,IAS 16,Asset,IAS 16
10/11/2024,CT631857,511,331,37997340.17,Giao dịch mua bán,Finance,CUST0100,VEND0154,Revenue,IFRS 15,Revenue,IFRS 15
04/03/2024,CT038652,211,111,42949470.16,Giao dịch mua bán,IT,CUST0045,VEND0098,Asset,IAS 16,Asset,IAS 16
20/04/2024,CT027404,642,156,43303200.16,Giao dịch mua bán,Sales,CUST0097,VEND0005,Expense,IAS 1,Expense,IAS 1
25/01/2024,CT160197,112,511,4292978.49,Giao dịch mua bán,Production,CUST0183,VEND0172,Asset,IAS 16,Asset,IAS 16
10/12/2024,CT981802,642,214,36091290.69,Giao dịch mua bán,Production,CUST0046,VEND0154,Expense,IAS 1,Expense,IAS 1
27/04/2024,CT763506,156,211,42611870.34,Giao dịch mua bán,Finance,CUST0025,VEND0128,Asset,IAS 16,Asset,IAS 16
15/07/2024,CT075211,112,131,31649345.72,Giao dịch mua bán,Sales,CUST0199,VEND0191,Asset,IAS 16,Asset,IAS 16
08/06/2024,CT540348,131,131,27467094.51,Giao dịch mua bán,HR,CUST0058,VEND0076,Asset,IAS 16,Asset,IAS 16
01/04/2024,CT624533,214,211,4631709.89,Giao dịch mua bán,HR,CUST0116,VEND0181,Asset,IAS 16,Asset,IAS 16
25/06/2024,CT228547,632,331,6532381.16,Giao dịch mua bán,Production,CUST0062,VEND0066,Expense,IAS 1,Expense,IAS 1
26/08/2024,CT203333,214,632,9489183.91,Giao dịch mua bán,HR,CUST0164,VEND0147,Asset,IAS 16,Asset,IAS 16
16/05/2024,CT536504,111,511,5192916.84,Giao dịch mua bán,IT,CUST0089,VEND0106,Asset,IAS 16,Asset,IAS 16
20/04/2024,CT340863,642,131,36616682.69,Giao dịch mua bán,Production,CUST0137,VEND0008,Expense,IAS 1,Expense,IAS 1
09/10/2024,CT138825,642,511,1338503.7,Giao dịch mua bán,HR,CUST0091,VEND0134,Expense,IAS 1,Expense,IAS 1
01/01/2024,CT268271,111,156,49175968.3,Giao dịch mua bán,HR,CUST0119,VEND0190,Asset,IAS 16,Asset,IAS 16
28/03/2024,CT841329,112,214,5577486.6,Giao dịch mua bán,Production,CUST0084,VEND0025,Asset,IAS 16,Asset,IAS 16
24/07/2024,CT161136,211,211,34024396.25,Giao dịch mua bán,Production,CUST0198,VEND0057,Asset,IAS 16,Asset,IAS 16
10/04/2024,CT564325,632,152,48097091.22,Giao dịch mua bán,Finance,CUST0187,VEND0086,Expense,IAS 1,Expense,IAS 1
23/06/2024,CT570586,211,214,25569057.65,Giao dịch mua bán,HR,CUST0199,VEND0073,Asset,IAS 16,Asset,IAS 16
30/11/2024,CT337298,111,632,35993109.04,Giao dịch mua bán,HR,CUST0082,VEND0076,Asset,IAS 16,Asset,IAS 16
06/11/2024,CT285673,632,211,13970422.64,Giao dịch mua bán,IT,CUST0178,VEND0014,Expense,IAS 1,Expense,IAS 1
30/10/2024,CT199365,642,632,23721151.94,Giao dịch mua bán,Finance,CUST0079,VEND0143,Expense,IAS 1,Expense,IAS 1
20/10/2024,CT374768,111,642,3135226.38,Giao dịch mua bán,Finance,CUST0139,VEND0122,Asset,IAS 16,Asset,IAS 16
10/08/2024,CT290826,152,112,33197156.08,Giao dịch mua bán,Production,CUST0116,VEND0101,Asset,IAS 16,Asset,IAS 16
30/01/2024,CT069892,214,111,32175692.46,Giao dịch mua bán,Finance,CUST0101,VEND0072,Asset,IAS 16,Asset,IAS 16
07/09/2024,CT828742,131,131,24462450.22,Giao dịch mua bán,IT,CUST0158,VEND0147,Asset,IAS 16,Asset,IAS 16
19/09/2024,CT014499,642,642,46187834.32,Giao dịch mua bán,Finance,CUST0057,VEND0078,Expense,IAS 1,Expense,IAS 1
25/06/2024,CT522052,111,642,26556974.14,Giao dịch mua bán,Sales,CUST0045,VEND0057,Asset,IAS 16,Asset,IAS 16
31/07/2024,CT896151,511,131,48252452.51,Giao dịch mua bán,Production,CUST0054,VEND0198,Revenue,IFRS 15,Revenue,IFRS 15
07/01/2024,CT060404,156,111,7944391.78,Giao dịch mua bán,HR,CUST0199,VEND0044,Asset,IAS 16,Asset,IAS 16
26/04/2024,CT670268,131,511,4146743.71,Giao dịch mua bán,Finance,CUST0003,VEND0185,Asset,IAS 16,Asset,IAS 16
05/09/2024,CT601153,632,214,18577124.2,Giao dịch mua bán,IT,CUST0116,VEND0134,Expense,IAS 1,Expense,IAS 1
13/12/2024,CT921581,642,642,42909486.15,Giao dịch mua bán,IT,CUST0170,VEND0125,Expense,IAS 1,Expense,IAS 1
11/04/2024,CT848465,642,152,1000828.82,Giao dịch mua bán,IT,CUST0092,VEND0149,Expense,IAS 1,Expense,IAS 1
26/06/2024,CT458378,156,156,1684806.21,Giao dịch mua bán,IT,CUST0046,VEND0089,Asset,IAS 16,Asset,IAS 16
09/07/2024,CT785036,131,112,39832348.9,Giao dịch mua bán,Production,CUST0017,VEND0191,Asset,IAS 16,Asset,IAS 16
30/05/2024,CT904531,131,112,2206495.8,Giao dịch mua bán,Finance,CUST0050,VEND0047,Asset,IAS 16,Asset,IAS 16
29/07/2024,CT137540,156,156,34856335.63,Giao dịch mua bán,Sales,CUST0072,VEND0147,Asset,IAS 16,Asset,IAS 16
07/08/2024,CT690965,111,331,32977812.93,Giao dịch mua bán,Production,CUST0137,VEND0136,Asset,IAS 16,Asset,IAS 16
23/02/2024,CT118344,331,131,47220291.07,Giao dịch mua bán,IT,CUST0131,VEND0061,Liability,IAS 37,Liability,IAS 37
22/07/2024,CT968529,642,632,9476184.48,Giao dịch mua bán,Finance,CUST0183,VEND0121,Expense,IAS 1,Expense,IAS 1
13/06/2024,CT223094,632,111,7415175.65,Giao dịch mua bán,Production,CUST0092,VEND0017,Expense,IAS 1,Expense,IAS 1
07/06/2024,CT870336,112,331,27414950.45,Giao dịch mua bán,HR,CUST0036,VEND0017,Asset,IAS 16,Asset,IAS 16
28/08/2024,CT665535,131,642,22745853.14,Giao dịch mua bán,IT,CUST0192,VEND0102,Asset,IAS 16,Asset,IAS 16
14/08/2024,CT427414,632,211,37347637.27,Giao dịch mua bán,HR,CUST0119,VEND0140,Expense,IAS 1,Expense,IAS 1
03/12/2024,CT995075,642,511,1554894.44,Giao dịch mua bán,Sales,CUST0017,VEND0164,Expense,IAS 1,Expense,IAS 1
27/07/2024,CT229948,511,331,8197588.72,Giao dịch mua bán,HR,CUST0034,VEND0166,Revenue,IFRS 15,Revenue,IFRS 15
30/08/2024,CT501201,131,214,8942189.91,Giao dịch mua bán,HR,CUST0142,VEND0047,Asset,IAS 16,Asset,IAS 16
22/03/2024,CT876743,642,152,27996837.95,Giao dịch mua bán,Finance,CUST0030,VEND0158,Expense,IAS 1,Expense,IAS 1
31/03/2024,CT274215,211,156,24221422.35,Giao dịch mua bán,HR,CUST0068,VEND0038,Asset,IAS 16,Asset,IAS 16
21/08/2024,CT017820,156,642,16839873.21,Giao dịch mua bán,Finance,CUST0082,VEND0032,Asset,IAS 16,Asset,IAS 16
15/12/2024,CT326007,112,511,27125640.86,Giao dịch mua bán,Production,CUST0035,VEND0008,Asset,IAS 16,Asset,IAS 16
02/08/2024,CT949566,331,131,8658103.08,Giao dịch mua bán,Sales,CUST0121,VEND0104,Liability,IAS 37,Liability,IAS 37
07/09/2024,CT259640,511,131,44978319.03,Giao dịch mua bán,Finance,CUST0121,VEND0143,Revenue,IFRS 15,Revenue,IFRS 15
23/07/2024,CT147945,152,211,7844799.54,Giao dịch mua bán,Sales,CUST0150,VEND0066,Asset,IAS 16,Asset,IAS 16
04/12/2024,CT318102,642,112,39992847.79,Giao dịch mua bán,HR,CUST0165,VEND0068,Expense,IAS 1,Expense,IAS 1
23/02/2024,CT379669,111,112,2832262.49,Giao dịch mua bán,Sales,CUST0128,VEND0110,Asset,IAS 16,Asset,IAS 16
07/02/2024,CT655240,331,632,5419538.96,Giao dịch mua bán,Finance,CUST0061,VEND0065,Liability,IAS 37,Liability,IAS 37
20/02/2024,CT774606,214,131,20301348.8,Giao dịch mua bán,HR,CUST0171,VEND0044,Asset,IAS 16,Asset,IAS 16
08/06/2024,CT944722,211,112,41982864.84,Giao dịch mua bán,HR,CUST0145,VEND0034,Asset,IAS 16,Asset,IAS 16
11/10/2024,CT439571,111,642,47637397.59,Giao dịch mua bán,Sales,CUST0021,VEND0088,Asset,IAS 16,Asset,IAS 16
22/03/2024,CT959732,131,152,6667199.52,Giao dịch mua bán,IT,CUST0196,VEND0157,Asset,IAS 16,Asset,IAS 16
17/11/2024,CT169659,642,214,3416401.4,Giao dịch mua bán,Sales,CUST0033,VEND0062,Expense,IAS 1,Expense,IAS 1
28/11/2024,CT936114,211,131,37475198.32,Giao dịch mua bán,HR,CUST0193,VEND0025,Asset,IAS 16,Asset,IAS 16
16/11/2024,CT005997,214,214,32066885.96,Giao dịch mua bán,Sales,CUST0198,VEND0200,Asset,IAS 16,Asset,IAS 16
11/06/2024,CT103239,211,131,49112927.33,Giao dịch mua bán,Finance,CUST0142,VEND0024,Asset,IAS 16,Asset,IAS 16
08/05/2024,CT944145,214,111,34609288.2,Giao dịch mua bán,Finance,CUST0113,VEND0099,Asset,IAS 16,Asset,IAS 16
31/05/2024,CT581321,152,632,48031590.87,Giao dịch mua bán,HR,CUST0103,VEND0079,Asset,IAS 16,Asset,IAS 16
19/03/2024,CT902417,152,632,22355992.67,Giao dịch mua bán,Finance,CUST0150,VEND0098,Asset,IAS 16,Asset,IAS 16
02/04/2024,CT573120,131,331,46694489.89,Giao dịch mua bán,Sales,CUST0025,VEND0030,Asset,IAS 16,Asset,IAS 16
10/07/2024,CT420038,331,511,11987136.43,Giao dịch mua bán,Finance,CUST0039,VEND0103,Liability,IAS 37,Liability,IAS 37
30/11/2024,CT644515,632,511,43151962.34,Giao dịch mua bán,Finance,CUST0123,VEND0073,Expense,IAS 1,Expense,IAS 1
27/05/2024,CT326404,152,331,42861644.19,Giao dịch mua bán,HR,CUST0142,VEND0073,Asset,IAS 16,Asset,IAS 16
24/10/2024,CT314173,156,152,41780502.88,Giao dịch mua bán,Production,CUST0095,VEND0071,Asset,IAS 16,Asset,IAS 16
01/02/2024,CT870141,642,642,8366989,Giao dịch mua bán,Sales,CUST0192,VEND0170,Expense,IAS 1,Expense,IAS 1
30/12/2024,CT974572,152,632,3171127.13,Giao dịch mua bán,Finance,CUST0099,VEND0058,Asset,IAS 16,Asset,IAS 16
25/08/2024,CT407872,511,152,18007002.77,Giao dịch mua bán,IT,CUST0055,VEND0198,Revenue,IFRS 15,Revenue,IFRS 15
27/04/2024,CT453688,131,511,23288150.32,Giao dịch mua bán,HR,CUST0153,VEND0142,Asset,IAS 16,Asset,IAS 16
21/01/2024,CT079629,112,642,35497601.32,Giao dịch mua bán,Finance,CUST0169,VEND0138,Asset,IAS 16,Asset,IAS 16
28/06/2024,CT567488,111,112,28303966.4,Giao dịch mua bán,Production,CUST0055,VEND0166,Asset,IAS 16,Asset,IAS 16
04/12/2024,CT883444,642,152,20298408.1,Giao dịch mua bán,HR,CUST0049,VEND0046,Expense,IAS 1,Expense,IAS 1
09/07/2024,CT454037,632,632,46628600.32,Giao dịch mua bán,Sales,CUST0165,VEND0033,Expense,IAS 1,Expense,IAS 1
03/07/2024,CT358596,331,111,25072755.87,Giao dịch mua bán,IT,CUST0124,VEND0035,Liability,IAS 37,Liability,IAS 37
29/03/2024,CT821682,511,214,33827561.8,Giao dịch mua bán,IT,CUST0073,VEND0028,Revenue,IFRS 15,Revenue,IFRS 15
15/10/2024,CT898444,111,511,27884796.75,Giao dịch mua bán,Finance,CUST0022,VEND0102,Asset,IAS 16,Asset,IAS 16
25/09/2024,CT284423,131,156,8951022.97,Giao dịch mua bán,IT,CUST0121,VEND0107,Asset,IAS 16,Asset,IAS 16
15/10/2024,CT813961,632,131,5824789.72,Giao dịch mua bán,Production,CUST0167,VEND0179,Expense,IAS 1,Expense,IAS 1
23/07/2024,CT781432,211,131,3142243.17,Giao dịch mua bán,Production,CUST0177,VEND0154,Asset,IAS 16,Asset,IAS 16
25/07/2024,CT020146,331,131,47554302.35,Giao dịch mua bán,Finance,CUST0121,VEND0017,Liability,IAS 37,Liability,IAS 37
21/02/2024,CT908276,331,111,13937694.63,Giao dịch mua bán,IT,CUST0038,VEND0160,Liability,IAS 37,Liability,IAS 37
20/04/2024,CT702734,642,632,1073024.1,Giao dịch mua bán,Production,CUST0066,VEND0118,Expense,IAS 1,Expense,IAS 1
28/03/2024,CT761444,111,511,11071614.2,Giao dịch mua bán,Finance,CUST0047,VEND0004,Asset,IAS 16,Asset,IAS 16
13/03/2024,CT903090,111,511,13045802.22,Giao dịch mua bán,IT,CUST0131,VEND0083,Asset,IAS 16,Asset,IAS 16
02/03/2024,CT861700,131,211,13991441.8,Giao dịch mua bán,Sales,CUST0064,VEND0059,Asset,IAS 16,Asset,IAS 16
31/01/2024,CT685835,331,642,18873957.39,Giao dịch mua bán,IT,CUST0181,VEND0007,Liability,IAS 37,Liability,IAS 37
28/01/2024,CT704081,214,156,26669259.93,Giao dịch mua bán,HR,CUST0116,VEND0039,Asset,IAS 16,Asset,IAS 16
25/12/2024,CT400024,632,152,8376822.49,Giao dịch mua bán,IT,CUST0078,VEND0110,Expense,IAS 1,Expense,IAS 1
09/12/2024,CT631721,131,331,22039025.75,Giao dịch mua bán,HR,CUST0198,VEND0004,Asset,IAS 16,Asset,IAS 16
12/08/2024,CT956250,214,511,19165551.54đ,Giao dịch mua bán,IT,CUST0019,VEND0086,Asset,IAS 16,Asset,IAS 16
09/10/2024,CT658594,642,152,34070532.81,Giao dịch mua bán,HR,CUST0025,VEND0070,Expense,IAS 1,Expense,IAS 1
04/12/2024,CT062225,511,331,5658048.28,Giao dịch mua bán,Sales,CUST0139,VEND0135,Revenue,IFRS 15,Revenue,IFRS 15
30/08/2024,CT891545,131,632,21759647.63,Giao dịch mua bán,IT,CUST0136,VEND0102,Asset,IAS 16,Asset,IAS 16
12/08/2024,CT808583,331,511,24609045.4,Giao dịch mua bán,HR,CUST0172,VEND0142,Liability,IAS 37,Liability,IAS 37
18/10/2024,CT606215,152,511,44720010.08,Giao dịch mua bán,IT,CUST0014,VEND0069,Asset,IAS 16,Asset,IAS 16
07/08/2024,CT618255,511,632,990357.92,Giao dịch mua bán,Production,CUST0183,VEND0038,Revenue,IFRS 15,Revenue,IFRS 15
20/07/2024,CT787340,131,211,9572922.04,Giao dịch mua bán,HR,CUST0073,VEND0149,Asset,IAS 16,Asset,IAS 16
12/04/2024,CT820099,152,111,8228998.57,Giao dịch mua bán,Finance,CUST0159,VEND0151,Asset,IAS 16,Asset,IAS 16
29/04/2024,CT422966,214,112,20751144.47,Giao dịch mua bán,Finance,CUST0166,VEND0078,Asset,IAS 16,Asset,IAS 16
09/08/2024,CT401085,156,156,14679228.39,Giao dịch mua bán,Production,CUST0123,VEND0003,Asset,IAS 16,Asset,IAS 16
01/01/2024,CT981680,214,156,41651250.39,Giao dịch mua bán,Finance,CUST0187,VEND0084,Asset,IAS 16,Asset,IAS 16
29/03/2024,CT954337,112,214,47821564.69,Giao dịch mua bán,IT,CUST0144,VEND0106,Asset,IAS 16,Asset,IAS 16
16/08/2024,CT275697,632,111,23262038.51,Giao dịch mua bán,Production,CUST0106,VEND0131,Expense,IAS 1,Expense,IAS 1
13/01/2024,CT884192,156,642,4753204.13,Giao dịch mua bán,Production,CUST0041,VEND0140,Asset,IAS 16,Asset,IAS 16
22/01/2024,CT298741,211,632,12377236.06,Giao dịch mua bán,Sales,CUST0142,VEND0194,Asset,IAS 16,Asset,IAS 16
30/05/2024,CT501261,131,642,29757914.96,Giao dịch mua bán,IT,CUST0140,VEND0164,Asset,IAS 16,Asset,IAS 16
05/11/2024,CT865650,331,111,1321128.73,Giao dịch mua bán,IT,CUST0132,VEND0127,Liability,IAS 37,Liability,IAS 37
29/10/2024,CT573740,131,211,30717612.17,Giao dịch mua bán,Production,CUST0005,VEND0007,Asset,IAS 16,Asset,IAS 16
09/12/2024,CT333339,511,131,46352283.79,Giao dịch mua bán,Finance,CUST0166,VEND0077,Revenue,IFRS 15,Revenue,IFRS 15
15/09/2024,CT975412,112,112,5004945.28,Giao dịch mua bán,HR,CUST0122,VEND0022,Asset,IAS 16,Asset,IAS 16
20/04/2024,CT960760,131,511,39697943.2,Giao dịch mua bán,IT,CUST0027,VEND0146,Asset,IAS 16,Asset,IAS 16
17/02/2024,CT134107,632,112,24385711.13,Giao dịch mua bán,Production,CUST0024,VEND0015,Expense,IAS 1,Expense,IAS 1
07/10/2024,CT218231,211,331,15920810.67,Giao dịch mua bán,IT,CUST0117,VEND0145,Asset,IAS 16,Asset,IAS 16
21/12/2024,CT746002,111,112,1641159.55,Giao dịch mua bán,Production,CUST0069,VEND0099,Asset,IAS 16,Asset,IAS 16
10/03/2024,CT288901,112,331,24041623.06,Giao dịch mua bán,Sales,CUST0148,VEND0080,Asset,IAS 16,Asset,IAS 16
19/02/2024,CT567715,112,331,43173690.72,Giao dịch mua bán,IT,CUST0026,VEND0006,Asset,IAS 16,Asset,IAS 16
06/06/2024,CT038032,211,331,21376131.16,Giao dịch mua bán,Sales,CUST0090,VEND0042,Asset,IAS 16,Asset,IAS 16
14/11/2024,CT327587,152,112,48389312.76,Giao dịch mua bán,Finance,CUST0003,VEND0091,Asset,IAS 16,Asset,IAS 16
24/02/2024,CT243203,214,632,2000725.26,Giao dịch mua bán,Sales,CUST0006,VEND0048,Asset,IAS 16,Asset,IAS 16
22/01/2024,CT282427,111,511,47557864.09,Giao dịch mua bán,IT,CUST0123,VEND0016,Asset,IAS 16,Asset,IAS 16
23/12/2024,CT695783,112,211,121910.17,Giao dịch mua bán,HR,CUST0011,VEND0014,Asset,IAS 16,Asset,IAS 16
26/01/2024,CT469881,152,131,40461458.11,Giao dịch mua bán,Production,CUST0105,VEND0073,Asset,IAS 16,Asset,IAS 16
04/06/2024,CT900442,331,112,38242695.03,Giao dịch mua bán,Sales,CUST0127,VEND0019,Liability,IAS 37,Liability,IAS 37
21/05/2024,CT127835,632,511,40834245.88,Giao dịch mua bán,IT,CUST0133,VEND0002,Expense,IAS 1,Expense,IAS 1
16/10/2024,CT191824,642,111,49971541.2,Giao dịch mua bán,IT,CUST0192,VEND0199,Expense,IAS 1,Expense,IAS 1
29/07/2024,CT317404,211,642,3535972.1,Giao dịch mua bán,Finance,CUST0008,VEND0056,Asset,IAS 16,Asset,IAS 16
18/05/2024,CT009162,156,211,26222025.71,Giao dịch mua bán,Finance,CUST0139,VEND0126,Asset,IAS 16,Asset,IAS 16
06/01/2024,CT386152,632,632,28377910.55,Giao dịch mua bán,Finance,CUST0074,VEND0070,Expense,IAS 1,Expense,IAS 1
16/12/2024,CT461504,156,642,31742931.87,Giao dịch mua bán,Sales,CUST0034,VEND0189,Asset,IAS 16,Asset,IAS 16
21/10/2024,CT369731,112,331,26883163.87,Giao dịch mua bán,Sales,CUST0097,VEND0002,Asset,IAS 16,Asset,IAS 16
26/06/2024,CT954252,156,152,7317119.32,Giao dịch mua bán,Sales,CUST0055,VEND0176,Asset,IAS 16,Asset,IAS 16
04/03/2024,CT027854,211,112,3241024.84,Giao dịch mua bán,HR,CUST0039,VEND0084,Asset,IAS 16,Asset,IAS 16
13/09/2024,CT456503,111,152,26686858.39,Giao dịch mua bán,HR,CUST0141,VEND0086,Asset,IAS 16,Asset,IAS 16
13/05/2024,CT891046,111,632,46116673.8,Giao dịch mua bán,IT,CUST0181,VEND0090,Asset,IAS 16,Asset,IAS 16
10/08/2024,CT190111,131,131,12977736.85,Giao dịch mua bán,HR,CUST0004,VEND0084,Asset,IAS 16,Asset,IAS 16
02/03/2024,CT874356,211,511,6882496.09,Giao dịch mua bán,Production,CUST0135,VEND0142,Asset,IAS 16,Asset,IAS 16
19/02/2024,CT827911,331,111,29959844.87,Giao dịch mua bán,Sales,CUST0191,VEND0004,Liability,IAS 37,Liability,IAS 37
22/01/2024,CT473298,112,632,2931637.84,Giao dịch mua bán,Finance,CUST0074,VEND0197,Asset,IAS 16,Asset,IAS 16
16/01/2024,CT187898,511,642,20339816.1,Giao dịch mua bán,Sales,CUST0086,VEND0006,Revenue,IFRS 15,Revenue,IFRS 15
28/03/2024,CT514735,111,111,2512363.01,Giao dịch mua bán,HR,CUST0180,VEND0082,Asset,IAS 16,Asset,IAS 16
05/12/2024,CT474557,152,642,20184145.28,Giao dịch mua bán,Finance,CUST0147,VEND0005,Asset,IAS 16,Asset,IAS 16
06/01/2024,CT220097,214,152,13895055.71đ,Giao dịch mua bán,HR,CUST0134,VEND0068,Asset,IAS 16,Asset,IAS 16
04/04/2024,CT678162,156,214,33794442.5,Giao dịch mua bán,Finance,CUST0181,VEND0045,Asset,IAS 16,Asset,IAS 16
20/12/2024,CT858339,211,642,9363544.28,Giao dịch mua bán,Production,CUST0185,VEND0098,Asset,IAS 16,Asset,IAS 16
10/07/2024,CT547435,112,511,20984555.09,Giao dịch mua bán,Production,CUST0140,VEND0116,Asset,IAS 16,Asset,IAS 16
24/07/2024,CT435873,156,331,31999344.86,Giao dịch mua bán,Sales,CUST0018,VEND0180,Asset,IAS 16,Asset,IAS 16
04/08/2024,CT526312,331,156,8644054.93,Giao dịch mua bán,Finance,CUST0142,VEND0008,Liability,IAS 37,Liability,IAS 37
30/11/2024,CT369851,214,331,47663578.38,Giao dịch mua bán,HR,CUST0055,VEND0124,Asset,IAS 16,Asset,IAS 16
29/09/2024,CT823963,112,211,25264610.03,Giao dịch mua bán,Production,CUST0141,VEND0031,Asset,IAS 16,Asset,IAS 16
17/10/2024,CT052824,112,156,1568427.6,Giao dịch mua bán,Sales,CUST0104,VEND0018,Asset,IAS 16,Asset,IAS 16
27/09/2024,CT194512,511,331,38644747.41,Giao dịch mua bán,IT,CUST0056,VEND0163,Revenue,IFRS 15,Revenue,IFRS 15
02/05/2024,CT893694,214,511,11922510.64,Giao dịch mua bán,IT,CUST0058,VEND0050,Asset,IAS 16,Asset,IAS 16
19/05/2024,CT165125,214,511,14569864.59,Giao dịch mua bán,IT,CUST0168,VEND0091,Asset,IAS 16,Asset,IAS 16
20/07/2024,CT704463,152,112,3362302.39,Giao dịch mua bán,Sales,CUST0051,VEND0065,Asset,IAS 16,Asset,IAS 16
13/01/2024,CT907728,152,511,42480676.41đ,Giao dịch mua bán,Finance,CUST0029,VEND0087,Asset,IAS 16,Asset,IAS 16
10/05/2024,CT005236,211,156,15312926.69,Giao dịch mua bán,Finance,CUST0171,VEND0150,Asset,IAS 16,Asset,IAS 16
06/04/2024,CT065368,214,152,7559958.19,Giao dịch mua bán,Production,CUST0049,VEND0156,Asset,IAS 16,Asset,IAS 16
04/09/2024,CT863614,214,511,39564768.86,Giao dịch mua bán,HR,CUST0052,VEND0061,Asset,IAS 16,Asset,IAS 16
16/06/2024,CT754257,642,111,29824078.09,Giao dịch mua bán,Finance,CUST0186,VEND0135,Expense,IAS 1,Expense,IAS 1
26/05/2024,CT863759,131,642,18214378.46,Giao dịch mua bán,Production,CUST0148,VEND0069,Asset,IAS 16,Asset,IAS 16
13/08/2024,CT668945,632,642,42369699.17,Giao dịch mua bán,Finance,CUST0066,VEND0127,Expense,IAS 1,Expense,IAS 1
06/04/2024,CT600507,211,131,49494874.81,Giao dịch mua bán,Finance,CUST0126,VEND0105,Asset,IAS 16,Asset,IAS 16
20/02/2024,CT492398,511,152,26006458.03,Giao dịch mua bán,Sales,CUST0053,VEND0133,Revenue,IFRS 15,Revenue,IFRS 15
07/03/2024,CT520179,112,211,41679340.39,Giao dịch mua bán,Finance,CUST0187,VEND0191,Asset,IAS 16,Asset,IAS 16
13/02/2024,CT271770,211,112,34468403.86,Giao dịch mua bán,IT,CUST0155,VEND0153,Asset,IAS 16,Asset,IAS 16
02/04/2024,CT708518,214,511,39496342.44,Giao dịch mua bán,HR,CUST0006,VEND0115,Asset,IAS 16,Asset,IAS 16
18/05/2024,CT453189,211,152,6112913.32,Giao dịch mua bán,HR,CUST0104,VEND0057,Asset,IAS 16,Asset,IAS 16
27/07/2024,CT748046,331,156,5093319.78,Giao dịch mua bán,IT,CUST0048,VEND0200,Liability,IAS 37,Liability,IAS 37
25/04/2024,CT794946,211,156,24053790.26,Giao dịch mua bán,Production,CUST0089,VEND0058,Asset,IAS 16,Asset,IAS 16
06/07/2024,CT921373,331,632,30013503.52,Giao dịch mua bán,HR,CUST0079,VEND0195,Liability,IAS 37,Liability,IAS 37
24/07/2024,CT440557,214,211,29415553.92,Giao dịch mua bán,HR,CUST0036,VEND0170,Asset,IAS 16,Asset,IAS 16
22/08/2024,CT001612,632,642,3185038.27,Giao dịch mua bán,Sales,CUST0163,VEND0102,Expense,IAS 1,Expense,IAS 1
19/11/2024,CT375110,112,131,40144167.03,Giao dịch mua bán,Finance,CUST0166,VEND0132,Asset,IAS 16,Asset,IAS 16
11/09/2024,CT340088,211,331,35769625.73,Giao dịch mua bán,Production,CUST0168,VEND0074,Asset,IAS 16,Asset,IAS 16
10/12/2024,CT516300,111,214,4441550.1,Giao dịch mua bán,Finance,CUST0138,VEND0188,Asset,IAS 16,Asset,IAS 16
02/05/2024,CT272616,112,511,147902.91,Giao dịch mua bán,Finance,CUST0176,VEND0183,Asset,IAS 16,Asset,IAS 16
03/04/2024,CT146798,642,511,16142755.56,Giao dịch mua bán,Sales,CUST0029,VEND0166,Expense,IAS 1,Expense,IAS 1
25/09/2024,CT603854,211,152,553289.71,Giao dịch mua bán,HR,CUST0076,VEND0038,Asset,IAS 16,Asset,IAS 16
04/05/2024,CT204269,642,331,49788049.24,Giao dịch mua bán,IT,CUST0175,VEND0069,Expense,IAS 1,Expense,IAS 1
24/12/2024,CT983229,511,152,7993278.17,Giao dịch mua bán,Sales,CUST0122,VEND0182,Revenue,IFRS 15,Revenue,IFRS 15
16/05/2024,CT124942,211,642,4320235.4,Giao dịch mua bán,Production,CUST0102,VEND0019,Asset,IAS 16,Asset,IAS 16
24/11/2024,CT849325,131,214,30385300.64,Giao dịch mua bán,Finance,CUST0056,VEND0128,Asset,IAS 16,Asset,IAS 16
16/02/2024,CT088942,214,152,6775314.37,Giao dịch mua bán,Finance,CUST0028,VEND0014,Asset,IAS 16,Asset,IAS 16
07/05/2024,CT937604,511,214,22023522.02,Giao dịch mua bán,IT,CUST0043,VEND0170,Revenue,IFRS 15,Revenue,IFRS 15
27/09/2024,CT439706,211,211,29848082.67,Giao dịch mua bán,HR,CUST0170,VEND0135,Asset,IAS 16,Asset,IAS 16
13/08/2024,CT061382,152,112,5704885.15,Giao dịch mua bán,Finance,CUST0032,VEND0013,Asset,IAS 16,Asset,IAS 16
21/06/2024,CT064953,214,111,26425806.8,Giao dịch mua bán,Production,CUST0084,VEND0042,Asset,IAS 16,Asset,IAS 16
29/04/2024,CT868111,214,632,24758998.69,Giao dịch mua bán,Production,CUST0017,VEND0174,Asset,IAS 16,Asset,IAS 16
25/06/2024,CT219456,152,152,24917769.74,Giao dịch mua bán,HR,CUST0167,VEND0196,Asset,IAS 16,Asset,IAS 16
04/11/2024,CT449242,152,642,24325603.92,Giao dịch mua bán,Finance,CUST0026,VEND0105,Asset,IAS 16,Asset,IAS 16
28/04/2024,CT942963,112,211,8410237.9,Giao dịch mua bán,Sales,CUST0057,VEND0033,Asset,IAS 16,Asset,IAS 16
14/08/2024,CT681278,111,112,39881868.57,Giao dịch mua bán,IT,CUST0156,VEND0032,Asset,IAS 16,Asset,IAS 16
28/08/2024,CT467701,156,331,44904819.14,Giao dịch mua bán,HR,CUST0031,VEND0054,Asset,IAS 16,Asset,IAS 16
11/05/2024,CT262547,632,211,24888435.93,Giao dịch mua bán,Sales,CUST0124,VEND0075,Expense,IAS 1,Expense,IAS 1
17/09/2024,CT859197,331,111,32008676.76,Giao dịch mua bán,Production,CUST0105,VEND0165,Liability,IAS 37,Liability,IAS 37
17/08/2024,CT081448,156,112,7453144.29,Giao dịch mua bán,HR,CUST0101,VEND0183,Asset,IAS 16,Asset,IAS 16
13/02/2024,CT499865,211,642,13007344.97,Giao dịch mua bán,Production,CUST0156,VEND0196,Asset,IAS 16,Asset,IAS 16
08/03/2024,CT518346,156,156,21201167.68,Giao dịch mua bán,HR,CUST0157,VEND0081,Asset,IAS 16,Asset,IAS 16
20/09/2024,CT692795,214,331,44905800.39,Giao dịch mua bán,Finance,CUST0107,VEND0109,Asset,IAS 16,Asset,IAS 16
16/12/2024,CT894388,111,131,35604895.74,Giao dịch mua bán,HR,CUST0177,VEND0099,Asset,IAS 16,Asset,IAS 16
29/03/2024,CT764350,111,331,573503.8,Giao dịch mua bán,HR,CUST0012,VEND0175,Asset,IAS 16,Asset,IAS 16
31/01/2024,DUPLICATE,632,214,21998752.6,Giao dịch mua bán,Finance,CUST0115,VEND0116,Expense,IAS 1,Expense,IAS 1
23/06/2024,CT176955,214,642,45122795.98,Giao dịch mua bán,HR,CUST0079,VEND0190,Asset,IAS 16,Asset,IAS 16
07/06/2024,CT970466,211,331,10134405.93,Giao dịch mua bán,IT,CUST0143,VEND0140,Asset,IAS 16,Asset,IAS 16
04/02/2024,CT899837,131,511,34291804.27,Giao dịch mua bán,Production,CUST0121,VEND0039,Asset,IAS 16,Asset,IAS 16
15/06/2024,CT203187,214,152,29561598.25,Giao dịch mua bán,HR,CUST0094,VEND0114,Asset,IAS 16,Asset,IAS 16
16/06/2024,CT321317,331,214,41748208.26,Giao dịch mua bán,Finance,CUST0184,VEND0126,Liability,IAS 37,Liability,IAS 37
27/07/2024,CT109699,131,211,48865262.98,Giao dịch mua bán,HR,CUST0101,VEND0165,Asset,IAS 16,Asset,IAS 16
01/09/2024,CT320542,632,131,35025007.42,Giao dịch mua bán,IT,CUST0104,VEND0033,Expense,IAS 1,Expense,IAS 1
04/10/2024,CT913566,632,112,38984272.4,Giao dịch mua bán,HR,CUST0064,VEND0080,Expense,IAS 1,Expense,IAS 1
05/09/2024,CT826458,632,214,457796.43,Giao dịch mua bán,Sales,CUST0145,VEND0052,Expense,IAS 1,Expense,IAS 1
04/01/2024,CT720365,211,214,5365990.86,Giao dịch mua bán,Production,CUST0098,VEND0134,Asset,IAS 16,Asset,IAS 16
05/10/2024,CT694733,111,632,4763969.81,Giao dịch mua bán,HR,CUST0026,VEND0092,Asset,IAS 16,Asset,IAS 16
06/03/2024,CT054549,112,211,31110408.81,Giao dịch mua bán,IT,CUST0059,VEND0195,Asset,IAS 16,Asset,IAS 16
10/08/2024,CT280656,156,156,18334455.87,Giao dịch mua bán,HR,CUST0068,VEND0038,Asset,IAS 16,Asset,IAS 16
17/03/2024,CT924840,642,331,47681394.97,Giao dịch mua bán,Finance,CUST0180,VEND0192,Expense,IAS 1,Expense,IAS 1
02/06/2024,CT584805,214,214,23792105.37,Giao dịch mua bán,HR,CUST0133,VEND0197,Asset,IAS 16,Asset,IAS 16
14/05/2024,CT209937,214,112,11357774.78,Giao dịch mua bán,HR,CUST0007,VEND0076,Asset,IAS 16,Asset,IAS 16
08/03/2024,CT088821,331,211,156488.02,Giao dịch mua bán,Sales,CUST0034,VEND0124,Liability,IAS 37,Liability,IAS 37
08/10/2024,CT064027,111,632,3469157.46,Giao dịch mua bán,Finance,CUST0192,VEND0017,Asset,IAS 16,Asset,IAS 16
14/06/2024,CT621573,214,112,17276746.83,Giao dịch mua bán,Finance,CUST0132,VEND0063,Asset,IAS 16,Asset,IAS 16
17/07/2024,CT299280,156,214,18927580.81,Giao dịch mua bán,Production,CUST0107,VEND0037,Asset,IAS 16,Asset,IAS 16
19/06/2024,CT428106,632,214,16841312.41,Giao dịch mua bán,IT,CUST0055,VEND0102,Expense,IAS 1,Expense,IAS 1
04/10/2024,CT062373,331,156,13093495.84,Giao dịch mua bán,IT,CUST0058,VEND0072,Liability,IAS 37,Liability,IAS 37
18/02/2024,CT809222,111,211,11940126.03,Giao dịch mua bán,Production,CUST0173,VEND0187,Asset,IAS 16,Asset,IAS 16
04/08/2024,CT407835,331,642,12288466,Giao dịch mua bán,IT,CUST0022,VEND0172,Liability,IAS 37,Liability,IAS 37
18/04/2024,CT824030,211,152,43159941.52,Giao dịch mua bán,HR,CUST0198,VEND0087,Asset,IAS 16,Asset,IAS 16
08/06/2024,CT493746,511,156,33650360.37,Giao dịch mua bán,IT,CUST0099,VEND0064,Revenue,IFRS 15,Revenue,IFRS 15
20/12/2024,CT714638,331,632,45372921.48,Giao dịch mua bán,Production,CUST0070,VEND0034,Liability,IAS 37,Liability,IAS 37
28/06/2024,CT697356,642,131,40510883.05,Giao dịch mua bán,HR,CUST0107,VEND0100,Expense,IAS 1,Expense,IAS 1
06/01/2024,CT133978,331,112,23016030.25,Giao dịch mua bán,HR,CUST0071,VEND0189,Liability,IAS 37,Liability,IAS 37
09/02/2024,CT544087,156,214,33555208.13,Giao dịch mua bán,Finance,CUST0161,VEND0075,Asset,IAS 16,Asset,IAS 16
07/08/2024,CT413250,111,112,48476832.16,Giao dịch mua bán,Production,CUST0123,VEND0016,Asset,IAS 16,Asset,IAS 16
21/04/2024,CT853016,632,211,37014022.05,Giao dịch mua bán,IT,CUST0193,VEND0133,Expense,IAS 1,Expense,IAS 1
06/03/2024,CT586158,214,632,866566.4,Giao dịch mua bán,IT,CUST0083,VEND0171,Asset,IAS 16,Asset,IAS 16
04/10/2024,CT835060,152,211,1192524.74đ,Giao dịch mua bán,HR,CUST0180,VEND0027,Asset,IAS 16,Asset,IAS 16
13/11/2024,CT342178,156,511,39998095.63,Giao dịch mua bán,IT,CUST0002,VEND0186,Asset,IAS 16,Asset,IAS 16
04/02/2024,CT554402,111,511,18736908.22,Giao dịch mua bán,Finance,CUST0153,VEND0131,Asset,IAS 16,Asset,IAS 16
06/07/2024,CT113033,131,511,1932561.42,Giao dịch mua bán,HR,CUST0103,VEND0194,Asset,IAS 16,Asset,IAS 16
17/08/2024,CT389193,511,156,26874700.54,Giao dịch mua bán,Finance,CUST0058,VEND0101,Revenue,IFRS 15,Revenue,IFRS 15
19/09/2024,CT681671,211,642,12050193.93,Giao dịch mua bán,Sales,CUST0011,VEND0130,Asset,IAS 16,Asset,IAS 16
10/11/2024,CT501312,112,331,18100784.15,Giao dịch mua bán,Production,CUST0143,VEND0093,Asset,IAS 16,Asset,IAS 16
05/02/2024,CT990377,156,112,42279696.12,Giao dịch mua bán,HR,CUST0067,VEND0109,Asset,IAS 16,Asset,IAS 16
20/04/2024,CT832273,214,156,24313426.29,Giao dịch mua bán,Finance,CUST0051,VEND0092,Asset,IAS 16,Asset,IAS 16
24/04/2024,CT200746,156,331,43392449.12,Giao dịch mua bán,IT,CUST0014,VEND0130,Asset,IAS 16,Asset,IAS 16
15/04/2024,CT913764,112,152,26221817.33,Giao dịch mua bán,Finance,CUST0060,VEND0068,Asset,IAS 16,Asset,IAS 16
26/10/2024,CT984744,214,331,28064590.05,Giao dịch mua bán,IT,CUST0136,VEND0159,Asset,IAS 16,Asset,IAS 16
30/10/2024,CT682816,214,156,18200668.68,Giao dịch mua bán,IT,CUST0135,VEND0034,Asset,IAS 16,Asset,IAS 16
06/02/2024,CT549047,112,156,2596026.43,Giao dịch mua bán,IT,CUST0003,VEND0064,Asset,IAS 16,Asset,IAS 16
31/03/2024,CT437686,211,632,39214272.27,Giao dịch mua bán,IT,CUST0017,VEND0083,Asset,IAS 16,Asset,IAS 16
26/05/2024,CT788960,642,211,36014133.61,Giao dịch mua bán,IT,CUST0184,VEND0174,Expense,IAS 1,Expense,IAS 1
20/11/2024,CT567945,214,632,16355173.65,Giao dịch mua bán,IT,CUST0135,VEND0027,Asset,IAS 16,Asset,IAS 16
18/02/2024,CT342338,152,112,35954922.97,Giao dịch mua bán,HR,CUST0083,VEND0079,Asset,IAS 16,Asset,IAS 16
23/10/2024,CT441018,214,112,14090392.16,Giao dịch mua bán,Production,CUST0112,VEND0067,Asset,IAS 16,Asset,IAS 16
23/08/2024,CT594858,331,632,12122984.63,Giao dịch mua bán,IT,CUST0198,VEND0164,Liability,IAS 37,Liability,IAS 37
08/11/2024,CT638709,642,156,25495853.06,Giao dịch mua bán,Production,CUST0013,VEND0106,Expense,IAS 1,Expense,IAS 1
14/05/2024,CT370665,156,156,32755063.21,Giao dịch mua bán,Production,CUST0043,VEND0196,Asset,IAS 16,Asset,IAS 16
04/05/2024,CT070277,131,211,1269288.71,Giao dịch mua bán,HR,CUST0008,VEND0137,Asset,IAS 16,Asset,IAS 16
28/07/2024,CT154206,156,511,38983744.49,Giao dịch mua bán,Finance,CUST0182,VEND0037,Asset,IAS 16,Asset,IAS 16
14/01/2024,CT962058,642,211,44507039.36,Giao dịch mua bán,Sales,CUST0173,VEND0129,Expense,IAS 1,Expense,IAS 1
17/04/2024,CT734486,214,632,26537893.99,Giao dịch mua bán,Finance,CUST0030,VEND0085,Asset,IAS 16,Asset,IAS 16
04/10/2024,CT989629,131,214,39451244.08,Giao dịch mua bán,Sales,CUST0134,VEND0010,Asset,IAS 16,Asset,IAS 16
01/09/2024,CT760658,632,156,48498598.14,Giao dịch mua bán,Finance,CUST0179,VEND0067,Expense,IAS 1,Expense,IAS 1
17/09/2024,CT260420,642,214,41060535.14,Giao dịch mua bán,Production,CUST0021,VEND0199,Expense,IAS 1,Expense,IAS 1
06/11/2024,CT204373,331,112,13173834.92,Giao dịch mua bán,HR,CUST0009,VEND0110,Liability,IAS 37,Liability,IAS 37
19/10/2024,CT311291,111,511,49730763.29,Giao dịch mua bán,IT,CUST0062,VEND0182,Asset,IAS 16,Asset,IAS 16
10/09/2024,CT890665,642,112,38841633.5,Giao dịch mua bán,Finance,CUST0093,VEND0112,Expense,IAS 1,Expense,IAS 1
01/07/2024,CT757577,152,211,35987700.29,Giao dịch mua bán,Finance,CUST0019,VEND0136,Asset,IAS 16,Asset,IAS 16
19/12/2024,CT890726,156,112,24499110.43,Giao dịch mua bán,Finance,CUST0159,VEND0098,Asset,IAS 16,Asset,IAS 16
28/05/2024,CT042964,111,511,36282273.07,Giao dịch mua bán,Production,CUST0068,VEND0054,Asset,IAS 16,Asset,IAS 16
19/12/2024,CT490660,111,642,37875774.63,Giao dịch mua bán,IT,CUST0003,VEND0022,Asset,IAS 16,Asset,IAS 16
06/04/2024,CT312965,214,511,30602686.83,Giao dịch mua bán,Production,CUST0195,VEND0053,Asset,IAS 16,Asset,IAS 16
14/03/2024,CT119118,632,152,47203109.35,Giao dịch mua bán,HR,CUST0045,VEND0180,Expense,IAS 1,Expense,IAS 1
20/02/2024,CT791364,642,111,47686298.87,Giao dịch mua bán,Finance,CUST0108,VEND0144,Expense,IAS 1,Expense,IAS 1
14/03/2024,CT345263,642,211,21026878.82,Giao dịch mua bán,HR,CUST0086,VEND0033,Expense,IAS 1,Expense,IAS 1
05/12/2024,CT044768,112,131,7213060.14,Giao dịch mua bán,Finance,CUST0162,VEND0163,Asset,IAS 16,Asset,IAS 16
12/05/2024,CT899466,156,632,7607769.24,Giao dịch mua bán,Finance,CUST0030,VEND0076,Asset,IAS 16,Asset,IAS 16
15/05/2024,CT322467,211,642,9051404.98,Giao dịch mua bán,IT,CUST0174,VEND0002,Asset,IAS 16,Asset,IAS 16
29/08/2024,CT335036,111,156,41173786.01,Giao dịch mua bán,HR,CUST0154,VEND0020,Asset,IAS 16,Asset,IAS 16
16/05/2024,CT896783,112,331,29268182.99,Giao dịch mua bán,HR,CUST0053,VEND0192,Asset,IAS 16,Asset,IAS 16
11/07/2024,CT664204,156,511,25838107.28,Giao dịch mua bán,Finance,CUST0094,VEND0085,Asset,IAS 16,Asset,IAS 16
16/08/2024,CT597485,211,111,10930300.45,Giao dịch mua bán,Sales,CUST0038,VEND0166,Asset,IAS 16,Asset,IAS 16
31/10/2024,CT815540,211,642,37071443.39,Giao dịch mua bán,IT,CUST0135,VEND0089,Asset,IAS 16,Asset,IAS 16
28/07/2024,CT182320,152,331,31625177.48,Giao dịch mua bán,Finance,CUST0090,VEND0173,Asset,IAS 16,Asset,IAS 16
02/11/2024,CT369035,511,214,17042657.13,Giao dịch mua bán,IT,CUST0172,VEND0188,Revenue,IFRS 15,Revenue,IFRS 15
23/01/2024,CT825273,511,112,18871763.2,Giao dịch mua bán,IT,CUST0135,VEND0094,Revenue,IFRS 15,Revenue,IFRS 15
11/12/2024,CT114402,211,511,20601105.9,Giao dịch mua bán,HR,CUST0118,VEND0193,Asset,IAS 16,Asset,IAS 16
23/09/2024,CT739988,331,331,17119879.76,Giao dịch mua bán,HR,CUST0194,VEND0090,Liability,IAS 37,Liability,IAS 37
31/05/2024,CT304860,214,511,26419420.57,Giao dịch mua bán,Sales,CUST0071,VEND0184,Asset,IAS 16,Asset,IAS 16
22/03/2024,CT168006,112,156,15921878.19,Giao dịch mua bán,Finance,CUST0023,VEND0002,Asset,IAS 16,Asset,IAS 16
24/02/2024,CT328636,331,131,48310571.26,Giao dịch mua bán,Finance,CUST0027,VEND0156,Liability,IAS 37,Liability,IAS 37
30/05/2024,CT188000,131,211,3210546.4,Giao dịch mua bán,Production,CUST0010,VEND0070,Asset,IAS 16,Asset,IAS 16
19/12/2024,CT029717,331,112,9457251.68,Giao dịch mua bán,Production,CUST0188,VEND0184,Liability,IAS 37,Liability,IAS 37
01/06/2024,CT627749,156,331,10452236.3,Giao dịch mua bán,Sales,CUST0028,VEND0159,Asset,IAS 16,Asset,IAS 16
15/03/2024,CT379000,156,111,6062587.36,Giao dịch mua bán,Finance,CUST0189,VEND0006,Asset,IAS 16,Asset,IAS 16
19/02/2024,CT983225,642,214,36431768.47,Giao dịch mua bán,Finance,CUST0108,VEND0112,Expense,IAS 1,Expense,IAS 1
18/07/2024,CT875575,632,156,44263449.88,Giao dịch mua bán,HR,CUST0039,VEND0156,Expense,IAS 1,Expense,IAS 1
04/06/2024,CT372688,131,112,33506048.79,Giao dịch mua bán,IT,CUST0081,VEND0151,Asset,IAS 16,Asset,IAS 16
17/06/2024,CT754204,156,131,23922462.13,Giao dịch mua bán,Finance,CUST0030,VEND0164,Asset,IAS 16,Asset,IAS 16
24/02/2024,CT560701,152,331,5707402.7,Giao dịch mua bán,HR,CUST0165,VEND0002,Asset,IAS 16,Asset,IAS 16
21/10/2024,CT090596,111,156,6925515.73,Giao dịch mua bán,Finance,CUST0155,VEND0182,Asset,IAS 16,Asset,IAS 16
16/12/2024,CT045622,214,152,15625406.91,Giao dịch mua bán,IT,CUST0082,VEND0114,Asset,IAS 16,Asset,IAS 16
08/04/2024,CT383322,156,131,4207841.93,Giao dịch mua bán,Finance,CUST0198,VEND0040,Asset,IAS 16,Asset,IAS 16
24/08/2024,CT662882,214,642,42599822.57,Giao dịch mua bán,HR,CUST0113,VEND0060,Asset,IAS 16,Asset,IAS 16
24/08/2024,CT542721,642,152,44027702.89,Giao dịch mua bán,IT,CUST0055,VEND0098,Expense,IAS 1,Expense,IAS 1
25/09/2024,CT853369,331,211,1868018.26,Giao dịch mua bán,Finance,CUST0086,VEND0139,Liability,IAS 37,Liability,IAS 37
31/08/2024,CT631993,511,214,34833290.97,Giao dịch mua bán,Production,CUST0160,VEND0149,Revenue,IFRS 15,Revenue,IFRS 15
26/06/2024,CT444685,331,214,30524580.11,Giao dịch mua bán,Sales,CUST0055,VEND0026,Liability,IAS 37,Liability,IAS 37
17/09/2024,CT623262,131,511,18904957.87,Giao dịch mua bán,Production,CUST0127,VEND0109,Asset,IAS 16,Asset,IAS 16
12/06/2024,CT774482,331,152,46053177.03,Giao dịch mua bán,HR,CUST0174,VEND0174,Liability,IAS 37,Liability,IAS 37
12/09/2024,CT200934,642,131,37306711.11,Giao dịch mua bán,Finance,CUST0169,VEND0064,Expense,IAS 1,Expense,IAS 1
18/07/2024,CT020106,111,156,25700676.95,Giao dịch mua bán,Sales,CUST0108,VEND0062,Asset,IAS 16,Asset,IAS 16
29/09/2024,CT256230,112,331,22703002.13,Giao dịch mua bán,Sales,CUST0196,VEND0092,Asset,IAS 16,Asset,IAS 16
09/07/2024,CT440798,131,131,15261331.39,Giao dịch mua bán,Production,CUST0071,VEND0010,Asset,IAS 16,Asset,IAS 16
25/08/2024,CT325061,112,152,13690411.09,Giao dịch mua bán,Sales,CUST0101,VEND0193,Asset,IAS 16,Asset,IAS 16
22/09/2024,CT054728,112,211,29814233.85,Giao dịch mua bán,Sales,CUST0078,VEND0028,Asset,IAS 16,Asset,IAS 16
19/09/2024,CT560967,632,211,19074013.62,Giao dịch mua bán,Production,CUST0187,VEND0141,Expense,IAS 1,Expense,IAS 1
16/12/2024,CT624210,131,214,47421487.61,Giao dịch mua bán,Sales,CUST0178,VEND0192,Asset,IAS 16,Asset,IAS 16
28/01/2024,CT769956,211,211,41564106.78,Giao dịch mua bán,IT,CUST0191,VEND0180,Asset,IAS 16,Asset,IAS 16
03/07/2024,CT548860,642,111,13237913.18,Giao dịch mua bán,Sales,CUST0132,VEND0042,Expense,IAS 1,Expense,IAS 1
28/03/2024,CT820531,156,131,10129928.67,Giao dịch mua bán,Production,CUST0117,VEND0047,Asset,IAS 16,Asset,IAS 16
20/02/2024,CT172043,131,214,18749657.99,Giao dịch mua bán,Sales,CUST0186,VEND0026,Asset,IAS 16,Asset,IAS 16
05/10/2024,CT643906,111,331,14261914.06,Giao dịch mua bán,Production,CUST0055,VEND0065,Asset,IAS 16,Asset,IAS 16
16/03/2024,CT710218,152,642,28370011.8,Giao dịch mua bán,Production,CUST0142,VEND0172,Asset,IAS 16,Asset,IAS 16
07/06/2024,CT932729,112,511,17375085.87,Giao dịch mua bán,Sales,CUST0199,VEND0058,Asset,IAS 16,Asset,IAS 16
09/10/2024,CT620740,214,331,29649694.86,Giao dịch mua bán,Finance,CUST0115,VEND0142,Asset,IAS 16,Asset,IAS 16
11/11/2024,CT619578,131,211,11383700.16,Giao dịch mua bán,IT,CUST0063,VEND0160,Asset,IAS 16,Asset,IAS 16
30/09/2024,CT398093,131,111,4749258.85,Giao dịch mua bán,HR,CUST0144,VEND0119,Asset,IAS 16,Asset,IAS 16
02/01/2024,CT075963,632,214,41483792,Giao dịch mua bán,Sales,CUST0151,VEND0186,Expense,IAS 1,Expense,IAS 1
05/06/2024,CT639110,112,152,44138369.53,Giao dịch mua bán,Production,CUST0123,VEND0110,Asset,IAS 16,Asset,IAS 16
15/06/2024,CT270606,152,111,3861887.48,Giao dịch mua bán,IT,CUST0126,VEND0168,Asset,IAS 16,Asset,IAS 16
21/07/2024,CT584742,511,632,16379562.49,Giao dịch mua bán,Sales,CUST0147,VEND0098,Revenue,IFRS 15,Revenue,IFRS 15
14/12/2024,CT059017,111,211,27134900.1,Giao dịch mua bán,IT,CUST0009,VEND0175,Asset,IAS 16,Asset,IAS 16
17/06/2024,CT013334,632,111,16264973.03,Giao dịch mua bán,HR,CUST0015,VEND0053,Expense,IAS 1,Expense,IAS 1
25/01/2024,CT708223,111,642,2246199.96,Giao dịch mua bán,Sales,CUST0044,VEND0175,Asset,IAS 16,Asset,IAS 16
24/11/2024,CT551649,152,511,5020754.26,Giao dịch mua bán,IT,CUST0098,VEND0183,Asset,IAS 16,Asset,IAS 16
15/11/2024,CT289388,131,642,45450393.44,Giao dịch mua bán,IT,CUST0005,VEND0086,Asset,IAS 16,Asset,IAS 16
17/04/2024,CT228122,331,211,36778236.95,Giao dịch mua bán,IT,CUST0135,VEND0086,Liability,IAS 37,Liability,IAS 37
15/03/2024,CT208253,112,211,36457710.52,Giao dịch mua bán,IT,CUST0132,VEND0028,Asset,IAS 16,Asset,IAS 16
19/09/2024,CT024600,131,331,46181598.73,Giao dịch mua bán,Finance,CUST0147,VEND0178,Asset,IAS 16,Asset,IAS 16
26/04/2024,CT826580,511,111,44371651.05,Giao dịch mua bán,Production,CUST0034,VEND0079,Revenue,IFRS 15,Revenue,IFRS 15
08/02/2024,CT834010,111,156,43416911.64,Giao dịch mua bán,HR,CUST0070,VEND0146,Asset,IAS 16,Asset,IAS 16
02/04/2024,CT062058,331,211,16413290.24,Giao dịch mua bán,Finance,CUST0007,VEND0160,Liability,IAS 37,Liability,IAS 37
03/05/2024,CT672331,642,642,47170210.98,Giao dịch mua bán,Production,CUST0183,VEND0152,Expense,IAS 1,Expense,IAS 1
28/12/2024,CT234652,214,642,6409897.45,Giao dịch mua bán,Sales,CUST0035,VEND0002,Asset,IAS 16,Asset,IAS 16
03/09/2024,CT715772,511,632,30102140.85,Giao dịch mua bán,Finance,CUST0096,VEND0113,Revenue,IFRS 15,Revenue,IFRS 15
07/03/2024,CT109827,211,511,11268446.23,Giao dịch mua bán,HR,CUST0182,VEND0079,Asset,IAS 16,Asset,IAS 16
24/06/2024,CT020904,156,214,27239734.65,Giao dịch mua bán,HR,CUST0167,VEND0162,Asset,IAS 16,Asset,IAS 16
31/01/2024,CT438242,511,131,31718148.52,Giao dịch mua bán,HR,CUST0183,VEND0127,Revenue,IFRS 15,Revenue,IFRS 15
29/08/2024,CT573618,156,156,46753116.81,Giao dịch mua bán,Sales,CUST0119,VEND0110,Asset,IAS 16,Asset,IAS 16
17/06/2024,CT943275,111,152,7667087.01,Giao dịch mua bán,Finance,CUST0089,VEND0158,Asset,IAS 16,Asset,IAS 16
13/09/2024,CT067992,632,632,4856723.4,Giao dịch mua bán,Finance,CUST0148,VEND0030,Expense,IAS 1,Expense,IAS 1
20/01/2024,CT586361,112,331,9703296.45,Giao dịch mua bán,Production,CUST0004,VEND0152,Asset,IAS 16,Asset,IAS 16
20/07/2024,CT605543,642,156,25009479.4đ,Giao dịch mua bán,HR,CUST0171,VEND0141,Expense,IAS 1,Expense,IAS 1
24/04/2024,CT948078,511,214,32740752.1,Giao dịch mua bán,HR,CUST0078,VEND0120,Revenue,IFRS 15,Revenue,IFRS 15
16/02/2024,CT797608,214,156,30600984.13,Giao dịch mua bán,Sales,CUST0090,VEND0143,Asset,IAS 16,Asset,IAS 16
20/03/2024,CT869180,214,112,33744208.25,Giao dịch mua bán,IT,CUST0052,VEND0034,Asset,IAS 16,Asset,IAS 16
24/09/2024,CT973684,152,211,28090890.19,Giao dịch mua bán,Production,CUST0129,VEND0174,Asset,IAS 16,Asset,IAS 16
03/12/2024,CT953862,156,331,10833300.67,Giao dịch mua bán,Finance,CUST0010,VEND0116,Asset,IAS 16,Asset,IAS 16
09/12/2024,CT179399,632,511,28476134.89,Giao dịch mua bán,Sales,CUST0035,VEND0046,Expense,IAS 1,Expense,IAS 1
18/04/2024,CT022228,642,211,16767886.54,Giao dịch mua bán,Production,CUST0002,VEND0084,Expense,IAS 1,Expense,IAS 1
20/05/2024,CT800018,131,131,16644285.53,Giao dịch mua bán,Production,CUST0172,VEND0185,Asset,IAS 16,Asset,IAS 16
10/01/2024,CT063032,156,152,10663657.2,Giao dịch mua bán,Sales,CUST0070,VEND0143,Asset,IAS 16,Asset,IAS 16
03/09/2024,CT907135,156,111,30135572.33,Giao dịch mua bán,Production,CUST0063,VEND0090,Asset,IAS 16,Asset,IAS 16
16/07/2024,CT866070,642,152,10834808.85,Giao dịch mua bán,HR,CUST0135,VEND0029,Expense,IAS 1,Expense,IAS 1
02/03/2024,CT109239,331,331,40977129.72,Giao dịch mua bán,Production,CUST0131,VEND0121,Liability,IAS 37,Liability,IAS 37
06/10/2024,CT434283,152,211,8585824.03,Giao dịch mua bán,HR,CUST0151,VEND0077,Asset,IAS 16,Asset,IAS 16
13/10/2024,CT276201,511,131,43693021.58,Giao dịch mua bán,IT,CUST0195,VEND0002,Revenue,IFRS 15,Revenue,IFRS 15
13/06/2024,CT298537,642,111,38606887.65,Giao dịch mua bán,Finance,CUST0043,VEND0016,Expense,IAS 1,Expense,IAS 1
08/11/2024,CT375252,632,156,32856392.86,Giao dịch mua bán,HR,CUST0162,VEND0079,Expense,IAS 1,Expense,IAS 1
23/04/2024,CT966556,156,642,11218836.16,Giao dịch mua bán,HR,CUST0144,VEND0083,Asset,IAS 16,Asset,IAS 16
11/04/2024,CT451767,211,331,28870367.34,Giao dịch mua bán,HR,CUST0043,VEND0144,Asset,IAS 16,Asset,IAS 16
27/09/2024,CT123694,112,156,47616958.91,Giao dịch mua bán,IT,CUST0191,VEND0190,Asset,IAS 16,Asset,IAS 16
10/11/2024,CT421949,156,131,17283662.14,Giao dịch mua bán,Sales,CUST0010,VEND0155,Asset,IAS 16,Asset,IAS 16
14/05/2024,CT219295,111,111,41959536.69,Giao dịch mua bán,Production,CUST0064,VEND0066,Asset,IAS 16,Asset,IAS 16
01/03/2024,CT873129,211,211,46134558.28,Giao dịch mua bán,Sales,CUST0034,VEND0079,Asset,IAS 16,Asset,IAS 16
28/08/2024,CT769238,511,642,20021162,Giao dịch mua bán,HR,CUST0058,VEND0130,Revenue,IFRS 15,Revenue,IFRS 15
27/02/2024,CT274036,156,152,2842933.52,Giao dịch mua bán,IT,CUST0050,VEND0044,Asset,IAS 16,Asset,IAS 16
12/08/2024,CT665172,112,331,34336499.02,Giao dịch mua bán,HR,CUST0035,VEND0061,Asset,IAS 16,Asset,IAS 16
30/08/2024,DUPLICATE,211,511,2001577.34,Giao dịch mua bán,Production,CUST0042,VEND0070,Asset,IAS 16,Asset,IAS 16
21/09/2024,CT326888,211,632,46812298.85,Giao dịch mua bán,Production,CUST0104,VEND0135,Asset,IAS 16,Asset,IAS 16
05/01/2024,CT003764,642,331,22542389.22,Giao dịch mua bán,Production,CUST0173,VEND0176,Expense,IAS 1,Expense,IAS 1
25/09/2024,CT437999,131,214,40433027.38,Giao dịch mua bán,HR,CUST0042,VEND0193,Asset,IAS 16,Asset,IAS 16
06/05/2024,CT848550,642,152,19270222.65,Giao dịch mua bán,Finance,CUST0077,VEND0106,Expense,IAS 1,Expense,IAS 1
02/06/2024,CT488190,131,511,25257903.39,Giao dịch mua bán,Production,CUST0063,VEND0106,Asset,IAS 16,Asset,IAS 16
25/10/2024,CT610078,152,511,31843141.29,Giao dịch mua bán,IT,CUST0047,VEND0166,Asset,IAS 16,Asset,IAS 16
02/12/2024,CT174218,156,131,32706566.13,Giao dịch mua bán,Finance,CUST0113,VEND0149,Asset,IAS 16,Asset,IAS 16
27/04/2024,CT608521,211,214,27109660.65,Giao dịch mua bán,Finance,CUST0059,VEND0101,Asset,IAS 16,Asset,IAS 16
28/01/2024,CT331967,112,112,36392371.27,Giao dịch mua bán,HR,CUST0086,VEND0175,Asset,IAS 16,Asset,IAS 16
27/01/2024,CT487061,156,511,22225140.78,Giao dịch mua bán,HR,CUST0038,VEND0076,Asset,IAS 16,Asset,IAS 16
12/04/2024,CT772776,642,156,47784881.79,Giao dịch mua bán,Sales,CUST0044,VEND0045,Expense,IAS 1,Expense,IAS 1
07/04/2024,CT324422,211,131,30538934.04,Giao dịch mua bán,Finance,CUST0091,VEND0168,Asset,IAS 16,Asset,IAS 16
06/04/2024,CT574752,642,152,6142269.9,Giao dịch mua bán,HR,CUST0039,VEND0133,Expense,IAS 1,Expense,IAS 1
31/01/2024,CT367823,131,112,20724085.56,Giao dịch mua bán,Sales,CUST0010,VEND0071,Asset,IAS 16,Asset,IAS 16
22/08/2024,CT533629,214,112,47445656.59,Giao dịch mua bán,IT,CUST0165,VEND0023,Asset,IAS 16,Asset,IAS 16
06/09/2024,CT834651,511,214,22602831.16,Giao dịch mua bán,Sales,CUST0042,VEND0037,Revenue,IFRS 15,Revenue,IFRS 15
12/07/2024,CT518647,111,331,49000188.52,Giao dịch mua bán,Finance,CUST0040,VEND0150,Asset,IAS 16,Asset,IAS 16
20/07/2024,CT914146,511,331,19616668.1,Giao dịch mua bán,Sales,CUST0173,VEND0052,Revenue,IFRS 15,Revenue,IFRS 15
02/06/2024,CT478133,156,112,14294912.57,Giao dịch mua bán,Production,CUST0072,VEND0064,Asset,IAS 16,Asset,IAS 16
27/11/2024,CT491162,642,214,42801965.83,Giao dịch mua bán,HR,CUST0047,VEND0096,Expense,IAS 1,Expense,IAS 1
14/11/2024,CT345695,214,214,15324894.86,Giao dịch mua bán,Finance,CUST0195,VEND0199,Asset,IAS 16,Asset,IAS 16
18/09/2024,CT615423,642,112,13607279.3,Giao dịch mua bán,Production,CUST0129,VEND0039,Expense,IAS 1,Expense,IAS 1
13/09/2024,CT850232,642,511,28665922.48,Giao dịch mua bán,Sales,CUST0041,VEND0177,Expense,IAS 1,Expense,IAS 1
09/04/2024,CT911797,331,112,31159747.8,Giao dịch mua bán,Sales,CUST0028,VEND0193,Liability,IAS 37,Liability,IAS 37
24/01/2024,CT853175,632,632,5218891.7,Giao dịch mua bán,Sales,CUST0034,VEND0182,Expense,IAS 1,Expense,IAS 1
12/02/2024,CT627255,112,131,44635257.37,Giao dịch mua bán,Sales,CUST0027,VEND0072,Asset,IAS 16,Asset,IAS 16
08/01/2024,CT832686,152,214,47592478.54,Giao dịch mua bán,HR,CUST0150,VEND0051,Asset,IAS 16,Asset,IAS 16
17/06/2024,CT833803,152,131,40760574.36,Giao dịch mua bán,Production,CUST0149,VEND0065,Asset,IAS 16,Asset,IAS 16
11/08/2024,CT639176,642,632,6284201.28,Giao dịch mua bán,Sales,CUST0096,VEND0007,Expense,IAS 1,Expense,IAS 1
23/02/2024,CT994652,511,156,3601025.07,Giao dịch mua bán,Finance,CUST0022,VEND0106,Revenue,IFRS 15,Revenue,IFRS 15
01/05/2024,CT957413,211,331,18887019.5,Giao dịch mua bán,IT,CUST0096,VEND0048,Asset,IAS 16,Asset,IAS 16
01/02/2024,CT481536,642,211,11254615.22,Giao dịch mua bán,Sales,CUST0058,VEND0103,Expense,IAS 1,Expense,IAS 1
25/10/2024,CT946734,131,642,8501267.09,Giao dịch mua bán,Sales,CUST0189,VEND0018,Asset,IAS 16,Asset,IAS 16
02/02/2024,CT417665,511,211,5712260.45,Giao dịch mua bán,Sales,CUST0012,VEND0062,Revenue,IFRS 15,Revenue,IFRS 15
02/04/2024,CT104001,214,642,14487288.28,Giao dịch mua bán,Sales,CUST0177,VEND0052,Asset,IAS 16,Asset,IAS 16
05/06/2024,CT576622,214,632,7648383.87,Giao dịch mua bán,HR,CUST0160,VEND0118,Asset,IAS 16,Asset,IAS 16
03/05/2024,CT869409,632,642,14554379.7,Giao dịch mua bán,IT,CUST0004,VEND0139,Expense,IAS 1,Expense,IAS 1
15/01/2024,CT593492,156,131,37901132.51,Giao dịch mua bán,IT,CUST0118,VEND0169,Asset,IAS 16,Asset,IAS 16
31/07/2024,CT806798,642,511,41517026.28,Giao dịch mua bán,IT,CUST0044,VEND0102,Expense,IAS 1,Expense,IAS 1
08/04/2024,CT200617,214,511,11311554.29,Giao dịch mua bán,Production,CUST0096,VEND0010,Asset,IAS 16,Asset,IAS 16
25/08/2024,CT257622,211,211,5405237.3,Giao dịch mua bán,Sales,CUST0117,VEND0097,Asset,IAS 16,Asset,IAS 16
10/12/2024,CT796470,156,511,36105819.69,Giao dịch mua bán,Finance,CUST0027,VEND0144,Asset,IAS 16,Asset,IAS 16
24/02/2024,CT226579,211,131,48302119.06,Giao dịch mua bán,HR,CUST0071,VEND0027,Asset,IAS 16,Asset,IAS 16
09/06/2024,CT296611,331,511,37537518.68,Giao dịch mua bán,Finance,CUST0058,VEND0181,Liability,IAS 37,Liability,IAS 37
05/03/2024,CT961328,156,511,42360862.54,Giao dịch mua bán,Sales,CUST0027,VEND0019,Asset,IAS 16,Asset,IAS 16
04/01/2024,CT732135,156,112,33010383.29,Giao dịch mua bán,HR,CUST0169,VEND0193,Asset,IAS 16,Asset,IAS 16
25/04/2024,CT818654,112,214,34814821.07,Giao dịch mua bán,IT,CUST0133,VEND0163,Asset,IAS 16,Asset,IAS 16
28/12/2024,CT509632,131,214,28289772.5,Giao dịch mua bán,HR,CUST0135,VEND0001,Asset,IAS 16,Asset,IAS 16
26/12/2024,CT551783,331,156,40683020.6,Giao dịch mua bán,Production,CUST0076,VEND0060,Liability,IAS 37,Liability,IAS 37
04/02/2024,CT758109,112,632,33800954.63,Giao dịch mua bán,Sales,CUST0127,VEND0100,Asset,IAS 16,Asset,IAS 16
25/08/2024,CT739106,632,511,39164602.53,Giao dịch mua bán,Finance,CUST0071,VEND0072,Expense,IAS 1,Expense,IAS 1
24/01/2024,CT164116,211,642,28578956.75,Giao dịch mua bán,Production,CUST0200,VEND0126,Asset,IAS 16,Asset,IAS 16
31/05/2024,CT788507,111,331,11416060.18,Giao dịch mua bán,HR,CUST0133,VEND0133,Asset,IAS 16,Asset,IAS 16
09/10/2024,DUPLICATE,211,156,15865172.08,Giao dịch mua bán,HR,CUST0168,VEND0057,Asset,IAS 16,Asset,IAS 16
14/05/2024,CT321966,112,214,16653595.25,Giao dịch mua bán,Finance,CUST0187,VEND0145,Asset,IAS 16,Asset,IAS 16
02/07/2024,CT357123,131,214,40089633.71,Giao dịch mua bán,IT,CUST0004,VEND0088,Asset,IAS 16,Asset,IAS 16
21/12/2024,CT519712,632,131,7963500.96,Giao dịch mua bán,Sales,CUST0116,VEND0089,Expense,IAS 1,Expense,IAS 1
01/05/2024,CT715606,331,152,26649373.28,Giao dịch mua bán,IT,CUST0150,VEND0140,Liability,IAS 37,Liability,IAS 37
18/01/2024,CT786125,131,642,25523947.48,Giao dịch mua bán,IT,CUST0118,VEND0150,Asset,IAS 16,Asset,IAS 16
13/08/2024,CT916408,214,632,12702113.61,Giao dịch mua bán,Production,CUST0039,VEND0014,Asset,IAS 16,Asset,IAS 16
21/03/2024,CT145787,112,211,26558186,Giao dịch mua bán,Finance,CUST0102,VEND0045,Asset,IAS 16,Asset,IAS 16
18/06/2024,CT556174,214,112,5040897.59,Giao dịch mua bán,Finance,CUST0195,VEND0011,Asset,IAS 16,Asset,IAS 16
11/05/2024,CT425192,511,111,41085530.6,Giao dịch mua bán,Production,CUST0127,VEND0004,Revenue,IFRS 15,Revenue,IFRS 15
07/07/2024,CT519492,632,511,8437502.83,Giao dịch mua bán,Production,CUST0132,VEND0027,Expense,IAS 1,Expense,IAS 1
14/02/2024,CT638246,152,214,34735579.63,Giao dịch mua bán,Production,CUST0001,VEND0122,Asset,IAS 16,Asset,IAS 16
09/03/2024,CT709216,511,112,14944303.15,Giao dịch mua bán,IT,CUST0175,VEND0003,Revenue,IFRS 15,Revenue,IFRS 15
28/07/2024,CT947807,211,152,44282813.48,Giao dịch mua bán,IT,CUST0195,VEND0185,Asset,IAS 16,Asset,IAS 16
09/06/2024,CT126313,156,131,47140851.61,Giao dịch mua bán,IT,CUST0178,VEND0125,Asset,IAS 16,Asset,IAS 16
27/01/2024,CT380755,214,112,21716144.96,Giao dịch mua bán,Finance,CUST0155,VEND0177,Asset,IAS 16,Asset,IAS 16
08/01/2024,CT478764,211,214,44566187.44,Giao dịch mua bán,Sales,CUST0095,VEND0168,Asset,IAS 16,Asset,IAS 16
31/12/2024,CT215302,156,642,2426045.32,Giao dịch mua bán,HR,CUST0019,VEND0073,Asset,IAS 16,Asset,IAS 16
21/11/2024,CT962233,632,152,5715382.41,Giao dịch mua bán,Finance,CUST0180,VEND0083,Expense,IAS 1,Expense,IAS 1
31/07/2024,CT720243,632,214,45511552.11,Giao dịch mua bán,HR,CUST0056,VEND0112,Expense,IAS 1,Expense,IAS 1
06/01/2024,CT643608,632,642,49663211.37,Giao dịch mua bán,IT,CUST0018,VEND0101,Expense,IAS 1,Expense,IAS 1
10/11/2024,CT850440,152,111,45005351.62,Giao dịch mua bán,Sales,CUST0026,VEND0001,Asset,IAS 16,Asset,IAS 16
24/12/2024,CT077369,511,156,11512852.6,Giao dịch mua bán,IT,CUST0098,VEND0146,Revenue,IFRS 15,Revenue,IFRS 15
20/11/2024,CT644644,642,112,2888618.83,Giao dịch mua bán,Finance,CUST0071,VEND0039,Expense,IAS 1,Expense,IAS 1
10/09/2024,CT562049,112,511,21108050.35,Giao dịch mua bán,Finance,CUST0007,VEND0076,Asset,IAS 16,Asset,IAS 16
31/07/2024,CT849064,112,632,14917791.99,Giao dịch mua bán,Production,CUST0154,VEND0096,Asset,IAS 16,Asset,IAS 16
15/12/2024,CT172325,331,211,33504363.87,Giao dịch mua bán,IT,CUST0125,VEND0065,Liability,IAS 37,Liability,IAS 37
24/01/2024,CT227787,152,112,1659199.99,Giao dịch mua bán,Finance,CUST0174,VEND0071,Asset,IAS 16,Asset,IAS 16
06/11/2024,CT651188,331,632,26771417.01,Giao dịch mua bán,Finance,CUST0095,VEND0141,Liability,IAS 37,Liability,IAS 37
19/04/2024,CT837624,112,214,43415847.61,Giao dịch mua bán,Production,CUST0087,VEND0015,Asset,IAS 16,Asset,IAS 16
10/07/2024,CT942096,642,156,1511211,Giao dịch mua bán,IT,CUST0165,VEND0200,Expense,IAS 1,Expense,IAS 1
01/05/2024,CT402509,211,131,37743354.36,Giao dịch mua bán,Sales,CUST0009,VEND0144,Asset,IAS 16,Asset,IAS 16
21/08/2024,CT419700,214,112,21875418.07,Giao dịch mua bán,Production,CUST0071,VEND0062,Asset,IAS 16,Asset,IAS 16
30/11/2024,CT826899,642,211,32679148.74,Giao dịch mua bán,IT,CUST0150,VEND0057,Expense,IAS 1,Expense,IAS 1
06/02/2024,CT042565,152,156,36199316.39,Giao dịch mua bán,HR,CUST0098,VEND0155,Asset,IAS 16,Asset,IAS 16
21/06/2024,CT869250,112,211,44381817.27,Giao dịch mua bán,Production,CUST0167,VEND0138,Asset,IAS 16,Asset,IAS 16
18/06/2024,CT605142,642,131,20409701.43,Giao dịch mua bán,HR,CUST0109,VEND0024,Expense,IAS 1,Expense,IAS 1
04/01/2024,CT611178,156,331,4331039.52,Giao dịch mua bán,Sales,CUST0082,VEND0195,Asset,IAS 16,Asset,IAS 16
17/06/2024,CT067599,632,331,46307071.75,Giao dịch mua bán,Production,CUST0186,VEND0176,Expense,IAS 1,Expense,IAS 1
27/02/2024,CT571921,211,642,25478940.81,Giao dịch mua bán,Production,CUST0145,VEND0181,Asset,IAS 16,Asset,IAS 16
13/02/2024,CT408138,642,211,24024221.64,Giao dịch mua bán,IT,CUST0076,VEND0101,Expense,IAS 1,Expense,IAS 1
05/12/2024,CT171924,156,331,6525912.25,Giao dịch mua bán,Finance,CUST0066,VEND0170,Asset,IAS 16,Asset,IAS 16
30/11/2024,CT025810,511,642,23466172.37,Giao dịch mua bán,Production,CUST0023,VEND0170,Revenue,IFRS 15,Revenue,IFRS 15
03/08/2024,CT233366,511,511,35447683.74,Giao dịch mua bán,Production,CUST0187,VEND0047,Revenue,IFRS 15,Revenue,IFRS 15
03/09/2024,CT498572,632,331,46036550.04,Giao dịch mua bán,HR,CUST0087,VEND0171,Expense,IAS 1,Expense,IAS 1
03/03/2024,CT029970,211,111,32288905.95,Giao dịch mua bán,Finance,CUST0028,VEND0083,Asset,IAS 16,Asset,IAS 16
22/10/2024,CT253939,511,156,26494708.29,Giao dịch mua bán,Finance,CUST0069,VEND0134,Revenue,IFRS 15,Revenue,IFRS 15
09/02/2024,CT243886,211,156,14361084.05,Giao dịch mua bán,Production,CUST0168,VEND0022,Asset,IAS 16,Asset,IAS 16
03/05/2024,CT403718,511,511,25007423.07,Giao dịch mua bán,Finance,CUST0018,VEND0146,Revenue,IFRS 15,Revenue,IFRS 15
07/12/2024,CT957830,156,111,7297243,Giao dịch mua bán,IT,CUST0200,VEND0030,Asset,IAS 16,Asset,IAS 16
12/04/2024,CT315547,152,112,19684665.31,Giao dịch mua bán,Finance,CUST0116,VEND0130,Asset,IAS 16,Asset,IAS 16
12/04/2024,CT888819,331,642,14119297.98,Giao dịch mua bán,Production,CUST0135,VEND0077,Liability,IAS 37,Liability,IAS 37
19/03/2024,CT784756,632,152,32721716.48,Giao dịch mua bán,HR,CUST0175,VEND0152,Expense,IAS 1,Expense,IAS 1
14/06/2024,CT945998,331,111,9298946.61,Giao dịch mua bán,Finance,CUST0180,VEND0115,Liability,IAS 37,Liability,IAS 37
30/07/2024,CT085165,131,131,16849575.73,Giao dịch mua bán,Production,CUST0054,VEND0132,Asset,IAS 16,Asset,IAS 16
24/12/2024,CT115558,642,112,19595162.53,Giao dịch mua bán,HR,CUST0097,VEND0026,Expense,IAS 1,Expense,IAS 1
18/01/2024,CT126437,642,156,30765100.43,Giao dịch mua bán,Production,CUST0022,VEND0169,Expense,IAS 1,Expense,IAS 1
21/08/2024,CT650941,642,642,48362914.37,Giao dịch mua bán,IT,CUST0093,VEND0174,Expense,IAS 1,Expense,IAS 1
28/11/2024,CT591701,131,112,15263994.22,Giao dịch mua bán,Sales,CUST0009,VEND0153,Asset,IAS 16,Asset,IAS 16
31/07/2024,CT542880,331,112,34692479.77,Giao dịch mua bán,Sales,CUST0059,VEND0095,Liability,IAS 37,Liability,IAS 37
08/07/2024,CT915001,642,111,9333101.2,Giao dịch mua bán,IT,CUST0062,VEND0194,Expense,IAS 1,Expense,IAS 1
18/12/2024,CT931637,152,111,16549785.02,Giao dịch mua bán,HR,CUST0006,VEND0011,Asset,IAS 16,Asset,IAS 16
20/07/2024,CT608012,152,152,2722257.52,Giao dịch mua bán,Finance,CUST0031,VEND0049,Asset,IAS 16,Asset,IAS 16
05/01/2024,CT414276,156,112,38179313.02,Giao dịch mua bán,Production,CUST0115,VEND0174,Asset,IAS 16,Asset,IAS 16
19/09/2024,CT385893,156,642,15567826.53,Giao dịch mua bán,Finance,CUST0016,VEND0121,Asset,IAS 16,Asset,IAS 16
11/02/2024,CT363469,152,111,47505662.95,Giao dịch mua bán,Finance,CUST0182,VEND0036,Asset,IAS 16,Asset,IAS 16
27/10/2024,CT328620,642,632,39700513.01,Giao dịch mua bán,Sales,CUST0060,VEND0163,Expense,IAS 1,Expense,IAS 1
14/11/2024,CT202830,112,156,37370233.56,Giao dịch mua bán,IT,CUST0184,VEND0181,Asset,IAS 16,Asset,IAS 16
27/12/2024,CT776147,632,211,41363872.68,Giao dịch mua bán,Production,CUST0130,VEND0183,Expense,IAS 1,Expense,IAS 1
04/05/2024,CT202480,211,632,44818508.3,Giao dịch mua bán,HR,CUST0175,VEND0166,Asset,IAS 16,Asset,IAS 16
19/04/2024,CT273753,156,511,27384031.06,Giao dịch mua bán,HR,CUST0028,VEND0090,Asset,IAS 16,Asset,IAS 16
26/09/2024,CT432853,511,632,393791.69,Giao dịch mua bán,Finance,CUST0053,VEND0021,Revenue,IFRS 15,Revenue,IFRS 15
27/10/2024,CT731221,632,511,46595448.44,Giao dịch mua bán,Production,CUST0115,VEND0181,Expense,IAS 1,Expense,IAS 1
14/04/2024,CT075328,211,632,14140689.93,Giao dịch mua bán,IT,CUST0057,VEND0180,Asset,IAS 16,Asset,IAS 16
03/11/2024,CT631022,156,331,10949623.58,Giao dịch mua bán,Finance,CUST0188,VEND0036,Asset,IAS 16,Asset,IAS 16
01/05/2024,CT773915,632,632,911932.32,Giao dịch mua bán,HR,CUST0061,VEND0075,Expense,IAS 1,Expense,IAS 1
11/02/2024,CT116766,211,211,49488988.72,Giao dịch mua bán,Sales,CUST0076,VEND0040,Asset,IAS 16,Asset,IAS 16
24/05/2024,CT149907,214,111,40748104.15,Giao dịch mua bán,HR,CUST0033,VEND0011,Asset,IAS 16,Asset,IAS 16
11/07/2024,CT641730,131,511,44925442.98,Giao dịch mua bán,Finance,CUST0014,VEND0182,Asset,IAS 16,Asset,IAS 16
29/03/2024,CT958234,111,511,46719221.6,Giao dịch mua bán,Production,CUST0149,VEND0180,Asset,IAS 16,Asset,IAS 16
17/07/2024,CT764230,156,211,9812139.62,Giao dịch mua bán,IT,CUST0049,VEND0157,Asset,IAS 16,Asset,IAS 16
11/11/2024,CT005137,112,331,19816138.11,Giao dịch mua bán,Production,CUST0177,VEND0018,Asset,IAS 16,Asset,IAS 16
28/11/2024,CT531432,156,642,23744222.34,Giao dịch mua bán,HR,CUST0169,VEND0016,Asset,IAS 16,Asset,IAS 16
21/02/2024,CT922333,642,632,44916640.62,Giao dịch mua bán,IT,CUST0002,VEND0051,Expense,IAS 1,Expense,IAS 1
12/10/2024,CT928622,214,152,28112997.42,Giao dịch mua bán,Sales,CUST0125,VEND0165,Asset,IAS 16,Asset,IAS 16
27/11/2024,CT074542,511,632,37173770.37,Giao dịch mua bán,Sales,CUST0152,VEND0161,Revenue,IFRS 15,Revenue,IFRS 15
23/08/2024,CT858289,111,642,37387150.37,Giao dịch mua bán,Finance,CUST0143,VEND0170,Asset,IAS 16,Asset,IAS 16
14/12/2024,CT680081,331,131,31713551.74,Giao dịch mua bán,Production,CUST0037,VEND0119,Liability,IAS 37,Liability,IAS 37
26/10/2024,CT590834,632,511,6640368.34,Giao dịch mua bán,HR,CUST0118,VEND0049,Expense,IAS 1,Expense,IAS 1
08/02/2024,CT344117,152,331,38676826.54,Giao dịch mua bán,Finance,CUST0188,VEND0184,Asset,IAS 16,Asset,IAS 16
02/12/2024,CT932205,112,112,16717113.72,Giao dịch mua bán,Finance,CUST0014,VEND0046,Asset,IAS 16,Asset,IAS 16
08/10/2024,CT377792,152,156,4180299.21,Giao dịch mua bán,IT,CUST0084,VEND0104,Asset,IAS 16,Asset,IAS 16
27/11/2024,CT559454,642,152,11515252.21,Giao dịch mua bán,HR,CUST0041,VEND0126,Expense,IAS 1,Expense,IAS 1
13/04/2024,CT299133,111,112,976621.55,Giao dịch mua bán,Production,CUST0189,VEND0113,Asset,IAS 16,Asset,IAS 16
17/05/2024,CT896054,152,642,13339071.49,Giao dịch mua bán,Production,CUST0145,VEND0009,Asset,IAS 16,Asset,IAS 16
04/10/2024,CT895468,112,112,45669290.85,Giao dịch mua bán,Finance,CUST0073,VEND0144,Asset,IAS 16,Asset,IAS 16
13/07/2024,CT988853,112,152,2656824.58,Giao dịch mua bán,IT,CUST0106,VEND0008,Asset,IAS 16,Asset,IAS 16
21/07/2024,CT135416,511,511,38325855.35,Giao dịch mua bán,HR,CUST0101,VEND0133,Revenue,IFRS 15,Revenue,IFRS 15
27/03/2024,CT591470,331,131,35156791.55,Giao dịch mua bán,HR,CUST0070,VEND0003,Liability,IAS 37,Liability,IAS 37
27/01/2024,CT537685,111,511,8371440.01,Giao dịch mua bán,IT,CUST0153,VEND0026,Asset,IAS 16,Asset,IAS 16
01/11/2024,CT097974,642,152,8901973.95,Giao dịch mua bán,HR,CUST0014,VEND0107,Expense,IAS 1,Expense,IAS 1
11/09/2024,CT358804,511,642,13868472.25,Giao dịch mua bán,Sales,CUST0156,VEND0083,Revenue,IFRS 15,Revenue,IFRS 15
27/04/2024,CT242203,211,511,46244862.52,Giao dịch mua bán,IT,CUST0199,VEND0069,Asset,IAS 16,Asset,IAS 16
14/04/2024,CT827456,152,156,9333239.25,Giao dịch mua bán,Production,CUST0180,VEND0162,Asset,IAS 16,Asset,IAS 16
08/06/2024,CT774574,511,331,45047066.78,Giao dịch mua bán,Production,CUST0199,VEND0187,Revenue,IFRS 15,Revenue,IFRS 15
17/07/2024,CT819855,152,632,39350082.98,Giao dịch mua bán,IT,CUST0135,VEND0018,Asset,IAS 16,Asset,IAS 16
04/02/2024,CT132377,211,511,36330248.11,Giao dịch mua bán,Finance,CUST0084,VEND0200,Asset,IAS 16,Asset,IAS 16
25/01/2024,CT217004,112,511,30759413.39,Giao dịch mua bán,Sales,CUST0046,VEND0165,Asset,IAS 16,Asset,IAS 16
24/03/2024,CT592985,632,156,47001442.74,Giao dịch mua bán,IT,CUST0074,VEND0164,Expense,IAS 1,Expense,IAS 1
10/11/2024,CT182907,632,211,49660147.65,Giao dịch mua bán,HR,CUST0101,VEND0115,Expense,IAS 1,Expense,IAS 1
08/02/2024,CT224429,511,131,3007232.13,Giao dịch mua bán,Production,CUST0187,VEND0142,Revenue,IFRS 15,Revenue,IFRS 15
15/03/2024,CT570012,214,331,20283794.88,Giao dịch mua bán,HR,CUST0132,VEND0097,Asset,IAS 16,Asset,IAS 16
10/11/2024,CT086870,642,642,21288252.33,Giao dịch mua bán,IT,CUST0013,VEND0031,Expense,IAS 1,Expense,IAS 1
02/02/2024,CT827449,211,111,47660820.71đ,Giao dịch mua bán,Production,CUST0073,VEND0024,Asset,IAS 16,Asset,IAS 16
13/02/2024,CT012437,511,112,1574958.98,Giao dịch mua bán,IT,CUST0139,VEND0178,Revenue,IFRS 15,Revenue,IFRS 15
31/01/2024,CT439516,511,642,6824425.7,Giao dịch mua bán,Finance,CUST0041,VEND0110,Revenue,IFRS 15,Revenue,IFRS 15
23/11/2024,CT963670,156,331,26153402.11,Giao dịch mua bán,Production,CUST0021,VEND0058,Asset,IAS 16,Asset,IAS 16
24/08/2024,CT885927,642,331,20005339.58,Giao dịch mua bán,IT,CUST0097,VEND0167,Expense,IAS 1,Expense,IAS 1
02/04/2024,CT962451,642,152,47119949.24,Giao dịch mua bán,Finance,CUST0102,VEND0110,Expense,IAS 1,Expense,IAS 1
16/05/2024,CT640480,152,214,22970395.81,Giao dịch mua bán,IT,CUST0090,VEND0082,Asset,IAS 16,Asset,IAS 16
29/01/2024,CT602371,511,642,46273685.49,Giao dịch mua bán,Finance,CUST0115,VEND0152,Revenue,IFRS 15,Revenue,IFRS 15
10/06/2024,CT378531,152,131,31790717.81,Giao dịch mua bán,Production,CUST0093,VEND0084,Asset,IAS 16,Asset,IAS 16
26/05/2024,CT661838,642,111,45400417.45,Giao dịch mua bán,Sales,CUST0065,VEND0182,Expense,IAS 1,Expense,IAS 1
09/09/2024,CT623923,111,156,29623537.57,Giao dịch mua bán,HR,CUST0103,VEND0022,Asset,IAS 16,Asset,IAS 16
16/12/2024,DUPLICATE,211,111,30122867.13,Giao dịch mua bán,Production,CUST0145,VEND0011,Asset,IAS 16,Asset,IAS 16
23/03/2024,CT405309,111,214,29744322.36,Giao dịch mua bán,Production,CUST0153,VEND0133,Asset,IAS 16,Asset,IAS 16
08/11/2024,CT502031,632,511,18393153.73,Giao dịch mua bán,Sales,CUST0146,VEND0134,Expense,IAS 1,Expense,IAS 1
16/09/2024,CT301835,214,111,821704.77,Giao dịch mua bán,Production,CUST0052,VEND0080,Asset,IAS 16,Asset,IAS 16
08/07/2024,CT467123,214,214,45705374.52,Giao dịch mua bán,IT,CUST0009,VEND0155,Asset,IAS 16,Asset,IAS 16
11/12/2024,CT351961,511,111,3672781.05,Giao dịch mua bán,HR,CUST0079,VEND0123,Revenue,IFRS 15,Revenue,IFRS 15
16/11/2024,CT020131,632,111,44480946.74,Giao dịch mua bán,Sales,CUST0107,VEND0130,Expense,IAS 1,Expense,IAS 1
24/10/2024,DUPLICATE,112,152,38068000.3,Giao dịch mua bán,Finance,CUST0017,VEND0076,Asset,IAS 16,Asset,IAS 16
21/11/2024,CT020997,214,131,17784841.97,Giao dịch mua bán,Finance,CUST0169,VEND0172,Asset,IAS 16,Asset,IAS 16
21/03/2024,CT222576,331,511,11641450.92,Giao dịch mua bán,Production,CUST0015,VEND0079,Liability,IAS 37,Liability,IAS 37
26/04/2024,CT258372,111,331,28610751.99,Giao dịch mua bán,IT,CUST0168,VEND0193,Asset,IAS 16,Asset,IAS 16
26/01/2024,CT147754,156,632,11151323.22,Giao dịch mua bán,IT,CUST0158,VEND0002,Asset,IAS 16,Asset,IAS 16
28/05/2024,CT389833,214,511,32453352.34,Giao dịch mua bán,HR,CUST0122,VEND0176,Asset,IAS 16,Asset,IAS 16
23/08/2024,CT254208,152,111,3034787.49,Giao dịch mua bán,Production,CUST0078,VEND0191,Asset,IAS 16,Asset,IAS 16
09/08/2024,CT133199,214,511,7753127.17,Giao dịch mua bán,HR,CUST0032,VEND0185,Asset,IAS 16,Asset,IAS 16
29/01/2024,CT960485,632,211,14471848.87,Giao dịch mua bán,IT,CUST0178,VEND0194,Expense,IAS 1,Expense,IAS 1
23/02/2024,CT280387,214,111,49749591.11,Giao dịch mua bán,Sales,CUST0112,VEND0040,Asset,IAS 16,Asset,IAS 16
13/03/2024,CT101994,632,632,23970836.2,Giao dịch mua bán,Sales,CUST0150,VEND0123,Expense,IAS 1,Expense,IAS 1
08/06/2024,CT990096,111,214,7566681.57,Giao dịch mua bán,HR,CUST0060,VEND0050,Asset,IAS 16,Asset,IAS 16
06/12/2024,CT442495,112,632,39876043.74,Giao dịch mua bán,Finance,CUST0186,VEND0018,Asset,IAS 16,Asset,IAS 16
07/02/2024,CT241759,331,331,48727819.11,Giao dịch mua bán,IT,CUST0109,VEND0100,Liability,IAS 37,Liability,IAS 37
05/02/2024,CT336171,511,111,31249008.31,Giao dịch mua bán,Sales,CUST0170,VEND0164,Revenue,IFRS 15,Revenue,IFRS 15
19/05/2024,CT959492,112,642,2165137.71,Giao dịch mua bán,IT,CUST0033,VEND0168,Asset,IAS 16,Asset,IAS 16
19/06/2024,CT223800,214,331,22304533.65,Giao dịch mua bán,Finance,CUST0150,VEND0086,Asset,IAS 16,Asset,IAS 16
05/11/2024,CT617174,111,112,17737325.98,Giao dịch mua bán,HR,CUST0124,VEND0080,Asset,IAS 16,Asset,IAS 16
15/04/2024,CT907432,112,112,36188040.08,Giao dịch mua bán,Sales,CUST0109,VEND0162,Asset,IAS 16,Asset,IAS 16
25/02/2024,CT243691,112,131,1383466.9,Giao dịch mua bán,HR,CUST0067,VEND0119,Asset,IAS 16,Asset,IAS 16
28/01/2024,CT877822,152,511,41325804.6,Giao dịch mua bán,Finance,CUST0147,VEND0090,Asset,IAS 16,Asset,IAS 16
13/01/2024,CT523933,642,511,12958706.39,Giao dịch mua bán,Sales,CUST0184,VEND0151,Expense,IAS 1,Expense,IAS 1
01/12/2024,CT346438,211,642,14589578.74,Giao dịch mua bán,Sales,CUST0152,VEND0030,Asset,IAS 16,Asset,IAS 16
22/11/2024,CT153372,642,131,29377999.87,Giao dịch mua bán,HR,CUST0098,VEND0094,Expense,IAS 1,Expense,IAS 1
21/08/2024,CT046893,511,156,23945021.48,Giao dịch mua bán,Finance,CUST0043,VEND0170,Revenue,IFRS 15,Revenue,IFRS 15
30/10/2024,CT746784,632,131,17014030.18,Giao dịch mua bán,HR,CUST0134,VEND0129,Expense,IAS 1,Expense,IAS 1
25/06/2024,CT117666,642,211,14507421.23,Giao dịch mua bán,Sales,CUST0031,VEND0136,Expense,IAS 1,Expense,IAS 1
20/04/2024,CT919799,112,211,21939828.48,Giao dịch mua bán,Finance,CUST0074,VEND0176,Asset,IAS 16,Asset,IAS 16
18/01/2024,CT901737,214,112,31338667.34,Giao dịch mua bán,Sales,CUST0191,VEND0047,Asset,IAS 16,Asset,IAS 16
31/03/2024,CT881416,211,211,8707774.25,Giao dịch mua bán,HR,CUST0015,VEND0017,Asset,IAS 16,Asset,IAS 16
04/03/2024,CT211552,511,156,20030798.79,Giao dịch mua bán,HR,CUST0144,VEND0187,Revenue,IFRS 15,Revenue,IFRS 15
16/04/2024,CT746275,632,211,30757786.22,Giao dịch mua bán,Finance,CUST0012,VEND0102,Expense,IAS 1,Expense,IAS 1
09/04/2024,CT830814,211,111,9248662.86,Giao dịch mua bán,Sales,CUST0197,VEND0063,Asset,IAS 16,Asset,IAS 16
07/09/2024,CT714274,511,511,42549155.91,Giao dịch mua bán,Production,CUST0026,VEND0106,Revenue,IFRS 15,Revenue,IFRS 15
09/06/2024,CT152528,112,632,25632971.79,Giao dịch mua bán,Sales,CUST0055,VEND0041,Asset,IAS 16,Asset,IAS 16
23/03/2024,CT433528,111,214,45970741.18,Giao dịch mua bán,Production,CUST0014,VEND0078,Asset,IAS 16,Asset,IAS 16
09/01/2024,CT316828,211,642,31194401.99,Giao dịch mua bán,HR,CUST0161,VEND0196,Asset,IAS 16,Asset,IAS 16
01/03/2024,CT722881,211,642,22329758.51,Giao dịch mua bán,Sales,CUST0152,VEND0019,Asset,IAS 16,Asset,IAS 16
17/02/2024,CT272541,511,211,3834723.21,Giao dịch mua bán,IT,CUST0034,VEND0199,Revenue,IFRS 15,Revenue,IFRS 15
08/04/2024,CT358406,642,632,33878331.98,Giao dịch mua bán,HR,CUST0078,VEND0196,Expense,IAS 1,Expense,IAS 1
22/09/2024,CT455015,111,511,5904365.62,Giao dịch mua bán,IT,CUST0115,VEND0027,Asset,IAS 16,Asset,IAS 16
17/03/2024,CT877809,156,211,44814377.6,Giao dịch mua bán,Sales,CUST0189,VEND0036,Asset,IAS 16,Asset,IAS 16
19/11/2024,CT508011,331,214,33947188.59,Giao dịch mua bán,HR,CUST0146,VEND0136,Liability,IAS 37,Liability,IAS 37
29/09/2024,CT600461,211,214,45367382.75,Giao dịch mua bán,Production,CUST0075,VEND0006,Asset,IAS 16,Asset,IAS 16
06/07/2024,CT347683,156,511,36783569.85,Giao dịch mua bán,Sales,CUST0069,VEND0107,Asset,IAS 16,Asset,IAS 16
05/06/2024,CT041419,131,111,15848119.16,Giao dịch mua bán,HR,CUST0017,VEND0128,Asset,IAS 16,Asset,IAS 16
12/04/2024,CT287220,131,152,12156323.77,Giao dịch mua bán,IT,CUST0014,VEND0157,Asset,IAS 16,Asset,IAS 16
10/04/2024,CT447891,211,112,19160606.36,Giao dịch mua bán,Finance,CUST0143,VEND0004,Asset,IAS 16,Asset,IAS 16
17/01/2024,CT684294,211,112,12651612.02,Giao dịch mua bán,IT,CUST0186,VEND0101,Asset,IAS 16,Asset,IAS 16
26/07/2024,CT509526,632,112,48681626.3,Giao dịch mua bán,Finance,CUST0030,VEND0081,Expense,IAS 1,Expense,IAS 1
26/11/2024,CT188326,156,632,48715146.82,Giao dịch mua bán,IT,CUST0112,VEND0133,Asset,IAS 16,Asset,IAS 16
25/03/2024,CT500859,511,152,19758621.77,Giao dịch mua bán,Production,CUST0135,VEND0186,Revenue,IFRS 15,Revenue,IFRS 15
15/10/2024,CT573400,511,152,41658883.06,Giao dịch mua bán,Production,CUST0109,VEND0098,Revenue,IFRS 15,Revenue,IFRS 15
03/02/2024,CT169900,511,152,17012721.36,Giao dịch mua bán,IT,CUST0188,VEND0092,Revenue,IFRS 15,Revenue,IFRS 15
03/07/2024,CT688567,642,152,32702252.85,Giao dịch mua bán,HR,CUST0054,VEND0098,Expense,IAS 1,Expense,IAS 1
22/04/2024,CT089678,112,632,4410163.44,Giao dịch mua bán,IT,CUST0026,VEND0080,Asset,IAS 16,Asset,IAS 16
02/11/2024,CT031902,511,214,31649487.27,Giao dịch mua bán,Sales,CUST0061,VEND0145,Revenue,IFRS 15,Revenue,IFRS 15
21/01/2024,CT796844,642,112,44362644.73,Giao dịch mua bán,Production,CUST0061,VEND0100,Expense,IAS 1,Expense,IAS 1
18/09/2024,CT327293,511,211,9299099.7,Giao dịch mua bán,IT,CUST0070,VEND0171,Revenue,IFRS 15,Revenue,IFRS 15
19/07/2024,CT115815,112,211,17878403.78,Giao dịch mua bán,Sales,CUST0005,VEND0193,Asset,IAS 16,Asset,IAS 16
07/08/2024,CT970310,632,152,20956383.49,Giao dịch mua bán,Sales,CUST0036,VEND0195,Expense,IAS 1,Expense,IAS 1
11/03/2024,CT323799,214,112,17420025.05,Giao dịch mua bán,Sales,CUST0141,VEND0040,Asset,IAS 16,Asset,IAS 16
19/10/2024,CT221122,156,331,35046348.22,Giao dịch mua bán,Sales,CUST0086,VEND0075,Asset,IAS 16,Asset,IAS 16
01/10/2024,CT413295,152,632,2663879.26,Giao dịch mua bán,Sales,CUST0086,VEND0161,Asset,IAS 16,Asset,IAS 16
14/12/2024,CT088845,112,214,42042369.2đ,Giao dịch mua bán,IT,CUST0152,VEND0159,Asset,IAS 16,Asset,IAS 16
12/12/2024,CT261623,331,111,10254599.41,Giao dịch mua bán,Finance,CUST0189,VEND0054,Liability,IAS 37,Liability,IAS 37
22/01/2024,CT693143,131,131,13579100.25,Giao dịch mua bán,HR,CUST0048,VEND0067,Asset,IAS 16,Asset,IAS 16
29/04/2024,CT497465,112,211,2667594.23,Giao dịch mua bán,IT,CUST0177,VEND0119,Asset,IAS 16,Asset,IAS 16
25/03/2024,CT283091,112,632,22146243.05,Giao dịch mua bán,Sales,CUST0106,VEND0062,Asset,IAS 16,Asset,IAS 16
10/12/2024,CT606912,211,211,35496991.28,Giao dịch mua bán,Production,CUST0149,VEND0113,Asset,IAS 16,Asset,IAS 16
27/08/2024,CT464617,156,211,35227271.56,Giao dịch mua bán,Sales,CUST0014,VEND0036,Asset,IAS 16,Asset,IAS 16
03/07/2024,CT225930,156,111,47879032.89,Giao dịch mua bán,Production,CUST0073,VEND0144,Asset,IAS 16,Asset,IAS 16
23/02/2024,CT948756,642,111,20057361.78,Giao dịch mua bán,HR,CUST0134,VEND0196,Expense,IAS 1,Expense,IAS 1
06/12/2024,CT632696,112,112,22764798.24,Giao dịch mua bán,HR,CUST0108,VEND0160,Asset,IAS 16,Asset,IAS 16
17/09/2024,CT355746,331,642,9227994.39,Giao dịch mua bán,Production,CUST0007,VEND0111,Liability,IAS 37,Liability,IAS 37
30/03/2024,CT242407,131,211,18414809.68,Giao dịch mua bán,Production,CUST0073,VEND0050,Asset,IAS 16,Asset,IAS 16
01/01/2024,CT527829,211,152,4620629.86,Giao dịch mua bán,Sales,CUST0139,VEND0039,Asset,IAS 16,Asset,IAS 16
13/11/2024,CT228084,331,511,19383813.54,Giao dịch mua bán,IT,CUST0112,VEND0057,Liability,IAS 37,Liability,IAS 37
18/07/2024,CT498642,511,156,48213216.49,Giao dịch mua bán,Sales,CUST0078,VEND0043,Revenue,IFRS 15,Revenue,IFRS 15
28/06/2024,CT238906,642,642,6252035.46đ,Giao dịch mua bán,HR,CUST0026,VEND0011,Expense,IAS 1,Expense,IAS 1
20/05/2024,CT914408,214,156,20853808.89,Giao dịch mua bán,HR,CUST0022,VEND0094,Asset,IAS 16,Asset,IAS 16
21/10/2024,CT538332,511,511,25984495.78,Giao dịch mua bán,Production,CUST0052,VEND0046,Revenue,IFRS 15,Revenue,IFRS 15
04/12/2024,CT717952,642,331,16644037.64,Giao dịch mua bán,Finance,CUST0081,VEND0194,Expense,IAS 1,Expense,IAS 1
21/03/2024,CT547571,131,511,35954730.17,Giao dịch mua bán,Finance,CUST0048,VEND0136,Asset,IAS 16,Asset,IAS 16
20/05/2024,CT308762,331,131,36842997.3,Giao dịch mua bán,HR,CUST0102,VEND0070,Liability,IAS 37,Liability,IAS 37
13/03/2024,CT193258,214,642,10338685.58,Giao dịch mua bán,Finance,CUST0171,VEND0194,Asset,IAS 16,Asset,IAS 16
14/01/2024,DUPLICATE,131,211,48315188.87,Giao dịch mua bán,Finance,CUST0070,VEND0158,Asset,IAS 16,Asset,IAS 16
27/07/2024,CT628175,211,152,24604946.15,Giao dịch mua bán,IT,CUST0044,VEND0029,Asset,IAS 16,Asset,IAS 16
09/06/2024,CT740297,642,511,7972659.66,Giao dịch mua bán,IT,CUST0072,VEND0173,Expense,IAS 1,Expense,IAS 1
25/04/2024,CT859433,156,632,38095020.85,Giao dịch mua bán,Production,CUST0144,VEND0168,Asset,IAS 16,Asset,IAS 16
06/08/2024,CT024318,156,112,9561077.27,Giao dịch mua bán,HR,CUST0053,VEND0087,Asset,IAS 16,Asset,IAS 16
18/10/2024,CT287523,214,211,5287124.63,Giao dịch mua bán,Production,CUST0172,VEND0053,Asset,IAS 16,Asset,IAS 16
16/01/2024,CT857380,642,111,6859214.05,Giao dịch mua bán,HR,CUST0012,VEND0189,Expense,IAS 1,Expense,IAS 1
09/07/2024,CT880877,642,632,11396548.92,Giao dịch mua bán,Sales,CUST0052,VEND0035,Expense,IAS 1,Expense,IAS 1
04/03/2024,CT531756,331,211,44844406.99,Giao dịch mua bán,Finance,CUST0009,VEND0132,Liability,IAS 37,Liability,IAS 37
03/07/2024,CT294322,211,111,13848606.98,Giao dịch mua bán,IT,CUST0175,VEND0134,Asset,IAS 16,Asset,IAS 16
20/01/2024,CT267373,152,111,9133635.8,Giao dịch mua bán,IT,CUST0065,VEND0187,Asset,IAS 16,Asset,IAS 16
03/08/2024,CT743446,131,632,32326585.75,Giao dịch mua bán,Production,CUST0069,VEND0001,Asset,IAS 16,Asset,IAS 16
11/12/2024,CT810757,214,331,26815575.05,Giao dịch mua bán,Finance,CUST0183,VEND0065,Asset,IAS 16,Asset,IAS 16
18/04/2024,CT904166,211,632,24067577.58,Giao dịch mua bán,Production,CUST0159,VEND0111,Asset,IAS 16,Asset,IAS 16
09/04/2024,CT022087,331,214,1813988.89,Giao dịch mua bán,Finance,CUST0174,VEND0195,Liability,IAS 37,Liability,IAS 37
30/01/2024,CT944007,131,642,5794635.44,Giao dịch mua bán,Finance,CUST0061,VEND0150,Asset,IAS 16,Asset,IAS 16
13/07/2024,CT462203,642,111,24755167.22,Giao dịch mua bán,Production,CUST0004,VEND0127,Expense,IAS 1,Expense,IAS 1
17/05/2024,CT743395,156,331,12256095.47,Giao dịch mua bán,Finance,CUST0067,VEND0162,Asset,IAS 16,Asset,IAS 16
22/04/2024,CT683870,211,152,38029610.85,Giao dịch mua bán,HR,CUST0165,VEND0065,Asset,IAS 16,Asset,IAS 16
02/11/2024,CT619424,131,131,699289.52,Giao dịch mua bán,Production,CUST0057,VEND0058,Asset,IAS 16,Asset,IAS 16
26/09/2024,CT186890,211,331,13442403.12,Giao dịch mua bán,IT,CUST0193,VEND0087,Asset,IAS 16,Asset,IAS 16
02/02/2024,CT066548,214,156,47623221.18,Giao dịch mua bán,HR,CUST0019,VEND0109,Asset,IAS 16,Asset,IAS 16
17/05/2024,CT181428,211,131,38505120.78,Giao dịch mua bán,HR,CUST0114,VEND0166,Asset,IAS 16,Asset,IAS 16
29/02/2024,CT644955,632,131,37816234.99,Giao dịch mua bán,HR,CUST0069,VEND0079,Expense,IAS 1,Expense,IAS 1
09/01/2024,CT223556,152,331,32741078.98,Giao dịch mua bán,HR,CUST0077,VEND0052,Asset,IAS 16,Asset,IAS 16
12/04/2024,CT073780,511,632,18890885.75,Giao dịch mua bán,HR,CUST0171,VEND0009,Revenue,IFRS 15,Revenue,IFRS 15
18/11/2024,CT874574,214,152,16127799.9,Giao dịch mua bán,Sales,CUST0010,VEND0096,Asset,IAS 16,Asset,IAS 16
18/07/2024,CT370482,642,112,42687610.94,Giao dịch mua bán,Sales,CUST0064,VEND0168,Expense,IAS 1,Expense,IAS 1
01/03/2024,CT854300,211,152,44792587.38,Giao dịch mua bán,IT,CUST0048,VEND0104,Asset,IAS 16,Asset,IAS 16
06/02/2024,CT813872,131,632,6218150.64,Giao dịch mua bán,HR,CUST0137,VEND0163,Asset,IAS 16,Asset,IAS 16
02/08/2024,CT766747,111,152,42779105.78,Giao dịch mua bán,IT,CUST0193,VEND0152,Asset,IAS 16,Asset,IAS 16
04/12/2024,CT768191,112,511,37518960.41,Giao dịch mua bán,HR,CUST0027,VEND0110,Asset,IAS 16,Asset,IAS 16
17/05/2024,CT061798,156,211,29526945.57,Giao dịch mua bán,Finance,CUST0175,VEND0150,Asset,IAS 16,Asset,IAS 16
30/08/2024,CT318044,214,211,36207433.68,Giao dịch mua bán,IT,CUST0175,VEND0111,Asset,IAS 16,Asset,IAS 16
03/10/2024,CT332640,331,214,14912607.26,Giao dịch mua bán,IT,CUST0036,VEND0191,Liability,IAS 37,Liability,IAS 37
30/11/2024,CT124629,511,152,40107676.02đ,Giao dịch mua bán,Finance,CUST0158,VEND0039,Revenue,IFRS 15,Revenue,IFRS 15
12/12/2024,CT025877,211,632,35459449.18,Giao dịch mua bán,IT,CUST0005,VEND0100,Asset,IAS 16,Asset,IAS 16
15/02/2024,CT224098,156,331,36153032.46,Giao dịch mua bán,HR,CUST0025,VEND0178,Asset,IAS 16,Asset,IAS 16
14/06/2024,CT126972,152,156,15000422.53,Giao dịch mua bán,Finance,CUST0069,VEND0079,Asset,IAS 16,Asset,IAS 16
13/03/2024,CT400737,211,642,38928475.2,Giao dịch mua bán,Sales,CUST0017,VEND0062,Asset,IAS 16,Asset,IAS 16
18/03/2024,CT496215,156,214,12572294.73,Giao dịch mua bán,Finance,CUST0126,VEND0151,Asset,IAS 16,Asset,IAS 16
08/11/2024,CT711970,112,152,44067446.79,Giao dịch mua bán,IT,CUST0154,VEND0082,Asset,IAS 16,Asset,IAS 16
09/01/2024,CT124418,511,152,10601777.9,Giao dịch mua bán,Production,CUST0165,VEND0011,Revenue,IFRS 15,Revenue,IFRS 15
16/08/2024,CT193775,642,331,11897511.02,Giao dịch mua bán,HR,CUST0156,VEND0099,Expense,IAS 1,Expense,IAS 1
31/10/2024,CT680181,511,331,49997292.15,Giao dịch mua bán,Sales,CUST0059,VEND0147,Revenue,IFRS 15,Revenue,IFRS 15
20/06/2024,CT665625,331,112,20426657.63,Giao dịch mua bán,Sales,CUST0004,VEND0077,Liability,IAS 37,Liability,IAS 37
27/06/2024,CT992376,511,152,39308933.31,Giao dịch mua bán,Production,CUST0132,VEND0139,Revenue,IFRS 15,Revenue,IFRS 15
03/04/2024,CT173388,214,156,15306180.57,Giao dịch mua bán,Finance,CUST0076,VEND0077,Asset,IAS 16,Asset,IAS 16
16/08/2024,CT997753,156,131,43456856.5,Giao dịch mua bán,IT,CUST0015,VEND0196,Asset,IAS 16,Asset,IAS 16
12/02/2024,CT630061,112,632,44560060.4,Giao dịch mua bán,Production,CUST0127,VEND0114,Asset,IAS 16,Asset,IAS 16
15/05/2024,CT201994,131,511,7729386.77,Giao dịch mua bán,Finance,CUST0048,VEND0106,Asset,IAS 16,Asset,IAS 16
28/07/2024,CT195668,511,511,44464233.9,Giao dịch mua bán,HR,CUST0018,VEND0066,Revenue,IFRS 15,Revenue,IFRS 15
28/02/2024,CT997926,214,511,48117469.82,Giao dịch mua bán,Production,CUST0026,VEND0198,Asset,IAS 16,Asset,IAS 16
03/10/2024,CT300590,111,131,40603434.13,Giao dịch mua bán,Production,CUST0174,VEND0159,Asset,IAS 16,Asset,IAS 16
24/10/2024,CT880247,112,642,435043.26,Giao dịch mua bán,Production,CUST0100,VEND0079,Asset,IAS 16,Asset,IAS 16
22/12/2024,CT769360,511,214,8284301.73,Giao dịch mua bán,Finance,CUST0087,VEND0039,Revenue,IFRS 15,Revenue,IFRS 15
19/03/2024,CT984835,112,156,6401635.28,Giao dịch mua bán,Finance,CUST0063,VEND0174,Asset,IAS 16,Asset,IAS 16
13/03/2024,CT510197,111,632,1747556.14,Giao dịch mua bán,IT,CUST0127,VEND0096,Asset,IAS 16,Asset,IAS 16
07/05/2024,CT228537,131,214,29878214.7,Giao dịch mua bán,Finance,CUST0041,VEND0064,Asset,IAS 16,Asset,IAS 16
25/12/2024,CT681783,214,511,4192408.34,Giao dịch mua bán,Production,CUST0011,VEND0039,Asset,IAS 16,Asset,IAS 16
12/09/2024,CT667916,214,156,42148626.34,Giao dịch mua bán,Finance,CUST0123,VEND0047,Asset,IAS 16,Asset,IAS 16
22/07/2024,CT501800,642,112,39011271.48,Giao dịch mua bán,Production,CUST0006,VEND0186,Expense,IAS 1,Expense,IAS 1
14/07/2024,CT753589,511,632,1595266.82,Giao dịch mua bán,HR,CUST0048,VEND0097,Revenue,IFRS 15,Revenue,IFRS 15
11/04/2024,CT374769,111,112,36021785.56,Giao dịch mua bán,Production,CUST0054,VEND0190,Asset,IAS 16,Asset,IAS 16
07/07/2024,CT165359,111,156,46320499.64,Giao dịch mua bán,Finance,CUST0044,VEND0036,Asset,IAS 16,Asset,IAS 16
19/03/2024,CT996165,642,156,24406485.24,Giao dịch mua bán,HR,CUST0146,VEND0035,Expense,IAS 1,Expense,IAS 1
19/02/2024,CT966922,156,642,39248376.83,Giao dịch mua bán,HR,CUST0070,VEND0176,Asset,IAS 16,Asset,IAS 16
26/08/2024,CT195671,331,642,44987400.81,Giao dịch mua bán,Production,CUST0046,VEND0119,Liability,IAS 37,Liability,IAS 37
13/10/2024,CT410988,642,111,28995684.46,Giao dịch mua bán,Finance,CUST0133,VEND0097,Expense,IAS 1,Expense,IAS 1
01/06/2024,CT939567,112,131,36058002.58,Giao dịch mua bán,IT,CUST0174,VEND0099,Asset,IAS 16,Asset,IAS 16
20/08/2024,CT976786,211,642,10116072.02,Giao dịch mua bán,Sales,CUST0166,VEND0008,Asset,IAS 16,Asset,IAS 16
08/07/2024,CT376338,511,511,9973419.42,Giao dịch mua bán,Finance,CUST0039,VEND0170,Revenue,IFRS 15,Revenue,IFRS 15
25/11/2024,CT063097,511,152,44417437.68đ,Giao dịch mua bán,Production,CUST0030,VEND0197,Revenue,IFRS 15,Revenue,IFRS 15
04/05/2024,CT466612,632,632,22505650.43,Giao dịch mua bán,Sales,CUST0072,VEND0073,Expense,IAS 1,Expense,IAS 1
24/04/2024,CT069124,642,131,11023383.12,Giao dịch mua bán,IT,CUST0019,VEND0183,Expense,IAS 1,Expense,IAS 1
20/01/2024,CT356066,331,214,30692341.25,Giao dịch mua bán,Finance,CUST0197,VEND0127,Liability,IAS 37,Liability,IAS 37
10/12/2024,CT031981,331,211,2346036.96,Giao dịch mua bán,Finance,CUST0042,VEND0137,Liability,IAS 37,Liability,IAS 37
30/12/2024,CT810933,211,112,44794777.96,Giao dịch mua bán,Sales,CUST0004,VEND0044,Asset,IAS 16,Asset,IAS 16
11/01/2024,CT767717,111,632,46221599.75,Giao dịch mua bán,Finance,CUST0066,VEND0167,Asset,IAS 16,Asset,IAS 16
05/10/2024,CT004815,111,642,37519182.3,Giao dịch mua bán,HR,CUST0034,VEND0025,Asset,IAS 16,Asset,IAS 16
29/07/2024,CT337144,112,131,32565699.46,Giao dịch mua bán,IT,CUST0121,VEND0019,Asset,IAS 16,Asset,IAS 16
14/01/2024,CT034078,211,642,17023808.23,Giao dịch mua bán,Sales,CUST0165,VEND0086,Asset,IAS 16,Asset,IAS 16
15/01/2024,CT552858,152,511,13977375.28,Giao dịch mua bán,Production,CUST0085,VEND0159,Asset,IAS 16,Asset,IAS 16
14/03/2024,CT392995,214,111,41826184.72,Giao dịch mua bán,Production,CUST0015,VEND0105,Asset,IAS 16,Asset,IAS 16
12/09/2024,CT643840,111,642,49949823.28,Giao dịch mua bán,IT,CUST0089,VEND0195,Asset,IAS 16,Asset,IAS 16
26/02/2024,CT741483,214,152,6790001.78,Giao dịch mua bán,Sales,CUST0003,VEND0122,Asset,IAS 16,Asset,IAS 16
18/01/2024,CT479252,511,156,14139373.11,Giao dịch mua bán,Production,CUST0008,VEND0128,Revenue,IFRS 15,Revenue,IFRS 15
15/07/2024,CT891617,511,642,3226008.76,Giao dịch mua bán,Production,CUST0094,VEND0042,Revenue,IFRS 15,Revenue,IFRS 15
08/09/2024,CT988638,331,331,14201603.98,Giao dịch mua bán,Finance,CUST0084,VEND0120,Liability,IAS 37,Liability,IAS 37
25/03/2024,CT695699,112,156,17964983.29,Giao dịch mua bán,Production,CUST0164,VEND0038,Asset,IAS 16,Asset,IAS 16
26/07/2024,CT334543,131,511,23307532.49,Giao dịch mua bán,Finance,CUST0043,VEND0020,Asset,IAS 16,Asset,IAS 16
04/03/2024,CT464857,111,511,43891222.62,Giao dịch mua bán,Sales,CUST0078,VEND0071,Asset,IAS 16,Asset,IAS 16
30/12/2024,CT741463,632,214,36086375.18,Giao dịch mua bán,Finance,CUST0179,VEND0063,Expense,IAS 1,Expense,IAS 1
05/08/2024,CT430870,131,156,1824817.95,Giao dịch mua bán,HR,CUST0075,VEND0157,Asset,IAS 16,Asset,IAS 16
03/05/2024,CT806612,156,214,18717782.99,Giao dịch mua bán,IT,CUST0166,VEND0114,Asset,IAS 16,Asset,IAS 16
31/05/2024,CT907154,131,152,24232861.92,Giao dịch mua bán,Sales,CUST0079,VEND0164,Asset,IAS 16,Asset,IAS 16
17/05/2024,CT136479,632,152,40477661.91,Giao dịch mua bán,Production,CUST0061,VEND0015,Expense,IAS 1,Expense,IAS 1
09/12/2024,CT738773,152,511,41157841.62,Giao dịch mua bán,Production,CUST0101,VEND0032,Asset,IAS 16,Asset,IAS 16
12/04/2024,CT821287,511,112,45573039,Giao dịch mua bán,IT,CUST0144,VEND0102,Revenue,IFRS 15,Revenue,IFRS 15
20/11/2024,CT106256,111,112,21085664.15,Giao dịch mua bán,IT,CUST0021,VEND0021,Asset,IAS 16,Asset,IAS 16
07/11/2024,CT847643,331,111,24676758.37,Giao dịch mua bán,Sales,CUST0086,VEND0168,Liability,IAS 37,Liability,IAS 37
27/04/2024,CT062810,211,152,33472402.01,Giao dịch mua bán,IT,CUST0033,VEND0183,Asset,IAS 16,Asset,IAS 16
08/01/2024,CT296816,152,632,39827238.52,Giao dịch mua bán,IT,CUST0093,VEND0191,Asset,IAS 16,Asset,IAS 16
04/01/2024,CT812187,511,331,43252949.52,Giao dịch mua bán,HR,CUST0158,VEND0063,Revenue,IFRS 15,Revenue,IFRS 15
10/10/2024,CT431966,642,511,36248773.22,Giao dịch mua bán,Sales,CUST0084,VEND0157,Expense,IAS 1,Expense,IAS 1
29/08/2024,CT521082,111,111,37139151.84,Giao dịch mua bán,Production,CUST0117,VEND0044,Asset,IAS 16,Asset,IAS 16
16/11/2024,CT234062,156,211,29993786.11,Giao dịch mua bán,HR,CUST0013,VEND0084,Asset,IAS 16,Asset,IAS 16
10/12/2024,CT421820,111,111,42927625.85,Giao dịch mua bán,Sales,CUST0115,VEND0194,Asset,IAS 16,Asset,IAS 16
07/02/2024,CT854919,112,511,4421957.13,Giao dịch mua bán,IT,CUST0177,VEND0132,Asset,IAS 16,Asset,IAS 16
17/06/2024,CT677635,152,511,43507298.81,Giao dịch mua bán,Finance,CUST0149,VEND0020,Asset,IAS 16,Asset,IAS 16
01/01/2024,CT461830,111,511,33993588.07,Giao dịch mua bán,Sales,CUST0098,VEND0035,Asset,IAS 16,Asset,IAS 16
16/07/2024,CT922277,131,214,36235359.33,Giao dịch mua bán,HR,CUST0085,VEND0046,Asset,IAS 16,Asset,IAS 16
25/03/2024,CT445959,632,331,26997748.71,Giao dịch mua bán,HR,CUST0084,VEND0097,Expense,IAS 1,Expense,IAS 1
06/05/2024,CT352013,156,642,46421187.32,Giao dịch mua bán,Production,CUST0182,VEND0081,Asset,IAS 16,Asset,IAS 16
12/11/2024,CT068618,214,632,3128266.79,Giao dịch mua bán,Production,CUST0044,VEND0178,Asset,IAS 16,Asset,IAS 16
29/04/2024,CT500488,112,111,31617917.97,Giao dịch mua bán,IT,CUST0192,VEND0033,Asset,IAS 16,Asset,IAS 16
29/12/2024,CT696089,156,156,2371275.35,Giao dịch mua bán,Finance,CUST0101,VEND0101,Asset,IAS 16,Asset,IAS 16
17/09/2024,CT856760,156,112,44536891.8,Giao dịch mua bán,HR,CUST0090,VEND0139,Asset,IAS 16,Asset,IAS 16
23/11/2024,DUPLICATE,152,211,46068923.8,Giao dịch mua bán,HR,CUST0048,VEND0007,Asset,IAS 16,Asset,IAS 16
15/02/2024,CT488705,111,642,44691744.19,Giao dịch mua bán,Finance,CUST0053,VEND0090,Asset,IAS 16,Asset,IAS 16
05/05/2024,CT055220,152,632,30504846.88,Giao dịch mua bán,Finance,CUST0161,VEND0188,Asset,IAS 16,Asset,IAS 16
21/08/2024,CT267773,642,131,24575111.34,Giao dịch mua bán,Finance,CUST0140,VEND0131,Expense,IAS 1,Expense,IAS 1
06/12/2024,CT613772,214,131,32806490.94,Giao dịch mua bán,Finance,CUST0099,VEND0192,Asset,IAS 16,Asset,IAS 16
05/02/2024,CT186142,331,642,26013718.03,Giao dịch mua bán,Production,CUST0151,VEND0182,Liability,IAS 37,Liability,IAS 37
07/11/2024,CT034422,152,152,26454746.96,Giao dịch mua bán,Production,CUST0086,VEND0088,Asset,IAS 16,Asset,IAS 16
27/10/2024,CT154299,152,131,3815179.57,Giao dịch mua bán,HR,CUST0181,VEND0052,Asset,IAS 16,Asset,IAS 16
03/04/2024,CT754407,511,211,24758258.66,Giao dịch mua bán,Sales,CUST0006,VEND0006,Revenue,IFRS 15,Revenue,IFRS 15
15/01/2024,CT225292,632,152,6917195.81,Giao dịch mua bán,Sales,CUST0005,VEND0165,Expense,IAS 1,Expense,IAS 1
26/09/2024,CT298433,211,131,24518717.1,Giao dịch mua bán,Production,CUST0049,VEND0058,Asset,IAS 16,Asset,IAS 16
30/07/2024,CT990513,152,152,5360294.99,Giao dịch mua bán,Sales,CUST0188,VEND0003,Asset,IAS 16,Asset,IAS 16
15/11/2024,CT441583,112,112,2917967.15,Giao dịch mua bán,Sales,CUST0071,VEND0057,Asset,IAS 16,Asset,IAS 16
28/07/2024,CT095386,511,632,12608852.23,Giao dịch mua bán,HR,CUST0157,VEND0136,Revenue,IFRS 15,Revenue,IFRS 15
21/09/2024,CT123394,214,112,37417306.72,Giao dịch mua bán,Sales,CUST0015,VEND0003,Asset,IAS 16,Asset,IAS 16
10/06/2024,CT743035,112,131,13222934.52,Giao dịch mua bán,Finance,CUST0186,VEND0151,Asset,IAS 16,Asset,IAS 16
18/03/2024,CT339496,511,642,2011036.83,Giao dịch mua bán,IT,CUST0047,VEND0054,Revenue,IFRS 15,Revenue,IFRS 15
11/02/2024,CT802885,152,214,34306888.06,Giao dịch mua bán,Finance,CUST0116,VEND0200,Asset,IAS 16,Asset,IAS 16
01/03/2024,CT541959,511,211,30567786.94,Giao dịch mua bán,HR,CUST0078,VEND0197,Revenue,IFRS 15,Revenue,IFRS 15
31/03/2024,CT204927,331,111,32370090.07,Giao dịch mua bán,Finance,CUST0199,VEND0050,Liability,IAS 37,Liability,IAS 37
01/01/2024,CT791521,112,632,7965598.97,Giao dịch mua bán,HR,CUST0110,VEND0110,Asset,IAS 16,Asset,IAS 16
05/03/2024,CT290651,211,211,49864460.39,Giao dịch mua bán,Sales,CUST0148,VEND0170,Asset,IAS 16,Asset,IAS 16
25/05/2024,CT988069,331,214,6028914.36,Giao dịch mua bán,Finance,CUST0131,VEND0154,Liability,IAS 37,Liability,IAS 37
16/12/2024,CT241919,131,111,13607113.32,Giao dịch mua bán,HR,CUST0040,VEND0158,Asset,IAS 16,Asset,IAS 16
29/08/2024,CT728404,156,111,28703061.84,Giao dịch mua bán,Production,CUST0107,VEND0167,Asset,IAS 16,Asset,IAS 16
20/08/2024,CT145919,112,131,3697973.63,Giao dịch mua bán,Finance,CUST0168,VEND0032,Asset,IAS 16,Asset,IAS 16
23/05/2024,CT484538,642,214,1407729.97,Giao dịch mua bán,Sales,CUST0032,VEND0184,Expense,IAS 1,Expense,IAS 1
21/03/2024,CT445452,642,156,18657130.75,Giao dịch mua bán,Finance,CUST0047,VEND0074,Expense,IAS 1,Expense,IAS 1
27/04/2024,CT044953,111,214,26097465.08,Giao dịch mua bán,Sales,CUST0106,VEND0117,Asset,IAS 16,Asset,IAS 16
01/11/2024,DUPLICATE,211,632,43694043.98,Giao dịch mua bán,Production,CUST0157,VEND0033,Asset,IAS 16,Asset,IAS 16
22/06/2024,CT051500,331,632,48609350.96,Giao dịch mua bán,IT,CUST0200,VEND0198,Liability,IAS 37,Liability,IAS 37
07/10/2024,CT875745,156,331,14567608.85,Giao dịch mua bán,IT,CUST0040,VEND0103,Asset,IAS 16,Asset,IAS 16
29/08/2024,CT127956,331,152,27356145.92,Giao dịch mua bán,Finance,CUST0074,VEND0139,Liability,IAS 37,Liability,IAS 37
15/10/2024,CT697776,152,211,47130507.96,Giao dịch mua bán,IT,CUST0193,VEND0119,Asset,IAS 16,Asset,IAS 16
15/07/2024,CT429441,214,214,31214817.61,Giao dịch mua bán,IT,CUST0081,VEND0175,Asset,IAS 16,Asset,IAS 16
13/01/2024,CT792946,152,632,40816887.24,Giao dịch mua bán,Finance,CUST0092,VEND0048,Asset,IAS 16,Asset,IAS 16
19/11/2024,CT853341,642,131,47611279.86,Giao dịch mua bán,Production,CUST0108,VEND0006,Expense,IAS 1,Expense,IAS 1
15/08/2024,CT495377,632,131,28172654.05,Giao dịch mua bán,Production,CUST0111,VEND0189,Expense,IAS 1,Expense,IAS 1
12/04/2024,CT985813,211,156,14008314.35,Giao dịch mua bán,Production,CUST0170,VEND0153,Asset,IAS 16,Asset,IAS 16
26/08/2024,CT798667,511,156,47323894.21,Giao dịch mua bán,Sales,CUST0057,VEND0111,Revenue,IFRS 15,Revenue,IFRS 15
09/02/2024,CT763953,331,111,19674766.41,Giao dịch mua bán,IT,CUST0137,VEND0104,Liability,IAS 37,Liability,IAS 37
19/09/2024,CT118690,632,111,36170413.44,Giao dịch mua bán,HR,CUST0094,VEND0150,Expense,IAS 1,Expense,IAS 1
05/11/2024,CT337491,511,211,28042603,Giao dịch mua bán,IT,CUST0162,VEND0005,Revenue,IFRS 15,Revenue,IFRS 15
20/02/2024,CT284287,632,211,3101880.07,Giao dịch mua bán,HR,CUST0096,VEND0144,Expense,IAS 1,Expense,IAS 1
02/04/2024,CT167435,632,156,15360524.52,Giao dịch mua bán,Sales,CUST0011,VEND0090,Expense,IAS 1,Expense,IAS 1
01/01/2024,CT251308,131,211,26342169.57,Giao dịch mua bán,Finance,CUST0088,VEND0189,Asset,IAS 16,Asset,IAS 16
17/02/2024,CT849850,112,131,8429443.82,Giao dịch mua bán,Production,CUST0194,VEND0001,Asset,IAS 16,Asset,IAS 16
08/10/2024,CT686123,214,156,25882792.02,Giao dịch mua bán,HR,CUST0152,VEND0102,Asset,IAS 16,Asset,IAS 16
08/05/2024,CT099379,331,131,30372816.25,Giao dịch mua bán,IT,CUST0176,VEND0140,Liability,IAS 37,Liability,IAS 37
09/01/2024,CT850493,511,131,2371014.2,Giao dịch mua bán,IT,CUST0038,VEND0008,Revenue,IFRS 15,Revenue,IFRS 15
03/11/2024,CT514340,214,111,29862283.39,Giao dịch mua bán,Finance,CUST0176,VEND0086,Asset,IAS 16,Asset,IAS 16
07/11/2024,CT787209,511,632,28302560.95,Giao dịch mua bán,Finance,CUST0102,VEND0159,Revenue,IFRS 15,Revenue,IFRS 15
15/11/2024,CT865687,131,632,32372393.96,Giao dịch mua bán,Production,CUST0053,VEND0006,Asset,IAS 16,Asset,IAS 16
22/10/2024,CT557450,112,131,47509697.27,Giao dịch mua bán,IT,CUST0149,VEND0151,Asset,IAS 16,Asset,IAS 16
14/05/2024,CT311850,642,156,3251452.09,Giao dịch mua bán,HR,CUST0090,VEND0149,Expense,IAS 1,Expense,IAS 1
29/09/2024,CT262871,632,632,25011133.57,Giao dịch mua bán,Finance,CUST0146,VEND0008,Expense,IAS 1,Expense,IAS 1
29/09/2024,CT691731,111,152,47716457.12,Giao dịch mua bán,IT,CUST0081,VEND0171,Asset,IAS 16,Asset,IAS 16
02/05/2024,CT331526,111,511,47335110.06,Giao dịch mua bán,HR,CUST0048,VEND0127,Asset,IAS 16,Asset,IAS 16
13/06/2024,DUPLICATE,152,111,25917853.12,Giao dịch mua bán,Production,CUST0117,VEND0144,Asset,IAS 16,Asset,IAS 16
23/02/2024,CT948514,152,331,14901402.86,Giao dịch mua bán,Finance,CUST0103,VEND0200,Asset,IAS 16,Asset,IAS 16
12/05/2024,CT646547,211,152,42919266.99,Giao dịch mua bán,HR,CUST0061,VEND0100,Asset,IAS 16,Asset,IAS 16
23/07/2024,CT047316,211,632,39923702.6,Giao dịch mua bán,IT,CUST0199,VEND0193,Asset,IAS 16,Asset,IAS 16
09/02/2024,CT026745,632,642,4317078.86,Giao dịch mua bán,HR,CUST0037,VEND0158,Expense,IAS 1,Expense,IAS 1
13/09/2024,CT544179,156,331,9699493.88,Giao dịch mua bán,Sales,CUST0062,VEND0010,Asset,IAS 16,Asset,IAS 16
03/08/2024,CT314428,131,632,5567058.98,Giao dịch mua bán,Sales,CUST0061,VEND0033,Asset,IAS 16,Asset,IAS 16
18/02/2024,CT880514,632,632,39727094.71,Giao dịch mua bán,Finance,CUST0063,VEND0102,Expense,IAS 1,Expense,IAS 1
25/11/2024,CT865753,632,111,12472003.87,Giao dịch mua bán,IT,CUST0031,VEND0076,Expense,IAS 1,Expense,IAS 1
15/08/2024,CT278450,131,131,8911809.82,Giao dịch mua bán,Production,CUST0182,VEND0017,Asset,IAS 16,Asset,IAS 16
09/10/2024,CT778060,111,211,40925346.22,Giao dịch mua bán,Production,CUST0193,VEND0064,Asset,IAS 16,Asset,IAS 16
17/12/2024,CT715427,632,156,32156198.02,Giao dịch mua bán,Production,CUST0131,VEND0048,Expense,IAS 1,Expense,IAS 1
28/06/2024,CT355151,632,112,47700556.35,Giao dịch mua bán,Sales,CUST0104,VEND0115,Expense,IAS 1,Expense,IAS 1
20/12/2024,CT236842,642,214,10131173.39,Giao dịch mua bán,IT,CUST0193,VEND0102,Expense,IAS 1,Expense,IAS 1
10/06/2024,CT058966,131,511,38077137.72,Giao dịch mua bán,Finance,CUST0065,VEND0098,Asset,IAS 16,Asset,IAS 16
16/05/2024,CT692426,111,211,8763470.27,Giao dịch mua bán,Sales,CUST0112,VEND0194,Asset,IAS 16,Asset,IAS 16
20/09/2024,CT497334,642,211,1144650.79,Giao dịch mua bán,HR,CUST0026,VEND0003,Expense,IAS 1,Expense,IAS 1
01/03/2024,CT911744,511,331,6127299.74,Giao dịch mua bán,Finance,CUST0038,VEND0041,Revenue,IFRS 15,Revenue,IFRS 15
10/10/2024,CT824722,642,211,47844222.86,Giao dịch mua bán,Finance,CUST0143,VEND0200,Expense,IAS 1,Expense,IAS 1
24/12/2024,CT689648,642,111,18527214.13,Giao dịch mua bán,IT,CUST0026,VEND0069,Expense,IAS 1,Expense,IAS 1
30/08/2024,CT244433,211,511,11490594.6,Giao dịch mua bán,IT,CUST0067,VEND0183,Asset,IAS 16,Asset,IAS 16
18/06/2024,CT306444,511,211,10299858.11,Giao dịch mua bán,IT,CUST0028,VEND0017,Revenue,IFRS 15,Revenue,IFRS 15
23/05/2024,CT843563,211,131,30675765.45,Giao dịch mua bán,IT,CUST0165,VEND0189,Asset,IAS 16,Asset,IAS 16
25/09/2024,CT901479,112,211,47665715.72,Giao dịch mua bán,Production,CUST0097,VEND0191,Asset,IAS 16,Asset,IAS 16
26/03/2024,CT158852,111,214,49622679.29,Giao dịch mua bán,IT,CUST0018,VEND0191,Asset,IAS 16,Asset,IAS 16
01/09/2024,CT466459,211,331,23926963.33,Giao dịch mua bán,Production,CUST0024,VEND0065,Asset,IAS 16,Asset,IAS 16
09/11/2024,CT031765,156,112,19359234,Giao dịch mua bán,Sales,CUST0089,VEND0149,Asset,IAS 16,Asset,IAS 16
19/12/2024,CT744678,214,511,3484893.05,Giao dịch mua bán,HR,CUST0033,VEND0131,Asset,IAS 16,Asset,IAS 16
15/05/2024,CT752809,632,112,42850885.87,Giao dịch mua bán,IT,CUST0172,VEND0087,Expense,IAS 1,Expense,IAS 1
23/07/2024,CT416219,331,111,41445690.73,Giao dịch mua bán,Finance,CUST0129,VEND0149,Liability,IAS 37,Liability,IAS 37
24/11/2024,CT826604,112,112,14965891.95,Giao dịch mua bán,Finance,CUST0103,VEND0043,Asset,IAS 16,Asset,IAS 16
15/02/2024,CT246840,152,632,19600252.79,Giao dịch mua bán,IT,CUST0026,VEND0031,Asset,IAS 16,Asset,IAS 16
28/06/2024,CT234380,211,111,41251209.53,Giao dịch mua bán,Production,CUST0036,VEND0185,Asset,IAS 16,Asset,IAS 16
07/01/2024,CT304661,156,632,41569681.99,Giao dịch mua bán,HR,CUST0067,VEND0090,Asset,IAS 16,Asset,IAS 16
14/05/2024,CT920135,511,111,43292597.69,Giao dịch mua bán,IT,CUST0100,VEND0139,Revenue,IFRS 15,Revenue,IFRS 15
29/06/2024,CT356200,152,156,29945235.02,Giao dịch mua bán,Finance,CUST0048,VEND0100,Asset,IAS 16,Asset,IAS 16
17/12/2024,CT689354,152,331,36601449.39,Giao dịch mua bán,Production,CUST0169,VEND0009,Asset,IAS 16,Asset,IAS 16
27/11/2024,CT101886,111,511,37449642.48,Giao dịch mua bán,Finance,CUST0034,VEND0100,Asset,IAS 16,Asset,IAS 16
22/02/2024,CT789265,214,156,3358731.61,Giao dịch mua bán,Sales,CUST0142,VEND0182,Asset,IAS 16,Asset,IAS 16
24/08/2024,CT496941,131,331,34920649.37,Giao dịch mua bán,Production,CUST0130,VEND0026,Asset,IAS 16,Asset,IAS 16
28/12/2024,CT908423,511,511,30976247.87,Giao dịch mua bán,Production,CUST0035,VEND0200,Revenue,IFRS 15,Revenue,IFRS 15
09/12/2024,CT726627,214,152,43827810.02,Giao dịch mua bán,IT,CUST0100,VEND0101,Asset,IAS 16,Asset,IAS 16
22/09/2024,CT078617,632,511,40775695.62,Giao dịch mua bán,Finance,CUST0093,VEND0025,Expense,IAS 1,Expense,IAS 1
10/06/2024,CT349277,211,214,4783167.7,Giao dịch mua bán,Sales,CUST0061,VEND0121,Asset,IAS 16,Asset,IAS 16
05/05/2024,CT332037,156,112,32641040.99,Giao dịch mua bán,Production,CUST0146,VEND0174,Asset,IAS 16,Asset,IAS 16
22/01/2024,DUPLICATE,131,331,3500517.42,Giao dịch mua bán,HR,CUST0167,VEND0090,Asset,IAS 16,Asset,IAS 16
14/06/2024,CT083057,111,156,24263598.88,Giao dịch mua bán,HR,CUST0172,VEND0168,Asset,IAS 16,Asset,IAS 16
31/08/2024,CT144383,131,511,4320030.24,Giao dịch mua bán,IT,CUST0089,VEND0151,Asset,IAS 16,Asset,IAS 16
21/08/2024,CT683696,152,156,25318878.12,Giao dịch mua bán,Production,CUST0145,VEND0011,Asset,IAS 16,Asset,IAS 16
21/01/2024,CT218980,156,131,38885137.3,Giao dịch mua bán,Sales,CUST0070,VEND0150,Asset,IAS 16,Asset,IAS 16
23/06/2024,CT103328,112,112,33662873.08,Giao dịch mua bán,Sales,CUST0032,VEND0110,Asset,IAS 16,Asset,IAS 16
17/08/2024,CT718208,156,112,35323093.61,Giao dịch mua bán,HR,CUST0163,VEND0028,Asset,IAS 16,Asset,IAS 16
08/07/2024,CT293740,131,214,15644476.5,Giao dịch mua bán,HR,CUST0197,VEND0030,Asset,IAS 16,Asset,IAS 16
16/01/2024,CT366804,642,214,44236297.76,Giao dịch mua bán,Production,CUST0126,VEND0113,Expense,IAS 1,Expense,IAS 1
26/06/2024,CT748460,331,214,16123430.79,Giao dịch mua bán,HR,CUST0076,VEND0163,Liability,IAS 37,Liability,IAS 37
05/10/2024,CT067992,211,152,18334100.79,Giao dịch mua bán,HR,CUST0143,VEND0005,Asset,IAS 16,Asset,IAS 16
21/09/2024,CT767359,111,642,25466741.26,Giao dịch mua bán,Sales,CUST0013,VEND0156,Asset,IAS 16,Asset,IAS 16
02/10/2024,CT771443,156,331,33222587.63,Giao dịch mua bán,IT,CUST0169,VEND0022,Asset,IAS 16,Asset,IAS 16
11/08/2024,CT229870,632,112,24083805.37,Giao dịch mua bán,IT,CUST0149,VEND0064,Expense,IAS 1,Expense,IAS 1
16/02/2024,CT331696,111,331,10453023.35,Giao dịch mua bán,IT,CUST0141,VEND0193,Asset,IAS 16,Asset,IAS 16
18/10/2024,CT508252,511,511,36483024.28,Giao dịch mua bán,Production,CUST0085,VEND0050,Revenue,IFRS 15,Revenue,IFRS 15
15/12/2024,CT821522,131,632,38815802.3,Giao dịch mua bán,Production,CUST0093,VEND0098,Asset,IAS 16,Asset,IAS 16
20/01/2024,CT017245,642,156,24990667.11,Giao dịch mua bán,Finance,CUST0029,VEND0041,Expense,IAS 1,Expense,IAS 1
29/08/2024,CT865445,112,331,35996020.25,Giao dịch mua bán,Sales,CUST0016,VEND0083,Asset,IAS 16,Asset,IAS 16
19/12/2024,CT045354,331,642,22735165.77,Giao dịch mua bán,Production,CUST0020,VEND0167,Liability,IAS 37,Liability,IAS 37
31/10/2024,CT108313,156,156,23963476.02,Giao dịch mua bán,Sales,CUST0073,VEND0019,Asset,IAS 16,Asset,IAS 16
05/06/2024,CT120486,112,331,39530676.67,Giao dịch mua bán,HR,CUST0196,VEND0183,Asset,IAS 16,Asset,IAS 16
04/11/2024,CT914188,211,131,47506025.21,Giao dịch mua bán,IT,CUST0014,VEND0152,Asset,IAS 16,Asset,IAS 16
13/02/2024,CT571600,112,632,33964297.85,Giao dịch mua bán,Production,CUST0172,VEND0140,Asset,IAS 16,Asset,IAS 16
05/03/2024,CT186860,331,211,41067738.11,Giao dịch mua bán,HR,CUST0069,VEND0115,Liability,IAS 37,Liability,IAS 37
05/02/2024,CT032998,111,511,24677504.87,Giao dịch mua bán,IT,CUST0008,VEND0053,Asset,IAS 16,Asset,IAS 16
28/05/2024,CT894030,152,156,20915376.07,Giao dịch mua bán,Finance,CUST0083,VEND0132,Asset,IAS 16,Asset,IAS 16
13/10/2024,CT595705,131,511,10864563.84,Giao dịch mua bán,Production,CUST0083,VEND0105,Asset,IAS 16,Asset,IAS 16
23/06/2024,CT574273,642,331,43919913.65,Giao dịch mua bán,IT,CUST0102,VEND0074,Expense,IAS 1,Expense,IAS 1
31/07/2024,CT447591,511,112,1264939.98,Giao dịch mua bán,Production,CUST0200,VEND0004,Revenue,IFRS 15,Revenue,IFRS 15
31/01/2024,CT733894,131,632,11735213.28,Giao dịch mua bán,Production,CUST0111,VEND0188,Asset,IAS 16,Asset,IAS 16
02/04/2024,CT966687,632,211,10491904.94,Giao dịch mua bán,HR,CUST0157,VEND0174,Expense,IAS 1,Expense,IAS 1
09/03/2024,CT020368,152,131,25541408.97,Giao dịch mua bán,Finance,CUST0112,VEND0159,Asset,IAS 16,Asset,IAS 16
19/10/2024,CT165920,152,111,21639634.22,Giao dịch mua bán,IT,CUST0078,VEND0149,Asset,IAS 16,Asset,IAS 16
04/11/2024,CT525579,111,112,7767131.86,Giao dịch mua bán,Production,CUST0121,VEND0047,Asset,IAS 16,Asset,IAS 16
20/12/2024,CT781723,111,632,3868290.29,Giao dịch mua bán,Production,CUST0158,VEND0122,Asset,IAS 16,Asset,IAS 16
19/09/2024,CT870441,211,131,7877632.53,Giao dịch mua bán,Production,CUST0009,VEND0192,Asset,IAS 16,Asset,IAS 16
15/01/2024,CT193006,211,511,46971372.33,Giao dịch mua bán,HR,CUST0180,VEND0110,Asset,IAS 16,Asset,IAS 16
01/03/2024,CT588520,632,211,16050218.83,Giao dịch mua bán,HR,CUST0031,VEND0110,Expense,IAS 1,Expense,IAS 1
26/12/2024,CT161123,211,112,43874405.45,Giao dịch mua bán,HR,CUST0077,VEND0091,Asset,IAS 16,Asset,IAS 16
07/08/2024,CT982125,511,214,12106923.29đ,Giao dịch mua bán,Sales,CUST0015,VEND0068,Revenue,IFRS 15,Revenue,IFRS 15
08/06/2024,CT162784,211,111,40679489.31,Giao dịch mua bán,Sales,CUST0136,VEND0194,Asset,IAS 16,Asset,IAS 16
26/10/2024,CT377318,511,511,49849807.49,Giao dịch mua bán,Sales,CUST0110,VEND0050,Revenue,IFRS 15,Revenue,IFRS 15
30/09/2024,CT760679,511,511,20439450.11,Giao dịch mua bán,HR,CUST0038,VEND0140,Revenue,IFRS 15,Revenue,IFRS 15
22/01/2024,CT450448,131,331,33336203.14,Giao dịch mua bán,Production,CUST0133,VEND0137,Asset,IAS 16,Asset,IAS 16
22/07/2024,CT435531,331,211,9637612.65,Giao dịch mua bán,Production,CUST0086,VEND0173,Liability,IAS 37,Liability,IAS 37
09/05/2024,CT182977,152,131,21850064.92,Giao dịch mua bán,HR,CUST0129,VEND0128,Asset,IAS 16,Asset,IAS 16
08/02/2024,CT598572,112,511,4667895.46,Giao dịch mua bán,Sales,CUST0118,VEND0143,Asset,IAS 16,Asset,IAS 16
16/01/2024,DUPLICATE,632,214,38145052.58đ,Giao dịch mua bán,Production,CUST0006,VEND0037,Expense,IAS 1,Expense,IAS 1
28/04/2024,CT318992,211,214,35952769.6,Giao dịch mua bán,Finance,CUST0135,VEND0128,Asset,IAS 16,Asset,IAS 16
25/04/2024,CT510066,156,642,19012114.48,Giao dịch mua bán,Production,CUST0190,VEND0106,Asset,IAS 16,Asset,IAS 16
25/01/2024,CT197912,632,214,19500910.04,Giao dịch mua bán,IT,CUST0109,VEND0006,Expense,IAS 1,Expense,IAS 1
01/05/2024,CT969644,632,112,20201776.59,Giao dịch mua bán,IT,CUST0154,VEND0191,Expense,IAS 1,Expense,IAS 1
29/09/2024,CT768314,156,214,45137170.67,Giao dịch mua bán,Sales,CUST0146,VEND0193,Asset,IAS 16,Asset,IAS 16
05/03/2024,CT441597,331,632,20346492.74,Giao dịch mua bán,IT,CUST0199,VEND0095,Liability,IAS 37,Liability,IAS 37
24/04/2024,CT136176,632,156,6646277.7,Giao dịch mua bán,Sales,CUST0129,VEND0072,Expense,IAS 1,Expense,IAS 1
14/12/2024,CT002369,632,211,44215030,Giao dịch mua bán,Finance,CUST0163,VEND0099,Expense,IAS 1,Expense,IAS 1
08/01/2024,CT568240,511,511,4373545.96,Giao dịch mua bán,IT,CUST0051,VEND0041,Revenue,IFRS 15,Revenue,IFRS 15
26/11/2024,CT592705,331,112,17511084.04,Giao dịch mua bán,Production,CUST0123,VEND0161,Liability,IAS 37,Liability,IAS 37
15/07/2024,CT729683,156,214,27655819.18,Giao dịch mua bán,IT,CUST0148,VEND0066,Asset,IAS 16,Asset,IAS 16
28/05/2024,CT731687,211,511,29134800.38,Giao dịch mua bán,IT,CUST0084,VEND0072,Asset,IAS 16,Asset,IAS 16
27/02/2024,CT210698,156,152,47225674.32,Giao dịch mua bán,Production,CUST0177,VEND0197,Asset,IAS 16,Asset,IAS 16
01/11/2024,CT832550,111,211,15382655.33,Giao dịch mua bán,IT,CUST0148,VEND0014,Asset,IAS 16,Asset,IAS 16
28/04/2024,CT313271,111,131,1180430.26,Giao dịch mua bán,Sales,CUST0155,VEND0168,Asset,IAS 16,Asset,IAS 16
17/04/2024,CT674901,214,111,46515740.98,Giao dịch mua bán,Sales,CUST0106,VEND0052,Asset,IAS 16,Asset,IAS 16
04/02/2024,CT887862,214,331,33402797.5,Giao dịch mua bán,Sales,CUST0086,VEND0166,Asset,IAS 16,Asset,IAS 16
16/04/2024,CT890291,112,152,13177251.46,Giao dịch mua bán,Production,CUST0114,VEND0123,Asset,IAS 16,Asset,IAS 16
21/01/2024,CT145621,642,211,45462061.85,Giao dịch mua bán,Sales,CUST0105,VEND0120,Expense,IAS 1,Expense,IAS 1
08/08/2024,CT945550,211,211,38435122.74,Giao dịch mua bán,Finance,CUST0090,VEND0008,Asset,IAS 16,Asset,IAS 16
16/09/2024,CT672088,112,331,28416332.68,Giao dịch mua bán,IT,CUST0135,VEND0040,Asset,IAS 16,Asset,IAS 16
04/06/2024,CT150342,331,211,5645981.75,Giao dịch mua bán,IT,CUST0027,VEND0180,Liability,IAS 37,Liability,IAS 37
20/10/2024,CT680814,511,214,45534139.91,Giao dịch mua bán,IT,CUST0064,VEND0082,Revenue,IFRS 15,Revenue,IFRS 15
19/01/2024,CT256803,112,111,38801051.18,Giao dịch mua bán,HR,CUST0145,VEND0147,Asset,IAS 16,Asset,IAS 16
21/05/2024,CT860080,632,111,18580966.89,Giao dịch mua bán,Production,CUST0016,VEND0066,Expense,IAS 1,Expense,IAS 1
13/01/2024,CT563621,214,331,13761071.44,Giao dịch mua bán,HR,CUST0129,VEND0128,Asset,IAS 16,Asset,IAS 16
06/01/2024,CT313642,152,156,41189561.26,Giao dịch mua bán,Finance,CUST0010,VEND0022,Asset,IAS 16,Asset,IAS 16
11/06/2024,CT270869,211,511,29258512.59,Giao dịch mua bán,Finance,CUST0045,VEND0119,Asset,IAS 16,Asset,IAS 16
20/09/2024,CT869010,214,152,40222740.59,Giao dịch mua bán,IT,CUST0026,VEND0044,Asset,IAS 16,Asset,IAS 16
22/04/2024,CT172897,211,642,38759859.41,Giao dịch mua bán,Finance,CUST0054,VEND0116,Asset,IAS 16,Asset,IAS 16
03/12/2024,CT280409,211,642,39837945.78,Giao dịch mua bán,HR,CUST0136,VEND0171,Asset,IAS 16,Asset,IAS 16
06/04/2024,CT563275,331,131,8974545.44,Giao dịch mua bán,Sales,CUST0108,VEND0049,Liability,IAS 37,Liability,IAS 37
12/05/2024,CT704749,331,642,42224022.15,Giao dịch mua bán,Finance,CUST0152,VEND0123,Liability,IAS 37,Liability,IAS 37
16/04/2024,CT570245,214,642,31976057.27,Giao dịch mua bán,Sales,CUST0124,VEND0055,Asset,IAS 16,Asset,IAS 16
30/10/2024,CT830685,214,214,48362195.83,Giao dịch mua bán,HR,CUST0131,VEND0025,Asset,IAS 16,Asset,IAS 16
14/05/2024,CT724781,331,214,43408657.83,Giao dịch mua bán,Sales,CUST0104,VEND0178,Liability,IAS 37,Liability,IAS 37
18/08/2024,CT256906,111,156,34968109.14,Giao dịch mua bán,IT,CUST0129,VEND0033,Asset,IAS 16,Asset,IAS 16
09/08/2024,CT309531,511,111,19452003.15,Giao dịch mua bán,HR,CUST0140,VEND0140,Revenue,IFRS 15,Revenue,IFRS 15
10/12/2024,CT052556,214,632,25661238.52,Giao dịch mua bán,Production,CUST0151,VEND0048,Asset,IAS 16,Asset,IAS 16
04/07/2024,CT952016,111,642,15345789.56,Giao dịch mua bán,Production,CUST0005,VEND0165,Asset,IAS 16,Asset,IAS 16
14/04/2024,CT304259,511,211,32232649.44,Giao dịch mua bán,HR,CUST0150,VEND0138,Revenue,IFRS 15,Revenue,IFRS 15
10/10/2024,CT715062,211,112,38322991.24,Giao dịch mua bán,Finance,CUST0133,VEND0120,Asset,IAS 16,Asset,IAS 16
04/10/2024,CT159672,511,331,36775200.48,Giao dịch mua bán,Production,CUST0168,VEND0027,Revenue,IFRS 15,Revenue,IFRS 15
02/12/2024,CT931651,152,152,12710592.11,Giao dịch mua bán,Sales,CUST0188,VEND0080,Asset,IAS 16,Asset,IAS 16
15/06/2024,CT696027,511,131,45172651.06,Giao dịch mua bán,Sales,CUST0025,VEND0134,Revenue,IFRS 15,Revenue,IFRS 15
04/03/2024,CT911490,211,111,16419130.57,Giao dịch mua bán,Production,CUST0193,VEND0114,Asset,IAS 16,Asset,IAS 16
16/10/2024,CT064587,331,112,5283332.4,Giao dịch mua bán,Production,CUST0096,VEND0196,Liability,IAS 37,Liability,IAS 37
07/12/2024,CT535011,211,152,20413647.48,Giao dịch mua bán,HR,CUST0191,VEND0153,Asset,IAS 16,Asset,IAS 16
12/12/2024,CT720334,152,214,2187430.48,Giao dịch mua bán,Sales,CUST0184,VEND0068,Asset,IAS 16,Asset,IAS 16
22/10/2024,CT365886,642,152,28446019.76,Giao dịch mua bán,Production,CUST0025,VEND0023,Expense,IAS 1,Expense,IAS 1
03/05/2024,CT263412,511,211,9695611.77,Giao dịch mua bán,IT,CUST0054,VEND0081,Revenue,IFRS 15,Revenue,IFRS 15
08/12/2024,CT991729,211,111,40641578.85,Giao dịch mua bán,Finance,CUST0137,VEND0014,Asset,IAS 16,Asset,IAS 16
02/10/2024,CT683857,152,642,30476157.26,Giao dịch mua bán,IT,CUST0186,VEND0103,Asset,IAS 16,Asset,IAS 16
02/12/2024,CT869561,156,331,28328206.54,Giao dịch mua bán,Sales,CUST0102,VEND0130,Asset,IAS 16,Asset,IAS 16
15/04/2024,CT320491,642,211,43632971.93,Giao dịch mua bán,IT,CUST0132,VEND0097,Expense,IAS 1,Expense,IAS 1
03/07/2024,CT658471,131,131,14360525.48,Giao dịch mua bán,HR,CUST0070,VEND0145,Asset,IAS 16,Asset,IAS 16
10/12/2024,CT506909,632,211,12941355.2,Giao dịch mua bán,IT,CUST0101,VEND0119,Expense,IAS 1,Expense,IAS 1
14/11/2024,CT978091,112,131,34635029.83,Giao dịch mua bán,IT,CUST0100,VEND0107,Asset,IAS 16,Asset,IAS 16
28/11/2024,CT325279,211,111,44923713.63,Giao dịch mua bán,IT,CUST0133,VEND0138,Asset,IAS 16,Asset,IAS 16
01/09/2024,CT720577,211,156,28104375.07,Giao dịch mua bán,IT,CUST0149,VEND0106,Asset,IAS 16,Asset,IAS 16
18/08/2024,CT711222,214,214,36099595.52,Giao dịch mua bán,Finance,CUST0161,VEND0161,Asset,IAS 16,Asset,IAS 16
30/03/2024,CT824950,112,211,10515460.6,Giao dịch mua bán,IT,CUST0111,VEND0041,Asset,IAS 16,Asset,IAS 16
23/11/2024,CT322690,632,331,13022503.67,Giao dịch mua bán,Sales,CUST0022,VEND0068,Expense,IAS 1,Expense,IAS 1
04/07/2024,CT673529,211,214,5503959.38,Giao dịch mua bán,IT,CUST0102,VEND0144,Asset,IAS 16,Asset,IAS 16
14/03/2024,CT125383,211,111,45987235.89,Giao dịch mua bán,Sales,CUST0087,VEND0093,Asset,IAS 16,Asset,IAS 16
05/08/2024,CT658525,331,131,45816676.44,Giao dịch mua bán,Production,CUST0055,VEND0022,Liability,IAS 37,Liability,IAS 37
27/07/2024,CT488647,632,632,9850261.33,Giao dịch mua bán,Production,CUST0083,VEND0091,Expense,IAS 1,Expense,IAS 1
18/02/2024,CT085267,214,131,43723093.45,Giao dịch mua bán,Finance,CUST0131,VEND0101,Asset,IAS 16,Asset,IAS 16
21/03/2024,CT992596,211,152,20000642.82,Giao dịch mua bán,Finance,CUST0188,VEND0005,Asset,IAS 16,Asset,IAS 16
24/05/2024,CT141748,112,511,24404751.59,Giao dịch mua bán,HR,CUST0163,VEND0148,Asset,IAS 16,Asset,IAS 16
21/11/2024,CT221269,131,642,31696288.8,Giao dịch mua bán,Production,CUST0130,VEND0045,Asset,IAS 16,Asset,IAS 16
06/03/2024,CT587716,511,642,37400162.95,Giao dịch mua bán,Finance,CUST0014,VEND0028,Revenue,IFRS 15,Revenue,IFRS 15
12/04/2024,CT835136,131,112,6503576.07,Giao dịch mua bán,HR,CUST0027,VEND0039,Asset,IAS 16,Asset,IAS 16
11/09/2024,CT258275,214,111,42598310.43,Giao dịch mua bán,HR,CUST0128,VEND0188,Asset,IAS 16,Asset,IAS 16
18/06/2024,CT394558,211,214,13316368.11,Giao dịch mua bán,Sales,CUST0001,VEND0060,Asset,IAS 16,Asset,IAS 16
20/01/2024,CT509193,511,211,30444866.42,Giao dịch mua bán,Sales,CUST0112,VEND0180,Revenue,IFRS 15,Revenue,IFRS 15
02/04/2024,CT796397,131,511,21989954.27,Giao dịch mua bán,Production,CUST0055,VEND0089,Asset,IAS 16,Asset,IAS 16
22/04/2024,CT810288,211,112,28965374.91,Giao dịch mua bán,IT,CUST0189,VEND0037,Asset,IAS 16,Asset,IAS 16
15/04/2024,CT858898,511,331,23011267.76,Giao dịch mua bán,Finance,CUST0107,VEND0108,Revenue,IFRS 15,Revenue,IFRS 15
30/06/2024,CT582910,156,511,625521.44,Giao dịch mua bán,Production,CUST0154,VEND0021,Asset,IAS 16,Asset,IAS 16
25/02/2024,CT967465,511,111,45351287.64,Giao dịch mua bán,HR,CUST0068,VEND0171,Revenue,IFRS 15,Revenue,IFRS 15
02/06/2024,CT515280,214,211,27186336.07,Giao dịch mua bán,Sales,CUST0002,VEND0049,Asset,IAS 16,Asset,IAS 16
30/09/2024,CT628183,156,211,39861638.52,Giao dịch mua bán,IT,CUST0078,VEND0173,Asset,IAS 16,Asset,IAS 16
15/03/2024,CT350456,214,131,13124672.66,Giao dịch mua bán,IT,CUST0067,VEND0133,Asset,IAS 16,Asset,IAS 16
07/06/2024,CT684618,214,112,37583373.17,Giao dịch mua bán,Production,CUST0067,VEND0186,Asset,IAS 16,Asset,IAS 16
03/03/2024,CT225160,642,211,32059115.67,Giao dịch mua bán,Production,CUST0073,VEND0054,Expense,IAS 1,Expense,IAS 1
30/04/2024,CT334112,331,131,41225599.96,Giao dịch mua bán,IT,CUST0032,VEND0175,Liability,IAS 37,Liability,IAS 37
23/05/2024,CT597938,214,642,49026762.13,Giao dịch mua bán,Sales,CUST0044,VEND0168,Asset,IAS 16,Asset,IAS 16
01/04/2024,CT621239,642,211,36308512.57,Giao dịch mua bán,Production,CUST0117,VEND0095,Expense,IAS 1,Expense,IAS 1
26/01/2024,CT185719,511,152,43859264.91,Giao dịch mua bán,Finance,CUST0048,VEND0075,Revenue,IFRS 15,Revenue,IFRS 15
26/08/2024,CT073764,642,131,37486323.94,Giao dịch mua bán,Sales,CUST0092,VEND0083,Expense,IAS 1,Expense,IAS 1
11/12/2024,CT671429,331,632,6011996.48,Giao dịch mua bán,Finance,CUST0158,VEND0136,Liability,IAS 37,Liability,IAS 37
15/11/2024,CT818825,642,331,21020208.59,Giao dịch mua bán,Finance,CUST0070,VEND0041,Expense,IAS 1,Expense,IAS 1
28/01/2024,CT597835,214,214,13163300.92,Giao dịch mua bán,HR,CUST0120,VEND0141,Asset,IAS 16,Asset,IAS 16
27/04/2024,CT622049,632,214,8375022.71,Giao dịch mua bán,IT,CUST0008,VEND0183,Expense,IAS 1,Expense,IAS 1
23/06/2024,CT603330,152,511,26055317.11,Giao dịch mua bán,Finance,CUST0075,VEND0048,Asset,IAS 16,Asset,IAS 16
09/04/2024,CT143511,111,211,17820752.12,Giao dịch mua bán,HR,CUST0152,VEND0186,Asset,IAS 16,Asset,IAS 16
31/01/2024,CT732787,156,112,21254925.46,Giao dịch mua bán,Sales,CUST0006,VEND0008,Asset,IAS 16,Asset,IAS 16
03/03/2024,CT020093,632,112,44955554.88,Giao dịch mua bán,Sales,CUST0143,VEND0188,Expense,IAS 1,Expense,IAS 1
25/03/2024,CT376353,632,211,38167650.09,Giao dịch mua bán,Production,CUST0158,VEND0190,Expense,IAS 1,Expense,IAS 1
07/09/2024,CT821032,211,211,13223451.71đ,Giao dịch mua bán,Finance,CUST0081,VEND0123,Asset,IAS 16,Asset,IAS 16
12/04/2024,CT884635,152,511,7664469.76,Giao dịch mua bán,Production,CUST0063,VEND0177,Asset,IAS 16,Asset,IAS 16
14/01/2024,DUPLICATE,111,211,11642723.72,Giao dịch mua bán,IT,CUST0038,VEND0032,Asset,IAS 16,Asset,IAS 16
15/06/2024,CT460840,156,511,35371122.91,Giao dịch mua bán,Finance,CUST0131,VEND0099,Asset,IAS 16,Asset,IAS 16
07/03/2024,CT219336,112,112,14268699.61,Giao dịch mua bán,Production,CUST0086,VEND0090,Asset,IAS 16,Asset,IAS 16
04/06/2024,CT066458,152,642,23592289.02,Giao dịch mua bán,IT,CUST0184,VEND0043,Asset,IAS 16,Asset,IAS 16
22/09/2024,CT050172,214,112,2871264.48,Giao dịch mua bán,Sales,CUST0156,VEND0120,Asset,IAS 16,Asset,IAS 16
11/06/2024,CT185792,131,152,32486158.27,Giao dịch mua bán,Sales,CUST0016,VEND0009,Asset,IAS 16,Asset,IAS 16
20/04/2024,CT903600,632,632,47083922.12,Giao dịch mua bán,Production,CUST0077,VEND0110,Expense,IAS 1,Expense,IAS 1
11/06/2024,CT782519,152,152,22612088.87,Giao dịch mua bán,HR,CUST0059,VEND0079,Asset,IAS 16,Asset,IAS 16
29/02/2024,CT528139,511,632,29515770.11,Giao dịch mua bán,HR,CUST0129,VEND0104,Revenue,IFRS 15,Revenue,IFRS 15
24/10/2024,CT171127,111,152,17812712.95,Giao dịch mua bán,Sales,CUST0107,VEND0065,Asset,IAS 16,Asset,IAS 16
11/08/2024,CT987097,642,214,12009770.49,Giao dịch mua bán,Production,CUST0195,VEND0180,Expense,IAS 1,Expense,IAS 1
18/10/2024,CT029565,156,511,24310969.13,Giao dịch mua bán,Finance,CUST0092,VEND0199,Asset,IAS 16,Asset,IAS 16
02/09/2024,CT710317,331,152,40059113.8,Giao dịch mua bán,IT,CUST0011,VEND0159,Liability,IAS 37,Liability,IAS 37
27/02/2024,CT805793,632,152,23120398.31,Giao dịch mua bán,Finance,CUST0031,VEND0158,Expense,IAS 1,Expense,IAS 1
19/02/2024,CT149595,331,214,19246954.46,Giao dịch mua bán,Production,CUST0130,VEND0090,Liability,IAS 37,Liability,IAS 37
03/12/2024,CT125821,111,211,11869522.29,Giao dịch mua bán,HR,CUST0076,VEND0111,Asset,IAS 16,Asset,IAS 16
05/08/2024,CT734238,632,214,35995926.75,Giao dịch mua bán,IT,CUST0147,VEND0004,Expense,IAS 1,Expense,IAS 1
30/11/2024,CT359422,642,111,33186640.34,Giao dịch mua bán,Sales,CUST0082,VEND0186,Expense,IAS 1,Expense,IAS 1
22/03/2024,CT846124,152,331,35411159.61,Giao dịch mua bán,Sales,CUST0025,VEND0107,Asset,IAS 16,Asset,IAS 16
21/08/2024,CT560230,214,112,46184959.4,Giao dịch mua bán,IT,CUST0010,VEND0166,Asset,IAS 16,Asset,IAS 16
20/04/2024,CT099609,152,331,3324096.32,Giao dịch mua bán,Finance,CUST0195,VEND0067,Asset,IAS 16,Asset,IAS 16
24/12/2024,CT319205,331,331,44215002.6,Giao dịch mua bán,Production,CUST0185,VEND0095,Liability,IAS 37,Liability,IAS 37
23/03/2024,CT931851,642,214,7770007.8,Giao dịch mua bán,Production,CUST0033,VEND0058,Expense,IAS 1,Expense,IAS 1
28/09/2024,CT319658,211,112,21153330.22,Giao dịch mua bán,Sales,CUST0063,VEND0143,Asset,IAS 16,Asset,IAS 16
04/09/2024,CT206478,642,511,2913741.25,Giao dịch mua bán,HR,CUST0034,VEND0049,Expense,IAS 1,Expense,IAS 1
22/08/2024,CT816363,211,131,14524087.86,Giao dịch mua bán,HR,CUST0014,VEND0183,Asset,IAS 16,Asset,IAS 16
18/07/2024,CT285187,642,112,35446230.64,Giao dịch mua bán,IT,CUST0012,VEND0184,Expense,IAS 1,Expense,IAS 1
07/08/2024,CT127177,111,642,22637298.81,Giao dịch mua bán,Production,CUST0068,VEND0093,Asset,IAS 16,Asset,IAS 16
13/08/2024,CT133330,156,211,11845250.21,Giao dịch mua bán,Sales,CUST0118,VEND0058,Asset,IAS 16,Asset,IAS 16
17/01/2024,CT822921,511,112,45462139.7,Giao dịch mua bán,IT,CUST0156,VEND0063,Revenue,IFRS 15,Revenue,IFRS 15
05/08/2024,CT051210,111,642,49517272.03,Giao dịch mua bán,IT,CUST0106,VEND0181,Asset,IAS 16,Asset,IAS 16
04/11/2024,CT249931,331,331,21929441.83,Giao dịch mua bán,Production,CUST0061,VEND0021,Liability,IAS 37,Liability,IAS 37
26/05/2024,CT448977,112,111,2930943.62,Giao dịch mua bán,Production,CUST0197,VEND0005,Asset,IAS 16,Asset,IAS 16
02/10/2024,CT153033,112,511,47557627.66,Giao dịch mua bán,Finance,CUST0180,VEND0134,Asset,IAS 16,Asset,IAS 16
07/04/2024,CT822678,111,111,41809570.12,Giao dịch mua bán,HR,CUST0010,VEND0147,Asset,IAS 16,Asset,IAS 16
28/01/2024,CT894415,214,331,13338404.14,Giao dịch mua bán,IT,CUST0024,VEND0034,Asset,IAS 16,Asset,IAS 16
28/01/2024,CT377699,331,214,27293194.62,Giao dịch mua bán,Production,CUST0093,VEND0044,Liability,IAS 37,Liability,IAS 37
23/12/2024,CT129026,511,112,30095154.29,Giao dịch mua bán,IT,CUST0101,VEND0017,Revenue,IFRS 15,Revenue,IFRS 15
27/02/2024,CT191833,156,111,33421416.95,Giao dịch mua bán,Finance,CUST0184,VEND0056,Asset,IAS 16,Asset,IAS 16
17/02/2024,CT860119,511,632,23943900.65,Giao dịch mua bán,Sales,CUST0123,VEND0128,Revenue,IFRS 15,Revenue,IFRS 15
24/08/2024,CT339069,214,211,44502040.13,Giao dịch mua bán,Production,CUST0183,VEND0139,Asset,IAS 16,Asset,IAS 16
04/01/2024,CT220458,131,642,1374183.18,Giao dịch mua bán,HR,CUST0143,VEND0014,Asset,IAS 16,Asset,IAS 16
26/09/2024,CT190475,642,211,493264.17,Giao dịch mua bán,Finance,CUST0004,VEND0094,Expense,IAS 1,Expense,IAS 1
12/07/2024,CT774480,131,152,34274098.63,Giao dịch mua bán,Finance,CUST0063,VEND0031,Asset,IAS 16,Asset,IAS 16
27/07/2024,CT141231,211,331,8253536.73,Giao dịch mua bán,Production,CUST0098,VEND0050,Asset,IAS 16,Asset,IAS 16
22/09/2024,CT091234,642,152,46078727.47,Giao dịch mua bán,Finance,CUST0140,VEND0013,Expense,IAS 1,Expense,IAS 1
13/10/2024,CT546235,211,642,22395967.23,Giao dịch mua bán,Production,CUST0104,VEND0001,Asset,IAS 16,Asset,IAS 16
26/02/2024,CT704182,112,214,24949368.95,Giao dịch mua bán,Sales,CUST0160,VEND0188,Asset,IAS 16,Asset,IAS 16
30/05/2024,CT484094,211,211,22410297.23,Giao dịch mua bán,HR,CUST0067,VEND0039,Asset,IAS 16,Asset,IAS 16
04/09/2024,CT372417,511,211,14745121.08,Giao dịch mua bán,Sales,CUST0144,VEND0180,Revenue,IFRS 15,Revenue,IFRS 15
03/12/2024,CT334340,156,331,19990108.23,Giao dịch mua bán,HR,CUST0126,VEND0173,Asset,IAS 16,Asset,IAS 16
14/12/2024,CT449525,112,331,9431373.6,Giao dịch mua bán,Production,CUST0015,VEND0028,Asset,IAS 16,Asset,IAS 16
16/07/2024,CT069303,112,632,5392873.97đ,Giao dịch mua bán,Finance,CUST0110,VEND0172,Asset,IAS 16,Asset,IAS 16
06/03/2024,CT544307,211,112,34784322.7,Giao dịch mua bán,IT,CUST0056,VEND0093,Asset,IAS 16,Asset,IAS 16
16/05/2024,CT763289,111,112,31989917.82,Giao dịch mua bán,IT,CUST0092,VEND0057,Asset,IAS 16,Asset,IAS 16
25/05/2024,CT042367,211,156,13405637.01,Giao dịch mua bán,IT,CUST0173,VEND0077,Asset,IAS 16,Asset,IAS 16
17/05/2024,CT105928,131,112,40944531.06,Giao dịch mua bán,Sales,CUST0024,VEND0070,Asset,IAS 16,Asset,IAS 16
20/12/2024,CT210131,642,156,42568530.1,Giao dịch mua bán,Finance,CUST0022,VEND0028,Expense,IAS 1,Expense,IAS 1
24/11/2024,CT161840,331,152,22102244.86,Giao dịch mua bán,Finance,CUST0098,VEND0066,Liability,IAS 37,Liability,IAS 37
21/08/2024,CT804138,642,511,28432961.02,Giao dịch mua bán,Finance,CUST0123,VEND0190,Expense,IAS 1,Expense,IAS 1
28/05/2024,CT807763,211,152,14442339.44,Giao dịch mua bán,Sales,CUST0142,VEND0051,Asset,IAS 16,Asset,IAS 16
15/03/2024,CT425896,156,331,33572175.15,Giao dịch mua bán,HR,CUST0176,VEND0010,Asset,IAS 16,Asset,IAS 16
14/11/2024,CT856707,642,211,19155155.28,Giao dịch mua bán,Production,CUST0076,VEND0059,Expense,IAS 1,Expense,IAS 1
23/12/2024,CT812309,152,211,49192191.14,Giao dịch mua bán,Sales,CUST0153,VEND0109,Asset,IAS 16,Asset,IAS 16
24/03/2024,CT482313,211,152,18708632.16,Giao dịch mua bán,IT,CUST0156,VEND0157,Asset,IAS 16,Asset,IAS 16
12/12/2024,CT279693,131,214,2687780.95,Giao dịch mua bán,Sales,CUST0193,VEND0067,Asset,IAS 16,Asset,IAS 16
06/05/2024,CT104681,131,642,33788123.31,Giao dịch mua bán,Finance,CUST0130,VEND0170,Asset,IAS 16,Asset,IAS 16
02/12/2024,CT564194,156,642,3157721.38,Giao dịch mua bán,Sales,CUST0126,VEND0025,Asset,IAS 16,Asset,IAS 16
01/08/2024,CT236050,331,511,39092603.07,Giao dịch mua bán,Sales,CUST0095,VEND0178,Liability,IAS 37,Liability,IAS 37
14/07/2024,CT812751,331,131,1455695.87,Giao dịch mua bán,Finance,CUST0097,VEND0017,Liability,IAS 37,Liability,IAS 37
18/09/2024,CT093303,632,211,44683472.57,Giao dịch mua bán,HR,CUST0017,VEND0160,Expense,IAS 1,Expense,IAS 1
16/05/2024,CT789526,214,131,19361429.17,Giao dịch mua bán,Finance,CUST0071,VEND0046,Asset,IAS 16,Asset,IAS 16
21/05/2024,CT480505,152,511,31915653.04,Giao dịch mua bán,Sales,CUST0026,VEND0015,Asset,IAS 16,Asset,IAS 16
06/07/2024,CT617578,112,642,7999175.33,Giao dịch mua bán,Sales,CUST0007,VEND0171,Asset,IAS 16,Asset,IAS 16
07/07/2024,CT712571,214,331,32991539.43,Giao dịch mua bán,Finance,CUST0170,VEND0064,Asset,IAS 16,Asset,IAS 16
16/06/2024,CT896743,111,511,19012279.52,Giao dịch mua bán,HR,CUST0098,VEND0190,Asset,IAS 16,Asset,IAS 16
23/06/2024,CT664858,211,214,27529681.52,Giao dịch mua bán,HR,CUST0018,VEND0010,Asset,IAS 16,Asset,IAS 16
28/06/2024,CT297937,511,632,19551567.25,Giao dịch mua bán,Finance,CUST0042,VEND0189,Revenue,IFRS 15,Revenue,IFRS 15
07/06/2024,CT272030,111,112,6658077.1,Giao dịch mua bán,Production,CUST0021,VEND0102,Asset,IAS 16,Asset,IAS 16
23/02/2024,CT150512,156,131,37642030.94,Giao dịch mua bán,Production,CUST0071,VEND0051,Asset,IAS 16,Asset,IAS 16
22/01/2024,CT193101,211,214,40149470.23,Giao dịch mua bán,Sales,CUST0166,VEND0165,Asset,IAS 16,Asset,IAS 16
06/06/2024,CT651792,214,511,32522191,Giao dịch mua bán,Production,CUST0100,VEND0159,Asset,IAS 16,Asset,IAS 16
16/02/2024,CT152805,131,331,22870883.96,Giao dịch mua bán,Finance,CUST0142,VEND0173,Asset,IAS 16,Asset,IAS 16
12/12/2024,CT845565,632,152,12627364.58,Giao dịch mua bán,IT,CUST0041,VEND0086,Expense,IAS 1,Expense,IAS 1
23/09/2024,CT841137,214,632,15544914.04,Giao dịch mua bán,IT,CUST0152,VEND0089,Asset,IAS 16,Asset,IAS 16
23/11/2024,CT056694,211,131,2630478.3,Giao dịch mua bán,Sales,CUST0067,VEND0158,Asset,IAS 16,Asset,IAS 16
06/03/2024,CT811792,111,111,19864801.75,Giao dịch mua bán,Sales,CUST0070,VEND0177,Asset,IAS 16,Asset,IAS 16
26/01/2024,CT758112,511,214,15274975,Giao dịch mua bán,Sales,CUST0178,VEND0198,Revenue,IFRS 15,Revenue,IFRS 15
03/02/2024,CT698042,152,156,2549587.35,Giao dịch mua bán,Finance,CUST0018,VEND0095,Asset,IAS 16,Asset,IAS 16
28/08/2024,CT809180,632,642,34941325.9,Giao dịch mua bán,Production,CUST0195,VEND0014,Expense,IAS 1,Expense,IAS 1
30/07/2024,CT067674,152,112,1469370.43,Giao dịch mua bán,Finance,CUST0009,VEND0192,Asset,IAS 16,Asset,IAS 16
28/10/2024,CT909603,156,111,44809495.79,Giao dịch mua bán,HR,CUST0098,VEND0147,Asset,IAS 16,Asset,IAS 16
12/11/2024,CT444811,131,211,39810214.1,Giao dịch mua bán,Finance,CUST0122,VEND0156,Asset,IAS 16,Asset,IAS 16
13/05/2024,CT477315,642,642,41133839.92,Giao dịch mua bán,IT,CUST0081,VEND0063,Expense,IAS 1,Expense,IAS 1
20/06/2024,CT073084,152,214,46144264.16,Giao dịch mua bán,Sales,CUST0132,VEND0094,Asset,IAS 16,Asset,IAS 16
26/11/2024,CT394889,112,112,35614955.33,Giao dịch mua bán,HR,CUST0053,VEND0019,Asset,IAS 16,Asset,IAS 16
03/05/2024,CT716660,331,331,27442969.29,Giao dịch mua bán,Sales,CUST0084,VEND0152,Liability,IAS 37,Liability,IAS 37
11/12/2024,CT395594,112,112,2635574.5,Giao dịch mua bán,Production,CUST0145,VEND0078,Asset,IAS 16,Asset,IAS 16
04/09/2024,CT526072,511,131,22724346.39,Giao dịch mua bán,Production,CUST0120,VEND0127,Revenue,IFRS 15,Revenue,IFRS 15
21/02/2024,CT980534,331,131,43440547.44,Giao dịch mua bán,Production,CUST0195,VEND0131,Liability,IAS 37,Liability,IAS 37
14/08/2024,CT016931,112,642,39628894.39,Giao dịch mua bán,Production,CUST0166,VEND0041,Asset,IAS 16,Asset,IAS 16
06/03/2024,CT791295,131,632,16745256.24,Giao dịch mua bán,HR,CUST0174,VEND0183,Asset,IAS 16,Asset,IAS 16
19/06/2024,CT938888,211,152,1288898.29,Giao dịch mua bán,Production,CUST0057,VEND0036,Asset,IAS 16,Asset,IAS 16
30/06/2024,CT172299,642,152,37216809.1,Giao dịch mua bán,Finance,CUST0030,VEND0003,Expense,IAS 1,Expense,IAS 1
09/01/2024,CT371775,331,156,36976894.49,Giao dịch mua bán,Production,CUST0126,VEND0181,Liability,IAS 37,Liability,IAS 37
06/01/2024,CT268342,152,511,2245619.58,Giao dịch mua bán,IT,CUST0095,VEND0070,Asset,IAS 16,Asset,IAS 16
20/09/2024,CT709488,111,214,48333926.37,Giao dịch mua bán,Production,CUST0089,VEND0150,Asset,IAS 16,Asset,IAS 16
30/05/2024,CT345007,111,331,5941570.11,Giao dịch mua bán,IT,CUST0167,VEND0118,Asset,IAS 16,Asset,IAS 16
14/03/2024,CT966851,111,632,4975260.46,Giao dịch mua bán,IT,CUST0048,VEND0185,Asset,IAS 16,Asset,IAS 16
14/02/2024,CT279774,331,214,8263709.2,Giao dịch mua bán,Finance,CUST0013,VEND0085,Liability,IAS 37,Liability,IAS 37
21/11/2024,CT674434,511,156,34662712.62,Giao dịch mua bán,HR,CUST0046,VEND0076,Revenue,IFRS 15,Revenue,IFRS 15
08/07/2024,CT793243,511,152,4138531.75,Giao dịch mua bán,Finance,CUST0196,VEND0003,Revenue,IFRS 15,Revenue,IFRS 15
08/06/2024,CT139185,112,214,35777945.33,Giao dịch mua bán,Production,CUST0048,VEND0081,Asset,IAS 16,Asset,IAS 16
05/09/2024,CT748081,214,211,18527174.51,Giao dịch mua bán,IT,CUST0140,VEND0160,Asset,IAS 16,Asset,IAS 16
11/11/2024,CT999294,642,111,21820340.02,Giao dịch mua bán,Sales,CUST0063,VEND0018,Expense,IAS 1,Expense,IAS 1
22/08/2024,CT663310,131,632,25915041.2,Giao dịch mua bán,HR,CUST0045,VEND0047,Asset,IAS 16,Asset,IAS 16
04/05/2024,CT843898,511,156,31336087.94,Giao dịch mua bán,HR,CUST0004,VEND0123,Revenue,IFRS 15,Revenue,IFRS 15
14/06/2024,CT352748,152,511,19676672.07,Giao dịch mua bán,Sales,CUST0092,VEND0185,Asset,IAS 16,Asset,IAS 16
16/05/2024,CT666166,111,131,16896781.72,Giao dịch mua bán,Production,CUST0140,VEND0067,Asset,IAS 16,Asset,IAS 16
18/04/2024,CT311570,131,112,27360963.45,Giao dịch mua bán,Finance,CUST0097,VEND0194,Asset,IAS 16,Asset,IAS 16
03/10/2024,CT267506,131,211,42463173.75,Giao dịch mua bán,Production,CUST0177,VEND0134,Asset,IAS 16,Asset,IAS 16
22/07/2024,CT617245,632,156,16582061.24,Giao dịch mua bán,Production,CUST0148,VEND0123,Expense,IAS 1,Expense,IAS 1
09/12/2024,CT638671,152,331,3912432.08,Giao dịch mua bán,Production,CUST0157,VEND0156,Asset,IAS 16,Asset,IAS 16
05/10/2024,CT167472,331,111,30432884.68,Giao dịch mua bán,Sales,CUST0016,VEND0082,Liability,IAS 37,Liability,IAS 37
26/04/2024,CT526531,642,211,38671716.89,Giao dịch mua bán,IT,CUST0051,VEND0006,Expense,IAS 1,Expense,IAS 1
26/07/2024,CT715857,632,331,18314265.83,Giao dịch mua bán,HR,CUST0007,VEND0134,Expense,IAS 1,Expense,IAS 1
22/06/2024,CT059969,131,111,36224273.6,Giao dịch mua bán,Sales,CUST0141,VEND0121,Asset,IAS 16,Asset,IAS 16
04/01/2024,CT641669,331,331,3066350.67,Giao dịch mua bán,Sales,CUST0033,VEND0102,Liability,IAS 37,Liability,IAS 37
14/07/2024,CT481172,156,511,14907382.47,Giao dịch mua bán,Production,CUST0165,VEND0144,Asset,IAS 16,Asset,IAS 16
21/03/2024,CT745078,511,211,16706282.46,Giao dịch mua bán,Finance,CUST0198,VEND0125,Revenue,IFRS 15,Revenue,IFRS 15
20/09/2024,CT597754,331,211,1853900.89,Giao dịch mua bán,Finance,CUST0149,VEND0185,Liability,IAS 37,Liability,IAS 37
04/03/2024,CT188303,632,112,2340934.76,Giao dịch mua bán,HR,CUST0076,VEND0071,Expense,IAS 1,Expense,IAS 1
03/06/2024,CT195592,131,152,37710346.99,Giao dịch mua bán,Finance,CUST0189,VEND0027,Asset,IAS 16,Asset,IAS 16
29/02/2024,CT430224,632,211,26113748.68,Giao dịch mua bán,Sales,CUST0132,VEND0106,Expense,IAS 1,Expense,IAS 1
29/12/2024,CT455691,511,156,30244233.02,Giao dịch mua bán,Production,CUST0152,VEND0143,Revenue,IFRS 15,Revenue,IFRS 15
26/05/2024,CT215533,152,642,37382767.42,Giao dịch mua bán,IT,CUST0123,VEND0075,Asset,IAS 16,Asset,IAS 16
25/10/2024,CT486458,131,156,22769769.93,Giao dịch mua bán,HR,CUST0008,VEND0194,Asset,IAS 16,Asset,IAS 16
10/04/2024,CT579055,112,131,25280910.7,Giao dịch mua bán,Finance,CUST0023,VEND0062,Asset,IAS 16,Asset,IAS 16
22/08/2024,CT123160,511,152,40445987.44,Giao dịch mua bán,Sales,CUST0170,VEND0148,Revenue,IFRS 15,Revenue,IFRS 15
28/01/2024,CT467363,331,642,47631070.53,Giao dịch mua bán,Production,CUST0016,VEND0025,Liability,IAS 37,Liability,IAS 37
29/07/2024,CT918842,156,131,13945744.55,Giao dịch mua bán,IT,CUST0130,VEND0088,Asset,IAS 16,Asset,IAS 16
14/09/2024,CT319750,131,632,25151149.07,Giao dịch mua bán,Production,CUST0158,VEND0101,Asset,IAS 16,Asset,IAS 16
20/11/2024,CT177143,111,642,20570141.3,Giao dịch mua bán,Production,CUST0019,VEND0079,Asset,IAS 16,Asset,IAS 16
12/05/2024,CT616276,156,131,2398502.47,Giao dịch mua bán,Production,CUST0130,VEND0145,Asset,IAS 16,Asset,IAS 16
24/06/2024,CT859406,511,156,15958675.77,Giao dịch mua bán,HR,CUST0100,VEND0070,Revenue,IFRS 15,Revenue,IFRS 15
01/01/2024,CT735876,511,111,36007617.64,Giao dịch mua bán,Production,CUST0092,VEND0064,Revenue,IFRS 15,Revenue,IFRS 15
20/09/2024,CT170289,331,642,29540184.52,Giao dịch mua bán,Production,CUST0126,VEND0142,Liability,IAS 37,Liability,IAS 37
22/01/2024,CT715718,112,331,28289322.77,Giao dịch mua bán,IT,CUST0145,VEND0100,Asset,IAS 16,Asset,IAS 16
31/07/2024,CT258074,211,131,10115024.97,Giao dịch mua bán,HR,CUST0144,VEND0165,Asset,IAS 16,Asset,IAS 16
27/06/2024,CT591418,156,642,3916290.77,Giao dịch mua bán,Finance,CUST0050,VEND0101,Asset,IAS 16,Asset,IAS 16
25/05/2024,CT436823,511,642,17012556.04,Giao dịch mua bán,Sales,CUST0079,VEND0057,Revenue,IFRS 15,Revenue,IFRS 15
12/02/2024,CT720103,156,156,48062493.75,Giao dịch mua bán,IT,CUST0129,VEND0170,Asset,IAS 16,Asset,IAS 16
16/05/2024,CT137073,156,211,39458168.78,Giao dịch mua bán,HR,CUST0177,VEND0053,Asset,IAS 16,Asset,IAS 16
19/02/2024,CT819058,112,632,21791723.93,Giao dịch mua bán,HR,CUST0186,VEND0084,Asset,IAS 16,Asset,IAS 16
27/10/2024,CT895720,642,112,19439764.14,Giao dịch mua bán,Production,CUST0073,VEND0112,Expense,IAS 1,Expense,IAS 1
09/07/2024,CT205675,214,331,20037314.89,Giao dịch mua bán,Sales,CUST0043,VEND0031,Asset,IAS 16,Asset,IAS 16
08/03/2024,CT429453,511,511,20373289.12,Giao dịch mua bán,Sales,CUST0046,VEND0066,Revenue,IFRS 15,Revenue,IFRS 15
19/10/2024,CT263998,112,632,47410705.11,Giao dịch mua bán,IT,CUST0122,VEND0001,Asset,IAS 16,Asset,IAS 16
23/03/2024,CT922778,511,642,696538.24,Giao dịch mua bán,Finance,CUST0093,VEND0106,Revenue,IFRS 15,Revenue,IFRS 15
19/11/2024,CT997987,632,111,17293354.83,Giao dịch mua bán,HR,CUST0177,VEND0146,Expense,IAS 1,Expense,IAS 1
02/03/2024,CT602103,111,111,11100140.29,Giao dịch mua bán,IT,CUST0062,VEND0154,Asset,IAS 16,Asset,IAS 16
12/07/2024,CT951199,131,632,38840088.46,Giao dịch mua bán,Sales,CUST0080,VEND0172,Asset,IAS 16,Asset,IAS 16
20/08/2024,CT603810,211,112,4517432.08,Giao dịch mua bán,Finance,CUST0200,VEND0008,Asset,IAS 16,Asset,IAS 16
11/01/2024,CT650234,111,632,25890270.61,Giao dịch mua bán,Finance,CUST0051,VEND0040,Asset,IAS 16,Asset,IAS 16
02/11/2024,CT160585,111,211,23770950.2,Giao dịch mua bán,HR,CUST0002,VEND0053,Asset,IAS 16,Asset,IAS 16
04/01/2024,CT950115,632,112,41307525.79,Giao dịch mua bán,Finance,CUST0064,VEND0137,Expense,IAS 1,Expense,IAS 1
04/04/2024,CT469475,632,111,11700054.57,Giao dịch mua bán,Finance,CUST0127,VEND0031,Expense,IAS 1,Expense,IAS 1
07/09/2024,CT247036,131,156,36224074.1,Giao dịch mua bán,Sales,CUST0074,VEND0161,Asset,IAS 16,Asset,IAS 16
24/06/2024,CT422454,211,152,37381029.45,Giao dịch mua bán,Sales,CUST0010,VEND0056,Asset,IAS 16,Asset,IAS 16
05/04/2024,CT104725,152,214,10000637.22,Giao dịch mua bán,IT,CUST0178,VEND0118,Asset,IAS 16,Asset,IAS 16
22/05/2024,CT300231,152,214,40847973.56,Giao dịch mua bán,IT,CUST0067,VEND0190,Asset,IAS 16,Asset,IAS 16
16/11/2024,CT682790,511,331,26291229.38,Giao dịch mua bán,IT,CUST0131,VEND0128,Revenue,IFRS 15,Revenue,IFRS 15
07/08/2024,CT885310,632,511,1859427.25,Giao dịch mua bán,Finance,CUST0094,VEND0136,Expense,IAS 1,Expense,IAS 1
08/03/2024,CT348298,211,152,33974611.7,Giao dịch mua bán,IT,CUST0011,VEND0044,Asset,IAS 16,Asset,IAS 16
07/08/2024,CT050652,152,156,19475758.35,Giao dịch mua bán,HR,CUST0108,VEND0060,Asset,IAS 16,Asset,IAS 16
02/01/2024,CT802410,511,511,42417443.6,Giao dịch mua bán,Sales,CUST0126,VEND0168,Revenue,IFRS 15,Revenue,IFRS 15
07/01/2024,CT046426,156,112,38199302.41,Giao dịch mua bán,HR,CUST0075,VEND0034,Asset,IAS 16,Asset,IAS 16
08/05/2024,CT791937,211,632,15282452.65,Giao dịch mua bán,Production,CUST0133,VEND0117,Asset,IAS 16,Asset,IAS 16
04/11/2024,CT563572,152,214,7171055.42,Giao dịch mua bán,Sales,CUST0104,VEND0030,Asset,IAS 16,Asset,IAS 16
11/12/2024,CT106336,112,112,29578526.9,Giao dịch mua bán,Finance,CUST0053,VEND0060,Asset,IAS 16,Asset,IAS 16
18/05/2024,CT270920,642,331,24471092.46,Giao dịch mua bán,IT,CUST0137,VEND0184,Expense,IAS 1,Expense,IAS 1
27/08/2024,CT076036,511,211,38580642.27,Giao dịch mua bán,HR,CUST0108,VEND0101,Revenue,IFRS 15,Revenue,IFRS 15
14/05/2024,CT679210,214,642,23433176.65,Giao dịch mua bán,Production,CUST0034,VEND0046,Asset,IAS 16,Asset,IAS 16
26/10/2024,CT452250,112,632,8276264.47,Giao dịch mua bán,HR,CUST0181,VEND0135,Asset,IAS 16,Asset,IAS 16
25/02/2024,CT110327,211,112,42472494.14,Giao dịch mua bán,IT,CUST0024,VEND0166,Asset,IAS 16,Asset,IAS 16
20/04/2024,CT704272,642,331,36665842.01,Giao dịch mua bán,HR,CUST0063,VEND0159,Expense,IAS 1,Expense,IAS 1
19/06/2024,CT181245,214,152,14401960.61,Giao dịch mua bán,Production,CUST0106,VEND0068,Asset,IAS 16,Asset,IAS 16
27/11/2024,CT815183,112,214,5767759.85,Giao dịch mua bán,HR,CUST0166,VEND0087,Asset,IAS 16,Asset,IAS 16
21/02/2024,CT848567,214,152,32097886.84,Giao dịch mua bán,Production,CUST0064,VEND0036,Asset,IAS 16,Asset,IAS 16
18/04/2024,CT849369,642,211,1259440.96,Giao dịch mua bán,IT,CUST0078,VEND0139,Expense,IAS 1,Expense,IAS 1
25/07/2024,CT460140,511,156,1132592.68,Giao dịch mua bán,Sales,CUST0112,VEND0052,Revenue,IFRS 15,Revenue,IFRS 15
29/08/2024,CT560213,112,112,41862713.42,Giao dịch mua bán,HR,CUST0089,VEND0006,Asset,IAS 16,Asset,IAS 16
29/03/2024,CT517724,511,214,45107313.05,Giao dịch mua bán,IT,CUST0087,VEND0180,Revenue,IFRS 15,Revenue,IFRS 15
06/01/2024,CT647111,331,211,36629057.04,Giao dịch mua bán,Sales,CUST0015,VEND0142,Liability,IAS 37,Liability,IAS 37
18/08/2024,CT814534,131,632,16907619.88,Giao dịch mua bán,Production,CUST0179,VEND0167,Asset,IAS 16,Asset,IAS 16
12/05/2024,CT596785,211,156,16978055.11,Giao dịch mua bán,Production,CUST0118,VEND0197,Asset,IAS 16,Asset,IAS 16
19/04/2024,CT526187,642,211,15053570.59,Giao dịch mua bán,IT,CUST0089,VEND0122,Expense,IAS 1,Expense,IAS 1
25/10/2024,CT000842,632,511,30599116.37,Giao dịch mua bán,HR,CUST0175,VEND0137,Expense,IAS 1,Expense,IAS 1
02/12/2024,CT982649,511,152,24214541.59,Giao dịch mua bán,Production,CUST0058,VEND0020,Revenue,IFRS 15,Revenue,IFRS 15
14/08/2024,CT413491,156,112,4888169.66,Giao dịch mua bán,Production,CUST0113,VEND0180,Asset,IAS 16,Asset,IAS 16
24/03/2024,CT524646,111,156,5573133.03,Giao dịch mua bán,Production,CUST0043,VEND0023,Asset,IAS 16,Asset,IAS 16
22/02/2024,CT944261,211,214,38195566.19,Giao dịch mua bán,IT,CUST0183,VEND0013,Asset,IAS 16,Asset,IAS 16
09/09/2024,CT850650,152,511,22123464.38,Giao dịch mua bán,Sales,CUST0148,VEND0110,Asset,IAS 16,Asset,IAS 16
05/02/2024,CT525520,331,214,38209914.72,Giao dịch mua bán,Sales,CUST0073,VEND0064,Liability,IAS 37,Liability,IAS 37
25/01/2024,CT717202,152,111,48670419.64,Giao dịch mua bán,Sales,CUST0149,VEND0040,Asset,IAS 16,Asset,IAS 16
23/08/2024,CT943150,156,632,25393432.75,Giao dịch mua bán,Finance,CUST0095,VEND0183,Asset,IAS 16,Asset,IAS 16
18/08/2024,CT049351,511,632,15309693.11,Giao dịch mua bán,Production,CUST0050,VEND0030,Revenue,IFRS 15,Revenue,IFRS 15
23/11/2024,CT566044,331,632,36052821.03,Giao dịch mua bán,Finance,CUST0042,VEND0070,Liability,IAS 37,Liability,IAS 37
18/06/2024,CT205961,632,131,22772515.34,Giao dịch mua bán,Finance,CUST0125,VEND0047,Expense,IAS 1,Expense,IAS 1
13/10/2024,CT890947,214,331,47547789.17đ,Giao dịch mua bán,Sales,CUST0176,VEND0097,Asset,IAS 16,Asset,IAS 16
03/06/2024,CT014014,156,112,28394262.32,Giao dịch mua bán,Finance,CUST0197,VEND0013,Asset,IAS 16,Asset,IAS 16
09/02/2024,CT684292,214,131,19369916.24,Giao dịch mua bán,Sales,CUST0114,VEND0094,Asset,IAS 16,Asset,IAS 16
05/12/2024,CT803536,111,211,36724266.64,Giao dịch mua bán,HR,CUST0003,VEND0045,Asset,IAS 16,Asset,IAS 16
11/12/2024,CT432516,511,211,34548828.87,Giao dịch mua bán,Production,CUST0081,VEND0142,Revenue,IFRS 15,Revenue,IFRS 15
07/06/2024,CT643678,214,632,26988582.6,Giao dịch mua bán,Production,CUST0138,VEND0128,Asset,IAS 16,Asset,IAS 16
28/06/2024,CT638372,642,111,29660080.5,Giao dịch mua bán,IT,CUST0164,VEND0024,Expense,IAS 1,Expense,IAS 1
15/08/2024,CT631910,331,152,1150398.37,Giao dịch mua bán,Sales,CUST0127,VEND0183,Liability,IAS 37,Liability,IAS 37
15/05/2024,CT237723,632,331,34778440.83,Giao dịch mua bán,HR,CUST0013,VEND0026,Expense,IAS 1,Expense,IAS 1
08/01/2024,CT846833,211,642,35488915.43,Giao dịch mua bán,HR,CUST0186,VEND0144,Asset,IAS 16,Asset,IAS 16
19/12/2024,CT940843,632,156,15773640.98,Giao dịch mua bán,IT,CUST0166,VEND0038,Expense,IAS 1,Expense,IAS 1
23/10/2024,CT307602,112,331,7679639.25,Giao dịch mua bán,Finance,CUST0140,VEND0011,Asset,IAS 16,Asset,IAS 16
31/08/2024,CT543306,156,632,21403328.38,Giao dịch mua bán,HR,CUST0029,VEND0035,Asset,IAS 16,Asset,IAS 16
09/10/2024,CT209612,156,156,4736227.48,Giao dịch mua bán,Finance,CUST0153,VEND0127,Asset,IAS 16,Asset,IAS 16
11/04/2024,CT364390,211,111,2949409.08,Giao dịch mua bán,HR,CUST0039,VEND0067,Asset,IAS 16,Asset,IAS 16
02/07/2024,CT088663,131,511,2913384.55,Giao dịch mua bán,HR,CUST0080,VEND0115,Asset,IAS 16,Asset,IAS 16
25/08/2024,CT879763,642,131,16077095.56,Giao dịch mua bán,Finance,CUST0195,VEND0069,Expense,IAS 1,Expense,IAS 1
30/10/2024,CT181848,156,511,16332006.21,Giao dịch mua bán,Finance,CUST0109,VEND0100,Asset,IAS 16,Asset,IAS 16
09/09/2024,CT188761,211,511,12888723.51,Giao dịch mua bán,Finance,CUST0157,VEND0005,Asset,IAS 16,Asset,IAS 16
27/07/2024,CT778431,642,632,49443318.09,Giao dịch mua bán,Sales,CUST0123,VEND0195,Expense,IAS 1,Expense,IAS 1
24/05/2024,CT174665,511,632,10456539.19,Giao dịch mua bán,HR,CUST0151,VEND0049,Revenue,IFRS 15,Revenue,IFRS 15
05/08/2024,CT951202,331,152,12866347.59,Giao dịch mua bán,Finance,CUST0188,VEND0020,Liability,IAS 37,Liability,IAS 37
05/06/2024,CT861505,211,511,6646008.32,Giao dịch mua bán,Sales,CUST0156,VEND0036,Asset,IAS 16,Asset,IAS 16
28/02/2024,CT992747,211,152,18709816.6,Giao dịch mua bán,Sales,CUST0095,VEND0067,Asset,IAS 16,Asset,IAS 16
02/08/2024,CT776865,156,511,14600704.69,Giao dịch mua bán,IT,CUST0148,VEND0161,Asset,IAS 16,Asset,IAS 16
20/02/2024,CT092256,642,214,23662965.29,Giao dịch mua bán,Sales,CUST0097,VEND0085,Expense,IAS 1,Expense,IAS 1
26/07/2024,CT671681,112,111,18774344.11,Giao dịch mua bán,HR,CUST0198,VEND0102,Asset,IAS 16,Asset,IAS 16
25/11/2024,CT245699,511,131,33962183.7,Giao dịch mua bán,Sales,CUST0039,VEND0154,Revenue,IFRS 15,Revenue,IFRS 15
21/09/2024,CT397452,632,632,21921880.89,Giao dịch mua bán,Sales,CUST0075,VEND0099,Expense,IAS 1,Expense,IAS 1
17/04/2024,CT667007,131,511,26173468.33,Giao dịch mua bán,Sales,CUST0125,VEND0024,Asset,IAS 16,Asset,IAS 16
11/09/2024,CT693478,112,214,5013575.72,Giao dịch mua bán,Finance,CUST0133,VEND0090,Asset,IAS 16,Asset,IAS 16
26/12/2024,CT702509,112,511,30941552.56,Giao dịch mua bán,Finance,CUST0028,VEND0066,Asset,IAS 16,Asset,IAS 16
04/08/2024,CT232409,511,511,13532144.29,Giao dịch mua bán,HR,CUST0005,VEND0112,Revenue,IFRS 15,Revenue,IFRS 15
07/01/2024,CT554655,632,211,22025053.02,Giao dịch mua bán,Finance,CUST0136,VEND0008,Expense,IAS 1,Expense,IAS 1
27/04/2024,CT834961,214,156,10622574.26,Giao dịch mua bán,Sales,CUST0047,VEND0185,Asset,IAS 16,Asset,IAS 16
24/02/2024,CT241159,642,156,25541795.82,Giao dịch mua bán,Production,CUST0019,VEND0105,Expense,IAS 1,Expense,IAS 1
22/06/2024,CT445483,111,131,858291.86,Giao dịch mua bán,IT,CUST0154,VEND0033,Asset,IAS 16,Asset,IAS 16
16/04/2024,CT984868,632,152,8611967.46,Giao dịch mua bán,Sales,CUST0185,VEND0141,Expense,IAS 1,Expense,IAS 1
18/12/2024,CT522661,131,156,10456756.13,Giao dịch mua bán,HR,CUST0171,VEND0086,Asset,IAS 16,Asset,IAS 16
29/12/2024,CT308816,211,156,20179940.06,Giao dịch mua bán,HR,CUST0155,VEND0168,Asset,IAS 16,Asset,IAS 16
12/10/2024,CT739429,112,131,33195715.75,Giao dịch mua bán,Production,CUST0157,VEND0144,Asset,IAS 16,Asset,IAS 16
21/07/2024,CT100393,214,331,28313699.9,Giao dịch mua bán,Sales,CUST0055,VEND0098,Asset,IAS 16,Asset,IAS 16
01/03/2024,CT686561,152,211,47697198.69,Giao dịch mua bán,Finance,CUST0151,VEND0195,Asset,IAS 16,Asset,IAS 16
27/11/2024,CT633906,131,156,22234779.57,Giao dịch mua bán,Finance,CUST0193,VEND0157,Asset,IAS 16,Asset,IAS 16
15/09/2024,CT139089,156,642,17115379.82,Giao dịch mua bán,HR,CUST0185,VEND0064,Asset,IAS 16,Asset,IAS 16
20/05/2024,CT613610,111,211,40652349.15,Giao dịch mua bán,HR,CUST0143,VEND0081,Asset,IAS 16,Asset,IAS 16
02/02/2024,CT990837,331,642,38074637.23,Giao dịch mua bán,Finance,CUST0065,VEND0085,Liability,IAS 37,Liability,IAS 37
22/12/2024,CT047989,112,511,37338080.16,Giao dịch mua bán,HR,CUST0101,VEND0156,Asset,IAS 16,Asset,IAS 16
24/02/2024,CT926565,152,111,13854820.7,Giao dịch mua bán,Finance,CUST0027,VEND0091,Asset,IAS 16,Asset,IAS 16
30/11/2024,CT452668,131,214,9839204.9,Giao dịch mua bán,Sales,CUST0085,VEND0193,Asset,IAS 16,Asset,IAS 16
27/12/2024,CT616439,112,111,3207400.18,Giao dịch mua bán,Sales,CUST0200,VEND0145,Asset,IAS 16,Asset,IAS 16
15/11/2024,CT695426,156,331,2074590.04,Giao dịch mua bán,Production,CUST0147,VEND0139,Asset,IAS 16,Asset,IAS 16
01/01/2024,CT478908,214,211,28493262.74,Giao dịch mua bán,IT,CUST0023,VEND0087,Asset,IAS 16,Asset,IAS 16
06/05/2024,CT744988,331,511,28827041.74,Giao dịch mua bán,IT,CUST0030,VEND0126,Liability,IAS 37,Liability,IAS 37
09/03/2024,CT063104,156,642,10493495.93,Giao dịch mua bán,IT,CUST0075,VEND0084,Asset,IAS 16,Asset,IAS 16
24/10/2024,CT651328,156,331,45123694.85,Giao dịch mua bán,Production,CUST0066,VEND0155,Asset,IAS 16,Asset,IAS 16
30/09/2024,CT188051,156,156,23615303.77,Giao dịch mua bán,HR,CUST0128,VEND0091,Asset,IAS 16,Asset,IAS 16
08/12/2024,CT148844,152,642,46719032.54,Giao dịch mua bán,Finance,CUST0165,VEND0189,Asset,IAS 16,Asset,IAS 16
07/07/2024,CT250467,131,511,1059012.2,Giao dịch mua bán,Finance,CUST0156,VEND0080,Asset,IAS 16,Asset,IAS 16
18/07/2024,CT926772,211,211,20406605.94,Giao dịch mua bán,Production,CUST0027,VEND0084,Asset,IAS 16,Asset,IAS 16
23/05/2024,CT130405,642,632,17231645.57,Giao dịch mua bán,Production,CUST0104,VEND0189,Expense,IAS 1,Expense,IAS 1
11/10/2024,CT385707,214,511,21879919.14,Giao dịch mua bán,HR,CUST0090,VEND0197,Asset,IAS 16,Asset,IAS 16
20/11/2024,CT170663,112,511,5159620.56,Giao dịch mua bán,Production,CUST0008,VEND0170,Asset,IAS 16,Asset,IAS 16
28/09/2024,CT304680,156,112,5396630.03,Giao dịch mua bán,Sales,CUST0027,VEND0057,Asset,IAS 16,Asset,IAS 16
17/11/2024,CT811022,156,632,7978152.6,Giao dịch mua bán,Sales,CUST0044,VEND0157,Asset,IAS 16,Asset,IAS 16
01/11/2024,CT644608,511,642,25213023.82,Giao dịch mua bán,HR,CUST0166,VEND0057,Revenue,IFRS 15,Revenue,IFRS 15
11/11/2024,CT974315,211,156,7061511.03,Giao dịch mua bán,Finance,CUST0053,VEND0104,Asset,IAS 16,Asset,IAS 16
10/08/2024,CT515328,214,331,1722193.8,Giao dịch mua bán,Sales,CUST0118,VEND0022,Asset,IAS 16,Asset,IAS 16
16/01/2024,CT372232,131,642,48614964.61,Giao dịch mua bán,Sales,CUST0087,VEND0164,Asset,IAS 16,Asset,IAS 16
13/03/2024,CT843689,131,131,456180.79,Giao dịch mua bán,Sales,CUST0059,VEND0014,Asset,IAS 16,Asset,IAS 16
08/10/2024,CT265237,642,211,44158685.76,Giao dịch mua bán,HR,CUST0187,VEND0127,Expense,IAS 1,Expense,IAS 1
15/04/2024,CT824293,331,156,47938457.41,Giao dịch mua bán,Sales,CUST0163,VEND0100,Liability,IAS 37,Liability,IAS 37
08/05/2024,CT439103,111,211,12462197.19,Giao dịch mua bán,Sales,CUST0189,VEND0159,Asset,IAS 16,Asset,IAS 16
26/12/2024,CT859898,214,642,33561704.11,Giao dịch mua bán,IT,CUST0144,VEND0029,Asset,IAS 16,Asset,IAS 16
27/12/2024,CT523021,211,131,5654386.35,Giao dịch mua bán,Production,CUST0127,VEND0131,Asset,IAS 16,Asset,IAS 16
02/02/2024,CT120791,511,152,25151034.22,Giao dịch mua bán,Sales,CUST0171,VEND0113,Revenue,IFRS 15,Revenue,IFRS 15
24/10/2024,CT090505,331,511,11259514.88,Giao dịch mua bán,Production,CUST0077,VEND0013,Liability,IAS 37,Liability,IAS 37
11/03/2024,CT867571,511,331,39380734.45đ,Giao dịch mua bán,IT,CUST0126,VEND0178,Revenue,IFRS 15,Revenue,IFRS 15
14/07/2024,CT507890,131,632,49718589.02,Giao dịch mua bán,IT,CUST0076,VEND0052,Asset,IAS 16,Asset,IAS 16
18/12/2024,CT010275,632,642,13399506.76,Giao dịch mua bán,Sales,CUST0137,VEND0150,Expense,IAS 1,Expense,IAS 1
03/12/2024,CT561302,211,642,15396165.43,Giao dịch mua bán,Sales,CUST0083,VEND0179,Asset,IAS 16,Asset,IAS 16
06/11/2024,CT427110,111,131,41314878.3,Giao dịch mua bán,Sales,CUST0170,VEND0038,Asset,IAS 16,Asset,IAS 16
30/04/2024,CT536603,152,152,31342514.17,Giao dịch mua bán,Production,CUST0068,VEND0023,Asset,IAS 16,Asset,IAS 16
17/02/2024,CT458568,111,214,10502105.72,Giao dịch mua bán,HR,CUST0163,VEND0153,Asset,IAS 16,Asset,IAS 16
14/05/2024,CT719877,152,211,19590840.42,Giao dịch mua bán,IT,CUST0064,VEND0084,Asset,IAS 16,Asset,IAS 16
14/02/2024,CT374384,642,632,23429295.89,Giao dịch mua bán,IT,CUST0104,VEND0152,Expense,IAS 1,Expense,IAS 1
17/10/2024,CT249636,331,331,46523484.21,Giao dịch mua bán,IT,CUST0152,VEND0192,Liability,IAS 37,Liability,IAS 37
15/10/2024,CT876954,511,511,22744894.36,Giao dịch mua bán,Production,CUST0101,VEND0175,Revenue,IFRS 15,Revenue,IFRS 15
17/11/2024,CT277457,111,331,2395778.32,Giao dịch mua bán,Finance,CUST0105,VEND0041,Asset,IAS 16,Asset,IAS 16
04/08/2024,CT985723,331,111,41769221,Giao dịch mua bán,Finance,CUST0021,VEND0168,Liability,IAS 37,Liability,IAS 37
28/12/2024,CT101607,111,112,7512846.17,Giao dịch mua bán,IT,CUST0127,VEND0053,Asset,IAS 16,Asset,IAS 16
25/04/2024,CT276045,642,632,23897349.86,Giao dịch mua bán,HR,CUST0081,VEND0074,Expense,IAS 1,Expense,IAS 1
13/08/2024,CT725718,214,511,1380266.84,Giao dịch mua bán,Finance,CUST0184,VEND0156,Asset,IAS 16,Asset,IAS 16
05/10/2024,CT517723,156,632,4840356.49,Giao dịch mua bán,Sales,CUST0134,VEND0173,Asset,IAS 16,Asset,IAS 16
20/05/2024,CT743908,131,111,34544414.36,Giao dịch mua bán,Finance,CUST0132,VEND0133,Asset,IAS 16,Asset,IAS 16
11/04/2024,CT675546,331,632,3441789.33,Giao dịch mua bán,IT,CUST0053,VEND0199,Liability,IAS 37,Liability,IAS 37
26/12/2024,CT980279,214,511,8322993.34,Giao dịch mua bán,HR,CUST0194,VEND0134,Asset,IAS 16,Asset,IAS 16
19/08/2024,CT906396,214,131,2147511.35,Giao dịch mua bán,Finance,CUST0036,VEND0010,Asset,IAS 16,Asset,IAS 16
30/04/2024,CT365336,632,214,30314942.92,Giao dịch mua bán,Sales,CUST0012,VEND0144,Expense,IAS 1,Expense,IAS 1
01/11/2024,CT370645,111,112,25063189.5,Giao dịch mua bán,Sales,CUST0078,VEND0047,Asset,IAS 16,Asset,IAS 16
22/10/2024,CT198740,632,511,37145688.39,Giao dịch mua bán,IT,CUST0078,VEND0064,Expense,IAS 1,Expense,IAS 1
25/10/2024,CT739588,131,511,13538843.39,Giao dịch mua bán,Sales,CUST0160,VEND0163,Asset,IAS 16,Asset,IAS 16
05/11/2024,CT835006,156,331,35354808.75,Giao dịch mua bán,Sales,CUST0110,VEND0143,Asset,IAS 16,Asset,IAS 16
28/09/2024,CT720900,111,642,29377283.03,Giao dịch mua bán,Production,CUST0199,VEND0042,Asset,IAS 16,Asset,IAS 16
17/06/2024,CT399440,632,152,6179743.34,Giao dịch mua bán,Sales,CUST0006,VEND0045,Expense,IAS 1,Expense,IAS 1
16/10/2024,CT614510,156,642,7544407.25,Giao dịch mua bán,Sales,CUST0103,VEND0136,Asset,IAS 16,Asset,IAS 16
16/12/2024,CT697501,642,112,7160732.38,Giao dịch mua bán,IT,CUST0009,VEND0193,Expense,IAS 1,Expense,IAS 1
23/12/2024,CT906456,642,131,21258272.65,Giao dịch mua bán,HR,CUST0004,VEND0065,Expense,IAS 1,Expense,IAS 1
12/06/2024,CT202252,131,511,19226054.8,Giao dịch mua bán,HR,CUST0156,VEND0036,Asset,IAS 16,Asset,IAS 16
06/11/2024,CT277064,511,642,42986508.16,Giao dịch mua bán,Finance,CUST0168,VEND0001,Revenue,IFRS 15,Revenue,IFRS 15
21/06/2024,CT854486,156,156,32368971.38,Giao dịch mua bán,Production,CUST0188,VEND0114,Asset,IAS 16,Asset,IAS 16
28/04/2024,CT777967,632,214,42027169.26,Giao dịch mua bán,IT,CUST0043,VEND0138,Expense,IAS 1,Expense,IAS 1
06/05/2024,CT419918,632,331,10484263.82đ,Giao dịch mua bán,IT,CUST0154,VEND0179,Expense,IAS 1,Expense,IAS 1
26/10/2024,CT241322,156,131,7046930.58,Giao dịch mua bán,IT,CUST0066,VEND0194,Asset,IAS 16,Asset,IAS 16
09/09/2024,CT848269,331,131,1896172.74,Giao dịch mua bán,IT,CUST0084,VEND0192,Liability,IAS 37,Liability,IAS 37
04/08/2024,CT596588,214,511,27111671.15,Giao dịch mua bán,Finance,CUST0128,VEND0116,Asset,IAS 16,Asset,IAS 16
06/11/2024,CT050528,111,152,31835415.31,Giao dịch mua bán,Sales,CUST0134,VEND0060,Asset,IAS 16,Asset,IAS 16
15/01/2024,CT253934,632,111,33283378.88,Giao dịch mua bán,IT,CUST0024,VEND0131,Expense,IAS 1,Expense,IAS 1
23/08/2024,CT349165,156,214,13349579.05,Giao dịch mua bán,HR,CUST0128,VEND0158,Asset,IAS 16,Asset,IAS 16
15/08/2024,CT111532,131,211,13944626.47,Giao dịch mua bán,HR,CUST0080,VEND0089,Asset,IAS 16,Asset,IAS 16
09/03/2024,CT319983,214,632,44607780.26,Giao dịch mua bán,HR,CUST0027,VEND0126,Asset,IAS 16,Asset,IAS 16
17/05/2024,CT339801,111,211,15947606.71,Giao dịch mua bán,Sales,CUST0156,VEND0079,Asset,IAS 16,Asset,IAS 16
27/05/2024,CT053900,131,511,1422295.18,Giao dịch mua bán,IT,CUST0091,VEND0070,Asset,IAS 16,Asset,IAS 16
09/10/2024,CT880833,331,131,24236614.66,Giao dịch mua bán,HR,CUST0120,VEND0163,Liability,IAS 37,Liability,IAS 37
29/08/2024,CT781323,156,111,49882917.78,Giao dịch mua bán,Sales,CUST0013,VEND0187,Asset,IAS 16,Asset,IAS 16
13/08/2024,CT464405,214,211,40687380.05,Giao dịch mua bán,HR,CUST0069,VEND0143,Asset,IAS 16,Asset,IAS 16
27/03/2024,CT406114,112,632,9673154.38,Giao dịch mua bán,IT,CUST0054,VEND0158,Asset,IAS 16,Asset,IAS 16
20/12/2024,CT050440,112,511,34837439.85,Giao dịch mua bán,HR,CUST0060,VEND0089,Asset,IAS 16,Asset,IAS 16
21/02/2024,CT838548,156,642,28949618.3,Giao dịch mua bán,Finance,CUST0031,VEND0024,Asset,IAS 16,Asset,IAS 16
21/07/2024,CT451575,511,111,17264384.18,Giao dịch mua bán,HR,CUST0147,VEND0001,Revenue,IFRS 15,Revenue,IFRS 15
24/01/2024,CT962433,331,111,15652718.79,Giao dịch mua bán,Sales,CUST0049,VEND0121,Liability,IAS 37,Liability,IAS 37
15/01/2024,CT655216,511,131,10383018.07,Giao dịch mua bán,Production,CUST0138,VEND0145,Revenue,IFRS 15,Revenue,IFRS 15
20/01/2024,CT560058,632,111,30988083.3,Giao dịch mua bán,Production,CUST0122,VEND0169,Expense,IAS 1,Expense,IAS 1
10/04/2024,CT294849,152,152,24144557.34,Giao dịch mua bán,Production,CUST0039,VEND0140,Asset,IAS 16,Asset,IAS 16
12/07/2024,CT051217,642,152,18259503.97,Giao dịch mua bán,Finance,CUST0010,VEND0154,Expense,IAS 1,Expense,IAS 1
10/05/2024,CT071020,511,642,33443317.15,Giao dịch mua bán,IT,CUST0046,VEND0107,Revenue,IFRS 15,Revenue,IFRS 15
17/07/2024,CT060660,214,131,29041298.92,Giao dịch mua bán,Sales,CUST0134,VEND0064,Asset,IAS 16,Asset,IAS 16
21/03/2024,CT491849,632,111,41759236.63,Giao dịch mua bán,Finance,CUST0177,VEND0012,Expense,IAS 1,Expense,IAS 1
02/06/2024,CT972404,112,511,42542560.53,Giao dịch mua bán,Production,CUST0189,VEND0059,Asset,IAS 16,Asset,IAS 16
02/10/2024,CT715952,112,211,37101950.71,Giao dịch mua bán,IT,CUST0154,VEND0173,Asset,IAS 16,Asset,IAS 16
27/05/2024,CT158195,511,214,7431315.92,Giao dịch mua bán,Production,CUST0194,VEND0165,Revenue,IFRS 15,Revenue,IFRS 15
18/06/2024,CT856809,131,331,45108853.61,Giao dịch mua bán,Finance,CUST0006,VEND0185,Asset,IAS 16,Asset,IAS 16
02/08/2024,CT460161,156,214,38015972.23,Giao dịch mua bán,Finance,CUST0110,VEND0150,Asset,IAS 16,Asset,IAS 16
14/10/2024,CT688919,156,511,34312837.49,Giao dịch mua bán,Production,CUST0192,VEND0190,Asset,IAS 16,Asset,IAS 16
17/03/2024,CT398051,131,156,20913538.92,Giao dịch mua bán,Finance,CUST0178,VEND0031,Asset,IAS 16,Asset,IAS 16
25/11/2024,CT679725,152,642,41414279.97,Giao dịch mua bán,Finance,CUST0033,VEND0018,Asset,IAS 16,Asset,IAS 16
16/11/2024,CT823818,632,131,30892425.26,Giao dịch mua bán,IT,CUST0145,VEND0029,Expense,IAS 1,Expense,IAS 1
17/03/2024,CT254761,632,331,7289391.34,Giao dịch mua bán,Sales,CUST0141,VEND0092,Expense,IAS 1,Expense,IAS 1
26/09/2024,CT370214,111,111,5156117.54,Giao dịch mua bán,Finance,CUST0084,VEND0086,Asset,IAS 16,Asset,IAS 16
02/12/2024,CT960174,152,511,12503181.37,Giao dịch mua bán,HR,CUST0120,VEND0147,Asset,IAS 16,Asset,IAS 16
22/10/2024,CT723101,331,152,13355293.77,Giao dịch mua bán,HR,CUST0194,VEND0054,Liability,IAS 37,Liability,IAS 37
19/05/2024,CT542135,511,131,31638490.49,Giao dịch mua bán,Finance,CUST0120,VEND0079,Revenue,IFRS 15,Revenue,IFRS 15
14/03/2024,CT005961,152,156,39664022.29,Giao dịch mua bán,Production,CUST0008,VEND0006,Asset,IAS 16,Asset,IAS 16
06/05/2024,CT619780,642,111,46053678.19,Giao dịch mua bán,Production,CUST0089,VEND0002,Expense,IAS 1,Expense,IAS 1
14/10/2024,CT776053,111,511,32495406.69,Giao dịch mua bán,Production,CUST0035,VEND0015,Asset,IAS 16,Asset,IAS 16
29/08/2024,CT603841,214,214,48537028.78,Giao dịch mua bán,HR,CUST0165,VEND0147,Asset,IAS 16,Asset,IAS 16
16/10/2024,CT341146,152,112,26017798.42,Giao dịch mua bán,Finance,CUST0094,VEND0180,Asset,IAS 16,Asset,IAS 16
18/06/2024,CT238418,131,214,37988859.89,Giao dịch mua bán,Production,CUST0137,VEND0161,Asset,IAS 16,Asset,IAS 16
15/07/2024,CT471771,131,642,28438959.4,Giao dịch mua bán,IT,CUST0014,VEND0146,Asset,IAS 16,Asset,IAS 16
24/06/2024,CT910370,131,211,22183757.65,Giao dịch mua bán,IT,CUST0065,VEND0097,Asset,IAS 16,Asset,IAS 16
01/04/2024,CT727374,632,131,41109784.03,Giao dịch mua bán,Production,CUST0193,VEND0099,Expense,IAS 1,Expense,IAS 1
30/12/2024,CT780815,331,112,31660766.21,Giao dịch mua bán,IT,CUST0194,VEND0194,Liability,IAS 37,Liability,IAS 37
18/09/2024,CT227028,511,511,6378276.61,Giao dịch mua bán,Finance,CUST0187,VEND0135,Revenue,IFRS 15,Revenue,IFRS 15
11/05/2024,CT239694,211,211,43054968.55,Giao dịch mua bán,Sales,CUST0141,VEND0051,Asset,IAS 16,Asset,IAS 16
30/08/2024,CT610936,211,511,7178131,Giao dịch mua bán,Finance,CUST0068,VEND0023,Asset,IAS 16,Asset,IAS 16
30/04/2024,CT055250,214,511,36007552.19,Giao dịch mua bán,Production,CUST0046,VEND0126,Asset,IAS 16,Asset,IAS 16
18/12/2024,CT808894,642,511,29593818.77,Giao dịch mua bán,Production,CUST0111,VEND0111,Expense,IAS 1,Expense,IAS 1
18/05/2024,CT420649,642,112,32542095.42,Giao dịch mua bán,Production,CUST0043,VEND0181,Expense,IAS 1,Expense,IAS 1
28/04/2024,CT088912,152,511,9836799.18,Giao dịch mua bán,IT,CUST0152,VEND0176,Asset,IAS 16,Asset,IAS 16
01/08/2024,CT642431,152,331,10331857.4,Giao dịch mua bán,IT,CUST0188,VEND0132,Asset,IAS 16,Asset,IAS 16
06/06/2024,CT422999,511,112,9448388.68,Giao dịch mua bán,Sales,CUST0164,VEND0035,Revenue,IFRS 15,Revenue,IFRS 15
05/06/2024,CT153070,152,632,14330872.78,Giao dịch mua bán,Finance,CUST0097,VEND0105,Asset,IAS 16,Asset,IAS 16
23/04/2024,CT920419,642,511,49155014.18,Giao dịch mua bán,Finance,CUST0163,VEND0024,Expense,IAS 1,Expense,IAS 1
16/01/2024,CT304020,131,111,728575.22,Giao dịch mua bán,Finance,CUST0199,VEND0153,Asset,IAS 16,Asset,IAS 16
02/10/2024,CT178570,156,152,49401469.24,Giao dịch mua bán,HR,CUST0100,VEND0159,Asset,IAS 16,Asset,IAS 16
14/11/2024,CT449915,632,211,12135879.66,Giao dịch mua bán,HR,CUST0190,VEND0146,Expense,IAS 1,Expense,IAS 1
28/11/2024,CT193848,331,214,15088029.41,Giao dịch mua bán,HR,CUST0187,VEND0158,Liability,IAS 37,Liability,IAS 37
28/08/2024,CT204637,131,111,44177257.01,Giao dịch mua bán,Production,CUST0078,VEND0176,Asset,IAS 16,Asset,IAS 16
21/02/2024,CT269334,331,131,42008101.29,Giao dịch mua bán,Production,CUST0009,VEND0016,Liability,IAS 37,Liability,IAS 37
03/09/2024,CT436545,632,511,25129320.38,Giao dịch mua bán,Finance,CUST0095,VEND0154,Expense,IAS 1,Expense,IAS 1
01/02/2024,CT571372,214,214,36688010.38,Giao dịch mua bán,Finance,CUST0159,VEND0080,Asset,IAS 16,Asset,IAS 16
27/08/2024,CT923717,131,111,36296921,Giao dịch mua bán,HR,CUST0012,VEND0120,Asset,IAS 16,Asset,IAS 16
16/11/2024,CT511223,642,214,32214691.83,Giao dịch mua bán,Production,CUST0030,VEND0134,Expense,IAS 1,Expense,IAS 1
10/02/2024,CT833749,214,156,40062660.99,Giao dịch mua bán,Sales,CUST0175,VEND0127,Asset,IAS 16,Asset,IAS 16
17/05/2024,CT145955,331,112,10103877.32,Giao dịch mua bán,HR,CUST0082,VEND0139,Liability,IAS 37,Liability,IAS 37
16/03/2024,CT945104,156,156,37648517.55,Giao dịch mua bán,HR,CUST0014,VEND0119,Asset,IAS 16,Asset,IAS 16
14/06/2024,CT562639,642,511,11175021.5,Giao dịch mua bán,Sales,CUST0055,VEND0129,Expense,IAS 1,Expense,IAS 1
19/08/2024,CT537372,331,111,35978833.25,Giao dịch mua bán,Production,CUST0058,VEND0117,Liability,IAS 37,Liability,IAS 37
02/07/2024,CT670802,331,131,6115006.57,Giao dịch mua bán,Production,CUST0155,VEND0048,Liability,IAS 37,Liability,IAS 37
26/03/2024,CT380213,642,152,44837839.82,Giao dịch mua bán,Production,CUST0167,VEND0040,Expense,IAS 1,Expense,IAS 1
26/08/2024,CT614971,111,211,1375022.55,Giao dịch mua bán,Production,CUST0162,VEND0004,Asset,IAS 16,Asset,IAS 16
31/01/2024,CT005520,131,211,21928086.09,Giao dịch mua bán,Production,CUST0014,VEND0191,Asset,IAS 16,Asset,IAS 16
30/11/2024,CT566673,211,632,20398625.13,Giao dịch mua bán,HR,CUST0050,VEND0196,Asset,IAS 16,Asset,IAS 16
16/01/2024,CT343054,131,111,30635465.15,Giao dịch mua bán,HR,CUST0103,VEND0062,Asset,IAS 16,Asset,IAS 16
07/03/2024,CT053568,211,214,47316975.18,Giao dịch mua bán,Production,CUST0019,VEND0097,Asset,IAS 16,Asset,IAS 16
11/10/2024,CT551248,331,642,26852960.42,Giao dịch mua bán,Finance,CUST0020,VEND0157,Liability,IAS 37,Liability,IAS 37
13/09/2024,CT323406,211,642,30895085.06,Giao dịch mua bán,Finance,CUST0108,VEND0148,Asset,IAS 16,Asset,IAS 16
30/03/2024,CT393457,111,156,21820479.95,Giao dịch mua bán,IT,CUST0112,VEND0146,Asset,IAS 16,Asset,IAS 16
18/09/2024,CT588769,331,112,29882699.14,Giao dịch mua bán,IT,CUST0140,VEND0110,Liability,IAS 37,Liability,IAS 37
15/05/2024,CT314862,152,214,30131036.77,Giao dịch mua bán,Sales,CUST0151,VEND0125,Asset,IAS 16,Asset,IAS 16
07/10/2024,CT305030,111,642,41536866.46,Giao dịch mua bán,Finance,CUST0015,VEND0134,Asset,IAS 16,Asset,IAS 16
18/01/2024,CT697885,632,111,37006870.01,Giao dịch mua bán,Production,CUST0114,VEND0108,Expense,IAS 1,Expense,IAS 1
27/11/2024,CT204384,632,131,43326753.81,Giao dịch mua bán,IT,CUST0195,VEND0131,Expense,IAS 1,Expense,IAS 1
08/11/2024,CT046690,642,152,31856271.68đ,Giao dịch mua bán,Production,CUST0062,VEND0200,Expense,IAS 1,Expense,IAS 1
03/02/2024,CT780399,156,214,23749481.97,Giao dịch mua bán,Sales,CUST0062,VEND0146,Asset,IAS 16,Asset,IAS 16
04/02/2024,CT905463,214,131,48308983.27,Giao dịch mua bán,HR,CUST0027,VEND0146,Asset,IAS 16,Asset,IAS 16
25/11/2024,CT858432,632,211,14813084.29,Giao dịch mua bán,Sales,CUST0099,VEND0061,Expense,IAS 1,Expense,IAS 1
04/01/2024,CT884882,632,112,28124845.03,Giao dịch mua bán,Sales,CUST0107,VEND0066,Expense,IAS 1,Expense,IAS 1
06/12/2024,CT832480,331,214,21295438.39,Giao dịch mua bán,HR,CUST0039,VEND0077,Liability,IAS 37,Liability,IAS 37
29/10/2024,CT383748,214,156,46313564.53,Giao dịch mua bán,Sales,CUST0130,VEND0176,Asset,IAS 16,Asset,IAS 16
23/08/2024,CT581046,111,112,27215698.79,Giao dịch mua bán,Finance,CUST0175,VEND0112,Asset,IAS 16,Asset,IAS 16
07/05/2024,CT257510,152,211,45906688.91,Giao dịch mua bán,Production,CUST0045,VEND0009,Asset,IAS 16,Asset,IAS 16
24/11/2024,CT445279,632,111,28730790.78,Giao dịch mua bán,IT,CUST0188,VEND0005,Expense,IAS 1,Expense,IAS 1
30/12/2024,DUPLICATE,156,331,14789888.01,Giao dịch mua bán,HR,CUST0146,VEND0197,Asset,IAS 16,Asset,IAS 16
18/04/2024,CT222512,632,152,32168166.27,Giao dịch mua bán,Finance,CUST0058,VEND0061,Expense,IAS 1,Expense,IAS 1
26/09/2024,CT750769,152,111,27336793.87,Giao dịch mua bán,Finance,CUST0005,VEND0107,Asset,IAS 16,Asset,IAS 16
11/08/2024,CT206662,632,642,43590899.3,Giao dịch mua bán,HR,CUST0086,VEND0052,Expense,IAS 1,Expense,IAS 1
28/06/2024,CT164507,112,214,4584761.55,Giao dịch mua bán,Sales,CUST0044,VEND0104,Asset,IAS 16,Asset,IAS 16
28/10/2024,CT409515,111,511,31279337.51,Giao dịch mua bán,HR,CUST0172,VEND0156,Asset,IAS 16,Asset,IAS 16
04/12/2024,CT777906,156,131,31981391.37,Giao dịch mua bán,IT,CUST0197,VEND0158,Asset,IAS 16,Asset,IAS 16
10/06/2024,CT261037,211,211,13649550.48,Giao dịch mua bán,Sales,CUST0038,VEND0040,Asset,IAS 16,Asset,IAS 16
23/01/2024,CT585247,156,131,16794487.22,Giao dịch mua bán,Sales,CUST0073,VEND0001,Asset,IAS 16,Asset,IAS 16
02/11/2024,CT705474,511,111,13918492.94,Giao dịch mua bán,Sales,CUST0008,VEND0055,Revenue,IFRS 15,Revenue,IFRS 15
19/07/2024,CT959207,642,112,31980826.77,Giao dịch mua bán,Production,CUST0162,VEND0198,Expense,IAS 1,Expense,IAS 1
19/08/2024,CT316466,152,331,36866048.19,Giao dịch mua bán,IT,CUST0043,VEND0190,Asset,IAS 16,Asset,IAS 16
06/05/2024,CT165414,112,511,17320500.73,Giao dịch mua bán,HR,CUST0114,VEND0091,Asset,IAS 16,Asset,IAS 16
22/04/2024,CT162979,214,511,34477660.27,Giao dịch mua bán,Production,CUST0143,VEND0159,Asset,IAS 16,Asset,IAS 16
28/02/2024,CT049002,156,156,44421348.51,Giao dịch mua bán,HR,CUST0108,VEND0085,Asset,IAS 16,Asset,IAS 16
28/10/2024,CT159780,152,131,10348360.09,Giao dịch mua bán,Finance,CUST0030,VEND0155,Asset,IAS 16,Asset,IAS 16
06/01/2024,CT642776,214,331,19881416.81,Giao dịch mua bán,Production,CUST0090,VEND0092,Asset,IAS 16,Asset,IAS 16
25/01/2024,CT978179,214,214,3050044.99,Giao dịch mua bán,Sales,CUST0101,VEND0008,Asset,IAS 16,Asset,IAS 16
05/07/2024,CT603707,112,211,2245508.96,Giao dịch mua bán,IT,CUST0027,VEND0053,Asset,IAS 16,Asset,IAS 16
31/05/2024,CT126456,111,642,45748392.81,Giao dịch mua bán,Sales,CUST0086,VEND0169,Asset,IAS 16,Asset,IAS 16
13/10/2024,CT587340,642,642,4308741.06,Giao dịch mua bán,HR,CUST0015,VEND0163,Expense,IAS 1,Expense,IAS 1
30/01/2024,CT575249,632,211,45015454.64,Giao dịch mua bán,Production,CUST0153,VEND0066,Expense,IAS 1,Expense,IAS 1
28/05/2024,CT705960,632,156,5845119.25,Giao dịch mua bán,HR,CUST0104,VEND0164,Expense,IAS 1,Expense,IAS 1
09/09/2024,CT946302,642,111,27880364.03,Giao dịch mua bán,HR,CUST0160,VEND0118,Expense,IAS 1,Expense,IAS 1
23/06/2024,CT421502,642,156,46003761.39,Giao dịch mua bán,Sales,CUST0045,VEND0119,Expense,IAS 1,Expense,IAS 1
09/02/2024,CT249319,156,632,12155391.62,Giao dịch mua bán,HR,CUST0141,VEND0073,Asset,IAS 16,Asset,IAS 16
22/07/2024,CT690529,156,131,49113472.77,Giao dịch mua bán,Sales,CUST0043,VEND0187,Asset,IAS 16,Asset,IAS 16
20/04/2024,CT614575,632,642,8929096.68,Giao dịch mua bán,Production,CUST0074,VEND0058,Expense,IAS 1,Expense,IAS 1
19/08/2024,CT938439,331,642,18552818.04,Giao dịch mua bán,IT,CUST0192,VEND0127,Liability,IAS 37,Liability,IAS 37
21/11/2024,CT434643,112,331,40936594.29,Giao dịch mua bán,Production,CUST0026,VEND0108,Asset,IAS 16,Asset,IAS 16
16/11/2024,CT473798,156,112,19554179.49,Giao dịch mua bán,IT,CUST0191,VEND0138,Asset,IAS 16,Asset,IAS 16
23/01/2024,CT430792,642,152,11760097.51,Giao dịch mua bán,HR,CUST0134,VEND0190,Expense,IAS 1,Expense,IAS 1
28/08/2024,CT706840,156,111,27759663.57,Giao dịch mua bán,IT,CUST0139,VEND0034,Asset,IAS 16,Asset,IAS 16
07/07/2024,CT571854,156,156,3718204.64,Giao dịch mua bán,Sales,CUST0092,VEND0190,Asset,IAS 16,Asset,IAS 16
05/12/2024,CT122862,331,211,2338834.71,Giao dịch mua bán,HR,CUST0147,VEND0134,Liability,IAS 37,Liability,IAS 37
20/06/2024,CT702555,112,331,49216286.05,Giao dịch mua bán,IT,CUST0013,VEND0046,Asset,IAS 16,Asset,IAS 16
24/11/2024,CT935412,211,511,978826.46,Giao dịch mua bán,IT,CUST0170,VEND0108,Asset,IAS 16,Asset,IAS 16
10/07/2024,CT892879,111,214,48861019.94,Giao dịch mua bán,Finance,CUST0150,VEND0192,Asset,IAS 16,Asset,IAS 16
07/06/2024,CT568850,511,511,39875107.94,Giao dịch mua bán,HR,CUST0138,VEND0062,Revenue,IFRS 15,Revenue,IFRS 15
16/09/2024,CT823304,331,214,15518024.13,Giao dịch mua bán,Sales,CUST0194,VEND0033,Liability,IAS 37,Liability,IAS 37
06/02/2024,CT842068,214,642,19053435.89,Giao dịch mua bán,HR,CUST0152,VEND0074,Asset,IAS 16,Asset,IAS 16
31/10/2024,CT500601,111,112,8184754.96,Giao dịch mua bán,Sales,CUST0118,VEND0175,Asset,IAS 16,Asset,IAS 16
18/03/2024,CT481407,511,156,30839915.64,Giao dịch mua bán,IT,CUST0073,VEND0032,Revenue,IFRS 15,Revenue,IFRS 15
08/07/2024,CT689310,111,642,25720400.74,Giao dịch mua bán,Production,CUST0132,VEND0200,Asset,IAS 16,Asset,IAS 16
30/01/2024,CT423196,214,511,26487997.91,Giao dịch mua bán,IT,CUST0127,VEND0193,Asset,IAS 16,Asset,IAS 16
05/06/2024,CT894586,632,511,26825487.75,Giao dịch mua bán,Production,CUST0121,VEND0074,Expense,IAS 1,Expense,IAS 1
12/08/2024,CT308175,156,131,11309434.31,Giao dịch mua bán,HR,CUST0176,VEND0118,Asset,IAS 16,Asset,IAS 16
20/02/2024,CT752762,112,112,10322961.92,Giao dịch mua bán,Production,CUST0005,VEND0121,Asset,IAS 16,Asset,IAS 16
04/02/2024,CT093406,131,214,16369430.3,Giao dịch mua bán,Finance,CUST0072,VEND0070,Asset,IAS 16,Asset,IAS 16
25/04/2024,CT805469,642,112,21361188.03,Giao dịch mua bán,Sales,CUST0198,VEND0196,Expense,IAS 1,Expense,IAS 1
05/10/2024,CT176543,511,111,22464285,Giao dịch mua bán,Sales,CUST0024,VEND0078,Revenue,IFRS 15,Revenue,IFRS 15
13/04/2024,CT571010,111,211,23614618.67,Giao dịch mua bán,Sales,CUST0184,VEND0124,Asset,IAS 16,Asset,IAS 16
19/03/2024,CT424905,511,214,27426068.05,Giao dịch mua bán,IT,CUST0087,VEND0127,Revenue,IFRS 15,Revenue,IFRS 15
16/05/2024,CT047093,331,214,5184357.04,Giao dịch mua bán,Production,CUST0086,VEND0055,Liability,IAS 37,Liability,IAS 37
30/09/2024,CT742053,511,211,21038214.05,Giao dịch mua bán,Production,CUST0170,VEND0125,Revenue,IFRS 15,Revenue,IFRS 15
01/03/2024,CT728042,112,112,47108231.46,Giao dịch mua bán,Sales,CUST0176,VEND0154,Asset,IAS 16,Asset,IAS 16
09/08/2024,CT881566,152,152,29412365.46,Giao dịch mua bán,Production,CUST0100,VEND0009,Asset,IAS 16,Asset,IAS 16
09/07/2024,CT018235,214,112,35278821.4,Giao dịch mua bán,Sales,CUST0073,VEND0152,Asset,IAS 16,Asset,IAS 16
13/10/2024,CT904351,642,511,35951459.43,Giao dịch mua bán,Production,CUST0145,VEND0108,Expense,IAS 1,Expense,IAS 1
20/06/2024,CT026685,642,642,31208180.59,Giao dịch mua bán,HR,CUST0048,VEND0155,Expense,IAS 1,Expense,IAS 1
18/01/2024,CT867693,111,214,32011581.2,Giao dịch mua bán,Sales,CUST0113,VEND0030,Asset,IAS 16,Asset,IAS 16
12/05/2024,CT172033,511,152,8417887.44,Giao dịch mua bán,Sales,CUST0017,VEND0153,Revenue,IFRS 15,Revenue,IFRS 15
18/04/2024,CT278002,642,511,11857437.61,Giao dịch mua bán,Finance,CUST0115,VEND0059,Expense,IAS 1,Expense,IAS 1
28/12/2024,CT577810,211,632,25923485,Giao dịch mua bán,Production,CUST0003,VEND0049,Asset,IAS 16,Asset,IAS 16
14/03/2024,CT036947,211,632,6062476.09,Giao dịch mua bán,HR,CUST0097,VEND0186,Asset,IAS 16,Asset,IAS 16
12/08/2024,CT098558,511,112,49442867.09,Giao dịch mua bán,Sales,CUST0145,VEND0082,Revenue,IFRS 15,Revenue,IFRS 15
03/10/2024,CT555483,111,214,35186877.5,Giao dịch mua bán,Finance,CUST0090,VEND0125,Asset,IAS 16,Asset,IAS 16
20/04/2024,CT647195,511,632,9304102.3,Giao dịch mua bán,Finance,CUST0043,VEND0006,Revenue,IFRS 15,Revenue,IFRS 15
16/09/2024,CT830800,152,331,35973922.68,Giao dịch mua bán,Finance,CUST0101,VEND0178,Asset,IAS 16,Asset,IAS 16
25/09/2024,CT407548,642,511,21443860.28,Giao dịch mua bán,Sales,CUST0183,VEND0039,Expense,IAS 1,Expense,IAS 1
27/04/2024,CT611437,632,131,47815760.87,Giao dịch mua bán,HR,CUST0147,VEND0185,Expense,IAS 1,Expense,IAS 1
28/10/2024,CT353629,214,632,35995487.09,Giao dịch mua bán,Finance,CUST0117,VEND0098,Asset,IAS 16,Asset,IAS 16
26/02/2024,CT382545,152,214,38812013.41,Giao dịch mua bán,Sales,CUST0171,VEND0176,Asset,IAS 16,Asset,IAS 16
04/09/2024,CT575211,642,511,31390858.19,Giao dịch mua bán,Sales,CUST0006,VEND0064,Expense,IAS 1,Expense,IAS 1
18/03/2024,CT017179,112,131,6287806.25,Giao dịch mua bán,Production,CUST0179,VEND0133,Asset,IAS 16,Asset,IAS 16
07/08/2024,CT400972,211,156,7295663.52,Giao dịch mua bán,Production,CUST0192,VEND0179,Asset,IAS 16,Asset,IAS 16
06/11/2024,CT359185,331,111,28715352.44,Giao dịch mua bán,Sales,CUST0154,VEND0019,Liability,IAS 37,Liability,IAS 37
09/09/2024,CT170733,214,214,13501363.73,Giao dịch mua bán,Sales,CUST0185,VEND0086,Asset,IAS 16,Asset,IAS 16
14/02/2024,CT159107,152,156,48174247.7,Giao dịch mua bán,IT,CUST0069,VEND0166,Asset,IAS 16,Asset,IAS 16
02/09/2024,CT768278,632,152,47771764.71,Giao dịch mua bán,HR,CUST0044,VEND0045,Expense,IAS 1,Expense,IAS 1
21/08/2024,CT180402,331,214,14288603.38,Giao dịch mua bán,IT,CUST0018,VEND0125,Liability,IAS 37,Liability,IAS 37
29/01/2024,CT607314,156,131,33869114.63,Giao dịch mua bán,Sales,CUST0158,VEND0160,Asset,IAS 16,Asset,IAS 16
05/12/2024,CT926405,156,642,42648870.08,Giao dịch mua bán,HR,CUST0007,VEND0135,Asset,IAS 16,Asset,IAS 16
29/07/2024,CT148946,112,511,27817228.18,Giao dịch mua bán,IT,CUST0193,VEND0156,Asset,IAS 16,Asset,IAS 16
16/05/2024,CT269131,511,156,49003559.09,Giao dịch mua bán,Finance,CUST0153,VEND0004,Revenue,IFRS 15,Revenue,IFRS 15
05/07/2024,CT415919,156,632,9407401.39,Giao dịch mua bán,Finance,CUST0029,VEND0004,Asset,IAS 16,Asset,IAS 16
12/12/2024,CT626567,112,112,47322153.47,Giao dịch mua bán,HR,CUST0192,VEND0102,Asset,IAS 16,Asset,IAS 16
17/03/2024,CT902305,111,112,29678061.25,Giao dịch mua bán,IT,CUST0144,VEND0125,Asset,IAS 16,Asset,IAS 16
08/12/2024,CT599426,331,632,5286502.73,Giao dịch mua bán,Finance,CUST0099,VEND0118,Liability,IAS 37,Liability,IAS 37
20/03/2024,CT738075,331,214,43709445.49,Giao dịch mua bán,Production,CUST0199,VEND0027,Liability,IAS 37,Liability,IAS 37
18/08/2024,CT280592,112,156,34143635.51,Giao dịch mua bán,Production,CUST0054,VEND0057,Asset,IAS 16,Asset,IAS 16
31/08/2024,CT585768,632,642,12696162.88,Giao dịch mua bán,HR,CUST0130,VEND0164,Expense,IAS 1,Expense,IAS 1
30/11/2024,CT164014,111,152,20547814.66,Giao dịch mua bán,IT,CUST0119,VEND0092,Asset,IAS 16,Asset,IAS 16
26/02/2024,CT411864,511,156,29484136.01,Giao dịch mua bán,Finance,CUST0165,VEND0152,Revenue,IFRS 15,Revenue,IFRS 15
