Ngày CT,Số CT,TK Nợ,TK Có,Số tiền,Nội dung,Bộ phận,Mã KH,Mã NCC,IFRS_Category,IFRS_Standard,IFRS_Category,IFRS_Standard
25/03/2024,CT884162,632,632,25950381.26đ,Giao dịch mua bán,IT,CUST0096,VEND0158,Expense,IAS 1,Expense,IAS 1
30/07/2024,CT054286,642,152,8251621.55đ,Giao dịch mua bán,Finance,CUST0011,VEND0118,Expense,IAS 1,Expense,IAS 1
26/08/2024,CT971132,111,156,48290563.71đ,Giao dịch mua bán,HR,CUST0137,VEND0052,Asset,IAS 16,Asset,IAS 16
04/12/2024,CT631983,642,152,4436655.08đ,Giao dịch mua bán,Sales,CUST0185,VEND0090,Expense,IAS 1,Expense,IAS 1
02/10/2024,CT936331,511,511,43150597.5đ,Giao dịch mua bán,Sales,CUST0178,VEND0166,Revenue,IFRS 15,Revenue,IFRS 15
08/03/2024,CT276598,112,131,18147103.79đ,Giao dịch mua bán,HR,CUST0179,VEND0080,Asset,IAS 16,Asset,IAS 16
16/12/2024,CT500072,111,331,31439641.36đ,Giao dịch mua bán,Finance,CUST0167,VEND0188,Asset,IAS 16,Asset,IAS 16
24/12/2024,CT178306,211,214,6339140.51đ,Giao dịch mua bán,HR,CUST0185,VEND0005,Asset,IAS 16,Asset,IAS 16
12/04/2024,CT679926,111,156,7727656.79đ,Giao dịch mua bán,HR,CUST0122,VEND0087,Asset,IAS 16,Asset,IAS 16
17/09/2024,CT842493,642,111,27221250.81đ,Giao dịch mua bán,IT,CUST0079,VEND0060,Expense,IAS 1,Expense,IAS 1
13/06/2024,CT587711,214,511,27326208.82đ,Giao dịch mua bán,Finance,CUST0068,VEND0178,Asset,IAS 16,Asset,IAS 16
16/03/2024,CT043476,632,214,7590395.37đ,Giao dịch mua bán,HR,CUST0129,VEND0149,Expense,IAS 1,Expense,IAS 1
26/01/2024,CT496358,331,111,17255892.3đ,Giao dịch mua bán,Production,CUST0048,VEND0004,Liability,IAS 37,Liability,IAS 37
24/01/2024,CT353723,152,214,16665494.17đ,Giao dịch mua bán,Production,CUST0175,VEND0111,Asset,IAS 16,Asset,IAS 16
28/07/2024,CT175203,111,111,25476770.48đ,Giao dịch mua bán,Production,CUST0129,VEND0140,Asset,IAS 16,Asset,IAS 16
30/08/2024,CT369604,152,511,16563832.75đđ,Giao dịch mua bán,IT,CUST0055,VEND0072,Asset,IAS 16,Asset,IAS 16
25/03/2024,CT068257,156,111,12539622.08đ,Giao dịch mua bán,Production,CUST0140,VEND0105,Asset,IAS 16,Asset,IAS 16
15/01/2024,CT166976,131,331,19488320.16đ,Giao dịch mua bán,Finance,CUST0186,VEND0041,Asset,IAS 16,Asset,IAS 16
15/02/2024,CT890540,112,211,39366761.59đ,Giao dịch mua bán,HR,CUST0179,VEND0155,Asset,IAS 16,Asset,IAS 16
18/10/2024,CT951603,632,331,15009263.28đ,Giao dịch mua bán,Production,CUST0175,VEND0058,Expense,IAS 1,Expense,IAS 1
11/09/2024,CT804774,511,152,5505175đ,Giao dịch mua bán,IT,CUST0078,VEND0111,Revenue,IFRS 15,Revenue,IFRS 15
12/01/2024,CT153775,111,511,5756910.54đ,Giao dịch mua bán,Sales,CUST0056,VEND0094,Asset,IAS 16,Asset,IAS 16
04/07/2024,CT051397,111,511,34723224.36đ,Giao dịch mua bán,HR,CUST0175,VEND0007,Asset,IAS 16,Asset,IAS 16
30/05/2024,CT072398,214,156,37137516.71đ,Giao dịch mua bán,Finance,CUST0055,VEND0144,Asset,IAS 16,Asset,IAS 16
26/06/2024,CT951084,331,214,22476667.31đ,Giao dịch mua bán,IT,CUST0127,VEND0023,Liability,IAS 37,Liability,IAS 37
01/12/2024,CT963181,632,642,3941361.7đ,Giao dịch mua bán,Production,CUST0098,VEND0056,Expense,IAS 1,Expense,IAS 1
16/05/2024,CT759822,152,111,18149519.53đ,Giao dịch mua bán,Production,CUST0158,VEND0115,Asset,IAS 16,Asset,IAS 16
17/06/2024,CT687541,152,111,47278012.9đ,Giao dịch mua bán,Sales,CUST0026,VEND0030,Asset,IAS 16,Asset,IAS 16
02/11/2024,CT799278,632,152,17207177.02đ,Giao dịch mua bán,Finance,CUST0027,VEND0021,Expense,IAS 1,Expense,IAS 1
23/08/2024,CT888691,642,214,23726594.4đ,Giao dịch mua bán,HR,CUST0180,VEND0083,Expense,IAS 1,Expense,IAS 1
03/07/2024,CT682888,111,152,24627467.21đ,Giao dịch mua bán,Production,CUST0096,VEND0079,Asset,IAS 16,Asset,IAS 16
31/01/2024,CT833768,632,152,8399228.02đ,Giao dịch mua bán,Sales,CUST0071,VEND0179,Expense,IAS 1,Expense,IAS 1
09/01/2024,CT382630,642,214,41933699.38đ,Giao dịch mua bán,Finance,CUST0061,VEND0112,Expense,IAS 1,Expense,IAS 1
23/09/2024,CT601077,152,214,37053517.96đ,Giao dịch mua bán,IT,CUST0123,VEND0153,Asset,IAS 16,Asset,IAS 16
28/06/2024,CT395086,632,211,42657409.56đ,Giao dịch mua bán,HR,CUST0183,VEND0144,Expense,IAS 1,Expense,IAS 1
26/08/2024,CT767283,211,156,48641850.48đ,Giao dịch mua bán,Sales,CUST0046,VEND0018,Asset,IAS 16,Asset,IAS 16
13/05/2024,CT353728,331,111,31712643.18đ,Giao dịch mua bán,Sales,CUST0181,VEND0091,Liability,IAS 37,Liability,IAS 37
21/12/2024,CT786097,642,211,5523857.29đđ,Giao dịch mua bán,IT,CUST0065,VEND0145,Expense,IAS 1,Expense,IAS 1
22/08/2024,CT351677,511,112,49696878.82đ,Giao dịch mua bán,Sales,CUST0152,VEND0049,Revenue,IFRS 15,Revenue,IFRS 15
24/05/2024,CT556692,511,112,45713820.16đ,Giao dịch mua bán,Sales,CUST0093,VEND0016,Revenue,IFRS 15,Revenue,IFRS 15
24/05/2024,CT256121,131,331,16922421.31đ,Giao dịch mua bán,HR,CUST0196,VEND0150,Asset,IAS 16,Asset,IAS 16
07/01/2024,CT186672,214,642,47503069.07đ,Giao dịch mua bán,HR,CUST0107,VEND0033,Asset,IAS 16,Asset,IAS 16
24/03/2024,CT900645,511,642,43767296.07đ,Giao dịch mua bán,Production,CUST0060,VEND0125,Revenue,IFRS 15,Revenue,IFRS 15
23/10/2024,CT163295,131,632,16102513.38đ,Giao dịch mua bán,Sales,CUST0015,VEND0041,Asset,IAS 16,Asset,IAS 16
30/11/2024,CT548575,632,111,30021493.9đ,Giao dịch mua bán,IT,CUST0185,VEND0025,Expense,IAS 1,Expense,IAS 1
12/09/2024,CT096540,642,632,24200731.79đ,Giao dịch mua bán,Finance,CUST0033,VEND0188,Expense,IAS 1,Expense,IAS 1
16/09/2024,CT873176,331,632,3518655.44đ,Giao dịch mua bán,Finance,CUST0157,VEND0160,Liability,IAS 37,Liability,IAS 37
15/11/2024,CT361619,511,131,29343885.43đ,Giao dịch mua bán,Sales,CUST0101,VEND0074,Revenue,IFRS 15,Revenue,IFRS 15
29/05/2024,CT138871,211,112,22052596.59đ,Giao dịch mua bán,Production,CUST0093,VEND0149,Asset,IAS 16,Asset,IAS 16
11/04/2024,CT980153,211,211,16805133.69đ,Giao dịch mua bán,Sales,CUST0173,VEND0088,Asset,IAS 16,Asset,IAS 16
06/01/2024,CT298479,632,214,31083501.02,Giao dịch mua bán,Finance,CUST0006,VEND0155,Expense,IAS 1,Expense,IAS 1
18/01/2024,CT473773,511,111,19817934.75,Giao dịch mua bán,HR,CUST0026,VEND0021,Revenue,IFRS 15,Revenue,IFRS 15
07/11/2024,CT025972,642,214,6209016.93,Giao dịch mua bán,IT,CUST0197,VEND0055,Expense,IAS 1,Expense,IAS 1
21/01/2024,CT396456,112,131,48024101.8,Giao dịch mua bán,IT,CUST0047,VEND0173,Asset,IAS 16,Asset,IAS 16
12/07/2024,DUPLICATE,152,131,39944875.23,Giao dịch mua bán,Production,CUST0192,VEND0151,Asset,IAS 16,Asset,IAS 16
07/09/2024,CT508024,111,214,13392431.88,Giao dịch mua bán,Sales,CUST0023,VEND0115,Asset,IAS 16,Asset,IAS 16
13/08/2024,CT255962,131,131,35480894.14,Giao dịch mua bán,Production,CUST0076,VEND0011,Asset,IAS 16,Asset,IAS 16
02/05/2024,CT644341,111,131,29281719.08,Giao dịch mua bán,Sales,CUST0026,VEND0097,Asset,IAS 16,Asset,IAS 16
17/02/2024,CT902060,111,211,723578.17,Giao dịch mua bán,Sales,CUST0140,VEND0032,Asset,IAS 16,Asset,IAS 16
25/10/2024,CT944570,331,642,38999473.68,Giao dịch mua bán,Production,CUST0122,VEND0067,Liability,IAS 37,Liability,IAS 37
30/01/2024,CT091332,511,111,34907802.44,Giao dịch mua bán,Sales,CUST0194,VEND0188,Revenue,IFRS 15,Revenue,IFRS 15
02/11/2024,CT904295,156,111,12738338.83,Giao dịch mua bán,IT,CUST0187,VEND0132,Asset,IAS 16,Asset,IAS 16
15/04/2024,CT207432,152,112,21018860.58,Giao dịch mua bán,Production,CUST0020,VEND0135,Asset,IAS 16,Asset,IAS 16
29/08/2024,CT751345,111,632,27437557.48,Giao dịch mua bán,Finance,CUST0128,VEND0159,Asset,IAS 16,Asset,IAS 16
02/07/2024,CT761208,511,131,27282604.51,Giao dịch mua bán,IT,CUST0162,VEND0116,Revenue,IFRS 15,Revenue,IFRS 15
30/09/2024,CT322712,511,152,47036635.5,Giao dịch mua bán,Production,CUST0180,VEND0182,Revenue,IFRS 15,Revenue,IFRS 15
05/04/2024,CT229444,642,112,3275743.75,Giao dịch mua bán,HR,CUST0121,VEND0087,Expense,IAS 1,Expense,IAS 1
08/09/2024,CT270023,632,131,23224632.75,Giao dịch mua bán,Finance,CUST0083,VEND0048,Expense,IAS 1,Expense,IAS 1
18/02/2024,CT726466,642,112,12445082.31,Giao dịch mua bán,IT,CUST0157,VEND0198,Expense,IAS 1,Expense,IAS 1
05/08/2024,CT130976,131,111,27602402.53,Giao dịch mua bán,Production,CUST0052,VEND0091,Asset,IAS 16,Asset,IAS 16
28/07/2024,CT295237,331,511,21524475.75,Giao dịch mua bán,HR,CUST0182,VEND0054,Liability,IAS 37,Liability,IAS 37
08/08/2024,CT685277,152,156,28234093.15,Giao dịch mua bán,Production,CUST0154,VEND0018,Asset,IAS 16,Asset,IAS 16
18/02/2024,CT576879,331,642,24621414.24,Giao dịch mua bán,Sales,CUST0149,VEND0088,Liability,IAS 37,Liability,IAS 37
24/06/2024,CT799750,331,131,30006254.22,Giao dịch mua bán,HR,CUST0076,VEND0179,Liability,IAS 37,Liability,IAS 37
29/10/2024,CT726673,331,156,42644879.44,Giao dịch mua bán,IT,CUST0142,VEND0147,Liability,IAS 37,Liability,IAS 37
20/05/2024,DUPLICATE,331,632,5617448.56,Giao dịch mua bán,Production,CUST0039,VEND0176,Liability,IAS 37,Liability,IAS 37
16/05/2024,CT590549,511,156,26347669.2,Giao dịch mua bán,Finance,CUST0040,VEND0070,Revenue,IFRS 15,Revenue,IFRS 15
27/03/2024,CT820024,331,152,40246917.18,Giao dịch mua bán,Production,CUST0187,VEND0128,Liability,IAS 37,Liability,IAS 37
18/10/2024,CT573650,131,211,31570311.6,Giao dịch mua bán,IT,CUST0001,VEND0060,Asset,IAS 16,Asset,IAS 16
04/06/2024,CT222721,152,111,44624519.49,Giao dịch mua bán,Production,CUST0049,VEND0095,Asset,IAS 16,Asset,IAS 16
20/03/2024,CT198999,152,211,18797555.56,Giao dịch mua bán,Sales,CUST0027,VEND0122,Asset,IAS 16,Asset,IAS 16
20/07/2024,CT732531,331,331,37427104.53,Giao dịch mua bán,Production,CUST0114,VEND0124,Liability,IAS 37,Liability,IAS 37
15/12/2024,CT269874,211,112,49462080.09,Giao dịch mua bán,IT,CUST0056,VEND0074,Asset,IAS 16,Asset,IAS 16
28/06/2024,CT630490,112,152,10075024.8,Giao dịch mua bán,Production,CUST0098,VEND0156,Asset,IAS 16,Asset,IAS 16
26/11/2024,CT261564,111,331,13474183.08,Giao dịch mua bán,IT,CUST0176,VEND0140,Asset,IAS 16,Asset,IAS 16
15/07/2024,CT106584,111,331,33207638.59,Giao dịch mua bán,Production,CUST0154,VEND0039,Asset,IAS 16,Asset,IAS 16
14/12/2024,CT328975,131,152,21025528.05,Giao dịch mua bán,IT,CUST0189,VEND0188,Asset,IAS 16,Asset,IAS 16
08/12/2024,CT397617,112,112,6559281.31,Giao dịch mua bán,Sales,CUST0078,VEND0011,Asset,IAS 16,Asset,IAS 16
04/11/2024,CT027693,131,642,10404171.46,Giao dịch mua bán,HR,CUST0095,VEND0100,Asset,IAS 16,Asset,IAS 16
01/02/2024,CT158281,111,214,14794126.05,Giao dịch mua bán,Finance,CUST0036,VEND0148,Asset,IAS 16,Asset,IAS 16
29/07/2024,CT196689,214,214,42004685.21,Giao dịch mua bán,IT,CUST0055,VEND0196,Asset,IAS 16,Asset,IAS 16
05/11/2024,CT148650,211,511,46054227.41,Giao dịch mua bán,HR,CUST0187,VEND0111,Asset,IAS 16,Asset,IAS 16
30/01/2024,CT264103,632,211,48615351.4,Giao dịch mua bán,Sales,CUST0200,VEND0050,Expense,IAS 1,Expense,IAS 1
01/08/2024,CT776479,211,156,17618890.37,Giao dịch mua bán,HR,CUST0080,VEND0146,Asset,IAS 16,Asset,IAS 16
04/12/2024,CT172693,112,511,19407326.36,Giao dịch mua bán,IT,CUST0048,VEND0056,Asset,IAS 16,Asset,IAS 16
20/07/2024,CT913562,111,211,8988325.87,Giao dịch mua bán,IT,CUST0123,VEND0190,Asset,IAS 16,Asset,IAS 16
09/01/2024,CT269415,152,331,33636898.3,Giao dịch mua bán,IT,CUST0066,VEND0021,Asset,IAS 16,Asset,IAS 16
31/08/2024,CT852373,152,642,26356966.16,Giao dịch mua bán,Sales,CUST0071,VEND0152,Asset,IAS 16,Asset,IAS 16
07/03/2024,CT179063,642,211,23366145.2,Giao dịch mua bán,Sales,CUST0055,VEND0081,Expense,IAS 1,Expense,IAS 1
06/05/2024,CT571749,152,152,28786778.7,Giao dịch mua bán,Finance,CUST0088,VEND0104,Asset,IAS 16,Asset,IAS 16
05/04/2024,CT054286,331,642,20943350.69,Giao dịch mua bán,IT,CUST0184,VEND0001,Liability,IAS 37,Liability,IAS 37
14/10/2024,CT054286,511,131,45989621.39,Giao dịch mua bán,Sales,CUST0184,VEND0186,Revenue,IFRS 15,Revenue,IFRS 15
23/08/2024,CT054286,156,511,24734764.02,Giao dịch mua bán,Finance,CUST0117,VEND0195,Asset,IAS 16,Asset,IAS 16
20/03/2024,CT054286,331,211,18154566.39,Giao dịch mua bán,Sales,CUST0043,VEND0077,Liability,IAS 37,Liability,IAS 37
14/09/2024,CT054286,131,632,111095.75,Giao dịch mua bán,Production,CUST0091,VEND0166,Asset,IAS 16,Asset,IAS 16
10/10/2024,CT054286,111,111,10967453.16,Giao dịch mua bán,HR,CUST0160,VEND0059,Asset,IAS 16,Asset,IAS 16
27/02/2024,CT054286,642,211,31200543.3,Giao dịch mua bán,Finance,CUST0061,VEND0091,Expense,IAS 1,Expense,IAS 1
24/01/2024,CT054286,131,152,31765316.45đ,Giao dịch mua bán,Finance,CUST0174,VEND0140,Asset,IAS 16,Asset,IAS 16
25/07/2024,CT054286,111,131,10088647.69,Giao dịch mua bán,HR,CUST0178,VEND0048,Asset,IAS 16,Asset,IAS 16
08/05/2024,CT054286,511,152,23265568.13,Giao dịch mua bán,Sales,CUST0143,VEND0045,Revenue,IFRS 15,Revenue,IFRS 15
17/11/2024,CT054286,152,632,2742099.53,Giao dịch mua bán,HR,CUST0068,VEND0043,Asset,IAS 16,Asset,IAS 16
16/06/2024,CT054286,214,511,4617621.97,Giao dịch mua bán,HR,CUST0147,VEND0124,Asset,IAS 16,Asset,IAS 16
13/09/2024,CT054286,156,511,29778895.47,Giao dịch mua bán,Production,CUST0023,VEND0014,Asset,IAS 16,Asset,IAS 16
26/05/2024,CT054286,214,211,35995996.85,Giao dịch mua bán,Production,CUST0167,VEND0078,Asset,IAS 16,Asset,IAS 16
18/01/2024,CT054286,211,111,14241422.64,Giao dịch mua bán,Production,CUST0064,VEND0159,Asset,IAS 16,Asset,IAS 16
28/01/2024,CT054286,642,111,34186578.8,Giao dịch mua bán,IT,CUST0028,VEND0070,Expense,IAS 1,Expense,IAS 1
02/05/2024,CT054286,632,331,6682887.97,Giao dịch mua bán,HR,CUST0041,VEND0035,Expense,IAS 1,Expense,IAS 1
06/08/2024,CT054286,131,156,37358437.54,Giao dịch mua bán,Finance,CUST0035,VEND0059,Asset,IAS 16,Asset,IAS 16
28/06/2024,CT054286,511,632,24263076.2,Giao dịch mua bán,Production,CUST0087,VEND0155,Revenue,IFRS 15,Revenue,IFRS 15
04/09/2024,CT054286,331,511,45760099.72,Giao dịch mua bán,IT,CUST0050,VEND0006,Liability,IAS 37,Liability,IAS 37
03/10/2024,CT054286,331,632,2886549.4,Giao dịch mua bán,Finance,CUST0104,VEND0065,Liability,IAS 37,Liability,IAS 37
19/06/2024,CT054286,511,642,22031579.35,Giao dịch mua bán,Production,CUST0150,VEND0046,Revenue,IFRS 15,Revenue,IFRS 15
12/04/2024,CT054286,511,111,49870365.01đ,Giao dịch mua bán,IT,CUST0080,VEND0136,Revenue,IFRS 15,Revenue,IFRS 15
02/04/2024,CT054286,632,632,39843976.3,Giao dịch mua bán,Production,CUST0176,VEND0061,Expense,IAS 1,Expense,IAS 1
16/09/2024,CT054286,331,632,8753315.11,Giao dịch mua bán,Sales,CUST0146,VEND0037,Liability,IAS 37,Liability,IAS 37
30/03/2024,CT054286,214,152,19197004.62,Giao dịch mua bán,Production,CUST0028,VEND0032,Asset,IAS 16,Asset,IAS 16
06/07/2024,CT054286,331,214,40718992.63,Giao dịch mua bán,HR,CUST0047,VEND0001,Liability,IAS 37,Liability,IAS 37
03/06/2024,CT054286,211,511,18116430.39,Giao dịch mua bán,Sales,CUST0012,VEND0168,Asset,IAS 16,Asset,IAS 16
06/09/2024,CT054286,632,214,10572314.66,Giao dịch mua bán,HR,CUST0066,VEND0174,Expense,IAS 1,Expense,IAS 1
26/03/2024,CT054286,152,632,43629481.32,Giao dịch mua bán,HR,CUST0038,VEND0027,Asset,IAS 16,Asset,IAS 16
21/11/2024,CT054286,511,152,49079181.24,Giao dịch mua bán,Sales,CUST0142,VEND0024,Revenue,IFRS 15,Revenue,IFRS 15
27/06/2024,CT054286,642,152,29640545.1,Giao dịch mua bán,Production,CUST0015,VEND0040,Expense,IAS 1,Expense,IAS 1
06/05/2024,CT054286,112,131,7268507.32,Giao dịch mua bán,HR,CUST0049,VEND0162,Asset,IAS 16,Asset,IAS 16
19/01/2024,CT054286,211,511,28023811.01,Giao dịch mua bán,IT,CUST0159,VEND0113,Asset,IAS 16,Asset,IAS 16
11/07/2024,CT054286,511,131,25101615.29,Giao dịch mua bán,Finance,CUST0081,VEND0058,Revenue,IFRS 15,Revenue,IFRS 15
16/10/2024,CT054286,152,152,44865011.51,Giao dịch mua bán,Sales,CUST0028,VEND0139,Asset,IAS 16,Asset,IAS 16
21/08/2024,CT054286,152,111,10123628.77,Giao dịch mua bán,Sales,CUST0138,VEND0113,Asset,IAS 16,Asset,IAS 16
16/06/2024,CT054286,511,111,6879149.91đ,Giao dịch mua bán,IT,CUST0164,VEND0026,Revenue,IFRS 15,Revenue,IFRS 15
16/06/2024,CT054286,632,214,2741555.52,Giao dịch mua bán,Sales,CUST0029,VEND0086,Expense,IAS 1,Expense,IAS 1
05/07/2024,CT054286,211,331,27959759.45,Giao dịch mua bán,Production,CUST0011,VEND0105,Asset,IAS 16,Asset,IAS 16
01/04/2024,CT054286,214,112,32453691.87,Giao dịch mua bán,Production,CUST0142,VEND0093,Asset,IAS 16,Asset,IAS 16
24/01/2024,CT054286,131,642,32441641.46,Giao dịch mua bán,HR,CUST0012,VEND0139,Asset,IAS 16,Asset,IAS 16
24/02/2024,CT054286,642,156,27027720.99,Giao dịch mua bán,HR,CUST0040,VEND0008,Expense,IAS 1,Expense,IAS 1
14/01/2024,CT054286,131,331,31890400.84,Giao dịch mua bán,Production,CUST0171,VEND0016,Asset,IAS 16,Asset,IAS 16
12/11/2024,CT054286,632,211,47353310.19,Giao dịch mua bán,Finance,CUST0161,VEND0047,Expense,IAS 1,Expense,IAS 1
28/12/2024,CT054286,152,331,13687759.37,Giao dịch mua bán,Production,CUST0041,VEND0049,Asset,IAS 16,Asset,IAS 16
12/01/2024,CT054286,111,211,3282194.08,Giao dịch mua bán,Production,CUST0176,VEND0148,Asset,IAS 16,Asset,IAS 16
12/08/2024,CT054286,511,331,34401736.12,Giao dịch mua bán,Production,CUST0181,VEND0112,Revenue,IFRS 15,Revenue,IFRS 15
12/10/2024,CT054286,511,331,23615062.42,Giao dịch mua bán,HR,CUST0171,VEND0096,Revenue,IFRS 15,Revenue,IFRS 15
24/06/2024,CT054286,131,112,40844399.43,Giao dịch mua bán,Sales,CUST0160,VEND0176,Asset,IAS 16,Asset,IAS 16
29/11/2024,CT849303,156,131,1179642.21,Giao dịch mua bán,IT,CUST0087,VEND0117,Asset,IAS 16,Asset,IAS 16
22/03/2024,CT991710,331,131,2649972.41,Giao dịch mua bán,Production,CUST0067,VEND0116,Liability,IAS 37,Liability,IAS 37
13/08/2024,CT165280,156,156,1477077.32,Giao dịch mua bán,Production,CUST0126,VEND0025,Asset,IAS 16,Asset,IAS 16
06/08/2024,CT903433,511,211,629615.34,Giao dịch mua bán,Production,CUST0014,VEND0015,Revenue,IFRS 15,Revenue,IFRS 15
14/04/2024,CT905789,642,632,8341850.51,Giao dịch mua bán,HR,CUST0131,VEND0023,Expense,IAS 1,Expense,IAS 1
21/02/2024,CT788576,156,642,3848108.64,Giao dịch mua bán,HR,CUST0099,VEND0173,Asset,IAS 16,Asset,IAS 16
29/08/2024,CT218701,112,112,4561799.35,Giao dịch mua bán,Sales,CUST0200,VEND0091,Asset,IAS 16,Asset,IAS 16
13/11/2024,CT602350,632,632,9531351.91,Giao dịch mua bán,Sales,CUST0024,VEND0194,Expense,IAS 1,Expense,IAS 1
14/08/2024,CT485433,156,632,2366863.31,Giao dịch mua bán,Sales,CUST0107,VEND0045,Asset,IAS 16,Asset,IAS 16
11/01/2024,CT324874,152,131,3818648.85,Giao dịch mua bán,HR,CUST0090,VEND0198,Asset,IAS 16,Asset,IAS 16
08/05/2024,CT701587,642,511,379593.36,Giao dịch mua bán,Finance,CUST0026,VEND0083,Expense,IAS 1,Expense,IAS 1
08/01/2024,CT307267,211,131,335144.6,Giao dịch mua bán,IT,CUST0041,VEND0036,Asset,IAS 16,Asset,IAS 16
11/10/2024,CT851122,214,331,1960591.15,Giao dịch mua bán,HR,CUST0026,VEND0170,Asset,IAS 16,Asset,IAS 16
24/06/2024,CT402545,331,331,5034615.39,Giao dịch mua bán,Sales,CUST0050,VEND0104,Liability,IAS 37,Liability,IAS 37
01/07/2024,CT190691,211,642,3389888.08,Giao dịch mua bán,Sales,CUST0099,VEND0149,Asset,IAS 16,Asset,IAS 16
13/02/2024,CT067012,111,156,769296.07,Giao dịch mua bán,Sales,CUST0058,VEND0100,Asset,IAS 16,Asset,IAS 16
07/03/2024,CT487802,211,112,8486810.01,Giao dịch mua bán,Production,CUST0045,VEND0160,Asset,IAS 16,Asset,IAS 16
28/01/2024,CT700658,112,111,1294959.8,Giao dịch mua bán,Finance,CUST0041,VEND0057,Asset,IAS 16,Asset,IAS 16
20/10/2024,CT131656,511,156,718211.62,Giao dịch mua bán,Sales,CUST0180,VEND0037,Revenue,IFRS 15,Revenue,IFRS 15
30/06/2024,CT102206,331,152,6138674.52,Giao dịch mua bán,Sales,CUST0082,VEND0122,Liability,IAS 37,Liability,IAS 37
07/02/2024,CT841047,632,131,3791897.96,Giao dịch mua bán,Production,CUST0029,VEND0127,Expense,IAS 1,Expense,IAS 1
10/11/2024,CT928362,511,511,6557038.18,Giao dịch mua bán,Production,CUST0160,VEND0188,Revenue,IFRS 15,Revenue,IFRS 15
21/06/2024,CT972714,112,511,7481023.34,Giao dịch mua bán,Production,CUST0130,VEND0118,Asset,IAS 16,Asset,IAS 16
22/12/2024,CT644228,112,211,4156080.04,Giao dịch mua bán,IT,CUST0067,VEND0123,Asset,IAS 16,Asset,IAS 16
29/01/2024,CT229334,214,511,9235136.27,Giao dịch mua bán,Production,CUST0054,VEND0142,Asset,IAS 16,Asset,IAS 16
10/10/2024,CT226592,642,211,5071484.68,Giao dịch mua bán,Sales,CUST0026,VEND0161,Expense,IAS 1,Expense,IAS 1
07/06/2024,CT035138,511,111,7422962.68,Giao dịch mua bán,Sales,CUST0088,VEND0119,Revenue,IFRS 15,Revenue,IFRS 15
15/07/2024,CT133947,642,131,9792622.69,Giao dịch mua bán,Sales,CUST0018,VEND0010,Expense,IAS 1,Expense,IAS 1
27/10/2024,CT302984,331,211,8106541.22,Giao dịch mua bán,HR,CUST0130,VEND0164,Liability,IAS 37,Liability,IAS 37
09/10/2024,CT191381,152,214,960297.98,Giao dịch mua bán,Finance,CUST0092,VEND0093,Asset,IAS 16,Asset,IAS 16
21/08/2024,CT895669,156,632,2905854.03,Giao dịch mua bán,Sales,CUST0020,VEND0079,Asset,IAS 16,Asset,IAS 16
21/04/2024,CT791910,511,642,9325777.85,Giao dịch mua bán,HR,CUST0035,VEND0146,Revenue,IFRS 15,Revenue,IFRS 15
09/02/2024,CT309951,214,156,1800553.93,Giao dịch mua bán,Finance,CUST0094,VEND0135,Asset,IAS 16,Asset,IAS 16
01/01/2024,CT010962,112,156,9866060.14,Giao dịch mua bán,Sales,CUST0173,VEND0176,Asset,IAS 16,Asset,IAS 16
31/01/2024,CT631605,214,214,4944628.89,Giao dịch mua bán,Finance,CUST0003,VEND0023,Asset,IAS 16,Asset,IAS 16
05/04/2024,CT373124,632,511,8508365.1,Giao dịch mua bán,IT,CUST0018,VEND0043,Expense,IAS 1,Expense,IAS 1
18/06/2024,CT520117,214,112,486567.16,Giao dịch mua bán,Production,CUST0027,VEND0166,Asset,IAS 16,Asset,IAS 16
28/11/2024,CT103626,214,156,226826.64,Giao dịch mua bán,Production,CUST0144,VEND0118,Asset,IAS 16,Asset,IAS 16
21/09/2024,CT707151,511,632,6880460.9,Giao dịch mua bán,Finance,CUST0107,VEND0198,Revenue,IFRS 15,Revenue,IFRS 15
14/05/2024,CT659348,131,111,4634406.48,Giao dịch mua bán,Sales,CUST0032,VEND0053,Asset,IAS 16,Asset,IAS 16
29/01/2024,CT757249,211,152,2655704.48,Giao dịch mua bán,Finance,CUST0194,VEND0106,Asset,IAS 16,Asset,IAS 16
03/11/2024,CT757731,112,211,7967897.01,Giao dịch mua bán,HR,CUST0098,VEND0139,Asset,IAS 16,Asset,IAS 16
18/08/2024,CT310341,331,511,8362486.96,Giao dịch mua bán,Sales,CUST0004,VEND0190,Liability,IAS 37,Liability,IAS 37
30/11/2024,CT372255,632,642,8424311.56,Giao dịch mua bán,HR,CUST0010,VEND0189,Expense,IAS 1,Expense,IAS 1
24/12/2024,CT086066,214,211,2786046.09,Giao dịch mua bán,Sales,CUST0135,VEND0177,Asset,IAS 16,Asset,IAS 16
28/10/2024,CT736592,156,331,3231016,Giao dịch mua bán,Production,CUST0065,VEND0033,Asset,IAS 16,Asset,IAS 16
04/10/2024,CT194762,642,156,1251336.62,Giao dịch mua bán,Finance,CUST0170,VEND0006,Expense,IAS 1,Expense,IAS 1
23/07/2024,CT179682,632,211,6556635.62,Giao dịch mua bán,Production,CUST0178,VEND0085,Expense,IAS 1,Expense,IAS 1
30/08/2024,CT868776,331,156,2414313.19,Giao dịch mua bán,Finance,CUST0068,VEND0081,Liability,IAS 37,Liability,IAS 37
04/02/2024,CT678149,211,331,8469359.68,Giao dịch mua bán,Finance,CUST0075,VEND0173,Asset,IAS 16,Asset,IAS 16
31/12/2022,CT686532,112,156,33031411.23,Giao dịch mua bán,Sales,CUST0172,VEND0084,Asset,IAS 16,Asset,IAS 16
31/12/2022,CT593285,632,214,34531982.2,Giao dịch mua bán,Finance,CUST0075,VEND0011,Expense,IAS 1,Expense,IAS 1
31/12/2022,CT581433,214,211,10908797.3,Giao dịch mua bán,Production,CUST0021,VEND0179,Asset,IAS 16,Asset,IAS 16
31/12/2022,CT389773,111,642,49936924.11,Giao dịch mua bán,IT,CUST0170,VEND0151,Asset,IAS 16,Asset,IAS 16
31/12/2022,CT197806,642,112,18015133.18,Giao dịch mua bán,Sales,CUST0190,VEND0038,Expense,IAS 1,Expense,IAS 1
31/12/2022,CT472857,642,511,4143588.64,Giao dịch mua bán,IT,CUST0094,VEND0003,Expense,IAS 1,Expense,IAS 1
31/12/2022,CT920899,331,111,43182644.93,Giao dịch mua bán,Finance,CUST0081,VEND0068,Liability,IAS 37,Liability,IAS 37
31/12/2022,CT767503,214,632,25911863.36,Giao dịch mua bán,HR,CUST0076,VEND0142,Asset,IAS 16,Asset,IAS 16
31/12/2022,CT496863,111,112,35302957.12,Giao dịch mua bán,Production,CUST0027,VEND0116,Asset,IAS 16,Asset,IAS 16
31/12/2022,CT808566,642,214,23084510.89,Giao dịch mua bán,Finance,CUST0169,VEND0116,Expense,IAS 1,Expense,IAS 1
31/12/2022,CT422217,111,131,39923950.7,Giao dịch mua bán,IT,CUST0195,VEND0159,Asset,IAS 16,Asset,IAS 16
31/12/2022,CT034824,111,156,39688545.68,Giao dịch mua bán,Production,CUST0149,VEND0091,Asset,IAS 16,Asset,IAS 16
31/12/2022,CT460294,642,111,3841268.27,Giao dịch mua bán,IT,CUST0045,VEND0052,Expense,IAS 1,Expense,IAS 1
31/12/2022,CT701884,511,131,8647889.41,Giao dịch mua bán,Sales,CUST0056,VEND0071,Revenue,IFRS 15,Revenue,IFRS 15
31/12/2022,CT789081,156,111,25683111.61,Giao dịch mua bán,IT,CUST0068,VEND0048,Asset,IAS 16,Asset,IAS 16
31/12/2022,CT936648,111,632,45788560.79,Giao dịch mua bán,Sales,CUST0156,VEND0141,Asset,IAS 16,Asset,IAS 16
31/12/2022,CT449298,152,156,6137240.62,Giao dịch mua bán,Sales,CUST0124,VEND0112,Asset,IAS 16,Asset,IAS 16
31/12/2022,CT838981,511,156,13586144.91,Giao dịch mua bán,Sales,CUST0045,VEND0036,Revenue,IFRS 15,Revenue,IFRS 15
31/12/2022,CT276277,214,131,40940518.13,Giao dịch mua bán,Sales,CUST0143,VEND0050,Asset,IAS 16,Asset,IAS 16
31/12/2022,CT256989,112,156,39589619.67,Giao dịch mua bán,IT,CUST0041,VEND0115,Asset,IAS 16,Asset,IAS 16
31/12/2022,CT776547,131,111,2127233.21,Giao dịch mua bán,Sales,CUST0002,VEND0066,Asset,IAS 16,Asset,IAS 16
31/12/2022,CT977885,632,112,807173.41,Giao dịch mua bán,HR,CUST0195,VEND0165,Expense,IAS 1,Expense,IAS 1
31/12/2022,CT958490,112,642,4154687.14,Giao dịch mua bán,Production,CUST0114,VEND0019,Asset,IAS 16,Asset,IAS 16
31/12/2022,CT588677,331,156,4618535.35,Giao dịch mua bán,Finance,CUST0035,VEND0035,Liability,IAS 37,Liability,IAS 37
31/12/2022,CT390794,112,152,8368103.01,Giao dịch mua bán,Finance,CUST0067,VEND0064,Asset,IAS 16,Asset,IAS 16
31/12/2022,CT660021,642,214,905855.12,Giao dịch mua bán,HR,CUST0163,VEND0016,Expense,IAS 1,Expense,IAS 1
31/12/2022,CT172060,211,632,15940373.23,Giao dịch mua bán,Finance,CUST0086,VEND0127,Asset,IAS 16,Asset,IAS 16
31/12/2022,CT826197,112,152,37388482.27,Giao dịch mua bán,Finance,CUST0070,VEND0142,Asset,IAS 16,Asset,IAS 16
31/12/2022,CT622065,632,632,38850894.27,Giao dịch mua bán,IT,CUST0076,VEND0187,Expense,IAS 1,Expense,IAS 1
31/12/2022,CT149848,331,642,2353791.5,Giao dịch mua bán,Production,CUST0010,VEND0010,Liability,IAS 37,Liability,IAS 37
31/12/2022,CT461011,642,211,5877780.86,Giao dịch mua bán,Sales,CUST0089,VEND0136,Expense,IAS 1,Expense,IAS 1
31/12/2022,CT846595,156,131,39197932.33,Giao dịch mua bán,IT,CUST0184,VEND0047,Asset,IAS 16,Asset,IAS 16
31/12/2022,CT080092,511,211,14229757.6,Giao dịch mua bán,Sales,CUST0083,VEND0124,Revenue,IFRS 15,Revenue,IFRS 15
31/12/2022,CT015618,152,211,44316704.01,Giao dịch mua bán,IT,CUST0197,VEND0199,Asset,IAS 16,Asset,IAS 16
31/12/2022,CT716620,211,131,8772349.46đ,Giao dịch mua bán,Finance,CUST0142,VEND0190,Asset,IAS 16,Asset,IAS 16
31/12/2022,CT480700,156,642,37431007.5,Giao dịch mua bán,Finance,CUST0104,VEND0128,Asset,IAS 16,Asset,IAS 16
31/12/2022,CT325474,642,112,14936499.71,Giao dịch mua bán,Production,CUST0013,VEND0095,Expense,IAS 1,Expense,IAS 1
31/12/2022,CT770743,112,632,4490438.42,Giao dịch mua bán,Sales,CUST0063,VEND0041,Asset,IAS 16,Asset,IAS 16
31/12/2022,CT916350,131,214,11755551.67,Giao dịch mua bán,Finance,CUST0109,VEND0163,Asset,IAS 16,Asset,IAS 16
31/12/2022,CT521292,511,511,17913431.05,Giao dịch mua bán,Sales,CUST0018,VEND0119,Revenue,IFRS 15,Revenue,IFRS 15
31/12/2022,CT208803,156,112,44182033.9,Giao dịch mua bán,Finance,CUST0114,VEND0192,Asset,IAS 16,Asset,IAS 16
31/12/2022,CT392480,211,112,41472745.43,Giao dịch mua bán,IT,CUST0030,VEND0165,Asset,IAS 16,Asset,IAS 16
31/12/2022,CT490263,642,642,9026952,Giao dịch mua bán,Production,CUST0087,VEND0162,Expense,IAS 1,Expense,IAS 1
31/12/2022,CT028574,131,152,49349637.82,Giao dịch mua bán,HR,CUST0137,VEND0053,Asset,IAS 16,Asset,IAS 16
31/12/2022,CT578652,152,331,10227262.69,Giao dịch mua bán,IT,CUST0194,VEND0167,Asset,IAS 16,Asset,IAS 16
31/12/2022,CT525874,211,642,10589127.47,Giao dịch mua bán,Production,CUST0084,VEND0120,Asset,IAS 16,Asset,IAS 16
31/12/2022,CT498592,152,111,16923476.99,Giao dịch mua bán,Finance,CUST0101,VEND0052,Asset,IAS 16,Asset,IAS 16
31/12/2022,CT037159,152,156,49873381.76,Giao dịch mua bán,Production,CUST0148,VEND0056,Asset,IAS 16,Asset,IAS 16
31/12/2022,CT578315,211,511,30327109.43,Giao dịch mua bán,Finance,CUST0134,VEND0081,Asset,IAS 16,Asset,IAS 16
31/12/2022,CT496576,131,642,37913915.62,Giao dịch mua bán,HR,CUST0060,VEND0018,Asset,IAS 16,Asset,IAS 16
05/03/2024,CT581950,112,511,20723550.86,Giao dịch mua bán,Finance,CUST0103,VEND0141,Asset,IAS 16,Asset,IAS 16
04/07/2024,CT474584,152,632,45650291.12,Giao dịch mua bán,IT,CUST0068,VEND0184,Asset,IAS 16,Asset,IAS 16
13/10/2024,CT971596,211,214,38778569.76,Giao dịch mua bán,HR,CUST0200,VEND0132,Asset,IAS 16,Asset,IAS 16
17/09/2024,CT290305,156,632,39324215.74,Giao dịch mua bán,Production,CUST0066,VEND0148,Asset,IAS 16,Asset,IAS 16
20/03/2024,CT846437,632,156,41098212.41,Giao dịch mua bán,HR,CUST0090,VEND0048,Expense,IAS 1,Expense,IAS 1
03/05/2024,CT954530,152,632,11771432.78,Giao dịch mua bán,Sales,CUST0140,VEND0101,Asset,IAS 16,Asset,IAS 16
02/09/2024,CT082240,331,331,8795478.88,Giao dịch mua bán,Finance,CUST0084,VEND0198,Liability,IAS 37,Liability,IAS 37
27/05/2024,CT229947,632,152,18403296.17,Giao dịch mua bán,IT,CUST0061,VEND0086,Expense,IAS 1,Expense,IAS 1
15/10/2024,CT436987,131,632,2317506.1,Giao dịch mua bán,IT,CUST0016,VEND0080,Asset,IAS 16,Asset,IAS 16
06/02/2024,CT047836,642,632,33448226.6,Giao dịch mua bán,Production,CUST0195,VEND0192,Expense,IAS 1,Expense,IAS 1
29/01/2024,CT439723,131,511,38795898,Giao dịch mua bán,HR,CUST0153,VEND0024,Asset,IAS 16,Asset,IAS 16
03/04/2024,CT525956,112,131,18721155.74,Giao dịch mua bán,HR,CUST0129,VEND0160,Asset,IAS 16,Asset,IAS 16
24/10/2024,CT507294,331,511,7252618.09,Giao dịch mua bán,IT,CUST0087,VEND0074,Liability,IAS 37,Liability,IAS 37
27/10/2024,CT997295,511,331,30063552.81,Giao dịch mua bán,Production,CUST0182,VEND0019,Revenue,IFRS 15,Revenue,IFRS 15
28/07/2024,CT719474,331,331,32805377.36,Giao dịch mua bán,Sales,CUST0126,VEND0197,Liability,IAS 37,Liability,IAS 37
26/01/2024,CT912744,214,152,22459039.1,Giao dịch mua bán,IT,CUST0054,VEND0181,Asset,IAS 16,Asset,IAS 16
21/10/2024,CT721122,632,211,19567386.12,Giao dịch mua bán,IT,CUST0158,VEND0121,Expense,IAS 1,Expense,IAS 1
04/06/2024,CT750890,156,112,3541419.51,Giao dịch mua bán,HR,CUST0115,VEND0164,Asset,IAS 16,Asset,IAS 16
20/04/2024,CT989002,111,214,28777452.87,Giao dịch mua bán,Production,CUST0108,VEND0105,Asset,IAS 16,Asset,IAS 16
25/10/2024,CT085782,211,214,25081488.67,Giao dịch mua bán,Production,CUST0091,VEND0048,Asset,IAS 16,Asset,IAS 16
24/08/2024,CT922708,211,112,43528775.12,Giao dịch mua bán,Sales,CUST0087,VEND0169,Asset,IAS 16,Asset,IAS 16
17/05/2024,CT024889,111,131,30955218.19,Giao dịch mua bán,HR,CUST0015,VEND0141,Asset,IAS 16,Asset,IAS 16
23/10/2024,CT616145,331,131,41196710.02,Giao dịch mua bán,Production,CUST0168,VEND0055,Liability,IAS 37,Liability,IAS 37
20/01/2024,CT187585,131,331,28192291.61,Giao dịch mua bán,HR,CUST0058,VEND0132,Asset,IAS 16,Asset,IAS 16
01/04/2024,CT446003,156,511,25718324.92,Giao dịch mua bán,HR,CUST0196,VEND0075,Asset,IAS 16,Asset,IAS 16
11/06/2024,CT620170,511,112,22591827.35,Giao dịch mua bán,HR,CUST0108,VEND0089,Revenue,IFRS 15,Revenue,IFRS 15
01/11/2024,CT285329,156,111,18003446.37,Giao dịch mua bán,Finance,CUST0185,VEND0028,Asset,IAS 16,Asset,IAS 16
02/03/2024,CT251147,152,211,10403424.02,Giao dịch mua bán,HR,CUST0048,VEND0101,Asset,IAS 16,Asset,IAS 16
18/03/2024,CT562194,111,642,25612999.18đ,Giao dịch mua bán,Production,CUST0003,VEND0139,Asset,IAS 16,Asset,IAS 16
12/05/2024,CT905315,112,152,10278025.52,Giao dịch mua bán,HR,CUST0119,VEND0139,Asset,IAS 16,Asset,IAS 16
25/06/2024,CT639940,156,642,49140086.85,Giao dịch mua bán,Finance,CUST0050,VEND0085,Asset,IAS 16,Asset,IAS 16
08/02/2024,DUPLICATE,214,131,28713679.45,Giao dịch mua bán,Sales,CUST0122,VEND0144,Asset,IAS 16,Asset,IAS 16
04/12/2024,CT344553,111,112,44524415.9,Giao dịch mua bán,Sales,CUST0037,VEND0125,Asset,IAS 16,Asset,IAS 16
11/02/2024,CT486905,112,131,22976163.5,Giao dịch mua bán,Production,CUST0061,VEND0031,Asset,IAS 16,Asset,IAS 16
14/08/2024,CT323912,632,214,9839202.39,Giao dịch mua bán,Sales,CUST0179,VEND0093,Expense,IAS 1,Expense,IAS 1
28/08/2024,CT377227,156,632,46748917.78,Giao dịch mua bán,Finance,CUST0106,VEND0120,Asset,IAS 16,Asset,IAS 16
11/02/2024,CT062622,642,632,6036391.6,Giao dịch mua bán,Sales,CUST0079,VEND0054,Expense,IAS 1,Expense,IAS 1
06/04/2024,CT940748,211,214,12305147.74,Giao dịch mua bán,HR,CUST0194,VEND0195,Asset,IAS 16,Asset,IAS 16
19/05/2024,CT799597,211,331,45409121.36,Giao dịch mua bán,HR,CUST0138,VEND0143,Asset,IAS 16,Asset,IAS 16
13/08/2024,CT559185,632,111,24745069.06,Giao dịch mua bán,Production,CUST0036,VEND0004,Expense,IAS 1,Expense,IAS 1
15/10/2024,CT194846,642,111,47601668.72,Giao dịch mua bán,Production,CUST0052,VEND0083,Expense,IAS 1,Expense,IAS 1
28/09/2024,CT024203,632,111,43601147.51,Giao dịch mua bán,Production,CUST0068,VEND0173,Expense,IAS 1,Expense,IAS 1
30/07/2024,CT849931,214,152,36415239.52,Giao dịch mua bán,IT,CUST0054,VEND0095,Asset,IAS 16,Asset,IAS 16
23/02/2024,CT062955,331,156,31215520.55,Giao dịch mua bán,Production,CUST0117,VEND0029,Liability,IAS 37,Liability,IAS 37
02/12/2024,CT552592,112,214,47573072.13,Giao dịch mua bán,Finance,CUST0055,VEND0128,Asset,IAS 16,Asset,IAS 16
02/04/2024,CT011446,156,642,42221509.33,Giao dịch mua bán,HR,CUST0176,VEND0119,Asset,IAS 16,Asset,IAS 16
20/10/2024,CT686215,152,642,10075652.07,Giao dịch mua bán,Production,CUST0056,VEND0154,Asset,IAS 16,Asset,IAS 16
24/06/2024,CT891762,211,511,47436315.1,Giao dịch mua bán,Production,CUST0134,VEND0105,Asset,IAS 16,Asset,IAS 16
31/07/2024,CT788498,632,642,44482592.75,Giao dịch mua bán,Production,CUST0018,VEND0195,Expense,IAS 1,Expense,IAS 1
03/05/2024,CT648516,112,111,4258937.18,Giao dịch mua bán,HR,CUST0118,VEND0142,Asset,IAS 16,Asset,IAS 16
16/08/2024,CT777864,331,111,34548038.26,Giao dịch mua bán,IT,CUST0086,VEND0098,Liability,IAS 37,Liability,IAS 37
05/03/2024,CT404576,211,152,22984924.81,Giao dịch mua bán,Sales,CUST0128,VEND0076,Asset,IAS 16,Asset,IAS 16
02/12/2024,CT024257,214,112,12666490.2,Giao dịch mua bán,IT,CUST0043,VEND0086,Asset,IAS 16,Asset,IAS 16
26/05/2024,CT958736,511,112,17388581.5,Giao dịch mua bán,HR,CUST0174,VEND0182,Revenue,IFRS 15,Revenue,IFRS 15
14/09/2024,CT094822,152,131,43863126.26,Giao dịch mua bán,Production,CUST0043,VEND0150,Asset,IAS 16,Asset,IAS 16
12/01/2024,CT305631,642,632,18066140.44,Giao dịch mua bán,HR,CUST0189,VEND0141,Expense,IAS 1,Expense,IAS 1
02/10/2024,CT213937,632,111,21081514.51,Giao dịch mua bán,HR,CUST0011,VEND0149,Expense,IAS 1,Expense,IAS 1
19/07/2024,CT080459,331,211,40314863.45,Giao dịch mua bán,HR,CUST0018,VEND0002,Liability,IAS 37,Liability,IAS 37
20/06/2024,CT104045,112,331,34356842.15,Giao dịch mua bán,IT,CUST0021,VEND0098,Asset,IAS 16,Asset,IAS 16
10/08/2024,CT334721,131,632,7341818.12,Giao dịch mua bán,IT,CUST0006,VEND0150,Asset,IAS 16,Asset,IAS 16
07/05/2024,CT197730,111,111,45838722.21,Giao dịch mua bán,Sales,CUST0131,VEND0073,Asset,IAS 16,Asset,IAS 16
26/06/2024,CT233495,111,632,20733448.19,Giao dịch mua bán,IT,CUST0070,VEND0127,Asset,IAS 16,Asset,IAS 16
28/11/2024,CT823458,642,632,31870280.21,Giao dịch mua bán,Production,CUST0040,VEND0186,Expense,IAS 1,Expense,IAS 1
29/10/2024,CT084866,211,131,19588181.89,Giao dịch mua bán,IT,CUST0139,VEND0187,Asset,IAS 16,Asset,IAS 16
27/01/2024,CT989210,152,131,15159693.12,Giao dịch mua bán,HR,CUST0135,VEND0149,Asset,IAS 16,Asset,IAS 16
04/08/2024,CT140988,111,642,47665233.5,Giao dịch mua bán,Production,CUST0010,VEND0112,Asset,IAS 16,Asset,IAS 16
02/08/2024,CT697201,112,152,26526963.49,Giao dịch mua bán,Finance,CUST0143,VEND0087,Asset,IAS 16,Asset,IAS 16
31/03/2024,CT012166,156,156,40057983.9,Giao dịch mua bán,IT,CUST0129,VEND0041,Asset,IAS 16,Asset,IAS 16
23/05/2024,CT608683,111,156,19754884.45,Giao dịch mua bán,IT,CUST0184,VEND0150,Asset,IAS 16,Asset,IAS 16
20/10/2024,CT681312,112,156,29808341.8,Giao dịch mua bán,Finance,CUST0001,VEND0152,Asset,IAS 16,Asset,IAS 16
30/11/2024,CT442869,642,152,49637652.71,Giao dịch mua bán,Production,CUST0159,VEND0116,Expense,IAS 1,Expense,IAS 1
16/01/2024,CT354825,111,156,974624.8,Giao dịch mua bán,Sales,CUST0025,VEND0115,Asset,IAS 16,Asset,IAS 16
04/11/2024,CT212109,642,642,31246424.84,Giao dịch mua bán,HR,CUST0021,VEND0123,Expense,IAS 1,Expense,IAS 1
25/10/2024,CT907246,511,511,41732890.94,Giao dịch mua bán,IT,CUST0021,VEND0012,Revenue,IFRS 15,Revenue,IFRS 15
31/08/2024,CT760640,214,642,46879230.82đ,Giao dịch mua bán,HR,CUST0104,VEND0184,Asset,IAS 16,Asset,IAS 16
09/06/2024,CT841019,511,511,13522176.88đ,Giao dịch mua bán,Sales,CUST0011,VEND0193,Revenue,IFRS 15,Revenue,IFRS 15
15/01/2024,CT044311,112,112,26118534.33,Giao dịch mua bán,Sales,CUST0022,VEND0147,Asset,IAS 16,Asset,IAS 16
12/06/2024,CT689195,511,632,35959548.46,Giao dịch mua bán,HR,CUST0074,VEND0034,Revenue,IFRS 15,Revenue,IFRS 15
06/01/2024,CT909435,642,642,3813726.58,Giao dịch mua bán,Sales,CUST0168,VEND0044,Expense,IAS 1,Expense,IAS 1
07/05/2024,CT527972,511,156,34192092.78,Giao dịch mua bán,HR,CUST0084,VEND0050,Revenue,IFRS 15,Revenue,IFRS 15
13/04/2024,CT238911,131,511,37001131.98,Giao dịch mua bán,Finance,CUST0076,VEND0169,Asset,IAS 16,Asset,IAS 16
19/01/2024,CT315675,511,331,35411772.93,Giao dịch mua bán,Sales,CUST0016,VEND0132,Revenue,IFRS 15,Revenue,IFRS 15
28/06/2024,CT574305,152,211,20483153.19,Giao dịch mua bán,Sales,CUST0004,VEND0127,Asset,IAS 16,Asset,IAS 16
06/06/2024,CT727679,111,156,8785760.74,Giao dịch mua bán,HR,CUST0089,VEND0030,Asset,IAS 16,Asset,IAS 16
15/04/2024,CT437269,111,632,35586890.21,Giao dịch mua bán,HR,CUST0198,VEND0054,Asset,IAS 16,Asset,IAS 16
21/01/2024,CT352862,131,152,33925844.39,Giao dịch mua bán,Sales,CUST0006,VEND0007,Asset,IAS 16,Asset,IAS 16
08/03/2024,CT185408,211,156,37196095.32,Giao dịch mua bán,Finance,CUST0130,VEND0140,Asset,IAS 16,Asset,IAS 16
14/09/2024,CT206995,112,331,6280856.57,Giao dịch mua bán,HR,CUST0175,VEND0107,Asset,IAS 16,Asset,IAS 16
16/06/2024,CT193733,211,156,46927965.8,Giao dịch mua bán,IT,CUST0077,VEND0023,Asset,IAS 16,Asset,IAS 16
20/03/2024,CT339772,214,211,1882915.44,Giao dịch mua bán,Production,CUST0043,VEND0037,Asset,IAS 16,Asset,IAS 16
19/11/2024,CT175759,152,112,12681840.57,Giao dịch mua bán,IT,CUST0084,VEND0026,Asset,IAS 16,Asset,IAS 16
03/06/2024,CT470770,131,331,1011880.31,Giao dịch mua bán,Sales,CUST0011,VEND0159,Asset,IAS 16,Asset,IAS 16
27/03/2024,CT775909,211,152,46775110.28,Giao dịch mua bán,HR,CUST0111,VEND0169,Asset,IAS 16,Asset,IAS 16
22/01/2024,CT651784,111,211,41201019.03,Giao dịch mua bán,Finance,CUST0184,VEND0063,Asset,IAS 16,Asset,IAS 16
14/02/2024,CT293895,642,131,40532047.8,Giao dịch mua bán,IT,CUST0090,VEND0058,Expense,IAS 1,Expense,IAS 1
09/11/2024,CT317068,211,152,38959427.94,Giao dịch mua bán,Sales,CUST0162,VEND0131,Asset,IAS 16,Asset,IAS 16
24/05/2024,CT485015,111,131,27288908.83,Giao dịch mua bán,IT,CUST0190,VEND0009,Asset,IAS 16,Asset,IAS 16
31/08/2024,CT754671,632,511,47490892.66,Giao dịch mua bán,Sales,CUST0066,VEND0065,Expense,IAS 1,Expense,IAS 1
29/12/2024,CT490603,632,331,14692505.73,Giao dịch mua bán,Sales,CUST0061,VEND0053,Expense,IAS 1,Expense,IAS 1
13/09/2024,CT188141,131,642,32552815.21,Giao dịch mua bán,IT,CUST0043,VEND0188,Asset,IAS 16,Asset,IAS 16
12/04/2024,CT653832,642,112,2615224.09,Giao dịch mua bán,Production,CUST0062,VEND0056,Expense,IAS 1,Expense,IAS 1
09/03/2024,CT833163,642,642,7052435.76,Giao dịch mua bán,Production,CUST0060,VEND0117,Expense,IAS 1,Expense,IAS 1
08/05/2024,CT463580,152,131,5393505.36,Giao dịch mua bán,Sales,CUST0140,VEND0149,Asset,IAS 16,Asset,IAS 16
24/07/2024,CT763107,511,152,46681513.66,Giao dịch mua bán,Production,CUST0081,VEND0039,Revenue,IFRS 15,Revenue,IFRS 15
20/05/2024,CT459838,632,111,26901280.47,Giao dịch mua bán,HR,CUST0086,VEND0112,Expense,IAS 1,Expense,IAS 1
13/11/2024,CT567770,131,152,28794169.68,Giao dịch mua bán,Sales,CUST0177,VEND0125,Asset,IAS 16,Asset,IAS 16
12/08/2024,CT134826,111,152,29145780.35,Giao dịch mua bán,Sales,CUST0043,VEND0196,Asset,IAS 16,Asset,IAS 16
02/11/2024,CT303857,211,642,26934964.22,Giao dịch mua bán,Finance,CUST0131,VEND0009,Asset,IAS 16,Asset,IAS 16
16/02/2024,CT612037,632,211,25272125.44,Giao dịch mua bán,IT,CUST0134,VEND0079,Expense,IAS 1,Expense,IAS 1
28/01/2024,CT598972,331,112,3332453.25,Giao dịch mua bán,HR,CUST0193,VEND0053,Liability,IAS 37,Liability,IAS 37
19/04/2024,CT230681,331,112,10602453.19,Giao dịch mua bán,Production,CUST0176,VEND0176,Liability,IAS 37,Liability,IAS 37
08/08/2024,CT536509,111,211,13522814.39,Giao dịch mua bán,HR,CUST0107,VEND0040,Asset,IAS 16,Asset,IAS 16
29/08/2024,CT773014,131,156,5906459.84,Giao dịch mua bán,Production,CUST0050,VEND0133,Asset,IAS 16,Asset,IAS 16
18/04/2024,CT582339,642,111,43643144.05,Giao dịch mua bán,Finance,CUST0038,VEND0095,Expense,IAS 1,Expense,IAS 1
07/03/2024,CT783462,511,642,26775125.82,Giao dịch mua bán,Finance,CUST0175,VEND0158,Revenue,IFRS 15,Revenue,IFRS 15
26/07/2024,CT808916,632,111,39394082.4,Giao dịch mua bán,Sales,CUST0032,VEND0079,Expense,IAS 1,Expense,IAS 1
06/04/2024,CT483665,112,331,28806390.63,Giao dịch mua bán,IT,CUST0127,VEND0039,Asset,IAS 16,Asset,IAS 16
13/11/2024,CT259549,642,214,48871366.67,Giao dịch mua bán,Finance,CUST0133,VEND0011,Expense,IAS 1,Expense,IAS 1
23/03/2024,CT027596,131,156,36723069.73,Giao dịch mua bán,HR,CUST0194,VEND0085,Asset,IAS 16,Asset,IAS 16
25/09/2024,CT026186,331,214,16353420.31,Giao dịch mua bán,IT,CUST0187,VEND0171,Liability,IAS 37,Liability,IAS 37
28/01/2024,CT070268,152,331,22384224.66,Giao dịch mua bán,Production,CUST0175,VEND0079,Asset,IAS 16,Asset,IAS 16
17/08/2024,CT489405,214,152,33984706.59,Giao dịch mua bán,Production,CUST0040,VEND0039,Asset,IAS 16,Asset,IAS 16
15/11/2024,CT281788,511,152,38305000.56,Giao dịch mua bán,Finance,CUST0158,VEND0159,Revenue,IFRS 15,Revenue,IFRS 15
20/10/2024,CT994340,211,211,41843496.11,Giao dịch mua bán,HR,CUST0043,VEND0012,Asset,IAS 16,Asset,IAS 16
21/05/2024,CT565880,112,131,8418503.93,Giao dịch mua bán,Finance,CUST0095,VEND0104,Asset,IAS 16,Asset,IAS 16
23/04/2024,CT928697,214,511,32364975.24,Giao dịch mua bán,IT,CUST0012,VEND0115,Asset,IAS 16,Asset,IAS 16
13/06/2024,CT028065,214,131,16315866.64,Giao dịch mua bán,HR,CUST0192,VEND0126,Asset,IAS 16,Asset,IAS 16
23/04/2024,CT088669,111,112,39104732.09,Giao dịch mua bán,Production,CUST0156,VEND0002,Asset,IAS 16,Asset,IAS 16
16/08/2024,CT510339,331,152,4592431.61,Giao dịch mua bán,Finance,CUST0153,VEND0015,Liability,IAS 37,Liability,IAS 37
02/02/2024,CT979103,131,642,4777968.67,Giao dịch mua bán,HR,CUST0185,VEND0121,Asset,IAS 16,Asset,IAS 16
20/08/2024,CT280186,152,156,27490772.76,Giao dịch mua bán,Finance,CUST0105,VEND0097,Asset,IAS 16,Asset,IAS 16
21/01/2024,CT774539,152,152,42915558.6,Giao dịch mua bán,Production,CUST0200,VEND0048,Asset,IAS 16,Asset,IAS 16
04/06/2024,CT230454,331,131,36810966.44,Giao dịch mua bán,Sales,CUST0198,VEND0183,Liability,IAS 37,Liability,IAS 37
06/11/2024,CT259913,211,112,44322528.6,Giao dịch mua bán,IT,CUST0113,VEND0066,Asset,IAS 16,Asset,IAS 16
05/12/2024,CT551061,156,214,42500404.61,Giao dịch mua bán,Finance,CUST0167,VEND0149,Asset,IAS 16,Asset,IAS 16
22/10/2024,CT970236,214,214,18745785.38,Giao dịch mua bán,IT,CUST0019,VEND0019,Asset,IAS 16,Asset,IAS 16
22/09/2024,CT575446,111,331,23208441.63,Giao dịch mua bán,Sales,CUST0103,VEND0038,Asset,IAS 16,Asset,IAS 16
24/10/2024,CT298693,214,112,39464833.48,Giao dịch mua bán,Finance,CUST0019,VEND0012,Asset,IAS 16,Asset,IAS 16
06/12/2024,CT392338,111,211,243785.73,Giao dịch mua bán,Finance,CUST0012,VEND0037,Asset,IAS 16,Asset,IAS 16
28/01/2024,CT806934,331,642,24053829.18,Giao dịch mua bán,HR,CUST0088,VEND0097,Liability,IAS 37,Liability,IAS 37
25/04/2024,CT629927,131,112,43308425.07,Giao dịch mua bán,Finance,CUST0037,VEND0111,Asset,IAS 16,Asset,IAS 16
10/08/2024,CT959219,632,152,39982353.51,Giao dịch mua bán,IT,CUST0055,VEND0124,Expense,IAS 1,Expense,IAS 1
05/08/2024,CT637320,112,156,35462493.74,Giao dịch mua bán,HR,CUST0070,VEND0116,Asset,IAS 16,Asset,IAS 16
06/08/2024,CT300888,112,642,14449555.76,Giao dịch mua bán,HR,CUST0071,VEND0155,Asset,IAS 16,Asset,IAS 16
19/10/2024,CT724532,111,511,48619702.7,Giao dịch mua bán,Finance,CUST0113,VEND0059,Asset,IAS 16,Asset,IAS 16
16/07/2024,CT141195,211,511,43026675.73,Giao dịch mua bán,IT,CUST0080,VEND0117,Asset,IAS 16,Asset,IAS 16
27/02/2024,CT052245,214,131,9826594.49,Giao dịch mua bán,IT,CUST0188,VEND0076,Asset,IAS 16,Asset,IAS 16
30/12/2024,CT180651,642,331,14768959.24,Giao dịch mua bán,IT,CUST0087,VEND0051,Expense,IAS 1,Expense,IAS 1
02/04/2024,CT085042,112,211,11038592.88,Giao dịch mua bán,Production,CUST0166,VEND0094,Asset,IAS 16,Asset,IAS 16
05/06/2024,CT794882,111,511,11401105.64,Giao dịch mua bán,IT,CUST0097,VEND0194,Asset,IAS 16,Asset,IAS 16
07/01/2024,CT466131,642,111,29984757.17,Giao dịch mua bán,IT,CUST0051,VEND0069,Expense,IAS 1,Expense,IAS 1
28/08/2024,CT024887,111,111,12931937.58,Giao dịch mua bán,HR,CUST0168,VEND0165,Asset,IAS 16,Asset,IAS 16
29/08/2024,CT061147,511,331,29770562.47,Giao dịch mua bán,Finance,CUST0187,VEND0128,Revenue,IFRS 15,Revenue,IFRS 15
24/09/2024,CT353150,211,156,23271455.97,Giao dịch mua bán,HR,CUST0190,VEND0125,Asset,IAS 16,Asset,IAS 16
29/07/2024,CT869937,112,211,35237367.36,Giao dịch mua bán,Finance,CUST0106,VEND0015,Asset,IAS 16,Asset,IAS 16
29/03/2024,CT303563,331,331,30502152.11,Giao dịch mua bán,Finance,CUST0046,VEND0118,Liability,IAS 37,Liability,IAS 37
28/11/2024,CT172009,331,112,12355377.87,Giao dịch mua bán,Sales,CUST0029,VEND0151,Liability,IAS 37,Liability,IAS 37
03/09/2024,CT091430,214,111,9559624.49đ,Giao dịch mua bán,IT,CUST0174,VEND0095,Asset,IAS 16,Asset,IAS 16
12/02/2024,CT412863,331,211,1342868.47,Giao dịch mua bán,Production,CUST0031,VEND0188,Liability,IAS 37,Liability,IAS 37
31/01/2024,CT099513,632,111,35289365.26,Giao dịch mua bán,Sales,CUST0079,VEND0001,Expense,IAS 1,Expense,IAS 1
27/04/2024,CT315852,152,131,786706.49,Giao dịch mua bán,Production,CUST0189,VEND0143,Asset,IAS 16,Asset,IAS 16
17/10/2024,CT499693,642,642,5000367.11,Giao dịch mua bán,Finance,CUST0050,VEND0085,Expense,IAS 1,Expense,IAS 1
01/12/2024,CT035524,214,214,551707.05,Giao dịch mua bán,Finance,CUST0070,VEND0009,Asset,IAS 16,Asset,IAS 16
18/11/2024,CT833414,632,112,299893.54,Giao dịch mua bán,Finance,CUST0101,VEND0178,Expense,IAS 1,Expense,IAS 1
09/03/2024,CT978248,632,331,3920695.27,Giao dịch mua bán,IT,CUST0012,VEND0199,Expense,IAS 1,Expense,IAS 1
13/11/2024,CT638435,211,331,31817030.35,Giao dịch mua bán,Finance,CUST0114,VEND0171,Asset,IAS 16,Asset,IAS 16
10/09/2024,CT170421,156,111,11335700.98,Giao dịch mua bán,Production,CUST0070,VEND0096,Asset,IAS 16,Asset,IAS 16
06/05/2024,CT681984,331,156,35456764.66,Giao dịch mua bán,HR,CUST0146,VEND0099,Liability,IAS 37,Liability,IAS 37
31/01/2024,CT324557,214,511,24131397.07,Giao dịch mua bán,HR,CUST0012,VEND0108,Asset,IAS 16,Asset,IAS 16
30/08/2024,CT700395,211,111,25118604.08,Giao dịch mua bán,Production,CUST0029,VEND0191,Asset,IAS 16,Asset,IAS 16
24/09/2024,CT751903,152,112,10095482.95,Giao dịch mua bán,HR,CUST0082,VEND0003,Asset,IAS 16,Asset,IAS 16
08/03/2024,CT256216,211,112,22457962.23,Giao dịch mua bán,IT,CUST0006,VEND0076,Asset,IAS 16,Asset,IAS 16
26/01/2024,CT251815,511,632,34698269.56đ,Giao dịch mua bán,Production,CUST0048,VEND0063,Revenue,IFRS 15,Revenue,IFRS 15
25/02/2024,CT554669,112,214,22137125.7,Giao dịch mua bán,IT,CUST0009,VEND0092,Asset,IAS 16,Asset,IAS 16
08/02/2024,CT374755,156,211,46192836.98,Giao dịch mua bán,IT,CUST0070,VEND0121,Asset,IAS 16,Asset,IAS 16
06/05/2024,CT838994,156,156,19368798.59,Giao dịch mua bán,Sales,CUST0035,VEND0171,Asset,IAS 16,Asset,IAS 16
17/05/2024,CT030985,331,211,34740987.75,Giao dịch mua bán,IT,CUST0055,VEND0153,Liability,IAS 37,Liability,IAS 37
28/01/2024,CT182441,112,632,7706799.89,Giao dịch mua bán,Sales,CUST0003,VEND0081,Asset,IAS 16,Asset,IAS 16
13/08/2024,CT799490,211,214,10810352.08đ,Giao dịch mua bán,Sales,CUST0024,VEND0096,Asset,IAS 16,Asset,IAS 16
14/12/2024,CT488118,331,152,43031721.17,Giao dịch mua bán,Sales,CUST0054,VEND0030,Liability,IAS 37,Liability,IAS 37
26/12/2024,CT989194,131,632,46754757.16,Giao dịch mua bán,Finance,CUST0018,VEND0100,Asset,IAS 16,Asset,IAS 16
04/06/2024,CT306314,511,111,21584291.66,Giao dịch mua bán,HR,CUST0103,VEND0108,Revenue,IFRS 15,Revenue,IFRS 15
28/01/2024,CT777995,111,156,13275140.02,Giao dịch mua bán,IT,CUST0188,VEND0146,Asset,IAS 16,Asset,IAS 16
07/09/2024,CT657146,642,111,37443733.09,Giao dịch mua bán,HR,CUST0150,VEND0168,Expense,IAS 1,Expense,IAS 1
08/05/2024,DUPLICATE,642,112,18537607.16,Giao dịch mua bán,HR,CUST0139,VEND0062,Expense,IAS 1,Expense,IAS 1
07/09/2024,CT484293,211,111,38664319.22,Giao dịch mua bán,HR,CUST0173,VEND0042,Asset,IAS 16,Asset,IAS 16
11/11/2024,CT331394,152,211,2739708.43,Giao dịch mua bán,Sales,CUST0071,VEND0101,Asset,IAS 16,Asset,IAS 16
06/04/2024,CT472055,511,214,13748043.74,Giao dịch mua bán,Sales,CUST0054,VEND0182,Revenue,IFRS 15,Revenue,IFRS 15
17/04/2024,CT435150,131,214,15354439.86,Giao dịch mua bán,IT,CUST0151,VEND0178,Asset,IAS 16,Asset,IAS 16
13/02/2024,CT773446,131,211,47734863.66,Giao dịch mua bán,Sales,CUST0182,VEND0014,Asset,IAS 16,Asset,IAS 16
26/06/2024,CT510507,331,642,20348932.37,Giao dịch mua bán,HR,CUST0103,VEND0117,Liability,IAS 37,Liability,IAS 37
05/04/2024,CT361340,131,511,44653841.15,Giao dịch mua bán,IT,CUST0187,VEND0086,Asset,IAS 16,Asset,IAS 16
12/08/2024,CT985110,331,642,39460680.6,Giao dịch mua bán,Production,CUST0024,VEND0123,Liability,IAS 37,Liability,IAS 37
01/11/2024,CT175864,331,156,5987337.24,Giao dịch mua bán,Production,CUST0014,VEND0071,Liability,IAS 37,Liability,IAS 37
22/06/2024,CT323896,214,152,17845527.28,Giao dịch mua bán,HR,CUST0114,VEND0002,Asset,IAS 16,Asset,IAS 16
23/11/2024,CT910213,131,511,37983799.62,Giao dịch mua bán,Production,CUST0071,VEND0185,Asset,IAS 16,Asset,IAS 16
29/04/2024,CT050652,214,642,4498823.24,Giao dịch mua bán,Sales,CUST0122,VEND0196,Asset,IAS 16,Asset,IAS 16
21/03/2024,CT329453,152,642,39912120.14,Giao dịch mua bán,IT,CUST0133,VEND0188,Asset,IAS 16,Asset,IAS 16
18/02/2024,CT286391,112,131,7285324.32,Giao dịch mua bán,HR,CUST0104,VEND0105,Asset,IAS 16,Asset,IAS 16
19/09/2024,CT320080,152,214,17955911.17,Giao dịch mua bán,Production,CUST0009,VEND0174,Asset,IAS 16,Asset,IAS 16
22/06/2024,CT884939,214,111,4647061.83,Giao dịch mua bán,HR,CUST0152,VEND0135,Asset,IAS 16,Asset,IAS 16
30/08/2024,CT256205,511,632,1506798.09,Giao dịch mua bán,IT,CUST0039,VEND0012,Revenue,IFRS 15,Revenue,IFRS 15
03/08/2024,CT994832,211,211,12578414.67,Giao dịch mua bán,Finance,CUST0194,VEND0012,Asset,IAS 16,Asset,IAS 16
26/03/2024,CT163010,511,112,2029564.58,Giao dịch mua bán,HR,CUST0154,VEND0140,Revenue,IFRS 15,Revenue,IFRS 15
26/08/2024,CT167861,152,111,6713373.23,Giao dịch mua bán,Production,CUST0155,VEND0176,Asset,IAS 16,Asset,IAS 16
01/08/2024,CT598600,632,642,29347684.33,Giao dịch mua bán,IT,CUST0163,VEND0109,Expense,IAS 1,Expense,IAS 1
01/05/2024,CT571274,511,131,15537744.04,Giao dịch mua bán,Sales,CUST0042,VEND0048,Revenue,IFRS 15,Revenue,IFRS 15
23/11/2024,CT445863,131,112,48608598.17,Giao dịch mua bán,Production,CUST0103,VEND0199,Asset,IAS 16,Asset,IAS 16
04/02/2024,CT076087,111,511,2618117.14,Giao dịch mua bán,Finance,CUST0031,VEND0145,Asset,IAS 16,Asset,IAS 16
09/10/2024,CT830767,152,111,20038763.06,Giao dịch mua bán,HR,CUST0017,VEND0161,Asset,IAS 16,Asset,IAS 16
10/04/2024,CT341656,642,152,1149758.32,Giao dịch mua bán,IT,CUST0042,VEND0036,Expense,IAS 1,Expense,IAS 1
06/12/2024,CT061347,156,642,22814404.33,Giao dịch mua bán,Finance,CUST0002,VEND0058,Asset,IAS 16,Asset,IAS 16
16/08/2024,CT277342,331,211,35243963.84,Giao dịch mua bán,Sales,CUST0187,VEND0068,Liability,IAS 37,Liability,IAS 37
12/06/2024,CT287604,156,156,30961181.31,Giao dịch mua bán,Production,CUST0007,VEND0044,Asset,IAS 16,Asset,IAS 16
04/08/2024,CT670419,331,214,11207898.91,Giao dịch mua bán,IT,CUST0045,VEND0106,Liability,IAS 37,Liability,IAS 37
17/12/2024,CT095882,111,214,23049924.76,Giao dịch mua bán,Finance,CUST0158,VEND0179,Asset,IAS 16,Asset,IAS 16
23/04/2024,CT907755,511,642,3885601.6,Giao dịch mua bán,HR,CUST0143,VEND0098,Revenue,IFRS 15,Revenue,IFRS 15
24/06/2024,CT609042,152,632,10774890.73,Giao dịch mua bán,IT,CUST0020,VEND0146,Asset,IAS 16,Asset,IAS 16
24/12/2024,CT940694,112,214,20746920.82,Giao dịch mua bán,HR,CUST0087,VEND0169,Asset,IAS 16,Asset,IAS 16
01/03/2024,CT578719,632,111,23515062.84,Giao dịch mua bán,Finance,CUST0001,VEND0124,Expense,IAS 1,Expense,IAS 1
26/11/2024,CT068228,211,112,28651293.46,Giao dịch mua bán,Sales,CUST0156,VEND0091,Asset,IAS 16,Asset,IAS 16
31/01/2024,CT967589,111,111,11952937.14,Giao dịch mua bán,IT,CUST0150,VEND0028,Asset,IAS 16,Asset,IAS 16
11/11/2024,CT309440,112,112,35918626.18,Giao dịch mua bán,HR,CUST0166,VEND0190,Asset,IAS 16,Asset,IAS 16
21/01/2024,CT508597,112,112,29149648.43,Giao dịch mua bán,Sales,CUST0084,VEND0199,Asset,IAS 16,Asset,IAS 16
01/12/2024,CT900808,511,642,14022219.42,Giao dịch mua bán,IT,CUST0035,VEND0020,Revenue,IFRS 15,Revenue,IFRS 15
18/07/2024,CT156361,511,111,41895677.66,Giao dịch mua bán,Sales,CUST0082,VEND0110,Revenue,IFRS 15,Revenue,IFRS 15
07/08/2024,CT951435,152,642,48689174.19,Giao dịch mua bán,Sales,CUST0135,VEND0086,Asset,IAS 16,Asset,IAS 16
10/11/2024,CT036341,112,152,4633095.61,Giao dịch mua bán,HR,CUST0148,VEND0076,Asset,IAS 16,Asset,IAS 16
05/08/2024,CT985421,211,111,39153260.27,Giao dịch mua bán,Sales,CUST0020,VEND0084,Asset,IAS 16,Asset,IAS 16
19/04/2024,CT957945,511,642,41353629.04,Giao dịch mua bán,IT,CUST0126,VEND0179,Revenue,IFRS 15,Revenue,IFRS 15
05/02/2024,CT566140,331,111,8548569.25,Giao dịch mua bán,Finance,CUST0016,VEND0033,Liability,IAS 37,Liability,IAS 37
22/10/2024,CT743282,111,331,18456027.83,Giao dịch mua bán,Sales,CUST0139,VEND0068,Asset,IAS 16,Asset,IAS 16
24/01/2024,CT612861,214,642,44203208.43,Giao dịch mua bán,Finance,CUST0158,VEND0023,Asset,IAS 16,Asset,IAS 16
14/08/2024,CT472706,214,131,31681171.53,Giao dịch mua bán,IT,CUST0073,VEND0060,Asset,IAS 16,Asset,IAS 16
22/11/2024,CT126299,331,642,34576041.77,Giao dịch mua bán,HR,CUST0084,VEND0111,Liability,IAS 37,Liability,IAS 37
08/07/2024,CT451732,642,111,23951217.23,Giao dịch mua bán,Sales,CUST0179,VEND0055,Expense,IAS 1,Expense,IAS 1
24/09/2024,CT496541,111,511,48162894.03,Giao dịch mua bán,Finance,CUST0069,VEND0120,Asset,IAS 16,Asset,IAS 16
22/07/2024,CT422431,214,152,39628756.77,Giao dịch mua bán,IT,CUST0115,VEND0040,Asset,IAS 16,Asset,IAS 16
18/10/2024,CT813287,214,331,21286488.49,Giao dịch mua bán,HR,CUST0161,VEND0017,Asset,IAS 16,Asset,IAS 16
08/04/2024,CT220546,112,214,42439753.72đ,Giao dịch mua bán,HR,CUST0181,VEND0102,Asset,IAS 16,Asset,IAS 16
07/03/2024,CT537866,214,511,30429735.5,Giao dịch mua bán,Sales,CUST0093,VEND0069,Asset,IAS 16,Asset,IAS 16
18/09/2024,CT861896,111,214,41584804.2,Giao dịch mua bán,Finance,CUST0162,VEND0171,Asset,IAS 16,Asset,IAS 16
19/02/2024,CT115211,214,642,32076150.04,Giao dịch mua bán,IT,CUST0150,VEND0057,Asset,IAS 16,Asset,IAS 16
10/11/2024,CT273427,642,642,31065565.98,Giao dịch mua bán,HR,CUST0169,VEND0030,Expense,IAS 1,Expense,IAS 1
15/05/2024,CT288116,642,331,43696664.39,Giao dịch mua bán,Sales,CUST0026,VEND0173,Expense,IAS 1,Expense,IAS 1
31/03/2024,CT713092,152,131,37833910.28,Giao dịch mua bán,Sales,CUST0024,VEND0122,Asset,IAS 16,Asset,IAS 16
27/10/2024,CT887618,111,642,46144351.61,Giao dịch mua bán,Finance,CUST0120,VEND0070,Asset,IAS 16,Asset,IAS 16
29/09/2024,CT084838,111,156,43930203.94,Giao dịch mua bán,Sales,CUST0116,VEND0031,Asset,IAS 16,Asset,IAS 16
03/11/2024,CT728085,214,511,9094767.03,Giao dịch mua bán,IT,CUST0123,VEND0156,Asset,IAS 16,Asset,IAS 16
29/07/2024,CT351705,152,112,14044521.77,Giao dịch mua bán,Sales,CUST0166,VEND0191,Asset,IAS 16,Asset,IAS 16
17/10/2024,CT690237,214,131,3418808.34,Giao dịch mua bán,IT,CUST0096,VEND0183,Asset,IAS 16,Asset,IAS 16
20/03/2024,CT912543,632,211,1228895.98,Giao dịch mua bán,Sales,CUST0033,VEND0159,Expense,IAS 1,Expense,IAS 1
02/01/2024,CT648111,131,112,33807674.89,Giao dịch mua bán,Finance,CUST0089,VEND0101,Asset,IAS 16,Asset,IAS 16
05/04/2024,CT056910,156,131,45531180.04,Giao dịch mua bán,Sales,CUST0195,VEND0102,Asset,IAS 16,Asset,IAS 16
29/05/2024,CT575090,152,156,33332089.37,Giao dịch mua bán,Finance,CUST0028,VEND0157,Asset,IAS 16,Asset,IAS 16
12/01/2024,CT182906,632,331,18693894.69,Giao dịch mua bán,Finance,CUST0138,VEND0060,Expense,IAS 1,Expense,IAS 1
27/05/2024,CT489810,152,131,19185096.67,Giao dịch mua bán,HR,CUST0125,VEND0100,Asset,IAS 16,Asset,IAS 16
11/01/2024,CT612330,211,642,28565865.06,Giao dịch mua bán,IT,CUST0179,VEND0158,Asset,IAS 16,Asset,IAS 16
28/04/2024,CT510495,131,152,5423671.7,Giao dịch mua bán,Finance,CUST0143,VEND0174,Asset,IAS 16,Asset,IAS 16
12/03/2024,CT619335,511,111,26196694.97,Giao dịch mua bán,IT,CUST0169,VEND0176,Revenue,IFRS 15,Revenue,IFRS 15
12/12/2024,CT517264,214,632,42090809.22,Giao dịch mua bán,IT,CUST0181,VEND0034,Asset,IAS 16,Asset,IAS 16
30/06/2024,CT986725,331,642,27946147.88,Giao dịch mua bán,Finance,CUST0125,VEND0073,Liability,IAS 37,Liability,IAS 37
28/04/2024,CT110505,632,131,18518296.72,Giao dịch mua bán,Finance,CUST0138,VEND0122,Expense,IAS 1,Expense,IAS 1
03/11/2024,CT954556,214,156,34056900.28,Giao dịch mua bán,IT,CUST0169,VEND0052,Asset,IAS 16,Asset,IAS 16
23/01/2024,CT725053,211,211,18197173.64,Giao dịch mua bán,IT,CUST0182,VEND0045,Asset,IAS 16,Asset,IAS 16
24/01/2024,CT985611,131,331,450620.43,Giao dịch mua bán,Production,CUST0023,VEND0177,Asset,IAS 16,Asset,IAS 16
29/05/2024,CT221853,331,211,34545900.22,Giao dịch mua bán,IT,CUST0008,VEND0021,Liability,IAS 37,Liability,IAS 37
23/11/2024,CT390103,211,112,47693802.51,Giao dịch mua bán,Production,CUST0110,VEND0150,Asset,IAS 16,Asset,IAS 16
26/01/2024,CT781615,511,111,46916001.79,Giao dịch mua bán,Production,CUST0009,VEND0150,Revenue,IFRS 15,Revenue,IFRS 15
01/03/2024,CT828570,214,632,37571728.2,Giao dịch mua bán,Sales,CUST0121,VEND0200,Asset,IAS 16,Asset,IAS 16
02/06/2024,CT499883,331,511,41703296.07,Giao dịch mua bán,IT,CUST0070,VEND0153,Liability,IAS 37,Liability,IAS 37
13/09/2024,CT392208,331,211,9622301.13,Giao dịch mua bán,IT,CUST0185,VEND0084,Liability,IAS 37,Liability,IAS 37
26/05/2024,CT345652,331,214,22376407.17,Giao dịch mua bán,HR,CUST0198,VEND0172,Liability,IAS 37,Liability,IAS 37
19/04/2024,CT684108,156,642,365389.77,Giao dịch mua bán,HR,CUST0131,VEND0094,Asset,IAS 16,Asset,IAS 16
24/07/2024,CT928231,331,211,41562953.08,Giao dịch mua bán,Production,CUST0039,VEND0042,Liability,IAS 37,Liability,IAS 37
11/11/2024,CT539143,152,111,1200107.18,Giao dịch mua bán,Sales,CUST0080,VEND0085,Asset,IAS 16,Asset,IAS 16
14/03/2024,CT780938,156,112,4102986.29,Giao dịch mua bán,Production,CUST0118,VEND0041,Asset,IAS 16,Asset,IAS 16
08/06/2024,CT450729,632,632,25328307.16,Giao dịch mua bán,Production,CUST0148,VEND0005,Expense,IAS 1,Expense,IAS 1
14/01/2024,CT284803,642,331,37167876.92,Giao dịch mua bán,Production,CUST0184,VEND0195,Expense,IAS 1,Expense,IAS 1
30/07/2024,CT335510,131,214,33864943.6,Giao dịch mua bán,Finance,CUST0161,VEND0041,Asset,IAS 16,Asset,IAS 16
10/10/2024,CT234389,214,211,24664315.6,Giao dịch mua bán,Finance,CUST0079,VEND0042,Asset,IAS 16,Asset,IAS 16
19/03/2024,CT600214,511,111,3192431.41,Giao dịch mua bán,Sales,CUST0176,VEND0144,Revenue,IFRS 15,Revenue,IFRS 15
22/02/2024,CT069533,211,112,15418469.72,Giao dịch mua bán,IT,CUST0059,VEND0118,Asset,IAS 16,Asset,IAS 16
07/05/2024,CT357499,111,156,35212901.26,Giao dịch mua bán,HR,CUST0083,VEND0139,Asset,IAS 16,Asset,IAS 16
19/01/2024,CT758002,211,152,45751929.13,Giao dịch mua bán,Production,CUST0186,VEND0168,Asset,IAS 16,Asset,IAS 16
07/07/2024,CT189834,632,156,27086805.39đ,Giao dịch mua bán,Sales,CUST0062,VEND0111,Expense,IAS 1,Expense,IAS 1
04/05/2024,CT421669,111,111,26453642.49,Giao dịch mua bán,HR,CUST0137,VEND0015,Asset,IAS 16,Asset,IAS 16
02/08/2024,CT084064,632,214,15055144.7,Giao dịch mua bán,HR,CUST0185,VEND0160,Expense,IAS 1,Expense,IAS 1
23/10/2024,CT452518,156,511,4719958.15đ,Giao dịch mua bán,Finance,CUST0189,VEND0079,Asset,IAS 16,Asset,IAS 16
22/07/2024,CT346324,156,214,21822663.33,Giao dịch mua bán,Production,CUST0003,VEND0099,Asset,IAS 16,Asset,IAS 16
06/09/2024,CT942256,214,111,9570624.27,Giao dịch mua bán,Finance,CUST0192,VEND0038,Asset,IAS 16,Asset,IAS 16
19/09/2024,CT750258,214,642,22075797.21,Giao dịch mua bán,HR,CUST0067,VEND0165,Asset,IAS 16,Asset,IAS 16
04/05/2024,CT672225,156,112,10281349.17,Giao dịch mua bán,Finance,CUST0005,VEND0055,Asset,IAS 16,Asset,IAS 16
13/06/2024,CT533034,112,214,20634016.26,Giao dịch mua bán,HR,CUST0045,VEND0083,Asset,IAS 16,Asset,IAS 16
18/12/2024,CT423154,152,111,47638150.36,Giao dịch mua bán,Production,CUST0040,VEND0184,Asset,IAS 16,Asset,IAS 16
30/01/2024,CT496722,632,131,26092636.38,Giao dịch mua bán,Finance,CUST0009,VEND0133,Expense,IAS 1,Expense,IAS 1
19/03/2024,CT863717,131,152,12925373.28,Giao dịch mua bán,HR,CUST0061,VEND0167,Asset,IAS 16,Asset,IAS 16
10/01/2024,CT454863,331,214,6862231,Giao dịch mua bán,IT,CUST0061,VEND0188,Liability,IAS 37,Liability,IAS 37
02/10/2024,CT680502,211,632,854667.43,Giao dịch mua bán,IT,CUST0054,VEND0076,Asset,IAS 16,Asset,IAS 16
27/10/2024,CT068076,632,131,8706915.55,Giao dịch mua bán,IT,CUST0112,VEND0039,Expense,IAS 1,Expense,IAS 1
16/08/2024,CT071079,632,111,40815135.3,Giao dịch mua bán,Production,CUST0165,VEND0002,Expense,IAS 1,Expense,IAS 1
14/07/2024,CT120352,112,152,28093169.35,Giao dịch mua bán,Finance,CUST0185,VEND0153,Asset,IAS 16,Asset,IAS 16
19/11/2024,CT098717,211,111,3509317.82,Giao dịch mua bán,HR,CUST0059,VEND0054,Asset,IAS 16,Asset,IAS 16
16/12/2024,CT198679,632,211,21241011.72,Giao dịch mua bán,Production,CUST0002,VEND0106,Expense,IAS 1,Expense,IAS 1
03/10/2024,CT655648,131,111,15592921.54,Giao dịch mua bán,IT,CUST0175,VEND0162,Asset,IAS 16,Asset,IAS 16
11/06/2024,CT585043,511,156,43025425.89,Giao dịch mua bán,Sales,CUST0031,VEND0084,Revenue,IFRS 15,Revenue,IFRS 15
12/04/2024,CT835303,214,214,19327637.05,Giao dịch mua bán,Production,CUST0119,VEND0139,Asset,IAS 16,Asset,IAS 16
05/04/2024,CT245350,642,156,45235113.07,Giao dịch mua bán,IT,CUST0005,VEND0154,Expense,IAS 1,Expense,IAS 1
22/11/2024,CT787750,331,214,25690707.45,Giao dịch mua bán,Finance,CUST0189,VEND0156,Liability,IAS 37,Liability,IAS 37
18/07/2024,CT117340,632,632,20325341.79,Giao dịch mua bán,Production,CUST0101,VEND0114,Expense,IAS 1,Expense,IAS 1
23/05/2024,CT835036,214,112,37425426.29,Giao dịch mua bán,Production,CUST0054,VEND0050,Asset,IAS 16,Asset,IAS 16
06/11/2024,CT033567,642,632,40302536.85,Giao dịch mua bán,IT,CUST0081,VEND0138,Expense,IAS 1,Expense,IAS 1
29/11/2024,CT285707,156,632,39435461.68,Giao dịch mua bán,Production,CUST0068,VEND0057,Asset,IAS 16,Asset,IAS 16
31/07/2024,CT559881,211,214,17645850.48,Giao dịch mua bán,Finance,CUST0091,VEND0192,Asset,IAS 16,Asset,IAS 16
25/04/2024,CT435979,211,111,27173753.97,Giao dịch mua bán,Sales,CUST0175,VEND0081,Asset,IAS 16,Asset,IAS 16
23/01/2024,CT289544,214,214,41419841.98,Giao dịch mua bán,Production,CUST0187,VEND0154,Asset,IAS 16,Asset,IAS 16
20/11/2024,CT835442,331,632,10940763.15,Giao dịch mua bán,HR,CUST0184,VEND0040,Liability,IAS 37,Liability,IAS 37
14/01/2024,CT467620,156,642,3137675.91,Giao dịch mua bán,Production,CUST0079,VEND0036,Asset,IAS 16,Asset,IAS 16
06/05/2024,CT558517,152,331,6704639.27,Giao dịch mua bán,Production,CUST0060,VEND0053,Asset,IAS 16,Asset,IAS 16
24/04/2024,CT560476,642,211,6573076.94,Giao dịch mua bán,HR,CUST0059,VEND0054,Expense,IAS 1,Expense,IAS 1
25/12/2024,CT293513,331,331,36800387.34,Giao dịch mua bán,Finance,CUST0115,VEND0041,Liability,IAS 37,Liability,IAS 37
24/03/2024,CT578319,112,131,36911077.37,Giao dịch mua bán,HR,CUST0070,VEND0174,Asset,IAS 16,Asset,IAS 16
24/07/2024,CT729455,214,152,27091805.52,Giao dịch mua bán,Finance,CUST0129,VEND0110,Asset,IAS 16,Asset,IAS 16
07/08/2024,CT494726,152,214,34790308.81,Giao dịch mua bán,Sales,CUST0151,VEND0096,Asset,IAS 16,Asset,IAS 16
11/07/2024,CT157819,111,112,25365450.55,Giao dịch mua bán,Production,CUST0061,VEND0008,Asset,IAS 16,Asset,IAS 16
23/03/2024,CT341220,131,632,37146173.31,Giao dịch mua bán,Sales,CUST0017,VEND0025,Asset,IAS 16,Asset,IAS 16
21/03/2024,CT789219,632,111,45272717.55,Giao dịch mua bán,Production,CUST0144,VEND0155,Expense,IAS 1,Expense,IAS 1
02/12/2024,CT866984,112,331,3225396.7,Giao dịch mua bán,HR,CUST0032,VEND0030,Asset,IAS 16,Asset,IAS 16
15/02/2024,CT302116,214,642,13490205.03,Giao dịch mua bán,IT,CUST0143,VEND0047,Asset,IAS 16,Asset,IAS 16
30/10/2024,CT380364,642,632,27706977.36,Giao dịch mua bán,Production,CUST0101,VEND0173,Expense,IAS 1,Expense,IAS 1
07/03/2024,CT880382,642,511,26160850.93,Giao dịch mua bán,Sales,CUST0030,VEND0051,Expense,IAS 1,Expense,IAS 1
14/10/2024,CT045352,152,632,47810281.33,Giao dịch mua bán,HR,CUST0129,VEND0109,Asset,IAS 16,Asset,IAS 16
18/06/2024,CT784742,156,511,39929296.48,Giao dịch mua bán,Production,CUST0143,VEND0058,Asset,IAS 16,Asset,IAS 16
12/10/2024,CT841497,156,642,4212182.88,Giao dịch mua bán,Production,CUST0062,VEND0165,Asset,IAS 16,Asset,IAS 16
03/09/2024,CT440564,632,632,47967543.61,Giao dịch mua bán,Finance,CUST0058,VEND0062,Expense,IAS 1,Expense,IAS 1
31/12/2024,CT557519,156,642,22738955.21,Giao dịch mua bán,Finance,CUST0041,VEND0186,Asset,IAS 16,Asset,IAS 16
13/12/2024,CT651205,214,112,20700477.02,Giao dịch mua bán,Sales,CUST0034,VEND0005,Asset,IAS 16,Asset,IAS 16
20/09/2024,CT071120,131,632,30744995.37,Giao dịch mua bán,Production,CUST0175,VEND0107,Asset,IAS 16,Asset,IAS 16
20/12/2024,CT279117,156,642,49598084.77,Giao dịch mua bán,Finance,CUST0166,VEND0032,Asset,IAS 16,Asset,IAS 16
04/11/2024,CT853784,632,111,48741642.61,Giao dịch mua bán,Production,CUST0042,VEND0061,Expense,IAS 1,Expense,IAS 1
30/01/2024,CT769309,642,642,12374122.08,Giao dịch mua bán,HR,CUST0183,VEND0034,Expense,IAS 1,Expense,IAS 1
24/05/2024,DUPLICATE,211,152,25833905.74,Giao dịch mua bán,Production,CUST0004,VEND0010,Asset,IAS 16,Asset,IAS 16
31/07/2024,CT243768,131,632,15690380.35,Giao dịch mua bán,Production,CUST0061,VEND0145,Asset,IAS 16,Asset,IAS 16
04/12/2024,CT447239,511,511,2171150.18,Giao dịch mua bán,HR,CUST0135,VEND0147,Revenue,IFRS 15,Revenue,IFRS 15
04/06/2024,CT122686,632,111,36299490.59,Giao dịch mua bán,Finance,CUST0198,VEND0134,Expense,IAS 1,Expense,IAS 1
28/11/2024,CT255691,511,632,2948820.05,Giao dịch mua bán,Production,CUST0154,VEND0083,Revenue,IFRS 15,Revenue,IFRS 15
13/10/2024,CT063003,642,214,41422858.58,Giao dịch mua bán,HR,CUST0034,VEND0138,Expense,IAS 1,Expense,IAS 1
13/07/2024,CT844003,214,112,11536642.25,Giao dịch mua bán,HR,CUST0101,VEND0153,Asset,IAS 16,Asset,IAS 16
28/07/2024,CT912055,214,511,36220292.05,Giao dịch mua bán,Finance,CUST0070,VEND0027,Asset,IAS 16,Asset,IAS 16
01/07/2024,CT705340,156,152,36520274.64,Giao dịch mua bán,Production,CUST0043,VEND0151,Asset,IAS 16,Asset,IAS 16
05/04/2024,CT043429,331,214,48024708.18,Giao dịch mua bán,Sales,CUST0011,VEND0061,Liability,IAS 37,Liability,IAS 37
21/03/2024,CT243677,111,211,41579302.79,Giao dịch mua bán,Production,CUST0017,VEND0038,Asset,IAS 16,Asset,IAS 16
12/04/2024,CT178604,112,211,8044636.63,Giao dịch mua bán,IT,CUST0155,VEND0182,Asset,IAS 16,Asset,IAS 16
29/02/2024,CT043909,156,152,8935533.3,Giao dịch mua bán,Finance,CUST0009,VEND0032,Asset,IAS 16,Asset,IAS 16
11/12/2024,CT701754,331,131,37257255.61,Giao dịch mua bán,Finance,CUST0034,VEND0196,Liability,IAS 37,Liability,IAS 37
22/04/2024,CT786874,152,152,21590128.97,Giao dịch mua bán,IT,CUST0103,VEND0105,Asset,IAS 16,Asset,IAS 16
28/03/2024,CT434470,111,111,45751866.27,Giao dịch mua bán,Production,CUST0137,VEND0075,Asset,IAS 16,Asset,IAS 16
11/04/2024,CT093884,211,211,48600918.17,Giao dịch mua bán,HR,CUST0002,VEND0170,Asset,IAS 16,Asset,IAS 16
21/07/2024,CT337693,214,211,20206862.56,Giao dịch mua bán,HR,CUST0035,VEND0177,Asset,IAS 16,Asset,IAS 16
22/10/2024,CT460555,211,211,21676141.72,Giao dịch mua bán,HR,CUST0084,VEND0085,Asset,IAS 16,Asset,IAS 16
01/09/2024,CT717854,131,156,9234191.68,Giao dịch mua bán,Finance,CUST0070,VEND0030,Asset,IAS 16,Asset,IAS 16
09/12/2024,CT323824,152,111,14564810.03,Giao dịch mua bán,IT,CUST0038,VEND0180,Asset,IAS 16,Asset,IAS 16
11/01/2024,CT949754,511,131,47967426.43,Giao dịch mua bán,IT,CUST0142,VEND0151,Revenue,IFRS 15,Revenue,IFRS 15
08/02/2024,CT692451,111,112,16733628.87,Giao dịch mua bán,Finance,CUST0191,VEND0006,Asset,IAS 16,Asset,IAS 16
27/03/2024,CT345967,211,156,6735608.38,Giao dịch mua bán,Finance,CUST0163,VEND0081,Asset,IAS 16,Asset,IAS 16
03/07/2024,CT939171,642,131,27415793.13,Giao dịch mua bán,Finance,CUST0083,VEND0120,Expense,IAS 1,Expense,IAS 1
28/08/2024,CT497550,214,156,9712529.6,Giao dịch mua bán,HR,CUST0001,VEND0057,Asset,IAS 16,Asset,IAS 16
17/04/2024,CT358613,511,511,10632422.56,Giao dịch mua bán,IT,CUST0008,VEND0098,Revenue,IFRS 15,Revenue,IFRS 15
07/11/2024,CT084056,214,632,16381932.2,Giao dịch mua bán,Production,CUST0141,VEND0007,Asset,IAS 16,Asset,IAS 16
02/10/2024,CT361923,112,642,18672309.52,Giao dịch mua bán,Sales,CUST0137,VEND0099,Asset,IAS 16,Asset,IAS 16
31/07/2024,CT433444,152,511,34723510.47,Giao dịch mua bán,Production,CUST0039,VEND0082,Asset,IAS 16,Asset,IAS 16
03/07/2024,CT641894,156,211,29330201.3,Giao dịch mua bán,Production,CUST0117,VEND0137,Asset,IAS 16,Asset,IAS 16
15/07/2024,CT499176,152,642,42209346.45,Giao dịch mua bán,IT,CUST0075,VEND0045,Asset,IAS 16,Asset,IAS 16
30/04/2024,CT879353,111,112,19703272.41,Giao dịch mua bán,Production,CUST0096,VEND0065,Asset,IAS 16,Asset,IAS 16
21/01/2024,CT458708,632,511,4647504.27,Giao dịch mua bán,Sales,CUST0102,VEND0100,Expense,IAS 1,Expense,IAS 1
25/07/2024,CT498428,642,214,43485616.19,Giao dịch mua bán,Sales,CUST0102,VEND0143,Expense,IAS 1,Expense,IAS 1
04/02/2024,CT967464,131,642,17102710.63,Giao dịch mua bán,Sales,CUST0152,VEND0136,Asset,IAS 16,Asset,IAS 16
18/11/2024,CT076811,511,211,34509432.44,Giao dịch mua bán,IT,CUST0135,VEND0179,Revenue,IFRS 15,Revenue,IFRS 15
29/10/2024,CT884348,131,156,4415222.21,Giao dịch mua bán,Production,CUST0093,VEND0074,Asset,IAS 16,Asset,IAS 16
10/07/2024,CT321238,111,642,15918223.49,Giao dịch mua bán,IT,CUST0004,VEND0156,Asset,IAS 16,Asset,IAS 16
11/05/2024,CT065791,642,112,46027159.06,Giao dịch mua bán,IT,CUST0159,VEND0126,Expense,IAS 1,Expense,IAS 1
16/05/2024,CT477169,152,112,33816436.1,Giao dịch mua bán,IT,CUST0111,VEND0082,Asset,IAS 16,Asset,IAS 16
15/06/2024,CT455088,131,156,46455805.39,Giao dịch mua bán,Production,CUST0074,VEND0147,Asset,IAS 16,Asset,IAS 16
30/08/2024,CT890013,156,211,16709993.33,Giao dịch mua bán,Finance,CUST0122,VEND0066,Asset,IAS 16,Asset,IAS 16
15/07/2024,CT021345,642,632,49711536.38,Giao dịch mua bán,Sales,CUST0075,VEND0142,Expense,IAS 1,Expense,IAS 1
03/10/2024,CT860877,214,211,19940895.41,Giao dịch mua bán,Sales,CUST0019,VEND0130,Asset,IAS 16,Asset,IAS 16
21/04/2024,CT540775,156,632,31504891,Giao dịch mua bán,IT,CUST0181,VEND0142,Asset,IAS 16,Asset,IAS 16
17/10/2024,CT410172,111,156,22830227.39,Giao dịch mua bán,Production,CUST0029,VEND0181,Asset,IAS 16,Asset,IAS 16
08/06/2024,CT606154,152,111,22406297.65,Giao dịch mua bán,HR,CUST0054,VEND0122,Asset,IAS 16,Asset,IAS 16
26/07/2024,CT696908,642,112,1818823.66,Giao dịch mua bán,HR,CUST0051,VEND0166,Expense,IAS 1,Expense,IAS 1
25/03/2024,CT423264,112,152,36716532.58,Giao dịch mua bán,IT,CUST0153,VEND0089,Asset,IAS 16,Asset,IAS 16
26/04/2024,CT488410,131,131,26878269.75,Giao dịch mua bán,HR,CUST0036,VEND0064,Asset,IAS 16,Asset,IAS 16
30/11/2024,CT752382,131,214,20955553.29,Giao dịch mua bán,IT,CUST0009,VEND0121,Asset,IAS 16,Asset,IAS 16
25/10/2024,CT576309,131,156,8248410.63,Giao dịch mua bán,Production,CUST0057,VEND0064,Asset,IAS 16,Asset,IAS 16
02/11/2024,CT586972,214,152,15808747.23,Giao dịch mua bán,IT,CUST0068,VEND0023,Asset,IAS 16,Asset,IAS 16
20/04/2024,CT776348,511,111,16249370.75,Giao dịch mua bán,Production,CUST0168,VEND0137,Revenue,IFRS 15,Revenue,IFRS 15
08/02/2024,CT976200,214,111,30271226.78,Giao dịch mua bán,HR,CUST0086,VEND0079,Asset,IAS 16,Asset,IAS 16
08/12/2024,CT833183,632,211,1010038.5,Giao dịch mua bán,Sales,CUST0188,VEND0122,Expense,IAS 1,Expense,IAS 1
04/10/2024,CT402466,112,111,12701042.05,Giao dịch mua bán,Finance,CUST0050,VEND0088,Asset,IAS 16,Asset,IAS 16
31/10/2024,CT608844,642,112,34400036.7,Giao dịch mua bán,Finance,CUST0176,VEND0199,Expense,IAS 1,Expense,IAS 1
04/06/2024,CT855604,632,642,32413207.81,Giao dịch mua bán,Sales,CUST0122,VEND0092,Expense,IAS 1,Expense,IAS 1
27/07/2024,CT311884,214,214,33251360.25,Giao dịch mua bán,Production,CUST0091,VEND0039,Asset,IAS 16,Asset,IAS 16
13/01/2024,CT277331,642,214,34308984.19,Giao dịch mua bán,Sales,CUST0173,VEND0182,Expense,IAS 1,Expense,IAS 1
13/06/2024,CT795600,111,111,18802051.81,Giao dịch mua bán,HR,CUST0110,VEND0019,Asset,IAS 16,Asset,IAS 16
04/02/2024,CT539252,112,211,21127903.29,Giao dịch mua bán,Sales,CUST0060,VEND0041,Asset,IAS 16,Asset,IAS 16
01/07/2024,CT012996,156,214,6458465.17,Giao dịch mua bán,Sales,CUST0167,VEND0015,Asset,IAS 16,Asset,IAS 16
15/03/2024,CT590815,632,331,5754746.32,Giao dịch mua bán,Sales,CUST0179,VEND0185,Expense,IAS 1,Expense,IAS 1
12/08/2024,CT257869,111,511,13518724.79,Giao dịch mua bán,Finance,CUST0123,VEND0200,Asset,IAS 16,Asset,IAS 16
05/12/2024,CT926747,131,112,15550972.07,Giao dịch mua bán,Finance,CUST0047,VEND0035,Asset,IAS 16,Asset,IAS 16
20/08/2024,CT806872,511,156,6145970.7,Giao dịch mua bán,HR,CUST0170,VEND0048,Revenue,IFRS 15,Revenue,IFRS 15
06/12/2024,CT378207,511,131,25392324.92,Giao dịch mua bán,IT,CUST0015,VEND0071,Revenue,IFRS 15,Revenue,IFRS 15
17/03/2024,CT616020,211,156,26258672.61,Giao dịch mua bán,Production,CUST0073,VEND0144,Asset,IAS 16,Asset,IAS 16
17/08/2024,CT189897,131,112,16172512.73,Giao dịch mua bán,Finance,CUST0073,VEND0081,Asset,IAS 16,Asset,IAS 16
17/04/2024,CT752190,642,131,5248610.82,Giao dịch mua bán,Sales,CUST0004,VEND0083,Expense,IAS 1,Expense,IAS 1
16/12/2024,CT061046,632,331,42486784.23,Giao dịch mua bán,Finance,CUST0009,VEND0115,Expense,IAS 1,Expense,IAS 1
08/06/2024,CT439948,211,152,15069062.25,Giao dịch mua bán,Finance,CUST0074,VEND0146,Asset,IAS 16,Asset,IAS 16
18/12/2024,CT261064,331,152,20001903.64,Giao dịch mua bán,Finance,CUST0048,VEND0160,Liability,IAS 37,Liability,IAS 37
03/03/2024,CT066904,642,156,10181559.54,Giao dịch mua bán,Production,CUST0100,VEND0133,Expense,IAS 1,Expense,IAS 1
04/11/2024,CT983025,211,211,32276975.16,Giao dịch mua bán,Sales,CUST0167,VEND0009,Asset,IAS 16,Asset,IAS 16
19/01/2024,CT728241,511,112,15239806.71,Giao dịch mua bán,Sales,CUST0160,VEND0200,Revenue,IFRS 15,Revenue,IFRS 15
26/05/2024,CT780644,511,511,5691051.27,Giao dịch mua bán,Sales,CUST0162,VEND0123,Revenue,IFRS 15,Revenue,IFRS 15
17/09/2024,CT605948,642,642,22389979.7,Giao dịch mua bán,Sales,CUST0194,VEND0191,Expense,IAS 1,Expense,IAS 1
28/09/2024,CT279562,112,112,23031095.98,Giao dịch mua bán,Sales,CUST0033,VEND0087,Asset,IAS 16,Asset,IAS 16
16/10/2024,CT174055,632,331,10837321.46,Giao dịch mua bán,IT,CUST0101,VEND0074,Expense,IAS 1,Expense,IAS 1
24/09/2024,CT699810,211,214,22121859.43,Giao dịch mua bán,Finance,CUST0079,VEND0122,Asset,IAS 16,Asset,IAS 16
31/01/2024,CT516001,511,511,24340611.9,Giao dịch mua bán,HR,CUST0155,VEND0085,Revenue,IFRS 15,Revenue,IFRS 15
25/06/2024,CT899096,642,511,6203985.22,Giao dịch mua bán,Finance,CUST0004,VEND0111,Expense,IAS 1,Expense,IAS 1
03/02/2024,CT779288,331,632,16546869.03,Giao dịch mua bán,Finance,CUST0177,VEND0152,Liability,IAS 37,Liability,IAS 37
20/06/2024,CT579006,211,131,9214253.16,Giao dịch mua bán,IT,CUST0026,VEND0158,Asset,IAS 16,Asset,IAS 16
03/04/2024,CT885189,511,331,30738193.18,Giao dịch mua bán,HR,CUST0015,VEND0137,Revenue,IFRS 15,Revenue,IFRS 15
26/09/2024,CT892413,642,642,36786890.42,Giao dịch mua bán,HR,CUST0054,VEND0052,Expense,IAS 1,Expense,IAS 1
20/01/2024,CT708594,131,331,41578259.69,Giao dịch mua bán,HR,CUST0117,VEND0152,Asset,IAS 16,Asset,IAS 16
06/03/2024,CT096549,632,112,23700116.16,Giao dịch mua bán,IT,CUST0055,VEND0035,Expense,IAS 1,Expense,IAS 1
24/06/2024,CT549203,152,642,37773001.06đ,Giao dịch mua bán,IT,CUST0045,VEND0089,Asset,IAS 16,Asset,IAS 16
01/09/2024,CT716521,632,642,15342422.69,Giao dịch mua bán,Finance,CUST0108,VEND0177,Expense,IAS 1,Expense,IAS 1
25/09/2024,CT690584,112,642,35369075.73,Giao dịch mua bán,Finance,CUST0021,VEND0020,Asset,IAS 16,Asset,IAS 16
27/10/2024,CT630296,111,131,8934447.76,Giao dịch mua bán,Production,CUST0158,VEND0149,Asset,IAS 16,Asset,IAS 16
23/08/2024,CT281571,642,131,1088779.33,Giao dịch mua bán,Production,CUST0047,VEND0083,Expense,IAS 1,Expense,IAS 1
12/02/2024,CT672163,111,632,18034065.4,Giao dịch mua bán,Production,CUST0089,VEND0030,Asset,IAS 16,Asset,IAS 16
11/07/2024,CT730989,111,111,27082211.4,Giao dịch mua bán,Production,CUST0129,VEND0068,Asset,IAS 16,Asset,IAS 16
15/02/2024,CT659730,511,111,40973054.49,Giao dịch mua bán,IT,CUST0164,VEND0116,Revenue,IFRS 15,Revenue,IFRS 15
25/12/2024,CT241711,214,331,11724410.99,Giao dịch mua bán,HR,CUST0062,VEND0052,Asset,IAS 16,Asset,IAS 16
25/03/2024,CT659760,156,156,44180068.96,Giao dịch mua bán,HR,CUST0145,VEND0048,Asset,IAS 16,Asset,IAS 16
13/11/2024,CT867981,632,111,49617848.53,Giao dịch mua bán,Finance,CUST0171,VEND0102,Expense,IAS 1,Expense,IAS 1
04/07/2024,CT271955,156,632,8432086.58,Giao dịch mua bán,IT,CUST0133,VEND0105,Asset,IAS 16,Asset,IAS 16
16/09/2024,CT284013,112,632,12604585.82,Giao dịch mua bán,HR,CUST0067,VEND0043,Asset,IAS 16,Asset,IAS 16
16/10/2024,CT878760,152,331,20573377.43,Giao dịch mua bán,Production,CUST0079,VEND0054,Asset,IAS 16,Asset,IAS 16
08/04/2024,CT719817,331,632,48724628.87đ,Giao dịch mua bán,Production,CUST0135,VEND0085,Liability,IAS 37,Liability,IAS 37
31/07/2024,CT498868,632,112,18422368.3,Giao dịch mua bán,Finance,CUST0184,VEND0195,Expense,IAS 1,Expense,IAS 1
20/03/2024,CT873359,511,152,6053672.13,Giao dịch mua bán,IT,CUST0065,VEND0036,Revenue,IFRS 15,Revenue,IFRS 15
14/10/2024,CT699977,211,214,24714248.92,Giao dịch mua bán,Sales,CUST0098,VEND0148,Asset,IAS 16,Asset,IAS 16
25/03/2024,CT459542,211,111,10456542.66,Giao dịch mua bán,Production,CUST0118,VEND0197,Asset,IAS 16,Asset,IAS 16
24/09/2024,CT736550,211,111,39036825.29đ,Giao dịch mua bán,Production,CUST0063,VEND0143,Asset,IAS 16,Asset,IAS 16
16/09/2024,CT808349,511,131,40900712.24,Giao dịch mua bán,HR,CUST0196,VEND0121,Revenue,IFRS 15,Revenue,IFRS 15
21/05/2024,CT670355,211,632,38474163.15,Giao dịch mua bán,Finance,CUST0196,VEND0064,Asset,IAS 16,Asset,IAS 16
30/07/2024,CT326688,131,152,3080382.83,Giao dịch mua bán,IT,CUST0133,VEND0088,Asset,IAS 16,Asset,IAS 16
14/01/2024,CT322651,214,511,30500194.75,Giao dịch mua bán,Sales,CUST0113,VEND0185,Asset,IAS 16,Asset,IAS 16
24/07/2024,CT880334,331,112,25790009.09,Giao dịch mua bán,IT,CUST0180,VEND0020,Liability,IAS 37,Liability,IAS 37
16/09/2024,CT742694,156,642,8057266.96,Giao dịch mua bán,Finance,CUST0134,VEND0140,Asset,IAS 16,Asset,IAS 16
07/05/2024,CT499115,511,111,36424696.68,Giao dịch mua bán,HR,CUST0053,VEND0036,Revenue,IFRS 15,Revenue,IFRS 15
04/12/2024,CT399125,511,156,34309183.12,Giao dịch mua bán,Production,CUST0088,VEND0164,Revenue,IFRS 15,Revenue,IFRS 15
28/06/2024,CT772969,511,214,16802815.66,Giao dịch mua bán,Sales,CUST0148,VEND0086,Revenue,IFRS 15,Revenue,IFRS 15
10/11/2024,CT933359,211,214,38776326.98,Giao dịch mua bán,Sales,CUST0032,VEND0012,Asset,IAS 16,Asset,IAS 16
21/06/2024,CT477648,152,642,49837163.55,Giao dịch mua bán,Production,CUST0181,VEND0146,Asset,IAS 16,Asset,IAS 16
12/07/2024,CT684343,111,211,47832032.05,Giao dịch mua bán,Sales,CUST0189,VEND0006,Asset,IAS 16,Asset,IAS 16
22/11/2024,CT642495,211,642,40651194.41,Giao dịch mua bán,Finance,CUST0184,VEND0016,Asset,IAS 16,Asset,IAS 16
10/05/2024,CT755068,131,211,42780091.1,Giao dịch mua bán,Production,CUST0159,VEND0153,Asset,IAS 16,Asset,IAS 16
07/01/2024,CT225127,131,211,44528745.31,Giao dịch mua bán,IT,CUST0113,VEND0197,Asset,IAS 16,Asset,IAS 16
13/07/2024,CT292333,632,156,32214672.93,Giao dịch mua bán,Production,CUST0057,VEND0162,Expense,IAS 1,Expense,IAS 1
28/11/2024,CT467390,331,511,34784122.18,Giao dịch mua bán,Sales,CUST0162,VEND0156,Liability,IAS 37,Liability,IAS 37
12/06/2024,CT240181,632,131,6192939.38,Giao dịch mua bán,Finance,CUST0014,VEND0061,Expense,IAS 1,Expense,IAS 1
16/10/2024,CT393718,632,112,18325935.63,Giao dịch mua bán,Finance,CUST0127,VEND0006,Expense,IAS 1,Expense,IAS 1
25/10/2024,CT128428,214,331,48206021.19,Giao dịch mua bán,Finance,CUST0063,VEND0090,Asset,IAS 16,Asset,IAS 16
05/02/2024,CT247305,112,112,41209375.1,Giao dịch mua bán,Sales,CUST0015,VEND0121,Asset,IAS 16,Asset,IAS 16
17/08/2024,CT754486,131,152,25900928.58,Giao dịch mua bán,IT,CUST0184,VEND0113,Asset,IAS 16,Asset,IAS 16
03/06/2024,CT099541,511,152,24019582.08,Giao dịch mua bán,Finance,CUST0114,VEND0173,Revenue,IFRS 15,Revenue,IFRS 15
13/11/2024,CT426224,131,214,32691979.66,Giao dịch mua bán,Finance,CUST0099,VEND0142,Asset,IAS 16,Asset,IAS 16
22/05/2024,CT307866,211,214,4619775.97,Giao dịch mua bán,HR,CUST0192,VEND0152,Asset,IAS 16,Asset,IAS 16
28/07/2024,CT600978,511,331,4196919.85,Giao dịch mua bán,IT,CUST0015,VEND0177,Revenue,IFRS 15,Revenue,IFRS 15
07/06/2024,CT743012,131,112,35702162.13,Giao dịch mua bán,Sales,CUST0053,VEND0120,Asset,IAS 16,Asset,IAS 16
23/02/2024,CT087689,642,331,43997902.63,Giao dịch mua bán,HR,CUST0200,VEND0163,Expense,IAS 1,Expense,IAS 1
22/12/2024,CT631528,131,131,42976778.68,Giao dịch mua bán,Sales,CUST0177,VEND0061,Asset,IAS 16,Asset,IAS 16
31/01/2024,CT922660,152,211,32419486.09,Giao dịch mua bán,HR,CUST0137,VEND0038,Asset,IAS 16,Asset,IAS 16
16/02/2024,CT953900,632,112,5122603.05,Giao dịch mua bán,HR,CUST0185,VEND0064,Expense,IAS 1,Expense,IAS 1
04/04/2024,CT239457,214,131,8503944.08,Giao dịch mua bán,IT,CUST0184,VEND0126,Asset,IAS 16,Asset,IAS 16
22/10/2024,CT005242,211,211,24756046.67,Giao dịch mua bán,Sales,CUST0066,VEND0018,Asset,IAS 16,Asset,IAS 16
07/03/2024,CT440116,156,632,32500317.6,Giao dịch mua bán,IT,CUST0052,VEND0087,Asset,IAS 16,Asset,IAS 16
05/04/2024,CT819675,511,156,16058965.85,Giao dịch mua bán,HR,CUST0100,VEND0165,Revenue,IFRS 15,Revenue,IFRS 15
27/10/2024,CT795729,632,112,48576643.37,Giao dịch mua bán,Production,CUST0056,VEND0083,Expense,IAS 1,Expense,IAS 1
24/06/2024,CT692412,111,156,26348976.66,Giao dịch mua bán,Finance,CUST0156,VEND0149,Asset,IAS 16,Asset,IAS 16
11/06/2024,CT188571,331,632,27996095.1,Giao dịch mua bán,Finance,CUST0084,VEND0038,Liability,IAS 37,Liability,IAS 37
05/06/2024,CT331891,214,214,24767776.8,Giao dịch mua bán,Finance,CUST0041,VEND0017,Asset,IAS 16,Asset,IAS 16
10/10/2024,CT827909,511,112,9649294.39,Giao dịch mua bán,Production,CUST0076,VEND0134,Revenue,IFRS 15,Revenue,IFRS 15
14/09/2024,CT332167,632,111,49897114.83,Giao dịch mua bán,Production,CUST0103,VEND0081,Expense,IAS 1,Expense,IAS 1
18/09/2024,CT865249,214,156,34812919.94,Giao dịch mua bán,Production,CUST0063,VEND0169,Asset,IAS 16,Asset,IAS 16
14/04/2024,CT611469,632,152,30363348.33,Giao dịch mua bán,IT,CUST0089,VEND0093,Expense,IAS 1,Expense,IAS 1
02/06/2024,CT281546,111,511,41054778.24,Giao dịch mua bán,Sales,CUST0154,VEND0050,Asset,IAS 16,Asset,IAS 16
08/05/2024,CT759745,131,111,34933632.4,Giao dịch mua bán,Finance,CUST0065,VEND0041,Asset,IAS 16,Asset,IAS 16
12/05/2024,CT137051,331,112,22721782.99,Giao dịch mua bán,IT,CUST0137,VEND0154,Liability,IAS 37,Liability,IAS 37
13/04/2024,CT010603,214,511,19540229.18,Giao dịch mua bán,IT,CUST0013,VEND0161,Asset,IAS 16,Asset,IAS 16
13/03/2024,CT019555,642,632,23567841.5,Giao dịch mua bán,Production,CUST0017,VEND0116,Expense,IAS 1,Expense,IAS 1
10/09/2024,CT024192,511,511,1008995.58,Giao dịch mua bán,Production,CUST0116,VEND0200,Revenue,IFRS 15,Revenue,IFRS 15
03/09/2024,CT447386,642,331,2233197.21,Giao dịch mua bán,Finance,CUST0147,VEND0082,Expense,IAS 1,Expense,IAS 1
27/02/2024,CT003683,331,511,9255756.03,Giao dịch mua bán,IT,CUST0086,VEND0009,Liability,IAS 37,Liability,IAS 37
21/04/2024,CT018342,214,331,36750601.61,Giao dịch mua bán,Finance,CUST0170,VEND0032,Asset,IAS 16,Asset,IAS 16
29/01/2024,CT826830,112,211,33490953.27,Giao dịch mua bán,HR,CUST0035,VEND0046,Asset,IAS 16,Asset,IAS 16
27/08/2024,CT486319,632,152,41916344.43,Giao dịch mua bán,Production,CUST0029,VEND0090,Expense,IAS 1,Expense,IAS 1
21/04/2024,CT299456,211,331,47371487.58,Giao dịch mua bán,Production,CUST0095,VEND0159,Asset,IAS 16,Asset,IAS 16
09/04/2024,CT390298,156,511,37179427.22,Giao dịch mua bán,Finance,CUST0071,VEND0149,Asset,IAS 16,Asset,IAS 16
09/04/2024,CT385072,331,331,12396249.62,Giao dịch mua bán,Finance,CUST0192,VEND0060,Liability,IAS 37,Liability,IAS 37
04/04/2024,CT281475,211,131,34431155.4,Giao dịch mua bán,Sales,CUST0155,VEND0084,Asset,IAS 16,Asset,IAS 16
19/08/2024,CT261498,642,152,15725929.15,Giao dịch mua bán,HR,CUST0093,VEND0083,Expense,IAS 1,Expense,IAS 1
20/05/2024,CT729880,131,632,34892905.21,Giao dịch mua bán,Finance,CUST0148,VEND0196,Asset,IAS 16,Asset,IAS 16
16/08/2024,CT450266,331,642,27740502.04,Giao dịch mua bán,Finance,CUST0120,VEND0016,Liability,IAS 37,Liability,IAS 37
29/03/2024,CT702567,214,111,16389540.09,Giao dịch mua bán,Sales,CUST0068,VEND0108,Asset,IAS 16,Asset,IAS 16
21/02/2024,CT951601,511,156,33723124.52,Giao dịch mua bán,Production,CUST0048,VEND0109,Revenue,IFRS 15,Revenue,IFRS 15
10/07/2024,CT606028,152,211,819786.82,Giao dịch mua bán,IT,CUST0064,VEND0052,Asset,IAS 16,Asset,IAS 16
28/12/2024,CT258578,131,511,29703085.06,Giao dịch mua bán,Production,CUST0191,VEND0009,Asset,IAS 16,Asset,IAS 16
03/06/2024,CT484217,152,112,2639716.42,Giao dịch mua bán,Sales,CUST0072,VEND0180,Asset,IAS 16,Asset,IAS 16
23/08/2024,CT738671,211,642,13100265.44,Giao dịch mua bán,Finance,CUST0196,VEND0078,Asset,IAS 16,Asset,IAS 16
10/03/2024,CT563355,331,111,11586665.9,Giao dịch mua bán,IT,CUST0023,VEND0013,Liability,IAS 37,Liability,IAS 37
26/03/2024,CT959285,131,112,27968532.36,Giao dịch mua bán,Finance,CUST0176,VEND0028,Asset,IAS 16,Asset,IAS 16
14/05/2024,CT872393,632,152,39175332.28,Giao dịch mua bán,Production,CUST0068,VEND0022,Expense,IAS 1,Expense,IAS 1
25/07/2024,CT379487,642,331,8085888.06,Giao dịch mua bán,Finance,CUST0033,VEND0190,Expense,IAS 1,Expense,IAS 1
10/09/2024,CT320949,111,511,5196606.17,Giao dịch mua bán,Production,CUST0158,VEND0040,Asset,IAS 16,Asset,IAS 16
10/08/2024,CT045701,331,156,37617116.02,Giao dịch mua bán,Finance,CUST0096,VEND0145,Liability,IAS 37,Liability,IAS 37
21/06/2024,CT419126,131,632,30778083.93,Giao dịch mua bán,Finance,CUST0045,VEND0091,Asset,IAS 16,Asset,IAS 16
19/06/2024,CT083596,632,111,14225372.79,Giao dịch mua bán,IT,CUST0154,VEND0053,Expense,IAS 1,Expense,IAS 1
14/09/2024,CT632429,156,211,47021150.83,Giao dịch mua bán,IT,CUST0023,VEND0051,Asset,IAS 16,Asset,IAS 16
26/05/2024,CT349276,152,112,41903000.03,Giao dịch mua bán,Sales,CUST0040,VEND0107,Asset,IAS 16,Asset,IAS 16
27/02/2024,CT007742,211,642,27962361.43,Giao dịch mua bán,Finance,CUST0053,VEND0055,Asset,IAS 16,Asset,IAS 16
17/07/2024,CT339201,111,331,22587496.62,Giao dịch mua bán,HR,CUST0098,VEND0130,Asset,IAS 16,Asset,IAS 16
21/07/2024,CT832596,211,156,37296261.7,Giao dịch mua bán,IT,CUST0130,VEND0190,Asset,IAS 16,Asset,IAS 16
06/10/2024,CT814887,331,632,17657615.99,Giao dịch mua bán,Production,CUST0011,VEND0068,Liability,IAS 37,Liability,IAS 37
03/03/2024,CT711104,111,211,43097415.58,Giao dịch mua bán,Production,CUST0021,VEND0183,Asset,IAS 16,Asset,IAS 16
26/10/2024,CT548327,111,214,44460305.31,Giao dịch mua bán,Sales,CUST0046,VEND0091,Asset,IAS 16,Asset,IAS 16
14/12/2024,CT969386,152,211,8050370.38,Giao dịch mua bán,Sales,CUST0041,VEND0198,Asset,IAS 16,Asset,IAS 16
02/06/2024,CT096746,156,152,23479368.25,Giao dịch mua bán,IT,CUST0084,VEND0072,Asset,IAS 16,Asset,IAS 16
04/12/2024,CT340044,156,152,1912991.96,Giao dịch mua bán,Finance,CUST0188,VEND0111,Asset,IAS 16,Asset,IAS 16
09/03/2024,CT477273,331,632,39147885.7,Giao dịch mua bán,Sales,CUST0063,VEND0057,Liability,IAS 37,Liability,IAS 37
11/07/2024,CT058893,211,331,6561549.79,Giao dịch mua bán,IT,CUST0024,VEND0159,Asset,IAS 16,Asset,IAS 16
03/11/2024,CT738524,632,111,38446982.59,Giao dịch mua bán,IT,CUST0132,VEND0021,Expense,IAS 1,Expense,IAS 1
13/05/2024,CT457061,632,112,24625186.24,Giao dịch mua bán,IT,CUST0017,VEND0192,Expense,IAS 1,Expense,IAS 1
17/04/2024,CT871734,152,642,9268738.93,Giao dịch mua bán,HR,CUST0198,VEND0159,Asset,IAS 16,Asset,IAS 16
12/08/2024,CT898391,152,331,13865937.79,Giao dịch mua bán,Sales,CUST0029,VEND0193,Asset,IAS 16,Asset,IAS 16
03/06/2024,CT866778,632,642,10839102.27,Giao dịch mua bán,Finance,CUST0062,VEND0020,Expense,IAS 1,Expense,IAS 1
25/04/2024,CT736179,211,156,8433787.92,Giao dịch mua bán,IT,CUST0180,VEND0163,Asset,IAS 16,Asset,IAS 16
17/04/2024,CT260671,214,152,45575651.31,Giao dịch mua bán,Finance,CUST0085,VEND0150,Asset,IAS 16,Asset,IAS 16
19/09/2024,CT603739,156,131,32172755.67,Giao dịch mua bán,IT,CUST0091,VEND0134,Asset,IAS 16,Asset,IAS 16
18/08/2024,CT824517,642,112,38400054.67,Giao dịch mua bán,Finance,CUST0152,VEND0061,Expense,IAS 1,Expense,IAS 1
25/07/2024,CT590886,211,152,17827145.09,Giao dịch mua bán,IT,CUST0046,VEND0074,Asset,IAS 16,Asset,IAS 16
12/09/2024,DUPLICATE,156,112,30538573.38,Giao dịch mua bán,HR,CUST0083,VEND0023,Asset,IAS 16,Asset,IAS 16
11/01/2024,CT250470,211,642,11697631.9,Giao dịch mua bán,HR,CUST0181,VEND0015,Asset,IAS 16,Asset,IAS 16
07/06/2024,CT894822,331,642,16296856.68,Giao dịch mua bán,Finance,CUST0138,VEND0143,Liability,IAS 37,Liability,IAS 37
12/08/2024,CT840338,111,511,26727799.43,Giao dịch mua bán,IT,CUST0164,VEND0150,Asset,IAS 16,Asset,IAS 16
11/04/2024,CT480197,331,152,32171536.53,Giao dịch mua bán,Production,CUST0099,VEND0085,Liability,IAS 37,Liability,IAS 37
11/12/2024,CT432294,111,211,37484882.12,Giao dịch mua bán,Sales,CUST0072,VEND0051,Asset,IAS 16,Asset,IAS 16
10/08/2024,CT942721,632,112,38577747.46,Giao dịch mua bán,HR,CUST0158,VEND0062,Expense,IAS 1,Expense,IAS 1
16/11/2024,CT237216,211,152,22892783.8,Giao dịch mua bán,Sales,CUST0004,VEND0152,Asset,IAS 16,Asset,IAS 16
17/01/2024,CT753154,632,112,3868736.38,Giao dịch mua bán,IT,CUST0096,VEND0160,Expense,IAS 1,Expense,IAS 1
30/01/2024,CT327491,111,112,48718752.35,Giao dịch mua bán,Sales,CUST0048,VEND0162,Asset,IAS 16,Asset,IAS 16
14/10/2024,CT950926,331,131,566978.63,Giao dịch mua bán,Sales,CUST0169,VEND0140,Liability,IAS 37,Liability,IAS 37
10/04/2024,CT231797,112,156,40782877.09,Giao dịch mua bán,Finance,CUST0071,VEND0156,Asset,IAS 16,Asset,IAS 16
31/01/2024,CT097711,131,111,23203016.76,Giao dịch mua bán,HR,CUST0058,VEND0149,Asset,IAS 16,Asset,IAS 16
11/12/2024,CT465058,156,211,49272538.89,Giao dịch mua bán,Production,CUST0141,VEND0142,Asset,IAS 16,Asset,IAS 16
18/09/2024,CT437169,632,331,39060904.19,Giao dịch mua bán,Production,CUST0151,VEND0199,Expense,IAS 1,Expense,IAS 1
21/09/2024,CT236123,112,642,24625174.49,Giao dịch mua bán,Finance,CUST0176,VEND0161,Asset,IAS 16,Asset,IAS 16
14/08/2024,CT389779,152,131,27190391.37,Giao dịch mua bán,IT,CUST0143,VEND0160,Asset,IAS 16,Asset,IAS 16
15/03/2024,CT331586,152,211,30908956.09,Giao dịch mua bán,Finance,CUST0112,VEND0125,Asset,IAS 16,Asset,IAS 16
14/07/2024,CT449708,214,642,36457477.16,Giao dịch mua bán,Sales,CUST0021,VEND0124,Asset,IAS 16,Asset,IAS 16
19/05/2024,CT366204,214,211,27333745.68,Giao dịch mua bán,Production,CUST0168,VEND0186,Asset,IAS 16,Asset,IAS 16
28/06/2024,CT058107,152,131,26949224.94,Giao dịch mua bán,Finance,CUST0106,VEND0184,Asset,IAS 16,Asset,IAS 16
21/10/2024,CT800530,511,152,36079372.26,Giao dịch mua bán,HR,CUST0045,VEND0161,Revenue,IFRS 15,Revenue,IFRS 15
01/01/2024,CT139808,156,112,49430551.52,Giao dịch mua bán,HR,CUST0059,VEND0118,Asset,IAS 16,Asset,IAS 16
09/02/2024,CT772120,214,331,11373627.56,Giao dịch mua bán,IT,CUST0166,VEND0156,Asset,IAS 16,Asset,IAS 16
22/11/2024,CT950554,156,111,14931726.21,Giao dịch mua bán,IT,CUST0161,VEND0134,Asset,IAS 16,Asset,IAS 16
20/08/2024,CT640046,112,214,11416095.67,Giao dịch mua bán,Sales,CUST0150,VEND0088,Asset,IAS 16,Asset,IAS 16
29/03/2024,CT774545,112,112,13458771.15,Giao dịch mua bán,Production,CUST0184,VEND0037,Asset,IAS 16,Asset,IAS 16
15/03/2024,CT823942,131,511,23004346.58,Giao dịch mua bán,Finance,CUST0032,VEND0056,Asset,IAS 16,Asset,IAS 16
18/07/2024,CT222541,152,632,27408774.92,Giao dịch mua bán,HR,CUST0008,VEND0122,Asset,IAS 16,Asset,IAS 16
27/04/2024,CT447268,642,511,4572313.22,Giao dịch mua bán,Finance,CUST0185,VEND0051,Expense,IAS 1,Expense,IAS 1
03/02/2024,CT243128,156,111,24213182.34,Giao dịch mua bán,Finance,CUST0092,VEND0040,Asset,IAS 16,Asset,IAS 16
23/05/2024,CT395179,642,112,43874572.6,Giao dịch mua bán,HR,CUST0010,VEND0078,Expense,IAS 1,Expense,IAS 1
03/09/2024,CT441181,632,632,23498319.16,Giao dịch mua bán,HR,CUST0146,VEND0052,Expense,IAS 1,Expense,IAS 1
29/10/2024,CT810683,111,131,3351023.78,Giao dịch mua bán,IT,CUST0064,VEND0045,Asset,IAS 16,Asset,IAS 16
01/10/2024,CT993367,111,211,29610921.37,Giao dịch mua bán,Sales,CUST0191,VEND0022,Asset,IAS 16,Asset,IAS 16
06/07/2024,CT273457,642,112,33449362.58,Giao dịch mua bán,Production,CUST0144,VEND0132,Expense,IAS 1,Expense,IAS 1
16/12/2024,CT577028,214,331,45214899.02,Giao dịch mua bán,Sales,CUST0083,VEND0027,Asset,IAS 16,Asset,IAS 16
13/02/2024,CT233462,152,642,25572445.3,Giao dịch mua bán,IT,CUST0058,VEND0177,Asset,IAS 16,Asset,IAS 16
25/04/2024,CT656782,156,111,12671076.16,Giao dịch mua bán,IT,CUST0070,VEND0095,Asset,IAS 16,Asset,IAS 16
24/02/2024,CT092398,511,152,16224687.51,Giao dịch mua bán,HR,CUST0179,VEND0068,Revenue,IFRS 15,Revenue,IFRS 15
02/01/2024,CT984239,214,112,10105427.86,Giao dịch mua bán,Sales,CUST0117,VEND0124,Asset,IAS 16,Asset,IAS 16
28/01/2024,CT784775,111,131,47446235.51,Giao dịch mua bán,HR,CUST0139,VEND0068,Asset,IAS 16,Asset,IAS 16
26/08/2024,CT109913,214,331,4015995.12,Giao dịch mua bán,Sales,CUST0092,VEND0104,Asset,IAS 16,Asset,IAS 16
05/05/2024,CT318449,642,131,30939866.61,Giao dịch mua bán,Sales,CUST0026,VEND0149,Expense,IAS 1,Expense,IAS 1
23/09/2024,CT691968,511,211,15951062.61,Giao dịch mua bán,IT,CUST0123,VEND0122,Revenue,IFRS 15,Revenue,IFRS 15
09/10/2024,CT478371,156,152,2292942.93,Giao dịch mua bán,Sales,CUST0012,VEND0140,Asset,IAS 16,Asset,IAS 16
13/12/2024,CT352469,642,331,41411707.66đ,Giao dịch mua bán,IT,CUST0142,VEND0133,Expense,IAS 1,Expense,IAS 1
08/01/2024,CT594355,152,211,49108338.43,Giao dịch mua bán,IT,CUST0096,VEND0183,Asset,IAS 16,Asset,IAS 16
26/02/2024,CT056322,642,131,49110217.6,Giao dịch mua bán,HR,CUST0049,VEND0059,Expense,IAS 1,Expense,IAS 1
13/02/2024,CT626169,642,331,38816649.82,Giao dịch mua bán,IT,CUST0122,VEND0051,Expense,IAS 1,Expense,IAS 1
21/10/2024,CT084373,156,331,14410403.67,Giao dịch mua bán,Finance,CUST0061,VEND0066,Asset,IAS 16,Asset,IAS 16
12/02/2024,CT571342,156,331,17312976.22,Giao dịch mua bán,HR,CUST0179,VEND0096,Asset,IAS 16,Asset,IAS 16
31/12/2024,CT187284,214,331,19619090.33,Giao dịch mua bán,Production,CUST0198,VEND0009,Asset,IAS 16,Asset,IAS 16
28/03/2024,CT705322,331,112,39031057.71,Giao dịch mua bán,Production,CUST0024,VEND0108,Liability,IAS 37,Liability,IAS 37
04/01/2024,CT232827,511,131,20029430.5,Giao dịch mua bán,HR,CUST0185,VEND0113,Revenue,IFRS 15,Revenue,IFRS 15
18/10/2024,CT658077,112,112,14651428.09,Giao dịch mua bán,Production,CUST0132,VEND0175,Asset,IAS 16,Asset,IAS 16
07/02/2024,CT453910,632,131,3514181.58,Giao dịch mua bán,Sales,CUST0031,VEND0123,Expense,IAS 1,Expense,IAS 1
03/04/2024,CT068066,112,511,6092472.95,Giao dịch mua bán,HR,CUST0129,VEND0192,Asset,IAS 16,Asset,IAS 16
11/07/2024,CT199617,214,331,44847186.85,Giao dịch mua bán,IT,CUST0072,VEND0104,Asset,IAS 16,Asset,IAS 16
01/02/2024,CT719034,511,156,4826003.79,Giao dịch mua bán,IT,CUST0043,VEND0168,Revenue,IFRS 15,Revenue,IFRS 15
26/09/2024,CT655948,642,111,18722254.45,Giao dịch mua bán,IT,CUST0042,VEND0006,Expense,IAS 1,Expense,IAS 1
30/09/2024,CT570331,112,111,139228.58,Giao dịch mua bán,Sales,CUST0087,VEND0038,Asset,IAS 16,Asset,IAS 16
17/02/2024,CT353652,214,642,43628273.12,Giao dịch mua bán,Finance,CUST0096,VEND0120,Asset,IAS 16,Asset,IAS 16
04/03/2024,CT462946,131,152,44578340.21,Giao dịch mua bán,IT,CUST0176,VEND0017,Asset,IAS 16,Asset,IAS 16
24/11/2024,CT875833,111,131,40098075.13,Giao dịch mua bán,Production,CUST0171,VEND0125,Asset,IAS 16,Asset,IAS 16
11/12/2024,CT270052,511,511,10684300.44,Giao dịch mua bán,Sales,CUST0170,VEND0044,Revenue,IFRS 15,Revenue,IFRS 15
16/03/2024,CT123865,111,152,8555412.36,Giao dịch mua bán,Finance,CUST0094,VEND0100,Asset,IAS 16,Asset,IAS 16
24/07/2024,CT454630,131,511,24683771.09,Giao dịch mua bán,HR,CUST0011,VEND0032,Asset,IAS 16,Asset,IAS 16
21/01/2024,CT608222,211,214,27590211.67,Giao dịch mua bán,HR,CUST0084,VEND0153,Asset,IAS 16,Asset,IAS 16
13/11/2024,CT143503,131,331,44839880.87,Giao dịch mua bán,Finance,CUST0040,VEND0159,Asset,IAS 16,Asset,IAS 16
11/05/2024,CT013756,112,156,22161115.88,Giao dịch mua bán,Finance,CUST0113,VEND0079,Asset,IAS 16,Asset,IAS 16
16/12/2024,CT356229,156,331,1452872.93,Giao dịch mua bán,IT,CUST0090,VEND0038,Asset,IAS 16,Asset,IAS 16
16/02/2024,CT353495,642,131,17394401.09,Giao dịch mua bán,Sales,CUST0027,VEND0117,Expense,IAS 1,Expense,IAS 1
28/08/2024,CT022199,211,511,22041060.73,Giao dịch mua bán,Finance,CUST0083,VEND0039,Asset,IAS 16,Asset,IAS 16
24/10/2024,CT344844,211,152,9229734.38,Giao dịch mua bán,Finance,CUST0112,VEND0167,Asset,IAS 16,Asset,IAS 16
18/04/2024,CT764484,156,211,42144815.93,Giao dịch mua bán,Sales,CUST0031,VEND0170,Asset,IAS 16,Asset,IAS 16
15/11/2024,CT442540,632,331,40646338.77,Giao dịch mua bán,HR,CUST0104,VEND0174,Expense,IAS 1,Expense,IAS 1
10/09/2024,CT385269,214,642,10563609.46,Giao dịch mua bán,Sales,CUST0023,VEND0159,Asset,IAS 16,Asset,IAS 16
23/11/2024,CT787166,211,112,28733365.64,Giao dịch mua bán,Production,CUST0033,VEND0057,Asset,IAS 16,Asset,IAS 16
09/09/2024,CT000500,152,152,8308342.58,Giao dịch mua bán,Production,CUST0145,VEND0123,Asset,IAS 16,Asset,IAS 16
23/04/2024,CT847754,131,131,44463513.1,Giao dịch mua bán,IT,CUST0057,VEND0060,Asset,IAS 16,Asset,IAS 16
06/06/2024,CT308926,111,112,46784457.93,Giao dịch mua bán,Sales,CUST0079,VEND0117,Asset,IAS 16,Asset,IAS 16
13/03/2024,CT815494,211,131,17975833.54,Giao dịch mua bán,Production,CUST0193,VEND0141,Asset,IAS 16,Asset,IAS 16
08/06/2024,CT107604,152,331,17317674.26,Giao dịch mua bán,IT,CUST0154,VEND0173,Asset,IAS 16,Asset,IAS 16
21/07/2024,CT657835,211,214,46375407.9,Giao dịch mua bán,Production,CUST0033,VEND0124,Asset,IAS 16,Asset,IAS 16
12/04/2024,CT677375,642,331,20068523.76,Giao dịch mua bán,HR,CUST0028,VEND0154,Expense,IAS 1,Expense,IAS 1
26/06/2024,CT803491,112,511,30484970.12,Giao dịch mua bán,Finance,CUST0089,VEND0033,Asset,IAS 16,Asset,IAS 16
30/01/2024,CT413432,214,511,41303879.28,Giao dịch mua bán,Sales,CUST0099,VEND0118,Asset,IAS 16,Asset,IAS 16
01/06/2024,CT584007,211,511,37529963.03,Giao dịch mua bán,HR,CUST0061,VEND0077,Asset,IAS 16,Asset,IAS 16
30/12/2024,CT786017,642,152,18300684.63,Giao dịch mua bán,Production,CUST0133,VEND0081,Expense,IAS 1,Expense,IAS 1
02/01/2024,CT648130,211,131,27445813.7,Giao dịch mua bán,Sales,CUST0146,VEND0138,Asset,IAS 16,Asset,IAS 16
04/02/2024,CT371299,112,112,36244036.46,Giao dịch mua bán,Sales,CUST0111,VEND0091,Asset,IAS 16,Asset,IAS 16
17/09/2024,CT360912,156,214,2513456.42,Giao dịch mua bán,IT,CUST0127,VEND0057,Asset,IAS 16,Asset,IAS 16
08/08/2024,CT759468,214,632,25115534.52,Giao dịch mua bán,Finance,CUST0177,VEND0016,Asset,IAS 16,Asset,IAS 16
10/11/2024,CT543464,111,214,22580296.41,Giao dịch mua bán,Production,CUST0002,VEND0184,Asset,IAS 16,Asset,IAS 16
25/06/2024,CT574899,131,214,13496370.82,Giao dịch mua bán,Production,CUST0163,VEND0053,Asset,IAS 16,Asset,IAS 16
04/08/2024,DUPLICATE,214,511,47824211.55,Giao dịch mua bán,Finance,CUST0170,VEND0172,Asset,IAS 16,Asset,IAS 16
26/08/2024,CT494648,131,156,49357868.64,Giao dịch mua bán,Production,CUST0030,VEND0123,Asset,IAS 16,Asset,IAS 16
30/10/2024,CT538133,331,632,15348133.34,Giao dịch mua bán,IT,CUST0071,VEND0189,Liability,IAS 37,Liability,IAS 37
17/05/2024,CT063543,214,632,7764713.14,Giao dịch mua bán,IT,CUST0126,VEND0083,Asset,IAS 16,Asset,IAS 16
29/02/2024,CT074130,112,214,8062136.81,Giao dịch mua bán,Production,CUST0110,VEND0099,Asset,IAS 16,Asset,IAS 16
20/12/2024,CT986976,131,331,27026746.28,Giao dịch mua bán,Finance,CUST0059,VEND0171,Asset,IAS 16,Asset,IAS 16
26/03/2024,CT896700,111,211,32317134.21,Giao dịch mua bán,IT,CUST0048,VEND0127,Asset,IAS 16,Asset,IAS 16
22/03/2024,CT563284,131,152,42080690.29,Giao dịch mua bán,Production,CUST0053,VEND0078,Asset,IAS 16,Asset,IAS 16
02/02/2024,CT860032,152,156,14705145.1,Giao dịch mua bán,HR,CUST0113,VEND0141,Asset,IAS 16,Asset,IAS 16
18/12/2024,CT043816,156,211,7577964.17,Giao dịch mua bán,Production,CUST0081,VEND0164,Asset,IAS 16,Asset,IAS 16
13/08/2024,CT279056,131,214,2396043.49,Giao dịch mua bán,Finance,CUST0169,VEND0133,Asset,IAS 16,Asset,IAS 16
03/03/2024,CT265681,112,156,5072247.65,Giao dịch mua bán,IT,CUST0060,VEND0091,Asset,IAS 16,Asset,IAS 16
13/02/2024,CT291563,156,131,9098723.18,Giao dịch mua bán,Finance,CUST0186,VEND0199,Asset,IAS 16,Asset,IAS 16
01/08/2024,CT105993,156,214,14066491.08,Giao dịch mua bán,Finance,CUST0119,VEND0152,Asset,IAS 16,Asset,IAS 16
13/11/2024,CT175129,112,112,37433055.67,Giao dịch mua bán,HR,CUST0196,VEND0169,Asset,IAS 16,Asset,IAS 16
11/09/2024,CT856286,211,131,40691558.63,Giao dịch mua bán,HR,CUST0052,VEND0077,Asset,IAS 16,Asset,IAS 16
11/01/2024,CT310198,214,131,46351778.35,Giao dịch mua bán,Sales,CUST0014,VEND0028,Asset,IAS 16,Asset,IAS 16
27/06/2024,CT825423,156,214,12415684.24,Giao dịch mua bán,Finance,CUST0190,VEND0037,Asset,IAS 16,Asset,IAS 16
06/06/2024,CT707955,511,331,35511845.77,Giao dịch mua bán,HR,CUST0128,VEND0154,Revenue,IFRS 15,Revenue,IFRS 15
15/10/2024,CT922539,642,632,44270719.44,Giao dịch mua bán,Finance,CUST0187,VEND0150,Expense,IAS 1,Expense,IAS 1
27/03/2024,CT854037,152,111,46294141.08,Giao dịch mua bán,Sales,CUST0105,VEND0046,Asset,IAS 16,Asset,IAS 16
24/10/2024,CT481801,211,111,17466656,Giao dịch mua bán,Production,CUST0144,VEND0143,Asset,IAS 16,Asset,IAS 16
03/02/2024,CT522198,111,152,42807628.23,Giao dịch mua bán,Finance,CUST0030,VEND0090,Asset,IAS 16,Asset,IAS 16
03/09/2024,CT833636,511,642,47217216.69,Giao dịch mua bán,Sales,CUST0056,VEND0063,Revenue,IFRS 15,Revenue,IFRS 15
30/05/2024,CT333587,214,211,34493188.73,Giao dịch mua bán,Sales,CUST0101,VEND0177,Asset,IAS 16,Asset,IAS 16
21/02/2024,CT396194,214,112,22348199.23,Giao dịch mua bán,Production,CUST0043,VEND0147,Asset,IAS 16,Asset,IAS 16
07/01/2024,CT975303,111,511,10130120.7,Giao dịch mua bán,Production,CUST0173,VEND0060,Asset,IAS 16,Asset,IAS 16
27/10/2024,CT919180,511,111,26673599.73,Giao dịch mua bán,Sales,CUST0106,VEND0044,Revenue,IFRS 15,Revenue,IFRS 15
10/10/2024,CT607734,131,112,48320828.74,Giao dịch mua bán,Sales,CUST0057,VEND0197,Asset,IAS 16,Asset,IAS 16
12/12/2024,CT131900,131,152,37965373.41,Giao dịch mua bán,HR,CUST0082,VEND0144,Asset,IAS 16,Asset,IAS 16
08/08/2024,CT535613,331,214,45207194.52,Giao dịch mua bán,Finance,CUST0080,VEND0179,Liability,IAS 37,Liability,IAS 37
06/02/2024,CT511669,131,214,27418729.77,Giao dịch mua bán,IT,CUST0039,VEND0193,Asset,IAS 16,Asset,IAS 16
06/03/2024,CT798438,152,511,38749533.35đ,Giao dịch mua bán,Finance,CUST0148,VEND0061,Asset,IAS 16,Asset,IAS 16
14/02/2024,CT990562,111,511,48758442.21,Giao dịch mua bán,HR,CUST0045,VEND0057,Asset,IAS 16,Asset,IAS 16
09/12/2024,DUPLICATE,632,331,32159137.11,Giao dịch mua bán,Finance,CUST0085,VEND0152,Expense,IAS 1,Expense,IAS 1
08/07/2024,CT758504,511,511,5287893.74,Giao dịch mua bán,Production,CUST0086,VEND0013,Revenue,IFRS 15,Revenue,IFRS 15
18/12/2024,CT835276,511,632,40818221.32,Giao dịch mua bán,HR,CUST0148,VEND0088,Revenue,IFRS 15,Revenue,IFRS 15
21/10/2024,CT494317,111,152,37472887.52,Giao dịch mua bán,Production,CUST0150,VEND0058,Asset,IAS 16,Asset,IAS 16
11/11/2024,CT808825,111,112,45051382.41,Giao dịch mua bán,HR,CUST0098,VEND0104,Asset,IAS 16,Asset,IAS 16
18/09/2024,CT346396,152,511,43484593.23,Giao dịch mua bán,Sales,CUST0137,VEND0132,Asset,IAS 16,Asset,IAS 16
05/07/2024,CT822771,214,152,36101315.71,Giao dịch mua bán,Sales,CUST0068,VEND0070,Asset,IAS 16,Asset,IAS 16
04/07/2024,CT400612,211,112,12130644.04,Giao dịch mua bán,HR,CUST0162,VEND0017,Asset,IAS 16,Asset,IAS 16
22/01/2024,CT599458,131,642,34824218.18,Giao dịch mua bán,Finance,CUST0125,VEND0104,Asset,IAS 16,Asset,IAS 16
03/03/2024,CT615031,131,331,29913881.77,Giao dịch mua bán,Sales,CUST0066,VEND0031,Asset,IAS 16,Asset,IAS 16
16/10/2024,CT198412,156,111,3675743.8,Giao dịch mua bán,Sales,CUST0039,VEND0097,Asset,IAS 16,Asset,IAS 16
10/10/2024,CT884148,511,112,43157072.86,Giao dịch mua bán,IT,CUST0191,VEND0168,Revenue,IFRS 15,Revenue,IFRS 15
27/02/2024,CT724067,642,214,32003213.98,Giao dịch mua bán,IT,CUST0109,VEND0015,Expense,IAS 1,Expense,IAS 1
02/04/2024,CT584247,156,331,1733412.03,Giao dịch mua bán,Sales,CUST0116,VEND0010,Asset,IAS 16,Asset,IAS 16
04/11/2024,CT817485,131,156,15465837.54,Giao dịch mua bán,Finance,CUST0151,VEND0107,Asset,IAS 16,Asset,IAS 16
13/10/2024,CT382676,156,632,1649539.71,Giao dịch mua bán,IT,CUST0134,VEND0012,Asset,IAS 16,Asset,IAS 16
18/10/2024,CT134770,152,331,38189821.4,Giao dịch mua bán,HR,CUST0068,VEND0151,Asset,IAS 16,Asset,IAS 16
23/01/2024,CT575490,156,214,1229613.38,Giao dịch mua bán,HR,CUST0099,VEND0161,Asset,IAS 16,Asset,IAS 16
16/06/2024,CT853041,152,331,36621143.65,Giao dịch mua bán,IT,CUST0101,VEND0149,Asset,IAS 16,Asset,IAS 16
23/06/2024,CT750217,156,642,11521970.36,Giao dịch mua bán,HR,CUST0160,VEND0190,Asset,IAS 16,Asset,IAS 16
14/08/2024,CT115276,152,131,17029857.97,Giao dịch mua bán,Production,CUST0051,VEND0139,Asset,IAS 16,Asset,IAS 16
02/09/2024,CT197720,131,331,43081841.68,Giao dịch mua bán,Sales,CUST0171,VEND0063,Asset,IAS 16,Asset,IAS 16
12/04/2024,CT026841,112,112,36821809.67,Giao dịch mua bán,Production,CUST0056,VEND0018,Asset,IAS 16,Asset,IAS 16
09/12/2024,CT478292,642,211,35173850.1,Giao dịch mua bán,IT,CUST0157,VEND0082,Expense,IAS 1,Expense,IAS 1
01/08/2024,CT101263,152,111,28723391.16,Giao dịch mua bán,Finance,CUST0059,VEND0109,Asset,IAS 16,Asset,IAS 16
11/03/2024,CT510383,511,131,45951248.18,Giao dịch mua bán,Finance,CUST0110,VEND0149,Revenue,IFRS 15,Revenue,IFRS 15
06/05/2024,CT236161,632,214,34815537.14,Giao dịch mua bán,Finance,CUST0007,VEND0134,Expense,IAS 1,Expense,IAS 1
24/07/2024,CT806598,214,131,33651943.85,Giao dịch mua bán,Production,CUST0102,VEND0035,Asset,IAS 16,Asset,IAS 16
16/04/2024,CT511865,642,211,46541913.48,Giao dịch mua bán,Sales,CUST0117,VEND0056,Expense,IAS 1,Expense,IAS 1
04/09/2024,CT354789,632,511,17961796.33,Giao dịch mua bán,IT,CUST0040,VEND0103,Expense,IAS 1,Expense,IAS 1
04/01/2024,CT655571,131,211,10205929.17,Giao dịch mua bán,Finance,CUST0185,VEND0162,Asset,IAS 16,Asset,IAS 16
31/05/2024,CT647788,152,511,34907382.34đ,Giao dịch mua bán,IT,CUST0177,VEND0182,Asset,IAS 16,Asset,IAS 16
24/02/2024,CT632423,156,632,3291103.35,Giao dịch mua bán,IT,CUST0078,VEND0007,Asset,IAS 16,Asset,IAS 16
03/07/2024,CT036808,112,632,49477881.55,Giao dịch mua bán,IT,CUST0029,VEND0145,Asset,IAS 16,Asset,IAS 16
26/01/2024,CT137943,111,632,42111421.14,Giao dịch mua bán,IT,CUST0142,VEND0053,Asset,IAS 16,Asset,IAS 16
18/10/2024,CT992508,214,642,14864521.54,Giao dịch mua bán,IT,CUST0092,VEND0021,Asset,IAS 16,Asset,IAS 16
19/06/2024,CT913150,214,214,8146351.09,Giao dịch mua bán,Finance,CUST0125,VEND0160,Asset,IAS 16,Asset,IAS 16
26/09/2024,CT492907,214,112,34556177.45,Giao dịch mua bán,Finance,CUST0017,VEND0069,Asset,IAS 16,Asset,IAS 16
15/09/2024,CT491693,211,152,28932517.17,Giao dịch mua bán,IT,CUST0112,VEND0118,Asset,IAS 16,Asset,IAS 16
04/09/2024,CT475457,111,131,17355412.65,Giao dịch mua bán,Production,CUST0004,VEND0066,Asset,IAS 16,Asset,IAS 16
16/08/2024,CT554378,112,632,31645356.22,Giao dịch mua bán,HR,CUST0009,VEND0188,Asset,IAS 16,Asset,IAS 16
26/06/2024,CT018432,642,331,4399774.33,Giao dịch mua bán,IT,CUST0194,VEND0161,Expense,IAS 1,Expense,IAS 1
11/03/2024,CT742977,111,156,13352555.67,Giao dịch mua bán,Production,CUST0199,VEND0025,Asset,IAS 16,Asset,IAS 16
03/02/2024,CT188820,156,211,12502073.76,Giao dịch mua bán,Finance,CUST0051,VEND0042,Asset,IAS 16,Asset,IAS 16
18/09/2024,CT250741,156,131,5483041.07,Giao dịch mua bán,Finance,CUST0110,VEND0176,Asset,IAS 16,Asset,IAS 16
04/06/2024,CT814800,214,211,28463818.68,Giao dịch mua bán,HR,CUST0178,VEND0197,Asset,IAS 16,Asset,IAS 16
10/11/2024,CT143761,152,152,37167110.78,Giao dịch mua bán,Production,CUST0175,VEND0168,Asset,IAS 16,Asset,IAS 16
03/06/2024,CT278549,111,211,3536732.26,Giao dịch mua bán,IT,CUST0096,VEND0106,Asset,IAS 16,Asset,IAS 16
28/10/2024,CT336227,131,632,3246709.31,Giao dịch mua bán,Finance,CUST0056,VEND0168,Asset,IAS 16,Asset,IAS 16
20/03/2024,CT195604,511,211,11573200.57,Giao dịch mua bán,IT,CUST0132,VEND0190,Revenue,IFRS 15,Revenue,IFRS 15
04/11/2024,CT687068,214,156,23365278.2,Giao dịch mua bán,HR,CUST0140,VEND0184,Asset,IAS 16,Asset,IAS 16
19/02/2024,CT292053,511,111,34226001.46,Giao dịch mua bán,HR,CUST0152,VEND0095,Revenue,IFRS 15,Revenue,IFRS 15
21/08/2024,CT295233,642,111,47560983.46,Giao dịch mua bán,IT,CUST0051,VEND0038,Expense,IAS 1,Expense,IAS 1
01/06/2024,CT163588,211,156,19363057.32,Giao dịch mua bán,Sales,CUST0182,VEND0109,Asset,IAS 16,Asset,IAS 16
10/01/2024,CT722464,211,211,42913232.49,Giao dịch mua bán,Production,CUST0198,VEND0124,Asset,IAS 16,Asset,IAS 16
07/05/2024,CT478466,156,111,20108404.24,Giao dịch mua bán,HR,CUST0107,VEND0096,Asset,IAS 16,Asset,IAS 16
14/03/2024,CT836974,642,642,11771755.21,Giao dịch mua bán,Sales,CUST0027,VEND0172,Expense,IAS 1,Expense,IAS 1
11/08/2024,CT453752,156,511,13030997.5,Giao dịch mua bán,IT,CUST0103,VEND0083,Asset,IAS 16,Asset,IAS 16
02/09/2024,CT148028,511,156,14890991.09,Giao dịch mua bán,HR,CUST0088,VEND0134,Revenue,IFRS 15,Revenue,IFRS 15
17/02/2024,CT352753,152,112,37190030.04,Giao dịch mua bán,Production,CUST0018,VEND0078,Asset,IAS 16,Asset,IAS 16
15/12/2024,CT582023,642,211,8221862.2,Giao dịch mua bán,Production,CUST0191,VEND0004,Expense,IAS 1,Expense,IAS 1
30/05/2024,CT573164,642,214,4459451.58,Giao dịch mua bán,Production,CUST0023,VEND0002,Expense,IAS 1,Expense,IAS 1
08/05/2024,CT249162,214,111,40960374.42,Giao dịch mua bán,HR,CUST0074,VEND0026,Asset,IAS 16,Asset,IAS 16
11/09/2024,CT246833,156,331,42543434.38,Giao dịch mua bán,Finance,CUST0052,VEND0097,Asset,IAS 16,Asset,IAS 16
11/03/2024,CT861751,511,331,37607587.45,Giao dịch mua bán,Production,CUST0173,VEND0088,Revenue,IFRS 15,Revenue,IFRS 15
11/04/2024,CT893543,211,156,2974987.26,Giao dịch mua bán,Sales,CUST0107,VEND0004,Asset,IAS 16,Asset,IAS 16
24/03/2024,CT933442,112,211,13294986.41,Giao dịch mua bán,Production,CUST0034,VEND0123,Asset,IAS 16,Asset,IAS 16
21/10/2024,CT036782,156,331,47185436.39,Giao dịch mua bán,Sales,CUST0047,VEND0008,Asset,IAS 16,Asset,IAS 16
10/09/2024,CT115338,156,156,12333772.98,Giao dịch mua bán,HR,CUST0043,VEND0074,Asset,IAS 16,Asset,IAS 16
