Ngày CT,Số CT,TK Nợ,TK Có,Số tiền,Nội dung,Bộ phận,Mã KH,Mã NCC,IFRS_Category,IFRS_Standard,IFRS_Category,IFRS_Standard
21/08/2024,CT492827,642,511,23260757.66đ,Giao dịch mua bán,Finance,CUST0053,VEND0073,Expense,IAS 1,Expense,IAS 1
24/06/2024,CT985047,156,632,24405226.53đ,Giao dịch mua bán,Finance,CUST0124,VEND0111,Asset,IAS 16,Asset,IAS 16
22/04/2024,CT569285,111,642,30251293.3đ,Giao dịch mua bán,HR,CUST0189,VEND0170,Asset,IAS 16,Asset,IAS 16
06/05/2024,CT683483,152,211,4132138.28đ,Giao dịch mua bán,Sales,CUST0149,VEND0118,Asset,IAS 16,Asset,IAS 16
01/02/2024,CT338957,511,331,21600536.14đ,Giao dịch mua bán,HR,CUST0078,VEND0156,Revenue,IFRS 15,Revenue,IFRS 15
05/08/2024,CT089269,112,331,7869325.81đ,Giao dịch mua bán,Production,CUST0112,VEND0050,Asset,IAS 16,Asset,IAS 16
04/08/2024,CT746862,211,642,11486852.84đ,Giao dịch mua bán,HR,CUST0063,VEND0131,Asset,IAS 16,Asset,IAS 16
14/12/2024,CT301731,511,111,24765610.76đ,Giao dịch mua bán,Sales,CUST0182,VEND0025,Revenue,IFRS 15,Revenue,IFRS 15
09/11/2024,CT834196,152,331,29283788.88đ,Giao dịch mua bán,Production,CUST0058,VEND0029,Asset,IAS 16,Asset,IAS 16
19/05/2024,CT313305,632,331,20972026.72đ,Giao dịch mua bán,Production,CUST0032,VEND0100,Expense,IAS 1,Expense,IAS 1
18/08/2024,CT365015,632,214,40418163.46đ,Giao dịch mua bán,Production,CUST0183,VEND0085,Expense,IAS 1,Expense,IAS 1
11/11/2024,CT787937,152,214,1041511.77đ,Giao dịch mua bán,Sales,CUST0006,VEND0129,Asset,IAS 16,Asset,IAS 16
19/12/2024,CT014341,156,511,37557169.57đ,Giao dịch mua bán,Finance,CUST0015,VEND0195,Asset,IAS 16,Asset,IAS 16
25/12/2024,CT384791,152,156,32835140.6đ,Giao dịch mua bán,HR,CUST0114,VEND0050,Asset,IAS 16,Asset,IAS 16
20/05/2024,DUPLICATE,642,632,48297155.14đ,Giao dịch mua bán,Finance,CUST0191,VEND0086,Expense,IAS 1,Expense,IAS 1
06/12/2024,CT221718,152,152,33939331đ,Giao dịch mua bán,HR,CUST0089,VEND0093,Asset,IAS 16,Asset,IAS 16
18/06/2024,CT352854,131,632,48737092.58đ,Giao dịch mua bán,Sales,CUST0067,VEND0003,Asset,IAS 16,Asset,IAS 16
17/01/2024,CT702372,642,131,18056550.93đ,Giao dịch mua bán,IT,CUST0131,VEND0081,Expense,IAS 1,Expense,IAS 1
16/09/2024,CT486321,156,131,27305763.43đ,Giao dịch mua bán,Production,CUST0031,VEND0041,Asset,IAS 16,Asset,IAS 16
12/05/2024,CT701709,112,112,48881375.69đ,Giao dịch mua bán,Finance,CUST0156,VEND0098,Asset,IAS 16,Asset,IAS 16
07/09/2024,CT512478,156,111,21432216.16đ,Giao dịch mua bán,Production,CUST0035,VEND0017,Asset,IAS 16,Asset,IAS 16
09/12/2024,CT142030,131,511,38546188.17đ,Giao dịch mua bán,Finance,CUST0077,VEND0054,Asset,IAS 16,Asset,IAS 16
25/06/2024,CT610628,214,156,1178005.74đ,Giao dịch mua bán,HR,CUST0163,VEND0055,Asset,IAS 16,Asset,IAS 16
14/08/2024,CT956980,211,211,22726272.04đ,Giao dịch mua bán,HR,CUST0053,VEND0095,Asset,IAS 16,Asset,IAS 16
20/10/2024,CT299211,642,642,32982041.8đ,Giao dịch mua bán,Production,CUST0072,VEND0116,Expense,IAS 1,Expense,IAS 1
11/07/2024,CT408532,214,211,11621282.09đ,Giao dịch mua bán,Sales,CUST0096,VEND0028,Asset,IAS 16,Asset,IAS 16
14/02/2024,CT841590,112,331,3031490.92đ,Giao dịch mua bán,IT,CUST0001,VEND0082,Asset,IAS 16,Asset,IAS 16
11/04/2024,CT621270,331,632,22554654.74đ,Giao dịch mua bán,HR,CUST0171,VEND0114,Liability,IAS 37,Liability,IAS 37
18/09/2024,CT979073,112,112,32014209.29đ,Giao dịch mua bán,Finance,CUST0164,VEND0101,Asset,IAS 16,Asset,IAS 16
02/02/2024,CT539916,331,214,1133651.91đ,Giao dịch mua bán,HR,CUST0116,VEND0130,Liability,IAS 37,Liability,IAS 37
29/08/2024,CT062899,214,111,8769658.01đ,Giao dịch mua bán,Sales,CUST0123,VEND0152,Asset,IAS 16,Asset,IAS 16
24/09/2024,CT765273,331,156,39140633.92đ,Giao dịch mua bán,IT,CUST0055,VEND0068,Liability,IAS 37,Liability,IAS 37
20/10/2024,CT736271,111,152,27436610.85đ,Giao dịch mua bán,HR,CUST0069,VEND0179,Asset,IAS 16,Asset,IAS 16
01/08/2024,CT384013,331,214,49135041.71đ,Giao dịch mua bán,Production,CUST0023,VEND0029,Liability,IAS 37,Liability,IAS 37
09/07/2024,CT104024,152,211,24257594.54đ,Giao dịch mua bán,Production,CUST0109,VEND0102,Asset,IAS 16,Asset,IAS 16
12/07/2024,CT645190,642,511,4647677.05đ,Giao dịch mua bán,IT,CUST0037,VEND0049,Expense,IAS 1,Expense,IAS 1
19/10/2024,CT630974,112,331,40396325.81đ,Giao dịch mua bán,Finance,CUST0180,VEND0143,Asset,IAS 16,Asset,IAS 16
20/08/2024,CT776969,642,211,33724976.78đ,Giao dịch mua bán,Finance,CUST0083,VEND0056,Expense,IAS 1,Expense,IAS 1
23/04/2024,CT744789,156,112,37810482.51đ,Giao dịch mua bán,Production,CUST0098,VEND0036,Asset,IAS 16,Asset,IAS 16
21/09/2024,CT097952,632,156,32687605.32đ,Giao dịch mua bán,Sales,CUST0137,VEND0072,Expense,IAS 1,Expense,IAS 1
14/04/2024,CT564026,642,632,35843098.31đ,Giao dịch mua bán,HR,CUST0077,VEND0157,Expense,IAS 1,Expense,IAS 1
06/07/2024,CT430673,131,632,20821109.75đ,Giao dịch mua bán,Sales,CUST0046,VEND0025,Asset,IAS 16,Asset,IAS 16
09/08/2024,CT554271,331,156,14270067.91đ,Giao dịch mua bán,Production,CUST0098,VEND0112,Liability,IAS 37,Liability,IAS 37
19/10/2024,CT703852,111,131,43165524.44đ,Giao dịch mua bán,Sales,CUST0053,VEND0011,Asset,IAS 16,Asset,IAS 16
20/10/2024,CT136833,131,642,5235660.34đ,Giao dịch mua bán,Finance,CUST0101,VEND0089,Asset,IAS 16,Asset,IAS 16
17/09/2024,CT303562,112,511,43753884.83đ,Giao dịch mua bán,HR,CUST0054,VEND0060,Asset,IAS 16,Asset,IAS 16
22/04/2024,CT430863,156,111,5708376.38đ,Giao dịch mua bán,IT,CUST0048,VEND0118,Asset,IAS 16,Asset,IAS 16
23/10/2024,CT454446,331,632,33366498.63đ,Giao dịch mua bán,Sales,CUST0163,VEND0080,Liability,IAS 37,Liability,IAS 37
04/05/2024,DUPLICATE,156,131,17689488.47đ,Giao dịch mua bán,Sales,CUST0158,VEND0100,Asset,IAS 16,Asset,IAS 16
10/02/2024,CT244569,214,511,260576.1đ,Giao dịch mua bán,Finance,CUST0163,VEND0125,Asset,IAS 16,Asset,IAS 16
31/10/2024,CT407884,111,211,14126149.38đ,Giao dịch mua bán,Finance,CUST0050,VEND0154,Asset,IAS 16,Asset,IAS 16
19/07/2024,CT565480,632,111,40988806.55đ,Giao dịch mua bán,Production,CUST0053,VEND0108,Expense,IAS 1,Expense,IAS 1
12/05/2024,CT572568,156,211,29729874.64đ,Giao dịch mua bán,Production,CUST0151,VEND0140,Asset,IAS 16,Asset,IAS 16
01/01/2024,CT415145,642,152,8593321.67đ,Giao dịch mua bán,IT,CUST0172,VEND0169,Expense,IAS 1,Expense,IAS 1
31/07/2024,CT462453,642,331,5742798.16đ,Giao dịch mua bán,HR,CUST0172,VEND0192,Expense,IAS 1,Expense,IAS 1
11/06/2024,CT675186,632,642,43757898.2đ,Giao dịch mua bán,IT,CUST0109,VEND0145,Expense,IAS 1,Expense,IAS 1
02/11/2024,CT598256,214,632,36051516.47đ,Giao dịch mua bán,Production,CUST0098,VEND0134,Asset,IAS 16,Asset,IAS 16
09/03/2024,CT877405,632,642,14303101.15đ,Giao dịch mua bán,Production,CUST0083,VEND0105,Expense,IAS 1,Expense,IAS 1
08/01/2024,CT644314,331,214,21714393.8đ,Giao dịch mua bán,HR,CUST0197,VEND0043,Liability,IAS 37,Liability,IAS 37
23/11/2024,CT667581,211,152,35400848.15đ,Giao dịch mua bán,Finance,CUST0018,VEND0196,Asset,IAS 16,Asset,IAS 16
16/07/2024,CT716076,211,331,9044906.44đ,Giao dịch mua bán,Finance,CUST0120,VEND0153,Asset,IAS 16,Asset,IAS 16
29/12/2024,CT033559,511,131,3828131.66đ,Giao dịch mua bán,IT,CUST0090,VEND0187,Revenue,IFRS 15,Revenue,IFRS 15
25/10/2024,CT693053,211,632,17198339.44đ,Giao dịch mua bán,Sales,CUST0137,VEND0153,Asset,IAS 16,Asset,IAS 16
20/04/2024,CT867345,112,111,42734855.78đ,Giao dịch mua bán,Sales,CUST0105,VEND0181,Asset,IAS 16,Asset,IAS 16
11/10/2024,CT137811,112,156,48251167.09đ,Giao dịch mua bán,Finance,CUST0141,VEND0097,Asset,IAS 16,Asset,IAS 16
18/01/2024,CT979661,111,214,36093091.43đ,Giao dịch mua bán,Finance,CUST0072,VEND0108,Asset,IAS 16,Asset,IAS 16
30/08/2024,CT063983,152,131,30138902.59đ,Giao dịch mua bán,IT,CUST0126,VEND0183,Asset,IAS 16,Asset,IAS 16
10/06/2024,CT531421,111,211,6770401.02đ,Giao dịch mua bán,HR,CUST0078,VEND0113,Asset,IAS 16,Asset,IAS 16
12/03/2024,CT604090,214,642,17528954.31đ,Giao dịch mua bán,Sales,CUST0063,VEND0046,Asset,IAS 16,Asset,IAS 16
14/06/2024,CT736463,111,632,46736948.8đ,Giao dịch mua bán,Finance,CUST0124,VEND0188,Asset,IAS 16,Asset,IAS 16
21/06/2024,CT236290,211,331,17751667.01đ,Giao dịch mua bán,Finance,CUST0173,VEND0020,Asset,IAS 16,Asset,IAS 16
13/02/2024,CT102758,111,156,46353450.52đ,Giao dịch mua bán,Finance,CUST0177,VEND0029,Asset,IAS 16,Asset,IAS 16
07/12/2024,CT029977,131,156,20975991.72đ,Giao dịch mua bán,IT,CUST0066,VEND0061,Asset,IAS 16,Asset,IAS 16
29/04/2024,CT057195,156,152,48719685.03đ,Giao dịch mua bán,Finance,CUST0070,VEND0105,Asset,IAS 16,Asset,IAS 16
19/03/2024,CT878417,156,642,4488944.45đ,Giao dịch mua bán,Finance,CUST0165,VEND0002,Asset,IAS 16,Asset,IAS 16
04/12/2024,CT518145,642,632,45371358.82đ,Giao dịch mua bán,IT,CUST0159,VEND0164,Expense,IAS 1,Expense,IAS 1
29/09/2024,CT500450,214,642,38559116.27đ,Giao dịch mua bán,Production,CUST0190,VEND0115,Asset,IAS 16,Asset,IAS 16
18/07/2024,CT208678,152,511,21694976.11đ,Giao dịch mua bán,Sales,CUST0002,VEND0112,Asset,IAS 16,Asset,IAS 16
15/01/2024,CT642435,642,111,34212176.94đ,Giao dịch mua bán,HR,CUST0050,VEND0016,Expense,IAS 1,Expense,IAS 1
29/09/2024,CT808683,211,111,44978217.06đ,Giao dịch mua bán,HR,CUST0132,VEND0060,Asset,IAS 16,Asset,IAS 16
19/12/2024,CT530400,131,632,33238133.43đ,Giao dịch mua bán,Finance,CUST0051,VEND0116,Asset,IAS 16,Asset,IAS 16
14/12/2024,CT712500,156,331,36559397.44đ,Giao dịch mua bán,Sales,CUST0071,VEND0023,Asset,IAS 16,Asset,IAS 16
12/02/2024,CT288662,642,112,14600109.58đ,Giao dịch mua bán,Finance,CUST0071,VEND0160,Expense,IAS 1,Expense,IAS 1
11/09/2024,CT623681,156,511,2648359.61đ,Giao dịch mua bán,IT,CUST0121,VEND0059,Asset,IAS 16,Asset,IAS 16
06/09/2024,CT574097,152,331,17850323.58đ,Giao dịch mua bán,IT,CUST0092,VEND0100,Asset,IAS 16,Asset,IAS 16
23/07/2024,CT184035,331,112,14799175.55đ,Giao dịch mua bán,Finance,CUST0125,VEND0098,Liability,IAS 37,Liability,IAS 37
20/04/2024,CT327543,214,152,23027839.17đ,Giao dịch mua bán,Production,CUST0090,VEND0048,Asset,IAS 16,Asset,IAS 16
09/11/2024,CT084892,111,111,16849122.72đ,Giao dịch mua bán,Sales,CUST0194,VEND0079,Asset,IAS 16,Asset,IAS 16
25/09/2024,CT839289,211,632,33422687.61đ,Giao dịch mua bán,Sales,CUST0165,VEND0057,Asset,IAS 16,Asset,IAS 16
05/05/2024,CT501335,214,511,30263416.76đ,Giao dịch mua bán,Sales,CUST0174,VEND0085,Asset,IAS 16,Asset,IAS 16
03/10/2024,CT576669,214,211,24113531.93đ,Giao dịch mua bán,Sales,CUST0145,VEND0049,Asset,IAS 16,Asset,IAS 16
30/12/2024,CT648561,214,331,44320757.93đ,Giao dịch mua bán,HR,CUST0015,VEND0178,Asset,IAS 16,Asset,IAS 16
14/02/2024,CT959695,111,511,40188053.27đ,Giao dịch mua bán,IT,CUST0112,VEND0036,Asset,IAS 16,Asset,IAS 16
05/05/2024,CT586150,331,511,4723129.38đ,Giao dịch mua bán,Production,CUST0154,VEND0012,Liability,IAS 37,Liability,IAS 37
26/01/2024,CT951733,511,632,48678485.79đ,Giao dịch mua bán,Production,CUST0130,VEND0100,Revenue,IFRS 15,Revenue,IFRS 15
24/04/2024,CT272888,111,152,36907009.72đ,Giao dịch mua bán,HR,CUST0036,VEND0109,Asset,IAS 16,Asset,IAS 16
11/10/2024,CT914135,156,511,9771179.89đ,Giao dịch mua bán,Sales,CUST0045,VEND0052,Asset,IAS 16,Asset,IAS 16
08/02/2024,CT099231,642,214,9661403.68đ,Giao dịch mua bán,Production,CUST0078,VEND0081,Expense,IAS 1,Expense,IAS 1
14/04/2024,CT079437,156,632,7065950.12đ,Giao dịch mua bán,Production,CUST0107,VEND0114,Asset,IAS 16,Asset,IAS 16
18/07/2024,CT429079,632,211,38140239.29đ,Giao dịch mua bán,Production,CUST0062,VEND0139,Expense,IAS 1,Expense,IAS 1
20/12/2024,CT646349,112,156,34484625.94,Giao dịch mua bán,HR,CUST0157,VEND0016,Asset,IAS 16,Asset,IAS 16
19/04/2024,CT834220,211,112,9539091.92,Giao dịch mua bán,IT,CUST0050,VEND0174,Asset,IAS 16,Asset,IAS 16
17/09/2024,CT419442,632,211,13938753.61,Giao dịch mua bán,IT,CUST0074,VEND0048,Expense,IAS 1,Expense,IAS 1
16/12/2024,CT635679,632,152,21419690.22,Giao dịch mua bán,HR,CUST0175,VEND0113,Expense,IAS 1,Expense,IAS 1
30/06/2024,CT953549,131,632,32547673.72,Giao dịch mua bán,Finance,CUST0182,VEND0090,Asset,IAS 16,Asset,IAS 16
29/01/2024,CT206742,152,511,43411191.59,Giao dịch mua bán,Finance,CUST0008,VEND0021,Asset,IAS 16,Asset,IAS 16
18/10/2024,CT072056,511,642,24913674.64,Giao dịch mua bán,Sales,CUST0130,VEND0008,Revenue,IFRS 15,Revenue,IFRS 15
08/07/2024,CT016418,632,511,34233107.42,Giao dịch mua bán,Sales,CUST0108,VEND0139,Expense,IAS 1,Expense,IAS 1
19/08/2024,CT491292,156,131,19153934.66,Giao dịch mua bán,HR,CUST0004,VEND0155,Asset,IAS 16,Asset,IAS 16
23/11/2024,CT666489,211,156,22444380.51,Giao dịch mua bán,HR,CUST0063,VEND0190,Asset,IAS 16,Asset,IAS 16
07/09/2024,CT090176,131,112,37850516.96,Giao dịch mua bán,Production,CUST0023,VEND0167,Asset,IAS 16,Asset,IAS 16
19/09/2024,CT774925,214,156,2040470.52,Giao dịch mua bán,Production,CUST0196,VEND0185,Asset,IAS 16,Asset,IAS 16
06/02/2024,CT373854,152,214,12031660.51,Giao dịch mua bán,HR,CUST0106,VEND0035,Asset,IAS 16,Asset,IAS 16
07/10/2024,CT459386,111,211,11407384.82,Giao dịch mua bán,IT,CUST0097,VEND0007,Asset,IAS 16,Asset,IAS 16
01/09/2024,CT429284,642,511,25053190.19,Giao dịch mua bán,HR,CUST0101,VEND0119,Expense,IAS 1,Expense,IAS 1
21/05/2024,CT522972,214,156,1715958.88đ,Giao dịch mua bán,IT,CUST0189,VEND0189,Asset,IAS 16,Asset,IAS 16
12/04/2024,CT916015,111,642,26941977.92,Giao dịch mua bán,Sales,CUST0175,VEND0141,Asset,IAS 16,Asset,IAS 16
20/06/2024,CT937653,331,211,7682719.38,Giao dịch mua bán,HR,CUST0148,VEND0177,Liability,IAS 37,Liability,IAS 37
12/07/2024,CT213872,152,156,31986166.22,Giao dịch mua bán,Sales,CUST0005,VEND0186,Asset,IAS 16,Asset,IAS 16
27/08/2024,CT370672,331,156,32448006.05,Giao dịch mua bán,Production,CUST0006,VEND0120,Liability,IAS 37,Liability,IAS 37
02/09/2024,CT302351,511,331,14411052.61,Giao dịch mua bán,IT,CUST0078,VEND0181,Revenue,IFRS 15,Revenue,IFRS 15
09/12/2024,CT324037,131,511,32277815.75,Giao dịch mua bán,HR,CUST0018,VEND0080,Asset,IAS 16,Asset,IAS 16
15/06/2024,CT942989,511,111,698339.59,Giao dịch mua bán,IT,CUST0051,VEND0039,Revenue,IFRS 15,Revenue,IFRS 15
07/12/2024,CT424394,331,642,42598421.23,Giao dịch mua bán,HR,CUST0116,VEND0197,Liability,IAS 37,Liability,IAS 37
12/07/2024,CT393708,131,152,25975119.92,Giao dịch mua bán,Production,CUST0112,VEND0095,Asset,IAS 16,Asset,IAS 16
20/10/2024,CT239340,214,112,30900711.24,Giao dịch mua bán,Finance,CUST0178,VEND0135,Asset,IAS 16,Asset,IAS 16
08/01/2024,CT075764,632,156,4137725.12,Giao dịch mua bán,Finance,CUST0027,VEND0165,Expense,IAS 1,Expense,IAS 1
24/02/2024,CT068878,642,112,18900711.84,Giao dịch mua bán,HR,CUST0102,VEND0176,Expense,IAS 1,Expense,IAS 1
26/06/2024,CT380457,211,511,38909211.16,Giao dịch mua bán,HR,CUST0178,VEND0024,Asset,IAS 16,Asset,IAS 16
22/04/2024,CT576126,112,642,21063850.31,Giao dịch mua bán,HR,CUST0107,VEND0175,Asset,IAS 16,Asset,IAS 16
01/07/2024,CT754203,331,632,46088615.06,Giao dịch mua bán,IT,CUST0199,VEND0088,Liability,IAS 37,Liability,IAS 37
16/06/2024,CT292029,152,152,26128963.76,Giao dịch mua bán,Sales,CUST0069,VEND0018,Asset,IAS 16,Asset,IAS 16
05/08/2024,CT078186,511,152,38800148.99,Giao dịch mua bán,Finance,CUST0164,VEND0043,Revenue,IFRS 15,Revenue,IFRS 15
30/10/2024,CT750804,131,211,44940315.83,Giao dịch mua bán,Finance,CUST0164,VEND0109,Asset,IAS 16,Asset,IAS 16
06/02/2024,CT148850,112,152,19440713.53,Giao dịch mua bán,Finance,CUST0116,VEND0189,Asset,IAS 16,Asset,IAS 16
25/01/2024,CT407793,214,131,25219367.55,Giao dịch mua bán,HR,CUST0135,VEND0176,Asset,IAS 16,Asset,IAS 16
19/08/2024,CT218808,152,211,36431156.94,Giao dịch mua bán,IT,CUST0192,VEND0048,Asset,IAS 16,Asset,IAS 16
29/09/2024,CT410171,211,111,38912758.98,Giao dịch mua bán,HR,CUST0162,VEND0136,Asset,IAS 16,Asset,IAS 16
18/07/2024,CT741638,511,156,898071.67,Giao dịch mua bán,HR,CUST0099,VEND0101,Revenue,IFRS 15,Revenue,IFRS 15
10/09/2024,CT626248,156,632,10973971.03,Giao dịch mua bán,Finance,CUST0161,VEND0128,Asset,IAS 16,Asset,IAS 16
08/11/2024,CT304723,111,642,7777696.68,Giao dịch mua bán,Finance,CUST0194,VEND0191,Asset,IAS 16,Asset,IAS 16
05/03/2024,CT797533,511,112,1790682.74,Giao dịch mua bán,HR,CUST0170,VEND0066,Revenue,IFRS 15,Revenue,IFRS 15
06/04/2024,CT414680,632,211,7178218.9,Giao dịch mua bán,Sales,CUST0155,VEND0137,Expense,IAS 1,Expense,IAS 1
07/04/2024,CT304723,211,511,27419210.56,Giao dịch mua bán,HR,CUST0185,VEND0025,Asset,IAS 16,Asset,IAS 16
24/11/2024,CT373551,131,156,41878160.65,Giao dịch mua bán,HR,CUST0128,VEND0197,Asset,IAS 16,Asset,IAS 16
10/11/2024,CT865307,112,511,24343167.03,Giao dịch mua bán,HR,CUST0154,VEND0173,Asset,IAS 16,Asset,IAS 16
26/02/2024,CT006880,642,642,22025627.2,Giao dịch mua bán,IT,CUST0194,VEND0163,Expense,IAS 1,Expense,IAS 1
26/04/2024,CT117856,331,211,18496413.32,Giao dịch mua bán,HR,CUST0045,VEND0106,Liability,IAS 37,Liability,IAS 37
04/12/2024,CT261249,331,511,19723517.55,Giao dịch mua bán,Sales,CUST0196,VEND0168,Liability,IAS 37,Liability,IAS 37
14/11/2024,CT653775,331,152,37870598.39,Giao dịch mua bán,Production,CUST0007,VEND0144,Liability,IAS 37,Liability,IAS 37
12/09/2024,CT972840,642,632,8255972.11,Giao dịch mua bán,Finance,CUST0187,VEND0100,Expense,IAS 1,Expense,IAS 1
03/12/2024,CT795370,642,156,26938177.07,Giao dịch mua bán,Sales,CUST0095,VEND0083,Expense,IAS 1,Expense,IAS 1
10/07/2024,CT112664,632,156,24464698.84,Giao dịch mua bán,Production,CUST0051,VEND0078,Expense,IAS 1,Expense,IAS 1
09/01/2024,CT643547,131,642,31251069.81,Giao dịch mua bán,HR,CUST0142,VEND0127,Asset,IAS 16,Asset,IAS 16
14/10/2024,CT103724,211,152,49916792.2,Giao dịch mua bán,Production,CUST0164,VEND0047,Asset,IAS 16,Asset,IAS 16
07/10/2024,CT595773,511,156,27581949.91,Giao dịch mua bán,Sales,CUST0091,VEND0142,Revenue,IFRS 15,Revenue,IFRS 15
10/02/2024,CT228213,131,642,49623354.07,Giao dịch mua bán,Production,CUST0112,VEND0039,Asset,IAS 16,Asset,IAS 16
19/12/2024,CT276411,211,511,1314212.93,Giao dịch mua bán,Sales,CUST0149,VEND0087,Asset,IAS 16,Asset,IAS 16
28/11/2024,CT686281,642,112,29331803.14,Giao dịch mua bán,HR,CUST0037,VEND0008,Expense,IAS 1,Expense,IAS 1
15/07/2024,CT802826,111,214,40395138,Giao dịch mua bán,Sales,CUST0135,VEND0033,Asset,IAS 16,Asset,IAS 16
11/10/2024,CT838069,211,632,35609133.29,Giao dịch mua bán,HR,CUST0038,VEND0131,Asset,IAS 16,Asset,IAS 16
28/11/2024,CT398180,331,214,3087105.38,Giao dịch mua bán,HR,CUST0170,VEND0138,Liability,IAS 37,Liability,IAS 37
25/10/2024,CT629919,131,112,431276.25,Giao dịch mua bán,Finance,CUST0189,VEND0107,Asset,IAS 16,Asset,IAS 16
24/06/2024,CT639377,131,331,44932729.16,Giao dịch mua bán,Finance,CUST0044,VEND0001,Asset,IAS 16,Asset,IAS 16
13/01/2024,CT374284,214,111,9692473.73,Giao dịch mua bán,Sales,CUST0058,VEND0067,Asset,IAS 16,Asset,IAS 16
22/02/2024,CT130000,511,211,3739659.03,Giao dịch mua bán,IT,CUST0145,VEND0023,Revenue,IFRS 15,Revenue,IFRS 15
12/02/2024,CT353656,152,632,32551530.84,Giao dịch mua bán,Finance,CUST0186,VEND0164,Asset,IAS 16,Asset,IAS 16
17/06/2024,CT652520,632,152,16403973.33,Giao dịch mua bán,Production,CUST0009,VEND0003,Expense,IAS 1,Expense,IAS 1
07/09/2024,CT896265,511,156,48298985.1,Giao dịch mua bán,Sales,CUST0015,VEND0137,Revenue,IFRS 15,Revenue,IFRS 15
14/11/2024,CT337058,111,331,5425341,Giao dịch mua bán,Production,CUST0012,VEND0021,Asset,IAS 16,Asset,IAS 16
17/09/2024,CT631827,511,131,46006934.23,Giao dịch mua bán,IT,CUST0153,VEND0047,Revenue,IFRS 15,Revenue,IFRS 15
30/06/2024,CT754046,112,331,31595411.61,Giao dịch mua bán,IT,CUST0157,VEND0172,Asset,IAS 16,Asset,IAS 16
25/12/2024,CT120100,211,156,17100128.2,Giao dịch mua bán,IT,CUST0108,VEND0099,Asset,IAS 16,Asset,IAS 16
11/03/2024,CT237912,331,152,504444.3,Giao dịch mua bán,IT,CUST0192,VEND0060,Liability,IAS 37,Liability,IAS 37
09/06/2024,CT503094,511,511,7972096.14,Giao dịch mua bán,Finance,CUST0114,VEND0170,Revenue,IFRS 15,Revenue,IFRS 15
12/07/2024,CT238806,214,111,13927853.6,Giao dịch mua bán,HR,CUST0084,VEND0167,Asset,IAS 16,Asset,IAS 16
24/07/2024,CT065715,111,331,8022968.19,Giao dịch mua bán,Finance,CUST0132,VEND0007,Asset,IAS 16,Asset,IAS 16
09/12/2024,CT608310,632,131,49758217.62,Giao dịch mua bán,Finance,CUST0148,VEND0065,Expense,IAS 1,Expense,IAS 1
07/08/2024,CT209462,112,511,35599136.17,Giao dịch mua bán,HR,CUST0086,VEND0091,Asset,IAS 16,Asset,IAS 16
18/06/2024,CT342650,214,156,41448081.01,Giao dịch mua bán,Finance,CUST0059,VEND0061,Asset,IAS 16,Asset,IAS 16
07/12/2024,CT025920,131,511,36524620.99,Giao dịch mua bán,HR,CUST0046,VEND0058,Asset,IAS 16,Asset,IAS 16
18/09/2024,CT338418,131,111,3423452.05,Giao dịch mua bán,IT,CUST0157,VEND0063,Asset,IAS 16,Asset,IAS 16
26/06/2024,CT515999,511,156,11076501.76,Giao dịch mua bán,HR,CUST0124,VEND0179,Revenue,IFRS 15,Revenue,IFRS 15
20/01/2024,CT740368,642,131,36544553.63,Giao dịch mua bán,Production,CUST0058,VEND0172,Expense,IAS 1,Expense,IAS 1
02/02/2024,CT738893,131,331,43199028.57,Giao dịch mua bán,IT,CUST0148,VEND0056,Asset,IAS 16,Asset,IAS 16
09/11/2024,CT767538,214,632,29034022.38,Giao dịch mua bán,Sales,CUST0082,VEND0111,Asset,IAS 16,Asset,IAS 16
25/10/2024,CT792893,331,156,46243921.97,Giao dịch mua bán,IT,CUST0064,VEND0109,Liability,IAS 37,Liability,IAS 37
18/06/2024,CT360964,214,111,49343381.69,Giao dịch mua bán,HR,CUST0131,VEND0066,Asset,IAS 16,Asset,IAS 16
08/04/2024,CT350483,156,331,26233710.03,Giao dịch mua bán,Sales,CUST0161,VEND0156,Asset,IAS 16,Asset,IAS 16
20/02/2024,CT315976,152,131,47920001.33,Giao dịch mua bán,Finance,CUST0190,VEND0101,Asset,IAS 16,Asset,IAS 16
05/07/2024,CT099480,632,511,18166155.54,Giao dịch mua bán,Finance,CUST0163,VEND0097,Expense,IAS 1,Expense,IAS 1
03/05/2024,CT122135,511,632,34056470.77,Giao dịch mua bán,IT,CUST0013,VEND0187,Revenue,IFRS 15,Revenue,IFRS 15
29/05/2024,CT982465,331,156,13389483.29,Giao dịch mua bán,HR,CUST0039,VEND0133,Liability,IAS 37,Liability,IAS 37
01/05/2024,CT899659,111,331,21923069.79,Giao dịch mua bán,Production,CUST0116,VEND0179,Asset,IAS 16,Asset,IAS 16
13/02/2024,CT281372,331,112,21973925.78,Giao dịch mua bán,Production,CUST0084,VEND0012,Liability,IAS 37,Liability,IAS 37
06/02/2024,CT695050,156,331,39297730.74,Giao dịch mua bán,IT,CUST0146,VEND0047,Asset,IAS 16,Asset,IAS 16
26/10/2024,CT844397,214,131,14842931.55,Giao dịch mua bán,IT,CUST0197,VEND0023,Asset,IAS 16,Asset,IAS 16
01/09/2024,CT634124,511,152,45330570.69,Giao dịch mua bán,IT,CUST0007,VEND0145,Revenue,IFRS 15,Revenue,IFRS 15
15/12/2024,CT083507,642,511,4416201.03,Giao dịch mua bán,Production,CUST0036,VEND0120,Expense,IAS 1,Expense,IAS 1
27/12/2024,CT435467,131,156,43142070.55,Giao dịch mua bán,Finance,CUST0015,VEND0167,Asset,IAS 16,Asset,IAS 16
16/02/2024,CT985047,152,214,3718073.58,Giao dịch mua bán,Sales,CUST0116,VEND0105,Asset,IAS 16,Asset,IAS 16
03/04/2024,CT985047,152,214,28428501.34,Giao dịch mua bán,Finance,CUST0028,VEND0030,Asset,IAS 16,Asset,IAS 16
04/07/2024,CT985047,642,211,5407099.49,Giao dịch mua bán,IT,CUST0084,VEND0090,Expense,IAS 1,Expense,IAS 1
27/04/2024,CT985047,632,156,11634075.77,Giao dịch mua bán,IT,CUST0185,VEND0045,Expense,IAS 1,Expense,IAS 1
15/10/2024,CT985047,211,111,31387378.24,Giao dịch mua bán,Production,CUST0127,VEND0152,Asset,IAS 16,Asset,IAS 16
17/08/2024,CT985047,156,214,3475269.17,Giao dịch mua bán,Production,CUST0049,VEND0081,Asset,IAS 16,Asset,IAS 16
25/05/2024,CT985047,214,131,1979783.93,Giao dịch mua bán,Sales,CUST0038,VEND0107,Asset,IAS 16,Asset,IAS 16
29/04/2024,CT985047,642,111,6899888.85,Giao dịch mua bán,Production,CUST0152,VEND0141,Expense,IAS 1,Expense,IAS 1
06/11/2024,CT985047,111,156,16180636.55,Giao dịch mua bán,Sales,CUST0125,VEND0052,Asset,IAS 16,Asset,IAS 16
04/01/2024,CT985047,214,112,17486369.34,Giao dịch mua bán,HR,CUST0004,VEND0142,Asset,IAS 16,Asset,IAS 16
13/01/2024,CT985047,112,214,16114548.94,Giao dịch mua bán,Sales,CUST0020,VEND0016,Asset,IAS 16,Asset,IAS 16
22/10/2024,CT985047,632,211,316741.56,Giao dịch mua bán,Production,CUST0069,VEND0011,Expense,IAS 1,Expense,IAS 1
22/04/2024,CT985047,214,152,41807857.43đ,Giao dịch mua bán,Sales,CUST0133,VEND0106,Asset,IAS 16,Asset,IAS 16
23/11/2024,CT985047,632,211,47679692.55,Giao dịch mua bán,HR,CUST0198,VEND0114,Expense,IAS 1,Expense,IAS 1
26/04/2024,CT985047,131,211,8886491,Giao dịch mua bán,Sales,CUST0090,VEND0037,Asset,IAS 16,Asset,IAS 16
16/10/2024,CT985047,211,156,41904493.12,Giao dịch mua bán,HR,CUST0155,VEND0048,Asset,IAS 16,Asset,IAS 16
14/01/2024,CT985047,111,211,9410649.95,Giao dịch mua bán,Finance,CUST0043,VEND0093,Asset,IAS 16,Asset,IAS 16
17/01/2024,CT985047,214,156,36214780.3,Giao dịch mua bán,Sales,CUST0056,VEND0121,Asset,IAS 16,Asset,IAS 16
02/05/2024,CT985047,214,156,33868124.67,Giao dịch mua bán,Finance,CUST0165,VEND0199,Asset,IAS 16,Asset,IAS 16
26/11/2024,CT985047,331,331,25450604.23,Giao dịch mua bán,Finance,CUST0038,VEND0065,Liability,IAS 37,Liability,IAS 37
11/01/2024,CT985047,214,214,47903647.8,Giao dịch mua bán,Sales,CUST0056,VEND0151,Asset,IAS 16,Asset,IAS 16
30/10/2024,CT985047,214,112,22870424.24,Giao dịch mua bán,Finance,CUST0157,VEND0046,Asset,IAS 16,Asset,IAS 16
18/04/2024,CT985047,331,642,24540720.62,Giao dịch mua bán,HR,CUST0012,VEND0168,Liability,IAS 37,Liability,IAS 37
14/04/2024,CT985047,632,111,7949814.95,Giao dịch mua bán,IT,CUST0063,VEND0137,Expense,IAS 1,Expense,IAS 1
06/11/2024,CT985047,152,632,15134542.04,Giao dịch mua bán,HR,CUST0058,VEND0148,Asset,IAS 16,Asset,IAS 16
19/03/2024,CT985047,211,112,1552846.76,Giao dịch mua bán,HR,CUST0138,VEND0058,Asset,IAS 16,Asset,IAS 16
28/08/2024,CT985047,111,642,352818.69,Giao dịch mua bán,HR,CUST0052,VEND0144,Asset,IAS 16,Asset,IAS 16
11/12/2024,CT985047,111,331,33836114.52,Giao dịch mua bán,HR,CUST0092,VEND0014,Asset,IAS 16,Asset,IAS 16
14/07/2024,CT985047,156,211,46220251.09,Giao dịch mua bán,Production,CUST0082,VEND0163,Asset,IAS 16,Asset,IAS 16
15/03/2024,CT985047,152,111,20879055.26,Giao dịch mua bán,Finance,CUST0062,VEND0165,Asset,IAS 16,Asset,IAS 16
30/01/2024,CT985047,642,152,37909937.52,Giao dịch mua bán,Sales,CUST0097,VEND0051,Expense,IAS 1,Expense,IAS 1
24/04/2024,CT985047,642,331,6859226.09,Giao dịch mua bán,IT,CUST0129,VEND0096,Expense,IAS 1,Expense,IAS 1
13/06/2024,CT985047,111,642,21103078.16,Giao dịch mua bán,Production,CUST0027,VEND0081,Asset,IAS 16,Asset,IAS 16
10/04/2024,CT985047,131,331,24968224.09,Giao dịch mua bán,HR,CUST0104,VEND0140,Asset,IAS 16,Asset,IAS 16
16/07/2024,CT985047,156,131,15334063.41,Giao dịch mua bán,Production,CUST0127,VEND0155,Asset,IAS 16,Asset,IAS 16
11/06/2024,CT985047,214,632,18814741.2,Giao dịch mua bán,Production,CUST0153,VEND0118,Asset,IAS 16,Asset,IAS 16
05/08/2024,CT985047,331,214,48078042.64,Giao dịch mua bán,Finance,CUST0102,VEND0175,Liability,IAS 37,Liability,IAS 37
13/02/2024,CT985047,156,112,2881782.21,Giao dịch mua bán,IT,CUST0109,VEND0168,Asset,IAS 16,Asset,IAS 16
16/08/2024,CT985047,111,331,10069514.48,Giao dịch mua bán,Sales,CUST0107,VEND0160,Asset,IAS 16,Asset,IAS 16
12/05/2024,CT985047,511,211,33057325.71,Giao dịch mua bán,Sales,CUST0048,VEND0035,Revenue,IFRS 15,Revenue,IFRS 15
18/09/2024,CT985047,111,156,43208379.94đ,Giao dịch mua bán,Finance,CUST0033,VEND0144,Asset,IAS 16,Asset,IAS 16
15/03/2024,CT985047,111,112,9417705.8,Giao dịch mua bán,Production,CUST0014,VEND0016,Asset,IAS 16,Asset,IAS 16
01/06/2024,CT985047,511,112,3466653.09,Giao dịch mua bán,Production,CUST0132,VEND0023,Revenue,IFRS 15,Revenue,IFRS 15
04/10/2024,CT985047,632,131,29295075.42,Giao dịch mua bán,Finance,CUST0103,VEND0191,Expense,IAS 1,Expense,IAS 1
28/02/2024,CT985047,331,131,21239863.41,Giao dịch mua bán,Production,CUST0141,VEND0099,Liability,IAS 37,Liability,IAS 37
17/11/2024,CT985047,211,642,1462092.07,Giao dịch mua bán,IT,CUST0165,VEND0200,Asset,IAS 16,Asset,IAS 16
31/03/2024,CT985047,511,331,44725766.53,Giao dịch mua bán,HR,CUST0161,VEND0159,Revenue,IFRS 15,Revenue,IFRS 15
12/03/2024,CT985047,632,112,6300674.99,Giao dịch mua bán,Production,CUST0114,VEND0087,Expense,IAS 1,Expense,IAS 1
21/10/2024,CT985047,211,156,25410233.84,Giao dịch mua bán,HR,CUST0154,VEND0155,Asset,IAS 16,Asset,IAS 16
31/08/2024,CT985047,112,111,8090080.94,Giao dịch mua bán,Production,CUST0014,VEND0091,Asset,IAS 16,Asset,IAS 16
09/12/2024,CT985047,156,211,12897147.55,Giao dịch mua bán,Sales,CUST0042,VEND0009,Asset,IAS 16,Asset,IAS 16
18/01/2024,CT985047,131,131,35160671.9,Giao dịch mua bán,Finance,CUST0129,VEND0156,Asset,IAS 16,Asset,IAS 16
07/09/2024,CT985047,632,642,27688505.95,Giao dịch mua bán,IT,CUST0087,VEND0170,Expense,IAS 1,Expense,IAS 1
29/03/2024,CT985047,112,642,49828240.03,Giao dịch mua bán,Production,CUST0114,VEND0110,Asset,IAS 16,Asset,IAS 16
08/12/2024,CT985047,214,214,7529974.11,Giao dịch mua bán,HR,CUST0135,VEND0018,Asset,IAS 16,Asset,IAS 16
09/05/2024,CT985047,131,632,18313020.69,Giao dịch mua bán,Finance,CUST0180,VEND0067,Asset,IAS 16,Asset,IAS 16
03/02/2024,CT985047,214,331,45223093.69,Giao dịch mua bán,IT,CUST0174,VEND0124,Asset,IAS 16,Asset,IAS 16
23/02/2024,CT985047,156,632,43061860.4,Giao dịch mua bán,Production,CUST0049,VEND0113,Asset,IAS 16,Asset,IAS 16
22/02/2024,CT985047,211,331,21777701.63,Giao dịch mua bán,Production,CUST0155,VEND0079,Asset,IAS 16,Asset,IAS 16
02/03/2024,CT985047,211,511,4246479.43,Giao dịch mua bán,HR,CUST0039,VEND0185,Asset,IAS 16,Asset,IAS 16
10/02/2024,CT985047,111,131,7170607.29,Giao dịch mua bán,Finance,CUST0154,VEND0130,Asset,IAS 16,Asset,IAS 16
25/08/2024,CT985047,214,111,40324442.5,Giao dịch mua bán,Production,CUST0126,VEND0088,Asset,IAS 16,Asset,IAS 16
21/02/2024,CT985047,331,112,17535729.66,Giao dịch mua bán,HR,CUST0018,VEND0067,Liability,IAS 37,Liability,IAS 37
09/09/2024,CT985047,111,511,20745270.48,Giao dịch mua bán,Finance,CUST0185,VEND0178,Asset,IAS 16,Asset,IAS 16
17/01/2024,CT985047,211,156,42526725.18,Giao dịch mua bán,HR,CUST0115,VEND0145,Asset,IAS 16,Asset,IAS 16
17/10/2024,CT985047,111,111,20693507.76,Giao dịch mua bán,IT,CUST0103,VEND0189,Asset,IAS 16,Asset,IAS 16
30/12/2024,CT985047,511,131,4903698.04,Giao dịch mua bán,IT,CUST0110,VEND0170,Revenue,IFRS 15,Revenue,IFRS 15
19/12/2024,CT985047,632,331,39449614.25,Giao dịch mua bán,Finance,CUST0198,VEND0164,Expense,IAS 1,Expense,IAS 1
24/12/2024,CT985047,632,331,18130354.03,Giao dịch mua bán,Sales,CUST0014,VEND0150,Expense,IAS 1,Expense,IAS 1
04/09/2024,CT985047,511,642,11309724.17,Giao dịch mua bán,Finance,CUST0169,VEND0063,Revenue,IFRS 15,Revenue,IFRS 15
14/08/2024,CT985047,131,111,3442426.3,Giao dịch mua bán,IT,CUST0128,VEND0132,Asset,IAS 16,Asset,IAS 16
09/06/2024,CT985047,632,152,38216580.61,Giao dịch mua bán,IT,CUST0036,VEND0096,Expense,IAS 1,Expense,IAS 1
10/09/2024,CT985047,131,632,30662134.39,Giao dịch mua bán,Production,CUST0004,VEND0167,Asset,IAS 16,Asset,IAS 16
15/05/2024,CT985047,152,131,2194499.97,Giao dịch mua bán,Finance,CUST0076,VEND0098,Asset,IAS 16,Asset,IAS 16
25/04/2024,CT985047,511,331,27569456.48,Giao dịch mua bán,Production,CUST0044,VEND0013,Revenue,IFRS 15,Revenue,IFRS 15
08/01/2024,CT985047,156,111,42664727.72,Giao dịch mua bán,IT,CUST0039,VEND0099,Asset,IAS 16,Asset,IAS 16
31/05/2024,CT985047,152,331,15980344.97,Giao dịch mua bán,Production,CUST0142,VEND0027,Asset,IAS 16,Asset,IAS 16
24/06/2024,CT985047,214,214,47121437.37,Giao dịch mua bán,HR,CUST0175,VEND0106,Asset,IAS 16,Asset,IAS 16
18/10/2024,CT985047,214,214,30962501.11,Giao dịch mua bán,Sales,CUST0015,VEND0048,Asset,IAS 16,Asset,IAS 16
10/06/2024,CT985047,111,156,49803464.69,Giao dịch mua bán,IT,CUST0005,VEND0053,Asset,IAS 16,Asset,IAS 16
07/12/2024,CT985047,331,632,13617804.79,Giao dịch mua bán,Production,CUST0034,VEND0190,Liability,IAS 37,Liability,IAS 37
22/03/2024,CT985047,211,111,47174980.23,Giao dịch mua bán,Finance,CUST0024,VEND0017,Asset,IAS 16,Asset,IAS 16
29/01/2024,CT985047,156,642,31536431.97,Giao dịch mua bán,IT,CUST0131,VEND0145,Asset,IAS 16,Asset,IAS 16
13/09/2024,CT985047,111,112,29785213.84,Giao dịch mua bán,Sales,CUST0198,VEND0051,Asset,IAS 16,Asset,IAS 16
21/02/2024,CT985047,642,632,860572.06,Giao dịch mua bán,HR,CUST0103,VEND0109,Expense,IAS 1,Expense,IAS 1
02/04/2024,CT985047,632,112,32747203.99,Giao dịch mua bán,IT,CUST0120,VEND0074,Expense,IAS 1,Expense,IAS 1
18/02/2024,CT985047,211,131,47935147.35,Giao dịch mua bán,IT,CUST0115,VEND0018,Asset,IAS 16,Asset,IAS 16
18/08/2024,CT985047,156,331,37042329.65,Giao dịch mua bán,Finance,CUST0063,VEND0102,Asset,IAS 16,Asset,IAS 16
02/01/2024,CT985047,214,331,3095265.32,Giao dịch mua bán,IT,CUST0074,VEND0063,Asset,IAS 16,Asset,IAS 16
05/03/2024,CT985047,131,152,18507742.48,Giao dịch mua bán,Production,CUST0083,VEND0077,Asset,IAS 16,Asset,IAS 16
08/02/2024,CT985047,131,511,41550583.01,Giao dịch mua bán,Sales,CUST0060,VEND0103,Asset,IAS 16,Asset,IAS 16
18/07/2024,CT985047,111,632,29810855.82,Giao dịch mua bán,IT,CUST0119,VEND0197,Asset,IAS 16,Asset,IAS 16
30/10/2024,CT985047,211,111,22425838.6,Giao dịch mua bán,Sales,CUST0026,VEND0193,Asset,IAS 16,Asset,IAS 16
26/08/2024,CT985047,112,331,42432318.68,Giao dịch mua bán,Finance,CUST0010,VEND0188,Asset,IAS 16,Asset,IAS 16
17/09/2024,CT985047,156,152,5605822.49,Giao dịch mua bán,Production,CUST0139,VEND0076,Asset,IAS 16,Asset,IAS 16
14/11/2024,CT985047,112,511,47019892.97,Giao dịch mua bán,Sales,CUST0056,VEND0083,Asset,IAS 16,Asset,IAS 16
15/08/2024,CT985047,632,642,19281263.19,Giao dịch mua bán,HR,CUST0092,VEND0197,Expense,IAS 1,Expense,IAS 1
27/03/2024,CT985047,111,642,8705159.96,Giao dịch mua bán,HR,CUST0200,VEND0155,Asset,IAS 16,Asset,IAS 16
14/04/2024,CT985047,111,642,21026606.17,Giao dịch mua bán,Finance,CUST0164,VEND0054,Asset,IAS 16,Asset,IAS 16
21/09/2024,CT985047,156,211,28386485.62,Giao dịch mua bán,Sales,CUST0189,VEND0189,Asset,IAS 16,Asset,IAS 16
06/01/2024,CT233517,152,632,9317884.97,Giao dịch mua bán,Finance,CUST0187,VEND0117,Asset,IAS 16,Asset,IAS 16
25/09/2024,CT242816,111,214,7660717.58,Giao dịch mua bán,HR,CUST0060,VEND0091,Asset,IAS 16,Asset,IAS 16
15/08/2024,CT034445,331,152,3094380.13,Giao dịch mua bán,Sales,CUST0177,VEND0070,Liability,IAS 37,Liability,IAS 37
21/07/2024,CT265089,211,111,8566425.46,Giao dịch mua bán,HR,CUST0099,VEND0123,Asset,IAS 16,Asset,IAS 16
14/09/2024,CT485170,214,511,4536926.05,Giao dịch mua bán,Sales,CUST0002,VEND0030,Asset,IAS 16,Asset,IAS 16
01/07/2024,CT673937,214,131,2223448.5,Giao dịch mua bán,Production,CUST0104,VEND0124,Asset,IAS 16,Asset,IAS 16
16/06/2024,CT642307,642,112,5767278.69,Giao dịch mua bán,Production,CUST0097,VEND0157,Expense,IAS 1,Expense,IAS 1
07/09/2024,CT600940,111,131,4787239.44,Giao dịch mua bán,Production,CUST0185,VEND0086,Asset,IAS 16,Asset,IAS 16
25/05/2024,CT917491,331,642,457910.52,Giao dịch mua bán,IT,CUST0034,VEND0083,Liability,IAS 37,Liability,IAS 37
29/08/2024,CT320099,156,211,4671895.69,Giao dịch mua bán,IT,CUST0017,VEND0023,Asset,IAS 16,Asset,IAS 16
15/12/2024,CT306621,211,331,6219526.55,Giao dịch mua bán,Sales,CUST0098,VEND0131,Asset,IAS 16,Asset,IAS 16
01/09/2024,CT088452,112,511,1978586.45,Giao dịch mua bán,HR,CUST0038,VEND0129,Asset,IAS 16,Asset,IAS 16
28/12/2024,CT528178,211,156,7615440.8,Giao dịch mua bán,Finance,CUST0114,VEND0138,Asset,IAS 16,Asset,IAS 16
28/02/2024,CT455615,111,152,5226951.47,Giao dịch mua bán,IT,CUST0160,VEND0150,Asset,IAS 16,Asset,IAS 16
18/02/2024,CT563233,632,156,623999.13,Giao dịch mua bán,Production,CUST0080,VEND0165,Expense,IAS 1,Expense,IAS 1
03/06/2024,CT780278,632,112,9022320.17,Giao dịch mua bán,Sales,CUST0147,VEND0119,Expense,IAS 1,Expense,IAS 1
20/04/2024,CT977783,642,152,9227904.74,Giao dịch mua bán,Production,CUST0185,VEND0010,Expense,IAS 1,Expense,IAS 1
07/03/2024,CT453700,111,211,1142134.41,Giao dịch mua bán,HR,CUST0171,VEND0065,Asset,IAS 16,Asset,IAS 16
31/05/2024,CT749220,111,331,1172787.34,Giao dịch mua bán,HR,CUST0020,VEND0036,Asset,IAS 16,Asset,IAS 16
26/11/2024,CT121146,214,642,8584956.19,Giao dịch mua bán,Production,CUST0155,VEND0016,Asset,IAS 16,Asset,IAS 16
04/12/2024,CT873353,214,632,9221623.21,Giao dịch mua bán,Sales,CUST0026,VEND0157,Asset,IAS 16,Asset,IAS 16
12/01/2024,CT466800,331,211,5974833.47,Giao dịch mua bán,Production,CUST0091,VEND0083,Liability,IAS 37,Liability,IAS 37
05/07/2024,CT117439,111,131,979205.42,Giao dịch mua bán,Finance,CUST0092,VEND0139,Asset,IAS 16,Asset,IAS 16
21/03/2024,CT977870,112,111,884557.72,Giao dịch mua bán,Sales,CUST0093,VEND0120,Asset,IAS 16,Asset,IAS 16
08/07/2024,CT576078,152,111,925121.45,Giao dịch mua bán,IT,CUST0082,VEND0170,Asset,IAS 16,Asset,IAS 16
21/01/2024,CT151418,112,214,6365279.13,Giao dịch mua bán,IT,CUST0090,VEND0132,Asset,IAS 16,Asset,IAS 16
05/11/2024,CT609526,131,152,7910267.42,Giao dịch mua bán,Finance,CUST0086,VEND0073,Asset,IAS 16,Asset,IAS 16
07/02/2024,CT334541,331,331,1288754.75,Giao dịch mua bán,Finance,CUST0048,VEND0159,Liability,IAS 37,Liability,IAS 37
14/06/2024,CT099480,156,331,2493319.71,Giao dịch mua bán,IT,CUST0130,VEND0155,Asset,IAS 16,Asset,IAS 16
26/10/2024,CT018458,131,152,2610209.98,Giao dịch mua bán,HR,CUST0127,VEND0049,Asset,IAS 16,Asset,IAS 16
26/01/2024,CT099395,331,214,4191563.69,Giao dịch mua bán,HR,CUST0023,VEND0108,Liability,IAS 37,Liability,IAS 37
11/06/2024,CT053149,632,131,2488868.06,Giao dịch mua bán,HR,CUST0173,VEND0165,Expense,IAS 1,Expense,IAS 1
20/05/2024,CT484049,331,331,6945359.06,Giao dịch mua bán,IT,CUST0015,VEND0134,Liability,IAS 37,Liability,IAS 37
03/08/2024,CT485464,211,111,8083649.22,Giao dịch mua bán,Finance,CUST0153,VEND0137,Asset,IAS 16,Asset,IAS 16
16/06/2024,CT645993,214,112,9996425.01,Giao dịch mua bán,Production,CUST0095,VEND0129,Asset,IAS 16,Asset,IAS 16
29/10/2024,CT338075,331,131,3314448.83,Giao dịch mua bán,IT,CUST0095,VEND0030,Liability,IAS 37,Liability,IAS 37
22/12/2024,CT212460,511,331,2723697.72,Giao dịch mua bán,Finance,CUST0106,VEND0135,Revenue,IFRS 15,Revenue,IFRS 15
22/03/2024,CT025926,152,331,4637254.79,Giao dịch mua bán,IT,CUST0146,VEND0190,Asset,IAS 16,Asset,IAS 16
18/06/2024,CT423010,152,214,2877835.54,Giao dịch mua bán,Sales,CUST0095,VEND0116,Asset,IAS 16,Asset,IAS 16
13/06/2024,CT983819,131,111,3013395.36,Giao dịch mua bán,Finance,CUST0056,VEND0137,Asset,IAS 16,Asset,IAS 16
06/02/2024,CT470478,214,211,903547.11,Giao dịch mua bán,Sales,CUST0068,VEND0032,Asset,IAS 16,Asset,IAS 16
07/10/2024,CT796568,511,632,1826820.13,Giao dịch mua bán,IT,CUST0073,VEND0145,Revenue,IFRS 15,Revenue,IFRS 15
04/11/2024,CT997090,511,111,2283252.18,Giao dịch mua bán,HR,CUST0071,VEND0101,Revenue,IFRS 15,Revenue,IFRS 15
25/01/2024,CT490461,111,156,3542674.82,Giao dịch mua bán,IT,CUST0048,VEND0128,Asset,IAS 16,Asset,IAS 16
14/11/2024,CT754005,632,156,5251743.48,Giao dịch mua bán,Production,CUST0091,VEND0006,Expense,IAS 1,Expense,IAS 1
21/11/2024,CT007281,156,214,6493031.23,Giao dịch mua bán,Finance,CUST0165,VEND0135,Asset,IAS 16,Asset,IAS 16
10/02/2024,CT861058,112,331,5953699.42,Giao dịch mua bán,Finance,CUST0040,VEND0157,Asset,IAS 16,Asset,IAS 16
09/04/2024,CT385007,211,511,6147923.68,Giao dịch mua bán,Finance,CUST0024,VEND0164,Asset,IAS 16,Asset,IAS 16
25/07/2024,CT090224,214,152,1271539.44,Giao dịch mua bán,Sales,CUST0133,VEND0066,Asset,IAS 16,Asset,IAS 16
20/06/2024,CT101537,111,214,2414157.69,Giao dịch mua bán,HR,CUST0046,VEND0112,Asset,IAS 16,Asset,IAS 16
08/10/2024,CT539461,211,111,9553864.41,Giao dịch mua bán,Finance,CUST0173,VEND0174,Asset,IAS 16,Asset,IAS 16
26/08/2024,CT693741,511,111,1379449.62,Giao dịch mua bán,Production,CUST0141,VEND0090,Revenue,IFRS 15,Revenue,IFRS 15
21/01/2024,CT626302,211,211,5406833.61,Giao dịch mua bán,Sales,CUST0128,VEND0040,Asset,IAS 16,Asset,IAS 16
17/11/2024,CT925925,156,642,2624475.51,Giao dịch mua bán,Finance,CUST0131,VEND0135,Asset,IAS 16,Asset,IAS 16
28/06/2024,CT945222,511,331,1218230.35,Giao dịch mua bán,IT,CUST0130,VEND0166,Revenue,IFRS 15,Revenue,IFRS 15
07/08/2024,CT547132,211,131,49248.99,Giao dịch mua bán,Production,CUST0007,VEND0046,Asset,IAS 16,Asset,IAS 16
11/12/2024,DUPLICATE,111,211,4793456.11,Giao dịch mua bán,HR,CUST0034,VEND0199,Asset,IAS 16,Asset,IAS 16
30/11/2024,CT074309,331,111,1081228.93,Giao dịch mua bán,Production,CUST0173,VEND0190,Liability,IAS 37,Liability,IAS 37
04/11/2024,CT122218,156,111,6012298.72,Giao dịch mua bán,HR,CUST0098,VEND0004,Asset,IAS 16,Asset,IAS 16
14/11/2024,CT706256,214,131,6771814.19,Giao dịch mua bán,HR,CUST0009,VEND0099,Asset,IAS 16,Asset,IAS 16
04/10/2024,CT641766,632,511,3138272.39,Giao dịch mua bán,IT,CUST0012,VEND0192,Expense,IAS 1,Expense,IAS 1
17/02/2024,CT405367,131,214,8951472.46,Giao dịch mua bán,Production,CUST0178,VEND0086,Asset,IAS 16,Asset,IAS 16
13/12/2024,CT780508,111,111,3522306.41,Giao dịch mua bán,Production,CUST0177,VEND0166,Asset,IAS 16,Asset,IAS 16
27/03/2024,CT076056,632,511,9281283.75,Giao dịch mua bán,Sales,CUST0024,VEND0180,Expense,IAS 1,Expense,IAS 1
24/09/2024,CT372289,642,152,8330313.88,Giao dịch mua bán,Finance,CUST0104,VEND0070,Expense,IAS 1,Expense,IAS 1
05/02/2024,CT479496,511,214,638210.17,Giao dịch mua bán,IT,CUST0077,VEND0073,Revenue,IFRS 15,Revenue,IFRS 15
14/05/2024,CT776918,511,214,192871.06,Giao dịch mua bán,Production,CUST0017,VEND0036,Revenue,IFRS 15,Revenue,IFRS 15
09/05/2024,CT833488,214,156,7674402.83,Giao dịch mua bán,HR,CUST0175,VEND0128,Asset,IAS 16,Asset,IAS 16
17/08/2024,CT252918,642,111,7285916.84,Giao dịch mua bán,Finance,CUST0023,VEND0070,Expense,IAS 1,Expense,IAS 1
30/01/2024,CT337406,511,112,1462690.44,Giao dịch mua bán,Production,CUST0089,VEND0017,Revenue,IFRS 15,Revenue,IFRS 15
03/06/2024,CT318792,632,112,7558841.38,Giao dịch mua bán,IT,CUST0023,VEND0046,Expense,IAS 1,Expense,IAS 1
24/02/2024,CT567744,642,156,6719804.38,Giao dịch mua bán,Finance,CUST0010,VEND0064,Expense,IAS 1,Expense,IAS 1
04/08/2024,CT340198,156,642,1678260.83,Giao dịch mua bán,IT,CUST0112,VEND0177,Asset,IAS 16,Asset,IAS 16
17/09/2024,CT812937,642,511,5792448.94,Giao dịch mua bán,Finance,CUST0192,VEND0107,Expense,IAS 1,Expense,IAS 1
28/07/2024,CT474867,111,131,3639899.31,Giao dịch mua bán,Sales,CUST0109,VEND0009,Asset,IAS 16,Asset,IAS 16
19/02/2024,CT132948,511,214,6105412.64,Giao dịch mua bán,Sales,CUST0069,VEND0033,Revenue,IFRS 15,Revenue,IFRS 15
17/10/2024,CT595512,511,511,3961176.99,Giao dịch mua bán,Production,CUST0120,VEND0034,Revenue,IFRS 15,Revenue,IFRS 15
20/02/2024,CT455017,331,642,939933.64,Giao dịch mua bán,IT,CUST0014,VEND0117,Liability,IAS 37,Liability,IAS 37
17/05/2024,CT253054,112,214,8517340.45,Giao dịch mua bán,IT,CUST0005,VEND0200,Asset,IAS 16,Asset,IAS 16
02/06/2024,CT988522,111,632,6983654.63,Giao dịch mua bán,Production,CUST0095,VEND0186,Asset,IAS 16,Asset,IAS 16
26/10/2024,DUPLICATE,214,211,3863346.21,Giao dịch mua bán,Production,CUST0141,VEND0077,Asset,IAS 16,Asset,IAS 16
01/05/2024,CT313234,331,511,1132709.08,Giao dịch mua bán,Production,CUST0198,VEND0159,Liability,IAS 37,Liability,IAS 37
11/01/2024,CT509297,632,632,2189533.12,Giao dịch mua bán,Finance,CUST0061,VEND0157,Expense,IAS 1,Expense,IAS 1
13/02/2024,CT861337,642,642,9548462.2,Giao dịch mua bán,Finance,CUST0164,VEND0166,Expense,IAS 1,Expense,IAS 1
28/05/2024,CT974150,131,211,5066094.42,Giao dịch mua bán,IT,CUST0130,VEND0065,Asset,IAS 16,Asset,IAS 16
23/08/2024,CT452054,511,111,4324020.58,Giao dịch mua bán,Finance,CUST0177,VEND0093,Revenue,IFRS 15,Revenue,IFRS 15
15/07/2024,CT663062,112,112,3202688.8,Giao dịch mua bán,Finance,CUST0044,VEND0124,Asset,IAS 16,Asset,IAS 16
01/04/2024,CT392187,331,211,803298.25,Giao dịch mua bán,Production,CUST0155,VEND0176,Liability,IAS 37,Liability,IAS 37
16/07/2024,CT403128,152,112,2349087.18,Giao dịch mua bán,Sales,CUST0149,VEND0099,Asset,IAS 16,Asset,IAS 16
11/02/2024,CT561626,331,331,9259382.78,Giao dịch mua bán,Finance,CUST0100,VEND0199,Liability,IAS 37,Liability,IAS 37
07/12/2024,CT600980,112,131,2748031.64,Giao dịch mua bán,IT,CUST0126,VEND0004,Asset,IAS 16,Asset,IAS 16
03/05/2024,CT524797,214,642,5383073.97,Giao dịch mua bán,IT,CUST0150,VEND0114,Asset,IAS 16,Asset,IAS 16
19/04/2024,CT863019,112,131,6192049.18,Giao dịch mua bán,Finance,CUST0164,VEND0176,Asset,IAS 16,Asset,IAS 16
23/04/2024,CT734378,642,152,5415500.29,Giao dịch mua bán,IT,CUST0019,VEND0040,Expense,IAS 1,Expense,IAS 1
25/05/2024,CT981493,152,331,2948479.13,Giao dịch mua bán,Finance,CUST0111,VEND0148,Asset,IAS 16,Asset,IAS 16
05/09/2024,CT848740,152,214,2557381,Giao dịch mua bán,HR,CUST0051,VEND0145,Asset,IAS 16,Asset,IAS 16
07/10/2024,CT976694,331,131,7709428.39,Giao dịch mua bán,Finance,CUST0090,VEND0093,Liability,IAS 37,Liability,IAS 37
28/06/2024,CT264957,211,642,4549968.25,Giao dịch mua bán,Finance,CUST0061,VEND0170,Asset,IAS 16,Asset,IAS 16
16/09/2024,CT462752,156,131,4040537.92,Giao dịch mua bán,IT,CUST0047,VEND0115,Asset,IAS 16,Asset,IAS 16
07/04/2024,CT668319,511,131,4777171.27,Giao dịch mua bán,Sales,CUST0131,VEND0093,Revenue,IFRS 15,Revenue,IFRS 15
31/12/2022,CT673673,511,331,17953180.61,Giao dịch mua bán,Production,CUST0134,VEND0130,Revenue,IFRS 15,Revenue,IFRS 15
31/12/2022,CT765923,214,112,1694263.47,Giao dịch mua bán,Production,CUST0018,VEND0044,Asset,IAS 16,Asset,IAS 16
31/12/2022,CT343265,211,156,13025567.91,Giao dịch mua bán,Finance,CUST0149,VEND0034,Asset,IAS 16,Asset,IAS 16
31/12/2022,CT548309,331,156,22410164.74,Giao dịch mua bán,Finance,CUST0028,VEND0120,Liability,IAS 37,Liability,IAS 37
31/12/2022,CT795356,152,152,5654157.6,Giao dịch mua bán,Sales,CUST0159,VEND0082,Asset,IAS 16,Asset,IAS 16
31/12/2022,CT538439,152,131,45769071.48,Giao dịch mua bán,HR,CUST0027,VEND0010,Asset,IAS 16,Asset,IAS 16
31/12/2022,CT690507,642,112,31400977.64,Giao dịch mua bán,Production,CUST0103,VEND0186,Expense,IAS 1,Expense,IAS 1
31/12/2022,CT691445,156,156,31583097.06,Giao dịch mua bán,Production,CUST0197,VEND0072,Asset,IAS 16,Asset,IAS 16
31/12/2022,CT628519,131,112,6076301.66,Giao dịch mua bán,HR,CUST0065,VEND0190,Asset,IAS 16,Asset,IAS 16
31/12/2022,CT108011,152,214,8373795.29,Giao dịch mua bán,Sales,CUST0061,VEND0175,Asset,IAS 16,Asset,IAS 16
31/12/2022,CT629753,331,112,28765096.79,Giao dịch mua bán,IT,CUST0051,VEND0112,Liability,IAS 37,Liability,IAS 37
31/12/2022,CT613008,632,211,1345520.18,Giao dịch mua bán,Sales,CUST0155,VEND0034,Expense,IAS 1,Expense,IAS 1
31/12/2022,CT777068,112,331,14065928.44,Giao dịch mua bán,HR,CUST0112,VEND0033,Asset,IAS 16,Asset,IAS 16
31/12/2022,CT718529,156,112,26096006.24,Giao dịch mua bán,HR,CUST0098,VEND0113,Asset,IAS 16,Asset,IAS 16
31/12/2022,CT552401,214,112,12473533.72,Giao dịch mua bán,IT,CUST0002,VEND0125,Asset,IAS 16,Asset,IAS 16
31/12/2022,CT079440,632,511,26646570.9,Giao dịch mua bán,HR,CUST0181,VEND0001,Expense,IAS 1,Expense,IAS 1
31/12/2022,CT215649,211,632,2157588,Giao dịch mua bán,Finance,CUST0086,VEND0173,Asset,IAS 16,Asset,IAS 16
31/12/2022,CT866710,152,214,28250347.19,Giao dịch mua bán,HR,CUST0003,VEND0099,Asset,IAS 16,Asset,IAS 16
31/12/2022,CT787494,112,632,528266.45,Giao dịch mua bán,Sales,CUST0181,VEND0162,Asset,IAS 16,Asset,IAS 16
31/12/2022,CT046392,511,642,43755554.54,Giao dịch mua bán,Sales,CUST0190,VEND0095,Revenue,IFRS 15,Revenue,IFRS 15
31/12/2022,CT658656,211,642,9852526.75,Giao dịch mua bán,IT,CUST0146,VEND0037,Asset,IAS 16,Asset,IAS 16
31/12/2022,CT150590,156,214,46248927.18,Giao dịch mua bán,Sales,CUST0070,VEND0045,Asset,IAS 16,Asset,IAS 16
31/12/2022,CT156697,331,214,786158.99,Giao dịch mua bán,Production,CUST0009,VEND0195,Liability,IAS 37,Liability,IAS 37
31/12/2022,CT762954,642,331,35998934.12,Giao dịch mua bán,Sales,CUST0072,VEND0135,Expense,IAS 1,Expense,IAS 1
31/12/2022,CT657610,632,131,29281294.23,Giao dịch mua bán,Finance,CUST0089,VEND0154,Expense,IAS 1,Expense,IAS 1
31/12/2022,CT791470,156,111,47476945.37,Giao dịch mua bán,Sales,CUST0136,VEND0141,Asset,IAS 16,Asset,IAS 16
31/12/2022,CT595493,642,214,43258615.69,Giao dịch mua bán,Production,CUST0014,VEND0104,Expense,IAS 1,Expense,IAS 1
31/12/2022,CT364685,131,331,30694305.15,Giao dịch mua bán,HR,CUST0151,VEND0161,Asset,IAS 16,Asset,IAS 16
31/12/2022,CT573754,131,511,35025803.6,Giao dịch mua bán,HR,CUST0172,VEND0063,Asset,IAS 16,Asset,IAS 16
31/12/2022,CT732233,111,642,21670425.55,Giao dịch mua bán,Finance,CUST0179,VEND0122,Asset,IAS 16,Asset,IAS 16
31/12/2022,CT170797,111,112,22488401.5,Giao dịch mua bán,HR,CUST0141,VEND0174,Asset,IAS 16,Asset,IAS 16
31/12/2022,CT601339,642,331,48431365.43,Giao dịch mua bán,Production,CUST0114,VEND0046,Expense,IAS 1,Expense,IAS 1
31/12/2022,CT199048,131,211,44782628.69,Giao dịch mua bán,HR,CUST0024,VEND0073,Asset,IAS 16,Asset,IAS 16
31/12/2022,CT788750,511,331,12901321.59,Giao dịch mua bán,Production,CUST0001,VEND0114,Revenue,IFRS 15,Revenue,IFRS 15
31/12/2022,CT413615,131,156,4158720.65,Giao dịch mua bán,Sales,CUST0132,VEND0174,Asset,IAS 16,Asset,IAS 16
31/12/2022,CT761671,331,112,6319097.29,Giao dịch mua bán,Sales,CUST0047,VEND0169,Liability,IAS 37,Liability,IAS 37
31/12/2022,CT876394,331,156,41393981.97,Giao dịch mua bán,Production,CUST0101,VEND0103,Liability,IAS 37,Liability,IAS 37
31/12/2022,CT497406,111,112,42504327.5,Giao dịch mua bán,HR,CUST0060,VEND0019,Asset,IAS 16,Asset,IAS 16
31/12/2022,CT070134,331,152,2835339.48,Giao dịch mua bán,Production,CUST0196,VEND0108,Liability,IAS 37,Liability,IAS 37
31/12/2022,CT757317,112,511,17770982.23,Giao dịch mua bán,Production,CUST0034,VEND0199,Asset,IAS 16,Asset,IAS 16
31/12/2022,CT908727,331,632,27257715.53,Giao dịch mua bán,HR,CUST0194,VEND0138,Liability,IAS 37,Liability,IAS 37
31/12/2022,CT934382,156,211,16413709.55,Giao dịch mua bán,IT,CUST0093,VEND0189,Asset,IAS 16,Asset,IAS 16
31/12/2022,CT817327,632,642,49004464.6,Giao dịch mua bán,IT,CUST0026,VEND0072,Expense,IAS 1,Expense,IAS 1
31/12/2022,CT677694,214,214,25427558.15,Giao dịch mua bán,Sales,CUST0186,VEND0140,Asset,IAS 16,Asset,IAS 16
31/12/2022,CT807503,152,131,46190084.45,Giao dịch mua bán,Sales,CUST0076,VEND0076,Asset,IAS 16,Asset,IAS 16
31/12/2022,CT546528,642,214,16676402.17,Giao dịch mua bán,Production,CUST0116,VEND0147,Expense,IAS 1,Expense,IAS 1
31/12/2022,CT558875,632,511,8697065.58,Giao dịch mua bán,Sales,CUST0185,VEND0153,Expense,IAS 1,Expense,IAS 1
31/12/2022,CT469510,112,131,48859362.21,Giao dịch mua bán,Finance,CUST0113,VEND0176,Asset,IAS 16,Asset,IAS 16
31/12/2022,CT549005,131,211,18641375.6,Giao dịch mua bán,Production,CUST0001,VEND0044,Asset,IAS 16,Asset,IAS 16
31/12/2022,CT142998,642,632,34988675.29,Giao dịch mua bán,Production,CUST0133,VEND0173,Expense,IAS 1,Expense,IAS 1
31/12/2022,CT161462,112,112,34681819.15,Giao dịch mua bán,Production,CUST0005,VEND0169,Asset,IAS 16,Asset,IAS 16
31/12/2022,CT279088,111,131,48035210.23,Giao dịch mua bán,Finance,CUST0162,VEND0084,Asset,IAS 16,Asset,IAS 16
31/12/2022,CT422826,632,331,14487497.05,Giao dịch mua bán,IT,CUST0189,VEND0054,Expense,IAS 1,Expense,IAS 1
31/12/2022,CT869463,642,156,3252658.51,Giao dịch mua bán,HR,CUST0177,VEND0011,Expense,IAS 1,Expense,IAS 1
31/12/2022,CT912656,112,642,2187599.64,Giao dịch mua bán,HR,CUST0159,VEND0014,Asset,IAS 16,Asset,IAS 16
31/12/2022,CT451486,642,156,49353727.29,Giao dịch mua bán,Sales,CUST0090,VEND0189,Expense,IAS 1,Expense,IAS 1
31/12/2022,CT585046,131,112,38931153.61,Giao dịch mua bán,HR,CUST0197,VEND0168,Asset,IAS 16,Asset,IAS 16
31/12/2022,CT080895,642,211,40072001.64,Giao dịch mua bán,HR,CUST0115,VEND0061,Expense,IAS 1,Expense,IAS 1
31/12/2022,CT781878,112,511,29583280.6,Giao dịch mua bán,IT,CUST0096,VEND0110,Asset,IAS 16,Asset,IAS 16
31/12/2022,CT974055,642,642,40722033.66,Giao dịch mua bán,IT,CUST0021,VEND0187,Expense,IAS 1,Expense,IAS 1
31/12/2022,CT186495,112,111,35866480.36,Giao dịch mua bán,IT,CUST0198,VEND0078,Asset,IAS 16,Asset,IAS 16
31/12/2022,CT747169,214,111,39918086.42,Giao dịch mua bán,IT,CUST0074,VEND0025,Asset,IAS 16,Asset,IAS 16
31/12/2022,CT648246,331,214,40183584.8,Giao dịch mua bán,HR,CUST0125,VEND0129,Liability,IAS 37,Liability,IAS 37
31/12/2022,CT422037,112,131,39041173.28,Giao dịch mua bán,IT,CUST0046,VEND0136,Asset,IAS 16,Asset,IAS 16
31/12/2022,CT211630,632,112,21080939.09,Giao dịch mua bán,Sales,CUST0102,VEND0188,Expense,IAS 1,Expense,IAS 1
31/12/2022,CT778925,156,131,7918776.92,Giao dịch mua bán,HR,CUST0013,VEND0048,Asset,IAS 16,Asset,IAS 16
31/12/2022,CT663600,331,111,1801158.66,Giao dịch mua bán,Finance,CUST0163,VEND0047,Liability,IAS 37,Liability,IAS 37
31/12/2022,CT349975,111,111,47610991.62,Giao dịch mua bán,Production,CUST0184,VEND0087,Asset,IAS 16,Asset,IAS 16
31/12/2022,CT952177,152,642,29704733.11,Giao dịch mua bán,IT,CUST0120,VEND0077,Asset,IAS 16,Asset,IAS 16
31/12/2022,CT955524,131,214,41969668.01,Giao dịch mua bán,Finance,CUST0068,VEND0160,Asset,IAS 16,Asset,IAS 16
31/12/2022,CT411479,331,156,47010835.12,Giao dịch mua bán,Finance,CUST0105,VEND0177,Liability,IAS 37,Liability,IAS 37
31/12/2022,CT417194,511,152,30940942.57,Giao dịch mua bán,Finance,CUST0079,VEND0128,Revenue,IFRS 15,Revenue,IFRS 15
31/12/2022,CT261568,211,642,44011685.05,Giao dịch mua bán,IT,CUST0173,VEND0169,Asset,IAS 16,Asset,IAS 16
31/12/2022,CT438706,156,131,6215678.73,Giao dịch mua bán,Production,CUST0167,VEND0046,Asset,IAS 16,Asset,IAS 16
31/12/2022,CT881964,112,211,1020845.51,Giao dịch mua bán,Finance,CUST0126,VEND0042,Asset,IAS 16,Asset,IAS 16
31/12/2022,CT986852,211,511,16171833.67,Giao dịch mua bán,HR,CUST0185,VEND0055,Asset,IAS 16,Asset,IAS 16
31/12/2022,CT012525,331,156,36727273.49,Giao dịch mua bán,Sales,CUST0070,VEND0149,Liability,IAS 37,Liability,IAS 37
31/12/2022,CT975094,214,111,48348602.77,Giao dịch mua bán,Production,CUST0190,VEND0151,Asset,IAS 16,Asset,IAS 16
31/12/2022,CT081862,331,131,20932061.36,Giao dịch mua bán,HR,CUST0138,VEND0010,Liability,IAS 37,Liability,IAS 37
31/12/2022,CT372130,511,211,19863315.32,Giao dịch mua bán,Sales,CUST0053,VEND0062,Revenue,IFRS 15,Revenue,IFRS 15
31/12/2022,CT332707,642,632,33287169.08,Giao dịch mua bán,Sales,CUST0177,VEND0083,Expense,IAS 1,Expense,IAS 1
31/12/2022,CT924081,111,211,492528.87,Giao dịch mua bán,Finance,CUST0146,VEND0141,Asset,IAS 16,Asset,IAS 16
31/12/2022,CT786476,211,156,47043393.2,Giao dịch mua bán,HR,CUST0123,VEND0077,Asset,IAS 16,Asset,IAS 16
31/12/2022,CT302763,152,642,46449268.86,Giao dịch mua bán,HR,CUST0074,VEND0195,Asset,IAS 16,Asset,IAS 16
31/12/2022,CT498774,511,642,24227098.49,Giao dịch mua bán,Finance,CUST0033,VEND0093,Revenue,IFRS 15,Revenue,IFRS 15
31/12/2022,CT073322,511,214,48822903.75,Giao dịch mua bán,IT,CUST0024,VEND0024,Revenue,IFRS 15,Revenue,IFRS 15
31/12/2022,CT988457,642,112,30365835.6,Giao dịch mua bán,Sales,CUST0171,VEND0063,Expense,IAS 1,Expense,IAS 1
31/12/2022,CT746074,111,156,15551435.84,Giao dịch mua bán,Production,CUST0146,VEND0017,Asset,IAS 16,Asset,IAS 16
31/12/2022,CT883300,511,111,49112300.09,Giao dịch mua bán,Sales,CUST0191,VEND0138,Revenue,IFRS 15,Revenue,IFRS 15
31/12/2022,CT061393,111,214,38392531.34,Giao dịch mua bán,IT,CUST0006,VEND0026,Asset,IAS 16,Asset,IAS 16
31/12/2022,CT040369,331,211,1878682.11,Giao dịch mua bán,Sales,CUST0096,VEND0045,Liability,IAS 37,Liability,IAS 37
31/12/2022,CT271070,632,642,26663128.49,Giao dịch mua bán,Finance,CUST0128,VEND0009,Expense,IAS 1,Expense,IAS 1
31/12/2022,CT636745,214,112,9485666.25,Giao dịch mua bán,IT,CUST0143,VEND0042,Asset,IAS 16,Asset,IAS 16
31/12/2022,CT439713,112,642,2502469.4,Giao dịch mua bán,HR,CUST0128,VEND0062,Asset,IAS 16,Asset,IAS 16
31/12/2022,CT545106,632,632,9278635.73,Giao dịch mua bán,IT,CUST0186,VEND0073,Expense,IAS 1,Expense,IAS 1
31/12/2022,CT410794,211,152,38534734.93,Giao dịch mua bán,Finance,CUST0062,VEND0009,Asset,IAS 16,Asset,IAS 16
31/12/2022,CT955004,211,111,2101535.83,Giao dịch mua bán,IT,CUST0028,VEND0094,Asset,IAS 16,Asset,IAS 16
31/12/2022,CT921463,632,211,6430262.44,Giao dịch mua bán,Production,CUST0084,VEND0025,Expense,IAS 1,Expense,IAS 1
31/12/2022,CT029436,111,642,12851863.06,Giao dịch mua bán,IT,CUST0003,VEND0012,Asset,IAS 16,Asset,IAS 16
31/12/2022,CT492559,642,131,47955309,Giao dịch mua bán,Sales,CUST0110,VEND0065,Expense,IAS 1,Expense,IAS 1
25/03/2024,CT209577,152,214,6122458.76,Giao dịch mua bán,Sales,CUST0068,VEND0088,Asset,IAS 16,Asset,IAS 16
12/05/2024,CT256988,112,112,41213665.79,Giao dịch mua bán,Production,CUST0103,VEND0001,Asset,IAS 16,Asset,IAS 16
05/11/2024,CT357466,211,331,5732873.95,Giao dịch mua bán,Sales,CUST0108,VEND0058,Asset,IAS 16,Asset,IAS 16
16/09/2024,CT977624,632,211,34706925.93,Giao dịch mua bán,Finance,CUST0056,VEND0086,Expense,IAS 1,Expense,IAS 1
03/10/2024,CT896375,156,511,31818980.15,Giao dịch mua bán,Sales,CUST0172,VEND0109,Asset,IAS 16,Asset,IAS 16
19/07/2024,CT134275,131,152,24249358.17,Giao dịch mua bán,Sales,CUST0115,VEND0068,Asset,IAS 16,Asset,IAS 16
10/11/2024,CT085432,642,112,5781610.84,Giao dịch mua bán,HR,CUST0154,VEND0134,Expense,IAS 1,Expense,IAS 1
28/09/2024,CT013423,131,511,9095456.11,Giao dịch mua bán,Production,CUST0178,VEND0018,Asset,IAS 16,Asset,IAS 16
15/12/2024,CT594823,112,112,2410067.94,Giao dịch mua bán,HR,CUST0129,VEND0083,Asset,IAS 16,Asset,IAS 16
26/03/2024,CT305206,642,511,47959093.03,Giao dịch mua bán,HR,CUST0194,VEND0098,Expense,IAS 1,Expense,IAS 1
29/11/2024,CT949519,112,642,7431950.83,Giao dịch mua bán,Finance,CUST0182,VEND0147,Asset,IAS 16,Asset,IAS 16
07/04/2024,CT901651,632,112,8066591.46,Giao dịch mua bán,HR,CUST0107,VEND0157,Expense,IAS 1,Expense,IAS 1
26/02/2024,CT598686,211,112,2193575.54,Giao dịch mua bán,Finance,CUST0135,VEND0036,Asset,IAS 16,Asset,IAS 16
17/05/2024,CT750327,211,111,27079375.53,Giao dịch mua bán,Finance,CUST0137,VEND0118,Asset,IAS 16,Asset,IAS 16
07/10/2024,CT308737,112,111,37729275.42,Giao dịch mua bán,Finance,CUST0057,VEND0104,Asset,IAS 16,Asset,IAS 16
25/03/2024,CT866349,511,331,31912413.27,Giao dịch mua bán,IT,CUST0159,VEND0131,Revenue,IFRS 15,Revenue,IFRS 15
06/11/2024,CT744292,211,642,40912953.53,Giao dịch mua bán,Sales,CUST0111,VEND0052,Asset,IAS 16,Asset,IAS 16
10/07/2024,CT830872,131,156,31329848.64,Giao dịch mua bán,Sales,CUST0168,VEND0105,Asset,IAS 16,Asset,IAS 16
19/06/2024,CT613091,511,156,26721213.12,Giao dịch mua bán,IT,CUST0189,VEND0179,Revenue,IFRS 15,Revenue,IFRS 15
26/09/2024,CT414215,156,111,49583644.13,Giao dịch mua bán,HR,CUST0014,VEND0168,Asset,IAS 16,Asset,IAS 16
07/02/2024,CT629126,331,156,40192492.49,Giao dịch mua bán,Sales,CUST0135,VEND0101,Liability,IAS 37,Liability,IAS 37
12/01/2024,CT090143,331,131,48871124.08,Giao dịch mua bán,IT,CUST0120,VEND0095,Liability,IAS 37,Liability,IAS 37
23/02/2024,CT695852,642,642,9771862.29,Giao dịch mua bán,Sales,CUST0184,VEND0070,Expense,IAS 1,Expense,IAS 1
04/10/2024,CT631047,152,211,396299.46,Giao dịch mua bán,Production,CUST0020,VEND0049,Asset,IAS 16,Asset,IAS 16
06/12/2024,CT772715,642,111,43502049.24,Giao dịch mua bán,Production,CUST0060,VEND0063,Expense,IAS 1,Expense,IAS 1
07/08/2024,CT130164,131,331,23170697.1,Giao dịch mua bán,IT,CUST0089,VEND0184,Asset,IAS 16,Asset,IAS 16
21/03/2024,CT954171,632,632,47393806.34,Giao dịch mua bán,Finance,CUST0093,VEND0190,Expense,IAS 1,Expense,IAS 1
02/02/2024,CT515941,214,131,27855382.68,Giao dịch mua bán,Sales,CUST0197,VEND0061,Asset,IAS 16,Asset,IAS 16
05/10/2024,CT209135,511,111,19525919.84,Giao dịch mua bán,HR,CUST0199,VEND0055,Revenue,IFRS 15,Revenue,IFRS 15
14/10/2024,CT662728,111,511,26717491.05,Giao dịch mua bán,HR,CUST0183,VEND0136,Asset,IAS 16,Asset,IAS 16
05/10/2024,CT620877,214,211,25557680.97,Giao dịch mua bán,HR,CUST0050,VEND0023,Asset,IAS 16,Asset,IAS 16
05/02/2024,CT227596,632,211,48816434.98,Giao dịch mua bán,Production,CUST0158,VEND0075,Expense,IAS 1,Expense,IAS 1
10/10/2024,CT363980,131,511,49667470.04,Giao dịch mua bán,IT,CUST0149,VEND0086,Asset,IAS 16,Asset,IAS 16
17/10/2024,CT157779,331,632,16675508.62,Giao dịch mua bán,Finance,CUST0143,VEND0038,Liability,IAS 37,Liability,IAS 37
27/06/2024,CT232147,156,642,33100211.25,Giao dịch mua bán,IT,CUST0050,VEND0063,Asset,IAS 16,Asset,IAS 16
18/07/2024,CT323626,642,211,11948665.15,Giao dịch mua bán,Sales,CUST0056,VEND0101,Expense,IAS 1,Expense,IAS 1
12/08/2024,CT248861,152,211,9897203.48,Giao dịch mua bán,Production,CUST0087,VEND0099,Asset,IAS 16,Asset,IAS 16
02/06/2024,CT479264,111,632,29964235.67,Giao dịch mua bán,Finance,CUST0079,VEND0142,Asset,IAS 16,Asset,IAS 16
01/02/2024,CT735435,156,511,24066729.65,Giao dịch mua bán,IT,CUST0038,VEND0090,Asset,IAS 16,Asset,IAS 16
18/11/2024,CT528591,111,331,26777946.84,Giao dịch mua bán,IT,CUST0160,VEND0108,Asset,IAS 16,Asset,IAS 16
14/04/2024,CT481079,642,111,12194882.79,Giao dịch mua bán,Finance,CUST0091,VEND0083,Expense,IAS 1,Expense,IAS 1
29/05/2024,CT907392,131,131,34247575.11,Giao dịch mua bán,Finance,CUST0004,VEND0033,Asset,IAS 16,Asset,IAS 16
28/03/2024,CT063198,632,111,14514265.77,Giao dịch mua bán,HR,CUST0027,VEND0014,Expense,IAS 1,Expense,IAS 1
08/05/2024,CT458729,511,331,18439310.17,Giao dịch mua bán,Sales,CUST0091,VEND0029,Revenue,IFRS 15,Revenue,IFRS 15
28/06/2024,CT053033,511,131,46587630.96,Giao dịch mua bán,HR,CUST0184,VEND0141,Revenue,IFRS 15,Revenue,IFRS 15
14/05/2024,CT049176,111,211,3044518.19,Giao dịch mua bán,Sales,CUST0190,VEND0065,Asset,IAS 16,Asset,IAS 16
23/02/2024,CT944152,156,632,10611411.2,Giao dịch mua bán,IT,CUST0065,VEND0151,Asset,IAS 16,Asset,IAS 16
10/04/2024,CT857464,331,211,13167107.07,Giao dịch mua bán,HR,CUST0070,VEND0064,Liability,IAS 37,Liability,IAS 37
13/12/2024,CT952007,511,131,8925283.32,Giao dịch mua bán,Finance,CUST0052,VEND0176,Revenue,IFRS 15,Revenue,IFRS 15
14/08/2024,CT091958,111,131,49779911.72,Giao dịch mua bán,Finance,CUST0067,VEND0152,Asset,IAS 16,Asset,IAS 16
30/09/2024,CT178314,112,511,12283339.43,Giao dịch mua bán,Production,CUST0159,VEND0190,Asset,IAS 16,Asset,IAS 16
12/12/2024,CT957668,131,111,24057523.49,Giao dịch mua bán,HR,CUST0111,VEND0061,Asset,IAS 16,Asset,IAS 16
08/03/2024,CT504483,111,131,39768689.99,Giao dịch mua bán,Sales,CUST0062,VEND0009,Asset,IAS 16,Asset,IAS 16
11/11/2024,CT570664,632,152,37694141.67,Giao dịch mua bán,Sales,CUST0115,VEND0111,Expense,IAS 1,Expense,IAS 1
11/12/2024,CT112529,131,511,13607612.05,Giao dịch mua bán,Production,CUST0075,VEND0069,Asset,IAS 16,Asset,IAS 16
23/04/2024,CT678910,131,152,16811296.32,Giao dịch mua bán,Finance,CUST0023,VEND0034,Asset,IAS 16,Asset,IAS 16
05/12/2024,CT836647,214,331,20456193.78,Giao dịch mua bán,HR,CUST0036,VEND0190,Asset,IAS 16,Asset,IAS 16
17/10/2024,CT504380,152,632,46276079.6,Giao dịch mua bán,Sales,CUST0170,VEND0166,Asset,IAS 16,Asset,IAS 16
13/02/2024,CT947451,152,642,46372622.57,Giao dịch mua bán,Production,CUST0073,VEND0187,Asset,IAS 16,Asset,IAS 16
11/01/2024,CT514171,331,131,34326711.23,Giao dịch mua bán,HR,CUST0101,VEND0018,Liability,IAS 37,Liability,IAS 37
17/02/2024,CT847306,112,111,46484838.92,Giao dịch mua bán,Finance,CUST0196,VEND0154,Asset,IAS 16,Asset,IAS 16
18/04/2024,CT931677,511,632,34895294.07,Giao dịch mua bán,Sales,CUST0174,VEND0174,Revenue,IFRS 15,Revenue,IFRS 15
24/01/2024,CT498145,156,632,21294405.11,Giao dịch mua bán,Finance,CUST0199,VEND0060,Asset,IAS 16,Asset,IAS 16
05/12/2024,CT887595,632,511,8390689.63,Giao dịch mua bán,IT,CUST0174,VEND0058,Expense,IAS 1,Expense,IAS 1
18/08/2024,CT873457,211,112,17671796.53,Giao dịch mua bán,IT,CUST0006,VEND0114,Asset,IAS 16,Asset,IAS 16
19/12/2024,CT635503,214,112,29514776.08,Giao dịch mua bán,IT,CUST0015,VEND0065,Asset,IAS 16,Asset,IAS 16
13/09/2024,CT424873,111,331,47351719.7,Giao dịch mua bán,HR,CUST0131,VEND0055,Asset,IAS 16,Asset,IAS 16
11/05/2024,CT569459,214,131,18381405.62,Giao dịch mua bán,Production,CUST0132,VEND0081,Asset,IAS 16,Asset,IAS 16
28/05/2024,CT411286,112,131,45515482.23,Giao dịch mua bán,IT,CUST0149,VEND0129,Asset,IAS 16,Asset,IAS 16
29/07/2024,CT301113,642,152,43274301.85,Giao dịch mua bán,Production,CUST0076,VEND0158,Expense,IAS 1,Expense,IAS 1
17/11/2024,CT383935,111,214,48432694.56,Giao dịch mua bán,IT,CUST0102,VEND0149,Asset,IAS 16,Asset,IAS 16
17/04/2024,CT012833,131,214,8495573.09,Giao dịch mua bán,Production,CUST0092,VEND0106,Asset,IAS 16,Asset,IAS 16
09/05/2024,CT875890,331,156,46670675.07đ,Giao dịch mua bán,Production,CUST0162,VEND0122,Liability,IAS 37,Liability,IAS 37
29/06/2024,CT754455,511,331,20039565.83,Giao dịch mua bán,Finance,CUST0128,VEND0153,Revenue,IFRS 15,Revenue,IFRS 15
05/04/2024,CT054898,111,131,42295037.89,Giao dịch mua bán,Sales,CUST0023,VEND0077,Asset,IAS 16,Asset,IAS 16
19/07/2024,CT508908,642,632,46813463.88,Giao dịch mua bán,IT,CUST0138,VEND0089,Expense,IAS 1,Expense,IAS 1
02/04/2024,CT877689,156,152,40058261.89,Giao dịch mua bán,Finance,CUST0050,VEND0154,Asset,IAS 16,Asset,IAS 16
15/08/2024,CT974700,211,214,40566929.63,Giao dịch mua bán,HR,CUST0064,VEND0138,Asset,IAS 16,Asset,IAS 16
15/04/2024,CT675002,331,111,33352364.25,Giao dịch mua bán,Production,CUST0196,VEND0130,Liability,IAS 37,Liability,IAS 37
04/12/2024,CT024102,211,156,8342512.11,Giao dịch mua bán,Production,CUST0072,VEND0069,Asset,IAS 16,Asset,IAS 16
21/07/2024,CT479408,214,152,13783332.71,Giao dịch mua bán,Production,CUST0072,VEND0111,Asset,IAS 16,Asset,IAS 16
21/11/2024,CT566653,642,511,34976398.43,Giao dịch mua bán,IT,CUST0154,VEND0048,Expense,IAS 1,Expense,IAS 1
02/08/2024,CT898783,152,131,14379252.03,Giao dịch mua bán,Production,CUST0111,VEND0047,Asset,IAS 16,Asset,IAS 16
27/10/2024,CT463771,156,632,23909760.78,Giao dịch mua bán,Sales,CUST0100,VEND0179,Asset,IAS 16,Asset,IAS 16
07/10/2024,CT599959,156,112,37437339.02,Giao dịch mua bán,IT,CUST0183,VEND0044,Asset,IAS 16,Asset,IAS 16
10/02/2024,CT350928,152,152,8212657.37,Giao dịch mua bán,Finance,CUST0114,VEND0029,Asset,IAS 16,Asset,IAS 16
23/04/2024,CT614156,642,156,32360905.58,Giao dịch mua bán,Production,CUST0143,VEND0162,Expense,IAS 1,Expense,IAS 1
03/02/2024,CT545962,152,331,556336.64,Giao dịch mua bán,IT,CUST0098,VEND0059,Asset,IAS 16,Asset,IAS 16
20/01/2024,CT615356,632,131,20141215.67,Giao dịch mua bán,IT,CUST0065,VEND0062,Expense,IAS 1,Expense,IAS 1
28/04/2024,CT795611,152,156,31336873.79,Giao dịch mua bán,Production,CUST0173,VEND0066,Asset,IAS 16,Asset,IAS 16
07/05/2024,CT689527,156,642,9223839.35,Giao dịch mua bán,IT,CUST0126,VEND0078,Asset,IAS 16,Asset,IAS 16
13/02/2024,CT289451,152,112,16466320.14,Giao dịch mua bán,IT,CUST0139,VEND0106,Asset,IAS 16,Asset,IAS 16
08/04/2024,CT047174,511,632,46680827.75,Giao dịch mua bán,IT,CUST0010,VEND0076,Revenue,IFRS 15,Revenue,IFRS 15
08/02/2024,CT993359,331,112,16987654.01,Giao dịch mua bán,Sales,CUST0005,VEND0091,Liability,IAS 37,Liability,IAS 37
27/02/2024,CT319528,642,112,43022550.14,Giao dịch mua bán,IT,CUST0051,VEND0096,Expense,IAS 1,Expense,IAS 1
05/01/2024,CT857095,642,642,29567726.03,Giao dịch mua bán,Finance,CUST0107,VEND0024,Expense,IAS 1,Expense,IAS 1
11/06/2024,CT056214,131,642,23992639.66,Giao dịch mua bán,Sales,CUST0127,VEND0188,Asset,IAS 16,Asset,IAS 16
06/10/2024,CT591387,152,111,29650547.32,Giao dịch mua bán,Finance,CUST0196,VEND0129,Asset,IAS 16,Asset,IAS 16
05/08/2024,CT537400,642,632,12549802.62,Giao dịch mua bán,IT,CUST0072,VEND0170,Expense,IAS 1,Expense,IAS 1
05/06/2024,CT003513,632,131,19035565.04,Giao dịch mua bán,HR,CUST0087,VEND0007,Expense,IAS 1,Expense,IAS 1
23/05/2024,CT630180,331,156,5796820.29,Giao dịch mua bán,Finance,CUST0044,VEND0033,Liability,IAS 37,Liability,IAS 37
04/12/2024,CT968921,156,511,38742944.51,Giao dịch mua bán,Finance,CUST0184,VEND0032,Asset,IAS 16,Asset,IAS 16
16/01/2024,CT298914,511,642,1488906.93,Giao dịch mua bán,IT,CUST0195,VEND0085,Revenue,IFRS 15,Revenue,IFRS 15
01/03/2024,CT447813,131,211,3752632.28,Giao dịch mua bán,IT,CUST0095,VEND0035,Asset,IAS 16,Asset,IAS 16
30/12/2024,CT347820,111,632,41649979.99,Giao dịch mua bán,HR,CUST0031,VEND0011,Asset,IAS 16,Asset,IAS 16
28/04/2024,CT502220,156,111,39384489.04,Giao dịch mua bán,HR,CUST0079,VEND0063,Asset,IAS 16,Asset,IAS 16
11/09/2024,CT368615,511,632,16385263.91,Giao dịch mua bán,Production,CUST0134,VEND0043,Revenue,IFRS 15,Revenue,IFRS 15
15/11/2024,CT721041,211,511,7420480.96,Giao dịch mua bán,IT,CUST0120,VEND0095,Asset,IAS 16,Asset,IAS 16
09/11/2024,CT151206,511,632,17997430.56,Giao dịch mua bán,IT,CUST0070,VEND0170,Revenue,IFRS 15,Revenue,IFRS 15
18/01/2024,CT684176,642,131,26029859.8,Giao dịch mua bán,Finance,CUST0080,VEND0082,Expense,IAS 1,Expense,IAS 1
18/11/2024,CT439189,111,511,23153928.63,Giao dịch mua bán,Sales,CUST0038,VEND0082,Asset,IAS 16,Asset,IAS 16
23/08/2024,CT697194,214,632,46647930.7,Giao dịch mua bán,Production,CUST0135,VEND0064,Asset,IAS 16,Asset,IAS 16
15/06/2024,CT989525,112,111,24891464.65,Giao dịch mua bán,IT,CUST0045,VEND0194,Asset,IAS 16,Asset,IAS 16
18/02/2024,CT278941,152,214,25151594.56,Giao dịch mua bán,Production,CUST0175,VEND0032,Asset,IAS 16,Asset,IAS 16
28/08/2024,CT655046,642,632,2608932.96,Giao dịch mua bán,Production,CUST0072,VEND0014,Expense,IAS 1,Expense,IAS 1
11/02/2024,DUPLICATE,111,632,38191772.77,Giao dịch mua bán,Finance,CUST0005,VEND0171,Asset,IAS 16,Asset,IAS 16
22/11/2024,CT867272,131,632,30765651.26,Giao dịch mua bán,Finance,CUST0072,VEND0105,Asset,IAS 16,Asset,IAS 16
01/11/2024,CT066554,642,111,49226783.27,Giao dịch mua bán,Sales,CUST0166,VEND0090,Expense,IAS 1,Expense,IAS 1
24/09/2024,CT339895,112,642,12679972.77,Giao dịch mua bán,IT,CUST0090,VEND0074,Asset,IAS 16,Asset,IAS 16
17/04/2024,CT023792,511,156,23929605.74,Giao dịch mua bán,Production,CUST0097,VEND0175,Revenue,IFRS 15,Revenue,IFRS 15
18/01/2024,CT170619,511,131,12761935.94,Giao dịch mua bán,Sales,CUST0036,VEND0077,Revenue,IFRS 15,Revenue,IFRS 15
12/04/2024,CT649485,156,642,45974258.32,Giao dịch mua bán,Production,CUST0141,VEND0058,Asset,IAS 16,Asset,IAS 16
04/07/2024,CT108361,131,112,8843282.19,Giao dịch mua bán,Finance,CUST0053,VEND0154,Asset,IAS 16,Asset,IAS 16
19/12/2024,CT325725,112,214,24202381.95,Giao dịch mua bán,HR,CUST0090,VEND0152,Asset,IAS 16,Asset,IAS 16
06/01/2024,CT014224,214,156,43507216.42,Giao dịch mua bán,HR,CUST0149,VEND0117,Asset,IAS 16,Asset,IAS 16
22/10/2024,CT138222,112,211,6309783.5,Giao dịch mua bán,Production,CUST0006,VEND0150,Asset,IAS 16,Asset,IAS 16
26/08/2024,CT352151,152,112,36062409.19,Giao dịch mua bán,Sales,CUST0169,VEND0160,Asset,IAS 16,Asset,IAS 16
28/09/2024,CT944532,111,111,15126284.42,Giao dịch mua bán,Finance,CUST0108,VEND0178,Asset,IAS 16,Asset,IAS 16
09/11/2024,CT238226,131,632,24526372.5,Giao dịch mua bán,IT,CUST0079,VEND0154,Asset,IAS 16,Asset,IAS 16
25/04/2024,CT331247,131,642,35253101.2,Giao dịch mua bán,Production,CUST0141,VEND0043,Asset,IAS 16,Asset,IAS 16
09/05/2024,CT170745,131,214,39795538.9,Giao dịch mua bán,Finance,CUST0106,VEND0177,Asset,IAS 16,Asset,IAS 16
30/08/2024,CT705301,331,642,4918069.55,Giao dịch mua bán,HR,CUST0020,VEND0105,Liability,IAS 37,Liability,IAS 37
05/07/2024,CT352987,632,156,33113406.69,Giao dịch mua bán,Sales,CUST0135,VEND0138,Expense,IAS 1,Expense,IAS 1
18/01/2024,CT442833,112,131,11667985.15,Giao dịch mua bán,Sales,CUST0007,VEND0115,Asset,IAS 16,Asset,IAS 16
06/09/2024,CT042958,112,152,16488025.04,Giao dịch mua bán,HR,CUST0107,VEND0141,Asset,IAS 16,Asset,IAS 16
20/12/2024,CT342319,112,511,46198521.78,Giao dịch mua bán,HR,CUST0102,VEND0004,Asset,IAS 16,Asset,IAS 16
30/08/2024,CT384935,642,511,625078.42,Giao dịch mua bán,Sales,CUST0087,VEND0131,Expense,IAS 1,Expense,IAS 1
12/10/2024,CT873384,511,152,35974010.24,Giao dịch mua bán,HR,CUST0119,VEND0138,Revenue,IFRS 15,Revenue,IFRS 15
14/09/2024,CT540399,642,156,42460746.25,Giao dịch mua bán,Sales,CUST0168,VEND0147,Expense,IAS 1,Expense,IAS 1
14/09/2024,CT712913,156,331,49731724.24,Giao dịch mua bán,Finance,CUST0060,VEND0195,Asset,IAS 16,Asset,IAS 16
01/06/2024,CT077187,632,111,33062387.22,Giao dịch mua bán,IT,CUST0145,VEND0187,Expense,IAS 1,Expense,IAS 1
03/05/2024,CT367228,111,642,9605950.62,Giao dịch mua bán,Sales,CUST0186,VEND0163,Asset,IAS 16,Asset,IAS 16
10/04/2024,CT827734,632,642,35310977.21,Giao dịch mua bán,Finance,CUST0167,VEND0038,Expense,IAS 1,Expense,IAS 1
19/02/2024,CT306091,632,156,39444929.63,Giao dịch mua bán,IT,CUST0147,VEND0125,Expense,IAS 1,Expense,IAS 1
19/04/2024,CT245252,511,632,3336024.6,Giao dịch mua bán,Production,CUST0092,VEND0087,Revenue,IFRS 15,Revenue,IFRS 15
26/06/2024,CT211541,214,112,543478.1đ,Giao dịch mua bán,HR,CUST0174,VEND0006,Asset,IAS 16,Asset,IAS 16
26/09/2024,CT467304,211,131,29495118.38,Giao dịch mua bán,HR,CUST0004,VEND0198,Asset,IAS 16,Asset,IAS 16
29/05/2024,CT174008,211,331,44284995,Giao dịch mua bán,Finance,CUST0184,VEND0095,Asset,IAS 16,Asset,IAS 16
20/09/2024,CT998171,131,152,49330168.32,Giao dịch mua bán,Finance,CUST0100,VEND0196,Asset,IAS 16,Asset,IAS 16
30/12/2024,CT483966,131,156,17946520.58,Giao dịch mua bán,Sales,CUST0101,VEND0178,Asset,IAS 16,Asset,IAS 16
08/07/2024,CT975106,111,211,49606273.71,Giao dịch mua bán,Production,CUST0139,VEND0116,Asset,IAS 16,Asset,IAS 16
10/07/2024,CT573997,642,111,3568458.11,Giao dịch mua bán,HR,CUST0065,VEND0174,Expense,IAS 1,Expense,IAS 1
18/06/2024,CT265244,131,156,42835853.27,Giao dịch mua bán,Sales,CUST0157,VEND0067,Asset,IAS 16,Asset,IAS 16
18/06/2024,CT850303,331,511,416179.77,Giao dịch mua bán,HR,CUST0007,VEND0072,Liability,IAS 37,Liability,IAS 37
07/09/2024,CT144613,111,331,31377193.84,Giao dịch mua bán,Sales,CUST0116,VEND0011,Asset,IAS 16,Asset,IAS 16
27/08/2024,CT575113,131,131,11069784.5,Giao dịch mua bán,Finance,CUST0006,VEND0087,Asset,IAS 16,Asset,IAS 16
01/06/2024,CT037140,511,642,29141874.25,Giao dịch mua bán,Production,CUST0036,VEND0011,Revenue,IFRS 15,Revenue,IFRS 15
24/12/2024,CT579278,632,331,28656420.6,Giao dịch mua bán,Finance,CUST0040,VEND0061,Expense,IAS 1,Expense,IAS 1
31/05/2024,CT409501,156,211,39491505.27,Giao dịch mua bán,IT,CUST0151,VEND0169,Asset,IAS 16,Asset,IAS 16
05/01/2024,CT805981,642,214,1276176.05,Giao dịch mua bán,HR,CUST0198,VEND0137,Expense,IAS 1,Expense,IAS 1
28/08/2024,CT857473,511,331,11693198.68,Giao dịch mua bán,Finance,CUST0169,VEND0048,Revenue,IFRS 15,Revenue,IFRS 15
15/10/2024,CT196116,211,112,22512146.47,Giao dịch mua bán,Sales,CUST0171,VEND0003,Asset,IAS 16,Asset,IAS 16
20/04/2024,CT395186,642,131,42269994.37,Giao dịch mua bán,Sales,CUST0160,VEND0001,Expense,IAS 1,Expense,IAS 1
08/09/2024,CT781398,152,211,17749548.95,Giao dịch mua bán,HR,CUST0128,VEND0096,Asset,IAS 16,Asset,IAS 16
01/02/2024,CT412522,642,511,16100985.93đ,Giao dịch mua bán,Finance,CUST0035,VEND0054,Expense,IAS 1,Expense,IAS 1
11/10/2024,CT499908,214,131,34062254.7,Giao dịch mua bán,Production,CUST0043,VEND0097,Asset,IAS 16,Asset,IAS 16
29/12/2024,CT019983,152,112,48621170.76,Giao dịch mua bán,Sales,CUST0129,VEND0194,Asset,IAS 16,Asset,IAS 16
20/06/2024,CT844213,112,642,11797617.98,Giao dịch mua bán,Production,CUST0033,VEND0151,Asset,IAS 16,Asset,IAS 16
02/06/2024,CT353543,156,511,19348850.12,Giao dịch mua bán,HR,CUST0038,VEND0175,Asset,IAS 16,Asset,IAS 16
07/07/2024,CT037057,331,211,30313641.96,Giao dịch mua bán,HR,CUST0064,VEND0092,Liability,IAS 37,Liability,IAS 37
30/12/2024,CT911461,131,642,709067.98,Giao dịch mua bán,HR,CUST0081,VEND0135,Asset,IAS 16,Asset,IAS 16
14/04/2024,CT447070,632,632,30533473.48,Giao dịch mua bán,HR,CUST0135,VEND0190,Expense,IAS 1,Expense,IAS 1
28/12/2024,CT204413,156,214,12285329.43,Giao dịch mua bán,IT,CUST0100,VEND0047,Asset,IAS 16,Asset,IAS 16
10/05/2024,CT528019,111,152,11552623.05,Giao dịch mua bán,IT,CUST0067,VEND0030,Asset,IAS 16,Asset,IAS 16
14/07/2024,CT574070,511,642,9002923.79,Giao dịch mua bán,Finance,CUST0075,VEND0145,Revenue,IFRS 15,Revenue,IFRS 15
09/03/2024,CT473148,642,131,25891136.95,Giao dịch mua bán,Production,CUST0128,VEND0092,Expense,IAS 1,Expense,IAS 1
30/07/2024,CT818211,211,152,282402.44,Giao dịch mua bán,Finance,CUST0006,VEND0084,Asset,IAS 16,Asset,IAS 16
26/05/2024,CT048831,156,511,34249394.93,Giao dịch mua bán,Sales,CUST0164,VEND0188,Asset,IAS 16,Asset,IAS 16
11/07/2024,CT077674,642,156,44475436.12,Giao dịch mua bán,Production,CUST0131,VEND0052,Expense,IAS 1,Expense,IAS 1
08/11/2024,CT332283,642,112,33177674.6,Giao dịch mua bán,Production,CUST0132,VEND0144,Expense,IAS 1,Expense,IAS 1
06/07/2024,CT764904,131,152,38356737.86,Giao dịch mua bán,Sales,CUST0080,VEND0130,Asset,IAS 16,Asset,IAS 16
09/06/2024,CT183983,131,211,19974115.35,Giao dịch mua bán,Production,CUST0122,VEND0066,Asset,IAS 16,Asset,IAS 16
17/05/2024,CT771177,156,156,21110479.4,Giao dịch mua bán,Production,CUST0199,VEND0014,Asset,IAS 16,Asset,IAS 16
20/12/2024,CT690582,156,331,4868460.64,Giao dịch mua bán,Finance,CUST0158,VEND0007,Asset,IAS 16,Asset,IAS 16
17/01/2024,CT914073,112,642,40982057.55,Giao dịch mua bán,HR,CUST0150,VEND0079,Asset,IAS 16,Asset,IAS 16
17/10/2024,CT691081,112,112,18865744.94,Giao dịch mua bán,HR,CUST0027,VEND0181,Asset,IAS 16,Asset,IAS 16
09/11/2024,CT170237,511,632,5131275.67,Giao dịch mua bán,Finance,CUST0124,VEND0115,Revenue,IFRS 15,Revenue,IFRS 15
18/12/2024,CT815586,152,214,20512817.43,Giao dịch mua bán,HR,CUST0040,VEND0172,Asset,IAS 16,Asset,IAS 16
29/10/2024,CT334402,642,331,11960868.77,Giao dịch mua bán,IT,CUST0033,VEND0095,Expense,IAS 1,Expense,IAS 1
20/04/2024,CT960046,152,131,3069944.62,Giao dịch mua bán,IT,CUST0049,VEND0001,Asset,IAS 16,Asset,IAS 16
23/05/2024,CT656988,632,331,39914167.78,Giao dịch mua bán,IT,CUST0130,VEND0142,Expense,IAS 1,Expense,IAS 1
02/08/2024,CT932601,152,111,3262797.47,Giao dịch mua bán,Sales,CUST0115,VEND0072,Asset,IAS 16,Asset,IAS 16
21/11/2024,CT535020,632,111,20773065.21,Giao dịch mua bán,Sales,CUST0172,VEND0021,Expense,IAS 1,Expense,IAS 1
22/01/2024,CT155070,214,152,45640844.26,Giao dịch mua bán,HR,CUST0022,VEND0027,Asset,IAS 16,Asset,IAS 16
13/01/2024,CT445916,331,214,47890079.37,Giao dịch mua bán,Sales,CUST0175,VEND0122,Liability,IAS 37,Liability,IAS 37
01/08/2024,CT244075,331,112,14742906.96,Giao dịch mua bán,Finance,CUST0140,VEND0148,Liability,IAS 37,Liability,IAS 37
14/09/2024,CT542176,156,131,46215654.75,Giao dịch mua bán,Production,CUST0188,VEND0143,Asset,IAS 16,Asset,IAS 16
26/09/2024,CT375029,156,131,46552023.25,Giao dịch mua bán,Sales,CUST0003,VEND0186,Asset,IAS 16,Asset,IAS 16
10/06/2024,CT393624,112,214,27847621.34,Giao dịch mua bán,IT,CUST0110,VEND0189,Asset,IAS 16,Asset,IAS 16
25/02/2024,CT971490,131,642,31646552.99,Giao dịch mua bán,Sales,CUST0032,VEND0150,Asset,IAS 16,Asset,IAS 16
27/10/2024,CT133557,642,642,30279816.49,Giao dịch mua bán,Sales,CUST0004,VEND0087,Expense,IAS 1,Expense,IAS 1
21/09/2024,CT707713,214,152,48175214.99,Giao dịch mua bán,IT,CUST0175,VEND0186,Asset,IAS 16,Asset,IAS 16
05/04/2024,CT423364,331,131,37204075.54,Giao dịch mua bán,Production,CUST0157,VEND0037,Liability,IAS 37,Liability,IAS 37
20/11/2024,CT236702,131,211,3885129.53,Giao dịch mua bán,Production,CUST0012,VEND0011,Asset,IAS 16,Asset,IAS 16
26/09/2024,CT777563,632,214,19395094.98đ,Giao dịch mua bán,IT,CUST0062,VEND0161,Expense,IAS 1,Expense,IAS 1
20/04/2024,CT438637,331,642,33093193.5,Giao dịch mua bán,Production,CUST0138,VEND0168,Liability,IAS 37,Liability,IAS 37
19/05/2024,CT141242,152,156,8749834.18,Giao dịch mua bán,Sales,CUST0046,VEND0134,Asset,IAS 16,Asset,IAS 16
04/02/2024,CT516002,331,131,37502490.88,Giao dịch mua bán,IT,CUST0105,VEND0102,Liability,IAS 37,Liability,IAS 37
02/08/2024,CT840307,112,331,5233319.1,Giao dịch mua bán,HR,CUST0003,VEND0102,Asset,IAS 16,Asset,IAS 16
31/05/2024,CT083475,131,131,23493149.09,Giao dịch mua bán,Sales,CUST0087,VEND0174,Asset,IAS 16,Asset,IAS 16
30/04/2024,CT515172,511,511,12462255.6,Giao dịch mua bán,HR,CUST0171,VEND0182,Revenue,IFRS 15,Revenue,IFRS 15
24/05/2024,CT834598,111,642,1898547.35,Giao dịch mua bán,IT,CUST0136,VEND0037,Asset,IAS 16,Asset,IAS 16
05/01/2024,CT622816,511,511,14447512.99,Giao dịch mua bán,Sales,CUST0173,VEND0145,Revenue,IFRS 15,Revenue,IFRS 15
03/01/2024,CT294746,152,211,48188709.21,Giao dịch mua bán,HR,CUST0166,VEND0011,Asset,IAS 16,Asset,IAS 16
22/03/2024,CT403181,156,156,10009190.96,Giao dịch mua bán,Sales,CUST0110,VEND0140,Asset,IAS 16,Asset,IAS 16
24/09/2024,CT357126,642,111,18030556.74,Giao dịch mua bán,Sales,CUST0001,VEND0167,Expense,IAS 1,Expense,IAS 1
29/05/2024,CT942641,156,511,7363472.49,Giao dịch mua bán,IT,CUST0107,VEND0067,Asset,IAS 16,Asset,IAS 16
05/07/2024,CT244110,211,642,38638405.92,Giao dịch mua bán,Production,CUST0117,VEND0006,Asset,IAS 16,Asset,IAS 16
29/02/2024,CT565512,511,131,46623718.95,Giao dịch mua bán,Production,CUST0016,VEND0041,Revenue,IFRS 15,Revenue,IFRS 15
28/12/2024,CT922007,211,111,13211567.39,Giao dịch mua bán,Production,CUST0133,VEND0060,Asset,IAS 16,Asset,IAS 16
12/04/2024,DUPLICATE,112,511,41105354.93,Giao dịch mua bán,HR,CUST0002,VEND0010,Asset,IAS 16,Asset,IAS 16
12/01/2024,CT749565,131,211,36688925.31,Giao dịch mua bán,Sales,CUST0044,VEND0062,Asset,IAS 16,Asset,IAS 16
23/10/2024,CT802186,211,642,19803351.24,Giao dịch mua bán,Finance,CUST0089,VEND0080,Asset,IAS 16,Asset,IAS 16
13/09/2024,CT017839,112,214,39864353.08,Giao dịch mua bán,Finance,CUST0021,VEND0126,Asset,IAS 16,Asset,IAS 16
10/05/2024,CT256445,632,156,27985384.15,Giao dịch mua bán,HR,CUST0023,VEND0160,Expense,IAS 1,Expense,IAS 1
16/12/2024,CT673476,111,112,42458340.72,Giao dịch mua bán,HR,CUST0165,VEND0103,Asset,IAS 16,Asset,IAS 16
03/04/2024,CT926894,112,131,19338344.94,Giao dịch mua bán,HR,CUST0154,VEND0034,Asset,IAS 16,Asset,IAS 16
17/01/2024,CT633648,111,131,18661358.19,Giao dịch mua bán,Sales,CUST0030,VEND0125,Asset,IAS 16,Asset,IAS 16
30/01/2024,CT812042,111,642,12839412.63,Giao dịch mua bán,Sales,CUST0097,VEND0114,Asset,IAS 16,Asset,IAS 16
09/07/2024,CT829251,632,211,19762077.4,Giao dịch mua bán,Production,CUST0100,VEND0070,Expense,IAS 1,Expense,IAS 1
02/10/2024,CT433253,156,112,49132928.51,Giao dịch mua bán,Production,CUST0018,VEND0157,Asset,IAS 16,Asset,IAS 16
10/09/2024,CT871240,642,112,39913049.76,Giao dịch mua bán,IT,CUST0071,VEND0032,Expense,IAS 1,Expense,IAS 1
27/07/2024,CT269792,511,131,4380943.2,Giao dịch mua bán,Production,CUST0038,VEND0029,Revenue,IFRS 15,Revenue,IFRS 15
26/06/2024,DUPLICATE,211,152,5093580.98,Giao dịch mua bán,IT,CUST0033,VEND0033,Asset,IAS 16,Asset,IAS 16
22/07/2024,CT602247,211,331,28705740.33,Giao dịch mua bán,HR,CUST0042,VEND0189,Asset,IAS 16,Asset,IAS 16
02/03/2024,CT068506,331,211,37157296.83,Giao dịch mua bán,Production,CUST0117,VEND0179,Liability,IAS 37,Liability,IAS 37
08/01/2024,CT507854,211,642,43372868.89,Giao dịch mua bán,Production,CUST0177,VEND0163,Asset,IAS 16,Asset,IAS 16
15/12/2024,CT918426,211,152,7652751.59,Giao dịch mua bán,IT,CUST0105,VEND0019,Asset,IAS 16,Asset,IAS 16
15/06/2024,DUPLICATE,632,211,15564573.32,Giao dịch mua bán,Sales,CUST0086,VEND0145,Expense,IAS 1,Expense,IAS 1
04/04/2024,CT010244,131,632,12442361.37,Giao dịch mua bán,Finance,CUST0192,VEND0144,Asset,IAS 16,Asset,IAS 16
10/05/2024,CT262245,642,214,286188.87,Giao dịch mua bán,HR,CUST0091,VEND0146,Expense,IAS 1,Expense,IAS 1
29/10/2024,CT085413,642,211,9143393.33,Giao dịch mua bán,HR,CUST0106,VEND0107,Expense,IAS 1,Expense,IAS 1
13/03/2024,CT439357,112,331,22612834.12,Giao dịch mua bán,IT,CUST0123,VEND0170,Asset,IAS 16,Asset,IAS 16
26/12/2024,CT306577,112,331,37908550.16,Giao dịch mua bán,Sales,CUST0133,VEND0171,Asset,IAS 16,Asset,IAS 16
21/03/2024,CT666383,156,331,49168365.68,Giao dịch mua bán,Sales,CUST0061,VEND0081,Asset,IAS 16,Asset,IAS 16
02/01/2024,CT395616,331,156,9395016.59,Giao dịch mua bán,Sales,CUST0068,VEND0075,Liability,IAS 37,Liability,IAS 37
13/10/2024,CT372183,642,156,25329391.44,Giao dịch mua bán,IT,CUST0018,VEND0185,Expense,IAS 1,Expense,IAS 1
07/03/2024,CT213769,112,331,2841376.41,Giao dịch mua bán,Finance,CUST0141,VEND0046,Asset,IAS 16,Asset,IAS 16
22/08/2024,CT012198,331,642,36728490.48,Giao dịch mua bán,IT,CUST0090,VEND0043,Liability,IAS 37,Liability,IAS 37
30/08/2024,CT842381,112,511,3866935.22,Giao dịch mua bán,HR,CUST0030,VEND0173,Asset,IAS 16,Asset,IAS 16
01/11/2024,CT461891,642,152,19803657.9,Giao dịch mua bán,Finance,CUST0122,VEND0053,Expense,IAS 1,Expense,IAS 1
08/09/2024,CT636374,632,111,18492393.07,Giao dịch mua bán,HR,CUST0032,VEND0150,Expense,IAS 1,Expense,IAS 1
21/09/2024,CT136642,156,511,45042157.41,Giao dịch mua bán,Production,CUST0175,VEND0100,Asset,IAS 16,Asset,IAS 16
23/06/2024,CT617330,632,156,29387763.72,Giao dịch mua bán,Production,CUST0015,VEND0183,Expense,IAS 1,Expense,IAS 1
21/01/2024,CT383475,511,211,20155098.21,Giao dịch mua bán,Production,CUST0050,VEND0048,Revenue,IFRS 15,Revenue,IFRS 15
25/05/2024,CT274005,211,511,29678376.61,Giao dịch mua bán,IT,CUST0166,VEND0079,Asset,IAS 16,Asset,IAS 16
25/04/2024,CT406052,152,214,5223716.03,Giao dịch mua bán,HR,CUST0038,VEND0124,Asset,IAS 16,Asset,IAS 16
10/12/2024,CT613174,214,111,40352775.74,Giao dịch mua bán,Production,CUST0106,VEND0041,Asset,IAS 16,Asset,IAS 16
14/01/2024,CT708025,632,211,26610310.48,Giao dịch mua bán,IT,CUST0024,VEND0179,Expense,IAS 1,Expense,IAS 1
06/08/2024,CT605694,211,131,23699622.78,Giao dịch mua bán,Sales,CUST0147,VEND0081,Asset,IAS 16,Asset,IAS 16
15/08/2024,CT932928,632,156,37517532.31,Giao dịch mua bán,Production,CUST0175,VEND0139,Expense,IAS 1,Expense,IAS 1
03/01/2024,CT572513,112,331,10449876.2,Giao dịch mua bán,IT,CUST0162,VEND0027,Asset,IAS 16,Asset,IAS 16
07/04/2024,CT103001,211,152,47841727.43,Giao dịch mua bán,Finance,CUST0016,VEND0048,Asset,IAS 16,Asset,IAS 16
21/03/2024,CT633084,632,112,34272449.68,Giao dịch mua bán,Finance,CUST0106,VEND0015,Expense,IAS 1,Expense,IAS 1
05/10/2024,CT730253,511,632,21881109.02,Giao dịch mua bán,Production,CUST0078,VEND0184,Revenue,IFRS 15,Revenue,IFRS 15
14/12/2024,CT127538,152,331,19726422.86đ,Giao dịch mua bán,Finance,CUST0153,VEND0101,Asset,IAS 16,Asset,IAS 16
15/01/2024,CT641377,156,152,14776318.55,Giao dịch mua bán,HR,CUST0200,VEND0075,Asset,IAS 16,Asset,IAS 16
28/12/2024,CT251028,152,331,47407335.24,Giao dịch mua bán,Production,CUST0023,VEND0015,Asset,IAS 16,Asset,IAS 16
28/09/2024,CT034628,131,111,9926225.68,Giao dịch mua bán,Sales,CUST0021,VEND0149,Asset,IAS 16,Asset,IAS 16
31/03/2024,CT584955,152,331,4223631.22,Giao dịch mua bán,IT,CUST0013,VEND0072,Asset,IAS 16,Asset,IAS 16
06/12/2024,CT642951,111,331,46738084.79,Giao dịch mua bán,Production,CUST0164,VEND0092,Asset,IAS 16,Asset,IAS 16
11/04/2024,CT053646,131,632,688510.41,Giao dịch mua bán,Finance,CUST0013,VEND0034,Asset,IAS 16,Asset,IAS 16
17/05/2024,CT719523,511,632,33444567.83,Giao dịch mua bán,Sales,CUST0084,VEND0163,Revenue,IFRS 15,Revenue,IFRS 15
16/11/2024,CT210791,112,331,13661036.05,Giao dịch mua bán,IT,CUST0025,VEND0167,Asset,IAS 16,Asset,IAS 16
03/10/2024,CT049765,152,156,27290228.44,Giao dịch mua bán,Finance,CUST0143,VEND0157,Asset,IAS 16,Asset,IAS 16
21/04/2024,CT034269,331,131,47715282.89,Giao dịch mua bán,Finance,CUST0154,VEND0085,Liability,IAS 37,Liability,IAS 37
05/12/2024,CT086416,214,511,25178822.06,Giao dịch mua bán,Production,CUST0180,VEND0121,Asset,IAS 16,Asset,IAS 16
04/04/2024,CT307434,152,511,34795389.37,Giao dịch mua bán,HR,CUST0175,VEND0114,Asset,IAS 16,Asset,IAS 16
03/08/2024,CT294556,211,511,16398449.14,Giao dịch mua bán,Production,CUST0099,VEND0100,Asset,IAS 16,Asset,IAS 16
29/03/2024,CT335633,211,111,40531622.52,Giao dịch mua bán,Sales,CUST0105,VEND0136,Asset,IAS 16,Asset,IAS 16
29/11/2024,CT814235,214,156,26356986.23,Giao dịch mua bán,Production,CUST0160,VEND0031,Asset,IAS 16,Asset,IAS 16
14/06/2024,CT572060,642,632,37125736.09,Giao dịch mua bán,IT,CUST0077,VEND0008,Expense,IAS 1,Expense,IAS 1
02/05/2024,CT768409,214,112,2003440.63,Giao dịch mua bán,IT,CUST0036,VEND0141,Asset,IAS 16,Asset,IAS 16
20/05/2024,CT004840,156,214,22525895.13,Giao dịch mua bán,HR,CUST0057,VEND0106,Asset,IAS 16,Asset,IAS 16
27/06/2024,CT585647,131,331,8865646.62,Giao dịch mua bán,Production,CUST0076,VEND0034,Asset,IAS 16,Asset,IAS 16
25/02/2024,CT903482,511,632,45862153.92,Giao dịch mua bán,Finance,CUST0109,VEND0155,Revenue,IFRS 15,Revenue,IFRS 15
16/03/2024,CT414934,111,156,19688341.63,Giao dịch mua bán,Sales,CUST0143,VEND0094,Asset,IAS 16,Asset,IAS 16
31/12/2024,CT561976,511,211,20398572.22,Giao dịch mua bán,Production,CUST0159,VEND0070,Revenue,IFRS 15,Revenue,IFRS 15
07/09/2024,CT760995,632,511,39735836.68,Giao dịch mua bán,Sales,CUST0113,VEND0140,Expense,IAS 1,Expense,IAS 1
04/09/2024,CT711986,211,211,36287961.47,Giao dịch mua bán,HR,CUST0004,VEND0066,Asset,IAS 16,Asset,IAS 16
31/01/2024,CT343850,156,131,33962118.72,Giao dịch mua bán,Finance,CUST0120,VEND0034,Asset,IAS 16,Asset,IAS 16
14/07/2024,CT985086,156,111,5924482.19,Giao dịch mua bán,Production,CUST0098,VEND0094,Asset,IAS 16,Asset,IAS 16
15/02/2024,CT920826,156,152,24485937.33,Giao dịch mua bán,Finance,CUST0041,VEND0063,Asset,IAS 16,Asset,IAS 16
04/09/2024,CT461440,331,214,30823988.43,Giao dịch mua bán,Sales,CUST0058,VEND0030,Liability,IAS 37,Liability,IAS 37
09/02/2024,CT719672,331,112,39231976.87,Giao dịch mua bán,HR,CUST0005,VEND0099,Liability,IAS 37,Liability,IAS 37
08/12/2024,CT372783,214,214,21909900.59,Giao dịch mua bán,Production,CUST0083,VEND0033,Asset,IAS 16,Asset,IAS 16
15/05/2024,CT046475,511,331,37469512.23,Giao dịch mua bán,Sales,CUST0023,VEND0084,Revenue,IFRS 15,Revenue,IFRS 15
07/11/2024,CT016398,331,632,22269624.87,Giao dịch mua bán,Production,CUST0085,VEND0020,Liability,IAS 37,Liability,IAS 37
20/03/2024,CT461939,331,152,31268753.94,Giao dịch mua bán,Production,CUST0122,VEND0118,Liability,IAS 37,Liability,IAS 37
16/03/2024,CT649813,156,152,32490354.99,Giao dịch mua bán,Sales,CUST0151,VEND0037,Asset,IAS 16,Asset,IAS 16
04/04/2024,CT505972,152,331,23433733.87,Giao dịch mua bán,Sales,CUST0029,VEND0024,Asset,IAS 16,Asset,IAS 16
30/09/2024,CT691359,131,642,23790384.29,Giao dịch mua bán,IT,CUST0117,VEND0101,Asset,IAS 16,Asset,IAS 16
07/02/2024,CT454995,211,131,22555847.33,Giao dịch mua bán,Production,CUST0032,VEND0192,Asset,IAS 16,Asset,IAS 16
14/08/2024,CT638586,211,131,46873411.56,Giao dịch mua bán,Sales,CUST0121,VEND0014,Asset,IAS 16,Asset,IAS 16
11/05/2024,CT298779,131,156,37490726.17,Giao dịch mua bán,Finance,CUST0127,VEND0153,Asset,IAS 16,Asset,IAS 16
19/11/2024,CT879557,511,632,11086104.02,Giao dịch mua bán,Sales,CUST0005,VEND0199,Revenue,IFRS 15,Revenue,IFRS 15
22/11/2024,CT145338,112,111,21330822.4,Giao dịch mua bán,Production,CUST0040,VEND0193,Asset,IAS 16,Asset,IAS 16
14/01/2024,CT191632,511,511,15572863.09,Giao dịch mua bán,IT,CUST0143,VEND0106,Revenue,IFRS 15,Revenue,IFRS 15
03/09/2024,CT664138,211,511,2792849.21,Giao dịch mua bán,Sales,CUST0006,VEND0107,Asset,IAS 16,Asset,IAS 16
04/09/2024,CT268771,211,214,4622336.05,Giao dịch mua bán,IT,CUST0193,VEND0184,Asset,IAS 16,Asset,IAS 16
21/03/2024,CT552553,511,642,1948995.74,Giao dịch mua bán,HR,CUST0025,VEND0052,Revenue,IFRS 15,Revenue,IFRS 15
15/03/2024,CT331191,131,152,18389133.74,Giao dịch mua bán,Sales,CUST0033,VEND0032,Asset,IAS 16,Asset,IAS 16
07/12/2024,CT196809,214,642,1921427.19,Giao dịch mua bán,HR,CUST0092,VEND0145,Asset,IAS 16,Asset,IAS 16
05/08/2024,CT668830,152,111,4436982.86,Giao dịch mua bán,HR,CUST0070,VEND0199,Asset,IAS 16,Asset,IAS 16
26/04/2024,CT328176,156,211,30411346.15,Giao dịch mua bán,Finance,CUST0025,VEND0046,Asset,IAS 16,Asset,IAS 16
30/07/2024,CT304357,642,152,29187382.29,Giao dịch mua bán,HR,CUST0105,VEND0056,Expense,IAS 1,Expense,IAS 1
11/10/2024,CT106449,632,632,25116515.7,Giao dịch mua bán,IT,CUST0167,VEND0024,Expense,IAS 1,Expense,IAS 1
25/12/2024,CT178781,131,111,12429073.26,Giao dịch mua bán,Sales,CUST0161,VEND0132,Asset,IAS 16,Asset,IAS 16
23/04/2024,CT586157,111,642,45754293.4,Giao dịch mua bán,IT,CUST0141,VEND0039,Asset,IAS 16,Asset,IAS 16
17/12/2024,CT636085,511,112,16305636.43,Giao dịch mua bán,Production,CUST0047,VEND0172,Revenue,IFRS 15,Revenue,IFRS 15
13/11/2024,CT253505,214,211,47158786.94,Giao dịch mua bán,Finance,CUST0179,VEND0006,Asset,IAS 16,Asset,IAS 16
29/07/2024,CT040923,131,152,6589097.98,Giao dịch mua bán,HR,CUST0010,VEND0028,Asset,IAS 16,Asset,IAS 16
28/08/2024,CT979147,156,111,11493145.03,Giao dịch mua bán,IT,CUST0026,VEND0070,Asset,IAS 16,Asset,IAS 16
14/10/2024,CT556297,211,112,38329106.11,Giao dịch mua bán,Sales,CUST0030,VEND0127,Asset,IAS 16,Asset,IAS 16
05/09/2024,CT092425,642,632,38358444.61,Giao dịch mua bán,IT,CUST0072,VEND0021,Expense,IAS 1,Expense,IAS 1
14/04/2024,CT136766,331,152,34485257.41,Giao dịch mua bán,IT,CUST0143,VEND0167,Liability,IAS 37,Liability,IAS 37
04/03/2024,CT597492,642,111,4379416.55,Giao dịch mua bán,Production,CUST0135,VEND0046,Expense,IAS 1,Expense,IAS 1
25/07/2024,CT913396,211,131,19101442.27,Giao dịch mua bán,Production,CUST0192,VEND0052,Asset,IAS 16,Asset,IAS 16
09/09/2024,CT275701,642,211,31832948.98,Giao dịch mua bán,HR,CUST0080,VEND0042,Expense,IAS 1,Expense,IAS 1
09/03/2024,CT053105,214,111,20438380.13,Giao dịch mua bán,Sales,CUST0028,VEND0066,Asset,IAS 16,Asset,IAS 16
07/02/2024,CT820079,214,211,42615625.19,Giao dịch mua bán,HR,CUST0102,VEND0063,Asset,IAS 16,Asset,IAS 16
10/03/2024,CT738716,211,642,19523892.27,Giao dịch mua bán,HR,CUST0144,VEND0014,Asset,IAS 16,Asset,IAS 16
14/05/2024,CT589711,152,131,26299546.38,Giao dịch mua bán,Finance,CUST0183,VEND0072,Asset,IAS 16,Asset,IAS 16
01/05/2024,CT790166,642,214,46764205.74,Giao dịch mua bán,Sales,CUST0022,VEND0117,Expense,IAS 1,Expense,IAS 1
19/01/2024,CT123230,642,331,44023915.61,Giao dịch mua bán,HR,CUST0172,VEND0200,Expense,IAS 1,Expense,IAS 1
26/06/2024,CT371583,112,511,6289847.89,Giao dịch mua bán,Finance,CUST0076,VEND0001,Asset,IAS 16,Asset,IAS 16
29/02/2024,CT066612,331,511,28913160.92,Giao dịch mua bán,Finance,CUST0050,VEND0136,Liability,IAS 37,Liability,IAS 37
27/08/2024,CT195887,331,131,28285934.33,Giao dịch mua bán,IT,CUST0037,VEND0145,Liability,IAS 37,Liability,IAS 37
15/04/2024,CT017919,642,112,36268075.76,Giao dịch mua bán,IT,CUST0139,VEND0198,Expense,IAS 1,Expense,IAS 1
11/05/2024,CT170337,511,632,36654325.4,Giao dịch mua bán,Finance,CUST0050,VEND0044,Revenue,IFRS 15,Revenue,IFRS 15
10/10/2024,CT638360,331,511,12570116.43,Giao dịch mua bán,Finance,CUST0005,VEND0170,Liability,IAS 37,Liability,IAS 37
06/12/2024,CT901147,632,111,32218808.36,Giao dịch mua bán,Sales,CUST0165,VEND0077,Expense,IAS 1,Expense,IAS 1
23/07/2024,CT471851,511,111,31482108.86,Giao dịch mua bán,Sales,CUST0187,VEND0082,Revenue,IFRS 15,Revenue,IFRS 15
04/03/2024,CT066408,211,112,29705181.77,Giao dịch mua bán,Sales,CUST0047,VEND0092,Asset,IAS 16,Asset,IAS 16
25/06/2024,CT759574,331,112,43973786.64,Giao dịch mua bán,Finance,CUST0045,VEND0088,Liability,IAS 37,Liability,IAS 37
15/08/2024,CT500198,511,111,14776022.54,Giao dịch mua bán,IT,CUST0200,VEND0175,Revenue,IFRS 15,Revenue,IFRS 15
04/06/2024,CT702626,112,131,41266099.83,Giao dịch mua bán,HR,CUST0051,VEND0014,Asset,IAS 16,Asset,IAS 16
01/12/2024,CT577553,211,642,29317896.67,Giao dịch mua bán,Sales,CUST0078,VEND0036,Asset,IAS 16,Asset,IAS 16
03/05/2024,CT429425,152,632,3283934.25,Giao dịch mua bán,HR,CUST0115,VEND0036,Asset,IAS 16,Asset,IAS 16
23/11/2024,CT528792,214,131,44617395.78,Giao dịch mua bán,IT,CUST0116,VEND0110,Asset,IAS 16,Asset,IAS 16
30/12/2024,CT915214,211,131,48709310.31,Giao dịch mua bán,Sales,CUST0024,VEND0023,Asset,IAS 16,Asset,IAS 16
09/12/2024,CT451949,152,632,8245486.95,Giao dịch mua bán,Sales,CUST0029,VEND0118,Asset,IAS 16,Asset,IAS 16
06/04/2024,CT400790,211,112,787960.19,Giao dịch mua bán,Finance,CUST0175,VEND0002,Asset,IAS 16,Asset,IAS 16
27/06/2024,CT023440,642,642,25527666.29,Giao dịch mua bán,HR,CUST0118,VEND0156,Expense,IAS 1,Expense,IAS 1
13/10/2024,CT930539,131,111,19970312.01,Giao dịch mua bán,Finance,CUST0198,VEND0102,Asset,IAS 16,Asset,IAS 16
16/05/2024,CT058629,214,511,7737657.28,Giao dịch mua bán,HR,CUST0160,VEND0007,Asset,IAS 16,Asset,IAS 16
05/05/2024,CT728130,211,511,30181609.49,Giao dịch mua bán,Sales,CUST0137,VEND0115,Asset,IAS 16,Asset,IAS 16
14/05/2024,CT726267,112,152,39221009.2,Giao dịch mua bán,HR,CUST0084,VEND0100,Asset,IAS 16,Asset,IAS 16
17/01/2024,CT536762,642,331,8010403.03,Giao dịch mua bán,HR,CUST0130,VEND0075,Expense,IAS 1,Expense,IAS 1
05/05/2024,CT336053,131,152,42790719.92,Giao dịch mua bán,HR,CUST0053,VEND0170,Asset,IAS 16,Asset,IAS 16
05/05/2024,CT771985,632,112,1642008.06,Giao dịch mua bán,Sales,CUST0029,VEND0093,Expense,IAS 1,Expense,IAS 1
15/12/2024,CT158497,156,214,35037399.05,Giao dịch mua bán,HR,CUST0152,VEND0065,Asset,IAS 16,Asset,IAS 16
10/07/2024,CT713374,112,211,32032855.27,Giao dịch mua bán,Sales,CUST0151,VEND0118,Asset,IAS 16,Asset,IAS 16
10/02/2024,CT540241,214,156,39897235.79,Giao dịch mua bán,IT,CUST0155,VEND0041,Asset,IAS 16,Asset,IAS 16
02/12/2024,CT775835,111,642,991114.99,Giao dịch mua bán,Sales,CUST0131,VEND0195,Asset,IAS 16,Asset,IAS 16
22/07/2024,CT260421,642,131,19556373.04,Giao dịch mua bán,Finance,CUST0150,VEND0195,Expense,IAS 1,Expense,IAS 1
24/07/2024,CT544286,152,111,38874449.63,Giao dịch mua bán,HR,CUST0111,VEND0175,Asset,IAS 16,Asset,IAS 16
02/05/2024,CT652032,211,214,36117018.59,Giao dịch mua bán,Production,CUST0062,VEND0101,Asset,IAS 16,Asset,IAS 16
15/01/2024,CT745731,156,152,44394323.98,Giao dịch mua bán,HR,CUST0049,VEND0094,Asset,IAS 16,Asset,IAS 16
20/03/2024,CT246391,111,211,28764294.31,Giao dịch mua bán,IT,CUST0129,VEND0005,Asset,IAS 16,Asset,IAS 16
17/12/2024,CT912768,111,211,9644598.14,Giao dịch mua bán,Production,CUST0130,VEND0062,Asset,IAS 16,Asset,IAS 16
04/08/2024,CT971313,152,642,17742184.9,Giao dịch mua bán,Production,CUST0134,VEND0031,Asset,IAS 16,Asset,IAS 16
06/12/2024,CT546736,214,112,23755232.35,Giao dịch mua bán,Sales,CUST0123,VEND0021,Asset,IAS 16,Asset,IAS 16
20/06/2024,CT518598,211,214,378198.34,Giao dịch mua bán,Sales,CUST0138,VEND0191,Asset,IAS 16,Asset,IAS 16
15/02/2024,CT421664,156,211,12735410.32,Giao dịch mua bán,IT,CUST0042,VEND0196,Asset,IAS 16,Asset,IAS 16
06/10/2024,CT973570,152,511,38469782.2,Giao dịch mua bán,Production,CUST0076,VEND0065,Asset,IAS 16,Asset,IAS 16
09/02/2024,CT874648,152,131,14026702.43,Giao dịch mua bán,Production,CUST0115,VEND0039,Asset,IAS 16,Asset,IAS 16
29/07/2024,CT055458,156,214,5852461.83,Giao dịch mua bán,Finance,CUST0114,VEND0185,Asset,IAS 16,Asset,IAS 16
20/06/2024,CT488009,111,632,1857521.57,Giao dịch mua bán,HR,CUST0078,VEND0034,Asset,IAS 16,Asset,IAS 16
29/04/2024,CT565928,331,511,49381819.57,Giao dịch mua bán,Sales,CUST0091,VEND0114,Liability,IAS 37,Liability,IAS 37
14/05/2024,CT269065,331,131,15103839.02,Giao dịch mua bán,Sales,CUST0171,VEND0187,Liability,IAS 37,Liability,IAS 37
08/04/2024,CT350893,112,331,33434851.78,Giao dịch mua bán,Production,CUST0192,VEND0010,Asset,IAS 16,Asset,IAS 16
17/10/2024,CT027372,156,131,5677330.86,Giao dịch mua bán,Finance,CUST0039,VEND0081,Asset,IAS 16,Asset,IAS 16
30/12/2024,CT214619,156,211,26475981.29,Giao dịch mua bán,HR,CUST0164,VEND0129,Asset,IAS 16,Asset,IAS 16
28/10/2024,CT872276,642,211,17725520.76,Giao dịch mua bán,HR,CUST0097,VEND0188,Expense,IAS 1,Expense,IAS 1
28/04/2024,CT860213,214,211,29305026.22,Giao dịch mua bán,Sales,CUST0149,VEND0118,Asset,IAS 16,Asset,IAS 16
17/04/2024,CT830778,214,152,46445682.84,Giao dịch mua bán,IT,CUST0159,VEND0104,Asset,IAS 16,Asset,IAS 16
04/02/2024,CT570894,214,211,27975691.08,Giao dịch mua bán,HR,CUST0138,VEND0138,Asset,IAS 16,Asset,IAS 16
03/06/2024,CT315970,642,112,21473042.79,Giao dịch mua bán,IT,CUST0114,VEND0156,Expense,IAS 1,Expense,IAS 1
13/10/2024,CT792372,152,112,33367672.61,Giao dịch mua bán,Finance,CUST0054,VEND0063,Asset,IAS 16,Asset,IAS 16
18/02/2024,CT018614,111,642,16057424.66,Giao dịch mua bán,HR,CUST0033,VEND0190,Asset,IAS 16,Asset,IAS 16
21/12/2024,CT229129,211,642,36963122.39,Giao dịch mua bán,HR,CUST0176,VEND0149,Asset,IAS 16,Asset,IAS 16
29/06/2024,CT580323,112,111,18948331.96,Giao dịch mua bán,Sales,CUST0013,VEND0123,Asset,IAS 16,Asset,IAS 16
23/04/2024,CT390041,131,511,43652056.39,Giao dịch mua bán,IT,CUST0024,VEND0095,Asset,IAS 16,Asset,IAS 16
11/06/2024,CT801314,214,112,5615059.17,Giao dịch mua bán,Sales,CUST0011,VEND0115,Asset,IAS 16,Asset,IAS 16
29/05/2024,CT895757,112,156,22881987.52,Giao dịch mua bán,Production,CUST0180,VEND0121,Asset,IAS 16,Asset,IAS 16
11/01/2024,CT477814,111,131,18434754.34,Giao dịch mua bán,IT,CUST0163,VEND0048,Asset,IAS 16,Asset,IAS 16
09/05/2024,CT057835,152,214,5406394.38,Giao dịch mua bán,HR,CUST0049,VEND0066,Asset,IAS 16,Asset,IAS 16
08/10/2024,CT338825,111,112,44482172.93,Giao dịch mua bán,Production,CUST0189,VEND0179,Asset,IAS 16,Asset,IAS 16
07/06/2024,CT842589,211,642,36641402.77,Giao dịch mua bán,IT,CUST0015,VEND0072,Asset,IAS 16,Asset,IAS 16
27/08/2024,CT305385,152,152,15898400.54,Giao dịch mua bán,IT,CUST0031,VEND0097,Asset,IAS 16,Asset,IAS 16
01/01/2024,CT681499,152,632,44884369.34,Giao dịch mua bán,Sales,CUST0133,VEND0106,Asset,IAS 16,Asset,IAS 16
20/12/2024,CT429586,511,112,14930915.26,Giao dịch mua bán,Finance,CUST0117,VEND0093,Revenue,IFRS 15,Revenue,IFRS 15
28/02/2024,CT012418,511,211,40771551.56,Giao dịch mua bán,HR,CUST0131,VEND0200,Revenue,IFRS 15,Revenue,IFRS 15
15/10/2024,CT020495,632,112,16207924.51,Giao dịch mua bán,Finance,CUST0077,VEND0019,Expense,IAS 1,Expense,IAS 1
18/02/2024,CT277623,632,511,17517367.02,Giao dịch mua bán,Production,CUST0170,VEND0012,Expense,IAS 1,Expense,IAS 1
30/01/2024,CT364459,156,131,49955976.72,Giao dịch mua bán,Production,CUST0182,VEND0191,Asset,IAS 16,Asset,IAS 16
27/04/2024,CT344260,152,511,596827.13,Giao dịch mua bán,HR,CUST0149,VEND0024,Asset,IAS 16,Asset,IAS 16
05/07/2024,CT622971,131,156,4455697.25,Giao dịch mua bán,HR,CUST0179,VEND0188,Asset,IAS 16,Asset,IAS 16
07/08/2024,CT723383,331,511,24661998.69,Giao dịch mua bán,HR,CUST0008,VEND0127,Liability,IAS 37,Liability,IAS 37
16/01/2024,CT480395,642,211,40658083.12,Giao dịch mua bán,HR,CUST0182,VEND0077,Expense,IAS 1,Expense,IAS 1
20/01/2024,CT800925,131,331,9252785.45,Giao dịch mua bán,Production,CUST0138,VEND0036,Asset,IAS 16,Asset,IAS 16
21/02/2024,CT398541,156,111,5088065.99,Giao dịch mua bán,HR,CUST0072,VEND0182,Asset,IAS 16,Asset,IAS 16
07/02/2024,CT348344,211,511,29019213,Giao dịch mua bán,Finance,CUST0099,VEND0169,Asset,IAS 16,Asset,IAS 16
03/03/2024,CT220956,214,211,14167614.93,Giao dịch mua bán,Finance,CUST0073,VEND0093,Asset,IAS 16,Asset,IAS 16
10/02/2024,CT637377,511,642,26250198.76,Giao dịch mua bán,HR,CUST0012,VEND0105,Revenue,IFRS 15,Revenue,IFRS 15
06/01/2024,CT416700,112,214,17931287.72,Giao dịch mua bán,HR,CUST0154,VEND0143,Asset,IAS 16,Asset,IAS 16
06/04/2024,CT726040,632,152,27858865.83,Giao dịch mua bán,Finance,CUST0092,VEND0190,Expense,IAS 1,Expense,IAS 1
01/05/2024,CT035721,211,152,46180195.85,Giao dịch mua bán,HR,CUST0067,VEND0014,Asset,IAS 16,Asset,IAS 16
22/01/2024,CT131412,112,211,27511481.4,Giao dịch mua bán,IT,CUST0045,VEND0184,Asset,IAS 16,Asset,IAS 16
21/07/2024,CT545449,131,131,25044794.45,Giao dịch mua bán,IT,CUST0169,VEND0197,Asset,IAS 16,Asset,IAS 16
21/11/2024,CT050956,214,642,24643158.6,Giao dịch mua bán,Finance,CUST0188,VEND0050,Asset,IAS 16,Asset,IAS 16
13/08/2024,CT814675,642,214,29740094.99,Giao dịch mua bán,Sales,CUST0009,VEND0146,Expense,IAS 1,Expense,IAS 1
18/11/2024,CT871943,642,642,6585038.38,Giao dịch mua bán,Sales,CUST0064,VEND0129,Expense,IAS 1,Expense,IAS 1
26/06/2024,CT596444,211,511,14150179.7,Giao dịch mua bán,Finance,CUST0053,VEND0191,Asset,IAS 16,Asset,IAS 16
21/07/2024,CT141769,152,111,28931141.99,Giao dịch mua bán,Sales,CUST0012,VEND0189,Asset,IAS 16,Asset,IAS 16
23/09/2024,CT089130,152,511,36229860.96,Giao dịch mua bán,HR,CUST0163,VEND0118,Asset,IAS 16,Asset,IAS 16
11/07/2024,CT945686,642,152,11624575.19,Giao dịch mua bán,Finance,CUST0017,VEND0106,Expense,IAS 1,Expense,IAS 1
06/02/2024,CT086978,211,632,47999222.14,Giao dịch mua bán,Finance,CUST0032,VEND0037,Asset,IAS 16,Asset,IAS 16
13/07/2024,CT286697,152,632,38420619.11,Giao dịch mua bán,Production,CUST0017,VEND0050,Asset,IAS 16,Asset,IAS 16
08/04/2024,CT184020,112,511,30337329.35,Giao dịch mua bán,Production,CUST0125,VEND0153,Asset,IAS 16,Asset,IAS 16
18/06/2024,CT414685,211,131,31221769.24,Giao dịch mua bán,Finance,CUST0046,VEND0089,Asset,IAS 16,Asset,IAS 16
23/01/2024,CT732226,112,511,2516635.68,Giao dịch mua bán,Sales,CUST0091,VEND0128,Asset,IAS 16,Asset,IAS 16
17/02/2024,CT132478,152,642,12052970.72,Giao dịch mua bán,Finance,CUST0198,VEND0028,Asset,IAS 16,Asset,IAS 16
16/01/2024,CT159612,632,152,33766485.09,Giao dịch mua bán,IT,CUST0098,VEND0182,Expense,IAS 1,Expense,IAS 1
17/01/2024,CT101097,156,511,43444402.62,Giao dịch mua bán,Production,CUST0028,VEND0022,Asset,IAS 16,Asset,IAS 16
22/04/2024,CT749168,331,511,17587824.61,Giao dịch mua bán,HR,CUST0169,VEND0099,Liability,IAS 37,Liability,IAS 37
07/08/2024,CT467279,111,211,39223406.49,Giao dịch mua bán,Sales,CUST0093,VEND0118,Asset,IAS 16,Asset,IAS 16
27/05/2024,CT965892,112,214,23579913.54,Giao dịch mua bán,HR,CUST0101,VEND0023,Asset,IAS 16,Asset,IAS 16
31/10/2024,CT002351,211,131,47609702.22,Giao dịch mua bán,Sales,CUST0153,VEND0044,Asset,IAS 16,Asset,IAS 16
23/09/2024,CT571523,511,642,49678275.85,Giao dịch mua bán,IT,CUST0033,VEND0062,Revenue,IFRS 15,Revenue,IFRS 15
18/06/2024,CT755423,156,632,3297654.89,Giao dịch mua bán,Sales,CUST0127,VEND0062,Asset,IAS 16,Asset,IAS 16
03/12/2024,CT126162,642,214,35143708.32,Giao dịch mua bán,HR,CUST0176,VEND0010,Expense,IAS 1,Expense,IAS 1
30/11/2024,CT524097,152,111,37566844.5,Giao dịch mua bán,Finance,CUST0009,VEND0102,Asset,IAS 16,Asset,IAS 16
08/03/2024,CT527987,156,632,41579464.46,Giao dịch mua bán,Finance,CUST0126,VEND0147,Asset,IAS 16,Asset,IAS 16
28/02/2024,CT247354,112,131,44759066.61,Giao dịch mua bán,HR,CUST0101,VEND0167,Asset,IAS 16,Asset,IAS 16
07/11/2024,CT275179,131,131,36433054.66,Giao dịch mua bán,IT,CUST0008,VEND0130,Asset,IAS 16,Asset,IAS 16
31/08/2024,CT335805,111,152,28327250.41,Giao dịch mua bán,Finance,CUST0002,VEND0054,Asset,IAS 16,Asset,IAS 16
29/11/2024,CT330310,211,214,40943704.7,Giao dịch mua bán,Sales,CUST0009,VEND0085,Asset,IAS 16,Asset,IAS 16
04/06/2024,CT810639,152,112,31529035.26,Giao dịch mua bán,IT,CUST0193,VEND0079,Asset,IAS 16,Asset,IAS 16
27/11/2024,CT309814,111,632,8187190.28,Giao dịch mua bán,Sales,CUST0019,VEND0146,Asset,IAS 16,Asset,IAS 16
21/02/2024,CT055195,511,211,37182948.32,Giao dịch mua bán,Sales,CUST0156,VEND0153,Revenue,IFRS 15,Revenue,IFRS 15
20/05/2024,CT562863,511,111,28963535.68,Giao dịch mua bán,Finance,CUST0078,VEND0085,Revenue,IFRS 15,Revenue,IFRS 15
19/04/2024,CT779925,211,156,9167157.16,Giao dịch mua bán,Finance,CUST0007,VEND0180,Asset,IAS 16,Asset,IAS 16
26/03/2024,CT188512,156,642,26710019.72,Giao dịch mua bán,Production,CUST0167,VEND0043,Asset,IAS 16,Asset,IAS 16
12/04/2024,CT253252,131,156,39994606.97,Giao dịch mua bán,Production,CUST0144,VEND0018,Asset,IAS 16,Asset,IAS 16
11/04/2024,CT000281,112,156,26716236.07đ,Giao dịch mua bán,IT,CUST0017,VEND0030,Asset,IAS 16,Asset,IAS 16
23/01/2024,CT029179,156,112,32123446.93,Giao dịch mua bán,Production,CUST0018,VEND0009,Asset,IAS 16,Asset,IAS 16
23/11/2024,CT489613,632,511,5672215.87,Giao dịch mua bán,HR,CUST0008,VEND0157,Expense,IAS 1,Expense,IAS 1
27/09/2024,CT143313,131,214,13983678.16,Giao dịch mua bán,Sales,CUST0012,VEND0129,Asset,IAS 16,Asset,IAS 16
30/11/2024,CT459267,214,111,10979266.93,Giao dịch mua bán,Sales,CUST0199,VEND0099,Asset,IAS 16,Asset,IAS 16
10/08/2024,CT104743,214,111,40653381.57,Giao dịch mua bán,HR,CUST0056,VEND0145,Asset,IAS 16,Asset,IAS 16
01/09/2024,CT263779,331,632,13230528.37,Giao dịch mua bán,Sales,CUST0127,VEND0060,Liability,IAS 37,Liability,IAS 37
03/01/2024,CT500049,131,511,3469544.46,Giao dịch mua bán,Finance,CUST0039,VEND0023,Asset,IAS 16,Asset,IAS 16
13/04/2024,CT822398,214,211,44403890.36,Giao dịch mua bán,IT,CUST0179,VEND0111,Asset,IAS 16,Asset,IAS 16
02/06/2024,CT310224,112,112,31716663.11,Giao dịch mua bán,Finance,CUST0177,VEND0121,Asset,IAS 16,Asset,IAS 16
30/10/2024,CT205077,131,111,9641200.87,Giao dịch mua bán,IT,CUST0108,VEND0072,Asset,IAS 16,Asset,IAS 16
13/04/2024,CT341826,642,156,21206818.96,Giao dịch mua bán,Production,CUST0039,VEND0184,Expense,IAS 1,Expense,IAS 1
23/07/2024,CT132815,131,331,42679956.35,Giao dịch mua bán,Finance,CUST0197,VEND0196,Asset,IAS 16,Asset,IAS 16
17/03/2024,CT115191,156,156,9672274.54,Giao dịch mua bán,Production,CUST0048,VEND0198,Asset,IAS 16,Asset,IAS 16
14/02/2024,CT211558,112,111,24462316.8,Giao dịch mua bán,Finance,CUST0086,VEND0043,Asset,IAS 16,Asset,IAS 16
17/08/2024,CT597745,214,111,28526027.99,Giao dịch mua bán,HR,CUST0065,VEND0132,Asset,IAS 16,Asset,IAS 16
05/11/2024,CT912488,331,152,48003309.03,Giao dịch mua bán,Sales,CUST0010,VEND0103,Liability,IAS 37,Liability,IAS 37
01/01/2024,CT521045,111,511,17987544.24,Giao dịch mua bán,Finance,CUST0168,VEND0008,Asset,IAS 16,Asset,IAS 16
27/10/2024,CT086972,156,211,7315490.66,Giao dịch mua bán,Sales,CUST0019,VEND0054,Asset,IAS 16,Asset,IAS 16
03/06/2024,CT839324,214,211,11325876.99,Giao dịch mua bán,IT,CUST0155,VEND0152,Asset,IAS 16,Asset,IAS 16
29/07/2024,CT496743,642,112,14151927.97,Giao dịch mua bán,Production,CUST0177,VEND0074,Expense,IAS 1,Expense,IAS 1
27/11/2024,CT384260,131,156,48615691,Giao dịch mua bán,Finance,CUST0052,VEND0094,Asset,IAS 16,Asset,IAS 16
08/06/2024,CT720253,632,511,33814483.84,Giao dịch mua bán,IT,CUST0131,VEND0200,Expense,IAS 1,Expense,IAS 1
01/07/2024,CT294602,511,131,29780167.73,Giao dịch mua bán,IT,CUST0071,VEND0156,Revenue,IFRS 15,Revenue,IFRS 15
05/01/2024,CT151553,112,211,2328685.23,Giao dịch mua bán,Production,CUST0116,VEND0083,Asset,IAS 16,Asset,IAS 16
08/02/2024,CT400306,111,511,12468832.36,Giao dịch mua bán,Sales,CUST0062,VEND0092,Asset,IAS 16,Asset,IAS 16
08/10/2024,CT493582,331,214,15148461.8,Giao dịch mua bán,Finance,CUST0059,VEND0123,Liability,IAS 37,Liability,IAS 37
06/03/2024,CT324840,111,156,11819700.8,Giao dịch mua bán,Production,CUST0019,VEND0083,Asset,IAS 16,Asset,IAS 16
08/05/2024,CT094893,156,331,20295350.36đ,Giao dịch mua bán,HR,CUST0140,VEND0036,Asset,IAS 16,Asset,IAS 16
08/05/2024,CT370554,511,112,34817639.54,Giao dịch mua bán,Sales,CUST0171,VEND0066,Revenue,IFRS 15,Revenue,IFRS 15
25/02/2024,CT562393,632,511,28683761.84,Giao dịch mua bán,Finance,CUST0187,VEND0112,Expense,IAS 1,Expense,IAS 1
08/04/2024,CT353912,642,331,49441128.09,Giao dịch mua bán,IT,CUST0150,VEND0197,Expense,IAS 1,Expense,IAS 1
05/02/2024,CT747900,214,211,8618719.66,Giao dịch mua bán,Finance,CUST0004,VEND0198,Asset,IAS 16,Asset,IAS 16
06/01/2024,CT860237,511,156,24733839.41,Giao dịch mua bán,IT,CUST0041,VEND0076,Revenue,IFRS 15,Revenue,IFRS 15
28/01/2024,CT219284,331,211,37578373,Giao dịch mua bán,Production,CUST0012,VEND0024,Liability,IAS 37,Liability,IAS 37
06/01/2024,CT036948,112,331,49862655.07,Giao dịch mua bán,Finance,CUST0154,VEND0010,Asset,IAS 16,Asset,IAS 16
12/09/2024,CT303920,632,131,37450012.24,Giao dịch mua bán,Production,CUST0042,VEND0090,Expense,IAS 1,Expense,IAS 1
22/05/2024,CT359924,632,642,40985041.14,Giao dịch mua bán,Sales,CUST0048,VEND0096,Expense,IAS 1,Expense,IAS 1
19/03/2024,CT159076,214,211,21358157.79,Giao dịch mua bán,HR,CUST0076,VEND0063,Asset,IAS 16,Asset,IAS 16
19/02/2024,CT010319,111,131,48150718.6,Giao dịch mua bán,HR,CUST0007,VEND0075,Asset,IAS 16,Asset,IAS 16
12/08/2024,CT366228,152,131,21840075.96,Giao dịch mua bán,Production,CUST0011,VEND0096,Asset,IAS 16,Asset,IAS 16
24/08/2024,CT845433,131,131,44334266.4,Giao dịch mua bán,Sales,CUST0083,VEND0023,Asset,IAS 16,Asset,IAS 16
01/11/2024,CT851819,111,111,37468019.83,Giao dịch mua bán,HR,CUST0122,VEND0052,Asset,IAS 16,Asset,IAS 16
22/05/2024,CT871230,211,214,33279269.67,Giao dịch mua bán,IT,CUST0026,VEND0096,Asset,IAS 16,Asset,IAS 16
17/10/2024,CT445149,642,111,11963333.73,Giao dịch mua bán,Finance,CUST0079,VEND0108,Expense,IAS 1,Expense,IAS 1
21/05/2024,CT409809,112,152,38373172.39,Giao dịch mua bán,Finance,CUST0130,VEND0007,Asset,IAS 16,Asset,IAS 16
16/05/2024,CT558880,331,211,6532856.07,Giao dịch mua bán,Finance,CUST0116,VEND0176,Liability,IAS 37,Liability,IAS 37
25/12/2024,CT393387,112,152,15314045.26,Giao dịch mua bán,Sales,CUST0022,VEND0168,Asset,IAS 16,Asset,IAS 16
07/11/2024,CT827785,152,632,35788457.28,Giao dịch mua bán,IT,CUST0043,VEND0038,Asset,IAS 16,Asset,IAS 16
06/03/2024,CT720921,211,331,22586481.93,Giao dịch mua bán,Finance,CUST0106,VEND0019,Asset,IAS 16,Asset,IAS 16
01/06/2024,CT571648,152,112,13583674.51,Giao dịch mua bán,Production,CUST0076,VEND0097,Asset,IAS 16,Asset,IAS 16
23/04/2024,CT345112,214,642,49795456.41,Giao dịch mua bán,Production,CUST0103,VEND0130,Asset,IAS 16,Asset,IAS 16
07/04/2024,CT573417,511,112,3369741.57,Giao dịch mua bán,IT,CUST0040,VEND0149,Revenue,IFRS 15,Revenue,IFRS 15
15/06/2024,CT712777,131,331,38005008.78,Giao dịch mua bán,Finance,CUST0195,VEND0060,Asset,IAS 16,Asset,IAS 16
19/10/2024,CT418668,156,642,5513915.72,Giao dịch mua bán,HR,CUST0171,VEND0020,Asset,IAS 16,Asset,IAS 16
04/10/2024,CT240267,632,152,34231139.62,Giao dịch mua bán,HR,CUST0069,VEND0090,Expense,IAS 1,Expense,IAS 1
31/12/2024,CT519253,131,111,44600776.55,Giao dịch mua bán,HR,CUST0172,VEND0052,Asset,IAS 16,Asset,IAS 16
24/10/2024,CT518900,331,632,15669760.16,Giao dịch mua bán,IT,CUST0142,VEND0121,Liability,IAS 37,Liability,IAS 37
05/05/2024,CT366358,112,211,368469.94,Giao dịch mua bán,Production,CUST0122,VEND0034,Asset,IAS 16,Asset,IAS 16
09/06/2024,CT718996,156,111,37634516.59,Giao dịch mua bán,Finance,CUST0007,VEND0050,Asset,IAS 16,Asset,IAS 16
05/04/2024,CT098104,211,152,44236414.42,Giao dịch mua bán,IT,CUST0015,VEND0011,Asset,IAS 16,Asset,IAS 16
21/06/2024,CT270381,211,642,14175767.34,Giao dịch mua bán,IT,CUST0058,VEND0103,Asset,IAS 16,Asset,IAS 16
23/12/2024,CT497036,214,632,29396004.28,Giao dịch mua bán,Production,CUST0096,VEND0158,Asset,IAS 16,Asset,IAS 16
07/10/2024,CT784482,331,156,34566586.13đ,Giao dịch mua bán,IT,CUST0087,VEND0058,Liability,IAS 37,Liability,IAS 37
16/03/2024,CT473569,112,331,10028371.65,Giao dịch mua bán,IT,CUST0186,VEND0092,Asset,IAS 16,Asset,IAS 16
09/11/2024,CT917595,131,632,41694932.48,Giao dịch mua bán,Sales,CUST0119,VEND0082,Asset,IAS 16,Asset,IAS 16
08/04/2024,CT417421,111,156,8137973.08,Giao dịch mua bán,Finance,CUST0001,VEND0195,Asset,IAS 16,Asset,IAS 16
02/11/2024,CT704361,111,331,17306928.4,Giao dịch mua bán,Finance,CUST0009,VEND0070,Asset,IAS 16,Asset,IAS 16
25/03/2024,CT143338,152,152,5083105.84,Giao dịch mua bán,IT,CUST0182,VEND0136,Asset,IAS 16,Asset,IAS 16
27/11/2024,CT780537,211,152,21763068.26,Giao dịch mua bán,Finance,CUST0130,VEND0104,Asset,IAS 16,Asset,IAS 16
19/04/2024,CT638414,111,511,23579721.24,Giao dịch mua bán,HR,CUST0082,VEND0178,Asset,IAS 16,Asset,IAS 16
04/07/2024,CT087862,511,211,8595766.11,Giao dịch mua bán,Finance,CUST0041,VEND0140,Revenue,IFRS 15,Revenue,IFRS 15
03/07/2024,CT247665,111,152,15606836.1,Giao dịch mua bán,Finance,CUST0024,VEND0200,Asset,IAS 16,Asset,IAS 16
16/06/2024,CT839398,131,156,12050280.48,Giao dịch mua bán,Production,CUST0038,VEND0156,Asset,IAS 16,Asset,IAS 16
18/03/2024,CT339902,511,331,22649233.42,Giao dịch mua bán,HR,CUST0171,VEND0061,Revenue,IFRS 15,Revenue,IFRS 15
08/12/2024,CT438300,112,511,14129047.36,Giao dịch mua bán,Sales,CUST0046,VEND0158,Asset,IAS 16,Asset,IAS 16
22/07/2024,CT470687,331,214,9589347.11,Giao dịch mua bán,Production,CUST0030,VEND0042,Liability,IAS 37,Liability,IAS 37
26/09/2024,CT236568,112,111,6084161.34,Giao dịch mua bán,Finance,CUST0080,VEND0101,Asset,IAS 16,Asset,IAS 16
23/08/2024,CT682936,511,511,15025875.27,Giao dịch mua bán,Production,CUST0135,VEND0171,Revenue,IFRS 15,Revenue,IFRS 15
08/03/2024,CT188162,642,131,40753557.65,Giao dịch mua bán,HR,CUST0186,VEND0109,Expense,IAS 1,Expense,IAS 1
14/04/2024,CT293213,642,642,8017594.2,Giao dịch mua bán,IT,CUST0103,VEND0041,Expense,IAS 1,Expense,IAS 1
19/07/2024,CT871672,331,511,24476899.66,Giao dịch mua bán,IT,CUST0075,VEND0055,Liability,IAS 37,Liability,IAS 37
04/08/2024,CT749669,642,211,49530211.54,Giao dịch mua bán,Production,CUST0038,VEND0174,Expense,IAS 1,Expense,IAS 1
18/10/2024,CT683616,331,642,43553973.91,Giao dịch mua bán,Production,CUST0038,VEND0184,Liability,IAS 37,Liability,IAS 37
16/01/2024,CT073548,214,511,26834174.08,Giao dịch mua bán,IT,CUST0150,VEND0149,Asset,IAS 16,Asset,IAS 16
29/07/2024,CT453244,511,111,13038068,Giao dịch mua bán,HR,CUST0047,VEND0103,Revenue,IFRS 15,Revenue,IFRS 15
09/09/2024,CT948395,111,632,38233994.75,Giao dịch mua bán,HR,CUST0164,VEND0101,Asset,IAS 16,Asset,IAS 16
19/09/2024,CT593812,152,152,26986305.84,Giao dịch mua bán,IT,CUST0146,VEND0080,Asset,IAS 16,Asset,IAS 16
05/03/2024,CT938016,131,111,23571819.24,Giao dịch mua bán,Production,CUST0196,VEND0138,Asset,IAS 16,Asset,IAS 16
09/02/2024,CT899308,112,111,34354086.22,Giao dịch mua bán,Sales,CUST0052,VEND0061,Asset,IAS 16,Asset,IAS 16
23/06/2024,CT189421,156,112,42155531.88,Giao dịch mua bán,HR,CUST0176,VEND0188,Asset,IAS 16,Asset,IAS 16
20/02/2024,CT524882,111,511,36959436.95,Giao dịch mua bán,Production,CUST0089,VEND0077,Asset,IAS 16,Asset,IAS 16
26/01/2024,CT780201,112,511,44199551.93,Giao dịch mua bán,IT,CUST0009,VEND0192,Asset,IAS 16,Asset,IAS 16
30/11/2024,CT885846,152,511,31210218.91,Giao dịch mua bán,Sales,CUST0033,VEND0173,Asset,IAS 16,Asset,IAS 16
18/01/2024,CT078412,156,131,1910158.83,Giao dịch mua bán,IT,CUST0035,VEND0062,Asset,IAS 16,Asset,IAS 16
05/01/2024,CT824604,214,112,29206635.09,Giao dịch mua bán,HR,CUST0114,VEND0032,Asset,IAS 16,Asset,IAS 16
30/03/2024,CT615685,511,112,7385578.36,Giao dịch mua bán,Production,CUST0018,VEND0160,Revenue,IFRS 15,Revenue,IFRS 15
04/07/2024,CT876683,632,214,17813711.41,Giao dịch mua bán,HR,CUST0101,VEND0039,Expense,IAS 1,Expense,IAS 1
06/03/2024,CT015353,152,642,14535349.99,Giao dịch mua bán,Production,CUST0146,VEND0032,Asset,IAS 16,Asset,IAS 16
14/04/2024,CT758334,214,642,36071356.88,Giao dịch mua bán,Finance,CUST0189,VEND0096,Asset,IAS 16,Asset,IAS 16
20/05/2024,CT548497,111,511,37209956.49,Giao dịch mua bán,Production,CUST0162,VEND0086,Asset,IAS 16,Asset,IAS 16
05/10/2024,CT966925,156,152,13656474.24,Giao dịch mua bán,Sales,CUST0121,VEND0144,Asset,IAS 16,Asset,IAS 16
08/10/2024,CT624196,112,211,25979938.96,Giao dịch mua bán,Finance,CUST0079,VEND0109,Asset,IAS 16,Asset,IAS 16
10/11/2024,CT841413,511,331,37641072.98,Giao dịch mua bán,Sales,CUST0008,VEND0032,Revenue,IFRS 15,Revenue,IFRS 15
02/08/2024,CT372572,642,632,11682526.66,Giao dịch mua bán,Sales,CUST0080,VEND0070,Expense,IAS 1,Expense,IAS 1
04/11/2024,CT820203,511,632,11656695.24,Giao dịch mua bán,Finance,CUST0133,VEND0080,Revenue,IFRS 15,Revenue,IFRS 15
16/11/2024,CT014721,152,511,13749769.93,Giao dịch mua bán,Sales,CUST0157,VEND0045,Asset,IAS 16,Asset,IAS 16
23/01/2024,CT312064,131,152,44658792.37,Giao dịch mua bán,Finance,CUST0055,VEND0118,Asset,IAS 16,Asset,IAS 16
21/05/2024,CT831697,112,642,30730772.12,Giao dịch mua bán,IT,CUST0118,VEND0093,Asset,IAS 16,Asset,IAS 16
14/09/2024,CT945505,156,211,11215705.25,Giao dịch mua bán,Finance,CUST0102,VEND0155,Asset,IAS 16,Asset,IAS 16
05/09/2024,CT956527,152,211,7357564.63,Giao dịch mua bán,IT,CUST0148,VEND0012,Asset,IAS 16,Asset,IAS 16
07/07/2024,CT076110,156,112,33335373.56,Giao dịch mua bán,Finance,CUST0099,VEND0182,Asset,IAS 16,Asset,IAS 16
08/10/2024,CT906203,632,156,48106427.54,Giao dịch mua bán,Sales,CUST0046,VEND0018,Expense,IAS 1,Expense,IAS 1
28/08/2024,CT393995,331,111,22508314.58,Giao dịch mua bán,Production,CUST0124,VEND0125,Liability,IAS 37,Liability,IAS 37
06/09/2024,CT954484,632,214,25919379.15,Giao dịch mua bán,HR,CUST0157,VEND0087,Expense,IAS 1,Expense,IAS 1
02/11/2024,CT966389,331,331,12837680.54,Giao dịch mua bán,Sales,CUST0172,VEND0052,Liability,IAS 37,Liability,IAS 37
12/08/2024,CT359783,112,111,34670759.73,Giao dịch mua bán,Production,CUST0117,VEND0079,Asset,IAS 16,Asset,IAS 16
17/06/2024,CT003016,214,156,41642754.77,Giao dịch mua bán,HR,CUST0112,VEND0024,Asset,IAS 16,Asset,IAS 16
17/05/2024,CT809006,112,211,49893542.91,Giao dịch mua bán,IT,CUST0005,VEND0192,Asset,IAS 16,Asset,IAS 16
11/05/2024,CT990329,152,331,11992747.07,Giao dịch mua bán,Production,CUST0067,VEND0090,Asset,IAS 16,Asset,IAS 16
17/05/2024,DUPLICATE,152,511,28926138.45,Giao dịch mua bán,HR,CUST0158,VEND0189,Asset,IAS 16,Asset,IAS 16
30/11/2024,CT009503,331,511,48227947.6,Giao dịch mua bán,Finance,CUST0162,VEND0108,Liability,IAS 37,Liability,IAS 37
06/02/2024,CT076934,331,111,31723333.99,Giao dịch mua bán,IT,CUST0113,VEND0077,Liability,IAS 37,Liability,IAS 37
02/12/2024,CT090084,331,211,19487264.26,Giao dịch mua bán,Finance,CUST0032,VEND0177,Liability,IAS 37,Liability,IAS 37
11/11/2024,CT325346,632,214,49684900.27,Giao dịch mua bán,HR,CUST0081,VEND0013,Expense,IAS 1,Expense,IAS 1
03/05/2024,CT238905,331,111,28890276.97,Giao dịch mua bán,Production,CUST0059,VEND0061,Liability,IAS 37,Liability,IAS 37
18/10/2024,CT009249,214,152,49051558.02,Giao dịch mua bán,Sales,CUST0083,VEND0080,Asset,IAS 16,Asset,IAS 16
31/10/2024,CT737384,642,156,29807532.96,Giao dịch mua bán,IT,CUST0119,VEND0139,Expense,IAS 1,Expense,IAS 1
06/10/2024,CT647806,111,642,16961299.56,Giao dịch mua bán,Sales,CUST0048,VEND0162,Asset,IAS 16,Asset,IAS 16
04/03/2024,CT807497,642,214,46201085.06,Giao dịch mua bán,Sales,CUST0181,VEND0059,Expense,IAS 1,Expense,IAS 1
26/02/2024,CT800214,642,331,27382223.51,Giao dịch mua bán,Sales,CUST0084,VEND0167,Expense,IAS 1,Expense,IAS 1
24/02/2024,CT445799,331,152,34429360.31,Giao dịch mua bán,IT,CUST0105,VEND0036,Liability,IAS 37,Liability,IAS 37
01/10/2024,CT798551,152,152,24193492.28,Giao dịch mua bán,HR,CUST0045,VEND0193,Asset,IAS 16,Asset,IAS 16
29/02/2024,CT569115,111,331,32171459.27,Giao dịch mua bán,HR,CUST0030,VEND0056,Asset,IAS 16,Asset,IAS 16
06/03/2024,CT510448,131,111,41127161.18,Giao dịch mua bán,Production,CUST0053,VEND0085,Asset,IAS 16,Asset,IAS 16
30/10/2024,CT544311,214,111,26900419.15,Giao dịch mua bán,Sales,CUST0077,VEND0165,Asset,IAS 16,Asset,IAS 16
08/04/2024,CT401727,112,112,8830438.84,Giao dịch mua bán,Finance,CUST0074,VEND0059,Asset,IAS 16,Asset,IAS 16
08/01/2024,CT226287,112,111,21862412.91,Giao dịch mua bán,Finance,CUST0192,VEND0137,Asset,IAS 16,Asset,IAS 16
29/08/2024,CT037472,211,214,24332321.29,Giao dịch mua bán,HR,CUST0093,VEND0097,Asset,IAS 16,Asset,IAS 16
13/07/2024,CT525913,632,156,45309208.09,Giao dịch mua bán,Finance,CUST0113,VEND0123,Expense,IAS 1,Expense,IAS 1
12/07/2024,CT956565,642,642,30631363.76,Giao dịch mua bán,IT,CUST0044,VEND0012,Expense,IAS 1,Expense,IAS 1
28/09/2024,CT045664,214,211,11114568.66,Giao dịch mua bán,Finance,CUST0123,VEND0073,Asset,IAS 16,Asset,IAS 16
03/03/2024,CT231361,211,112,40354601.54,Giao dịch mua bán,Production,CUST0032,VEND0194,Asset,IAS 16,Asset,IAS 16
02/02/2024,CT416825,214,331,21025198.78,Giao dịch mua bán,Production,CUST0072,VEND0135,Asset,IAS 16,Asset,IAS 16
30/06/2024,CT549293,131,152,1770259.45,Giao dịch mua bán,Sales,CUST0079,VEND0001,Asset,IAS 16,Asset,IAS 16
17/05/2024,CT051352,331,131,3868600.03,Giao dịch mua bán,Sales,CUST0040,VEND0095,Liability,IAS 37,Liability,IAS 37
18/09/2024,CT313231,511,331,9457369.1,Giao dịch mua bán,HR,CUST0157,VEND0055,Revenue,IFRS 15,Revenue,IFRS 15
02/09/2024,CT908194,511,112,33297002.48,Giao dịch mua bán,Production,CUST0102,VEND0080,Revenue,IFRS 15,Revenue,IFRS 15
22/03/2024,CT574594,112,214,7627526.07,Giao dịch mua bán,Production,CUST0116,VEND0196,Asset,IAS 16,Asset,IAS 16
16/02/2024,CT219171,214,156,13009744.58,Giao dịch mua bán,IT,CUST0121,VEND0051,Asset,IAS 16,Asset,IAS 16
06/02/2024,CT590179,214,642,43451705.59,Giao dịch mua bán,Finance,CUST0091,VEND0028,Asset,IAS 16,Asset,IAS 16
14/01/2024,CT618837,331,214,3506535.28,Giao dịch mua bán,IT,CUST0092,VEND0078,Liability,IAS 37,Liability,IAS 37
25/10/2024,CT523242,214,214,14039551.99,Giao dịch mua bán,Sales,CUST0150,VEND0069,Asset,IAS 16,Asset,IAS 16
26/04/2024,CT647087,152,156,20048601,Giao dịch mua bán,Sales,CUST0192,VEND0179,Asset,IAS 16,Asset,IAS 16
12/05/2024,CT811946,111,156,12532082.96,Giao dịch mua bán,Finance,CUST0009,VEND0184,Asset,IAS 16,Asset,IAS 16
06/06/2024,CT496211,331,152,32597356,Giao dịch mua bán,Production,CUST0023,VEND0061,Liability,IAS 37,Liability,IAS 37
06/10/2024,CT347212,642,214,7302050.89,Giao dịch mua bán,Sales,CUST0178,VEND0032,Expense,IAS 1,Expense,IAS 1
06/09/2024,CT587623,156,112,30979451.25,Giao dịch mua bán,Finance,CUST0039,VEND0070,Asset,IAS 16,Asset,IAS 16
26/10/2024,CT655453,214,211,43023876.45,Giao dịch mua bán,Sales,CUST0095,VEND0151,Asset,IAS 16,Asset,IAS 16
10/06/2024,CT072356,156,211,7271297.93,Giao dịch mua bán,IT,CUST0107,VEND0109,Asset,IAS 16,Asset,IAS 16
15/09/2024,CT245569,111,331,15634798.99,Giao dịch mua bán,IT,CUST0159,VEND0169,Asset,IAS 16,Asset,IAS 16
31/08/2024,CT647704,632,511,17685845.33,Giao dịch mua bán,HR,CUST0003,VEND0178,Expense,IAS 1,Expense,IAS 1
11/04/2024,CT724925,214,331,36381613.03,Giao dịch mua bán,Sales,CUST0161,VEND0191,Asset,IAS 16,Asset,IAS 16
28/12/2024,CT756815,211,214,46298026.95đ,Giao dịch mua bán,HR,CUST0160,VEND0023,Asset,IAS 16,Asset,IAS 16
15/08/2024,CT061948,331,111,20183648.44,Giao dịch mua bán,Production,CUST0182,VEND0135,Liability,IAS 37,Liability,IAS 37
08/05/2024,CT658831,214,211,14384374.51đ,Giao dịch mua bán,Finance,CUST0163,VEND0105,Asset,IAS 16,Asset,IAS 16
07/01/2024,CT652464,214,632,1491110.97,Giao dịch mua bán,Sales,CUST0038,VEND0107,Asset,IAS 16,Asset,IAS 16
12/01/2024,CT268420,214,112,29488257.82,Giao dịch mua bán,Production,CUST0015,VEND0182,Asset,IAS 16,Asset,IAS 16
30/05/2024,CT677904,131,511,23726936.1,Giao dịch mua bán,Sales,CUST0002,VEND0077,Asset,IAS 16,Asset,IAS 16
28/11/2024,CT873936,511,511,43438389.38,Giao dịch mua bán,Production,CUST0109,VEND0177,Revenue,IFRS 15,Revenue,IFRS 15
19/08/2024,CT770542,632,642,21457056.69,Giao dịch mua bán,Sales,CUST0060,VEND0067,Expense,IAS 1,Expense,IAS 1
15/08/2024,CT734247,152,642,31320601.18,Giao dịch mua bán,Production,CUST0067,VEND0082,Asset,IAS 16,Asset,IAS 16
13/10/2024,CT812749,152,156,8549356.58,Giao dịch mua bán,HR,CUST0073,VEND0159,Asset,IAS 16,Asset,IAS 16
05/09/2024,CT067804,112,511,17736113.14,Giao dịch mua bán,HR,CUST0059,VEND0040,Asset,IAS 16,Asset,IAS 16
20/03/2024,CT304108,511,112,39698177.07,Giao dịch mua bán,Finance,CUST0066,VEND0036,Revenue,IFRS 15,Revenue,IFRS 15
07/11/2024,DUPLICATE,511,156,37118624.1,Giao dịch mua bán,IT,CUST0137,VEND0154,Revenue,IFRS 15,Revenue,IFRS 15
24/08/2024,CT927809,211,112,3910583.04,Giao dịch mua bán,Finance,CUST0106,VEND0070,Asset,IAS 16,Asset,IAS 16
01/12/2024,CT047629,642,111,13686597.98,Giao dịch mua bán,IT,CUST0199,VEND0163,Expense,IAS 1,Expense,IAS 1
26/08/2024,CT880569,111,111,45874826.69,Giao dịch mua bán,Sales,CUST0060,VEND0111,Asset,IAS 16,Asset,IAS 16
09/05/2024,CT010211,111,111,27511488.96,Giao dịch mua bán,IT,CUST0198,VEND0052,Asset,IAS 16,Asset,IAS 16
17/03/2024,CT846425,131,642,31141729.93,Giao dịch mua bán,IT,CUST0164,VEND0200,Asset,IAS 16,Asset,IAS 16
29/07/2024,CT028582,112,632,33492154.62,Giao dịch mua bán,Production,CUST0029,VEND0192,Asset,IAS 16,Asset,IAS 16
03/11/2024,CT493148,511,211,2697507.99,Giao dịch mua bán,Production,CUST0104,VEND0086,Revenue,IFRS 15,Revenue,IFRS 15
18/07/2024,CT535394,112,211,8494297.27,Giao dịch mua bán,Sales,CUST0196,VEND0014,Asset,IAS 16,Asset,IAS 16
14/01/2024,CT258020,111,131,2346419.26,Giao dịch mua bán,HR,CUST0168,VEND0072,Asset,IAS 16,Asset,IAS 16
16/04/2024,CT658064,131,214,48437775.82,Giao dịch mua bán,HR,CUST0049,VEND0168,Asset,IAS 16,Asset,IAS 16
16/08/2024,CT246554,111,214,24747550.09,Giao dịch mua bán,Finance,CUST0167,VEND0055,Asset,IAS 16,Asset,IAS 16
30/12/2024,CT189451,131,152,24922704.25,Giao dịch mua bán,Finance,CUST0131,VEND0063,Asset,IAS 16,Asset,IAS 16
23/12/2024,CT126756,511,331,11328413.13,Giao dịch mua bán,HR,CUST0158,VEND0165,Revenue,IFRS 15,Revenue,IFRS 15
26/06/2024,CT602737,152,331,4986755.2,Giao dịch mua bán,Finance,CUST0073,VEND0180,Asset,IAS 16,Asset,IAS 16
14/06/2024,CT255467,152,511,2671052.87,Giao dịch mua bán,Finance,CUST0081,VEND0159,Asset,IAS 16,Asset,IAS 16
09/05/2024,CT280068,152,156,14282351.22,Giao dịch mua bán,IT,CUST0136,VEND0166,Asset,IAS 16,Asset,IAS 16
06/09/2024,CT188784,642,511,40202949.25,Giao dịch mua bán,Production,CUST0109,VEND0012,Expense,IAS 1,Expense,IAS 1
12/08/2024,CT353480,131,632,10278954.14,Giao dịch mua bán,Sales,CUST0008,VEND0106,Asset,IAS 16,Asset,IAS 16
02/01/2024,CT139973,131,632,24041368.72,Giao dịch mua bán,IT,CUST0056,VEND0007,Asset,IAS 16,Asset,IAS 16
20/08/2024,CT204938,511,331,38253254.59,Giao dịch mua bán,HR,CUST0001,VEND0067,Revenue,IFRS 15,Revenue,IFRS 15
02/12/2024,CT901434,211,214,11172199.08,Giao dịch mua bán,IT,CUST0008,VEND0167,Asset,IAS 16,Asset,IAS 16
13/10/2024,CT421132,214,331,28743847.12,Giao dịch mua bán,IT,CUST0084,VEND0005,Asset,IAS 16,Asset,IAS 16
17/07/2024,CT196981,214,112,19351287.9,Giao dịch mua bán,IT,CUST0015,VEND0157,Asset,IAS 16,Asset,IAS 16
07/03/2024,CT382811,331,331,48797302.76,Giao dịch mua bán,Finance,CUST0091,VEND0016,Liability,IAS 37,Liability,IAS 37
08/12/2024,CT791455,156,211,18688227.16,Giao dịch mua bán,Production,CUST0070,VEND0196,Asset,IAS 16,Asset,IAS 16
20/04/2024,CT842639,156,112,8750915,Giao dịch mua bán,IT,CUST0085,VEND0087,Asset,IAS 16,Asset,IAS 16
06/01/2024,CT827168,112,112,30686804.3,Giao dịch mua bán,HR,CUST0105,VEND0030,Asset,IAS 16,Asset,IAS 16
23/03/2024,CT464559,211,642,25370573.61,Giao dịch mua bán,IT,CUST0092,VEND0182,Asset,IAS 16,Asset,IAS 16
26/09/2024,CT478537,331,214,40220764.36,Giao dịch mua bán,HR,CUST0024,VEND0116,Liability,IAS 37,Liability,IAS 37
04/09/2024,CT691890,632,642,15509260.78,Giao dịch mua bán,IT,CUST0166,VEND0027,Expense,IAS 1,Expense,IAS 1
09/03/2024,CT546844,112,152,37353515.61,Giao dịch mua bán,HR,CUST0158,VEND0195,Asset,IAS 16,Asset,IAS 16
03/12/2024,CT478314,511,211,30807332.84,Giao dịch mua bán,HR,CUST0200,VEND0061,Revenue,IFRS 15,Revenue,IFRS 15
27/07/2024,CT692686,211,511,38702893.67,Giao dịch mua bán,IT,CUST0005,VEND0054,Asset,IAS 16,Asset,IAS 16
10/03/2024,CT193933,214,111,6866577.66,Giao dịch mua bán,Production,CUST0155,VEND0134,Asset,IAS 16,Asset,IAS 16
23/03/2024,CT074066,214,111,28638431.51,Giao dịch mua bán,Finance,CUST0028,VEND0048,Asset,IAS 16,Asset,IAS 16
08/10/2024,CT602733,214,152,31867998.22,Giao dịch mua bán,HR,CUST0098,VEND0162,Asset,IAS 16,Asset,IAS 16
31/03/2024,CT588843,511,112,18164762.72,Giao dịch mua bán,Production,CUST0027,VEND0073,Revenue,IFRS 15,Revenue,IFRS 15
28/10/2024,CT976710,511,632,11999542.96,Giao dịch mua bán,Sales,CUST0116,VEND0009,Revenue,IFRS 15,Revenue,IFRS 15
29/12/2024,CT757137,642,632,3805334.43,Giao dịch mua bán,Production,CUST0088,VEND0143,Expense,IAS 1,Expense,IAS 1
16/12/2024,CT726721,112,632,46654048.63,Giao dịch mua bán,IT,CUST0173,VEND0104,Asset,IAS 16,Asset,IAS 16
21/01/2024,CT077903,131,152,23452992.24,Giao dịch mua bán,Sales,CUST0059,VEND0197,Asset,IAS 16,Asset,IAS 16
18/05/2024,CT457512,511,511,37502547.34,Giao dịch mua bán,Sales,CUST0054,VEND0123,Revenue,IFRS 15,Revenue,IFRS 15
12/03/2024,CT256537,632,511,37401147.99,Giao dịch mua bán,HR,CUST0180,VEND0030,Expense,IAS 1,Expense,IAS 1
13/06/2024,CT310494,152,112,10186867.51,Giao dịch mua bán,Sales,CUST0081,VEND0198,Asset,IAS 16,Asset,IAS 16
09/06/2024,CT038118,111,331,25362854.17,Giao dịch mua bán,Sales,CUST0171,VEND0077,Asset,IAS 16,Asset,IAS 16
24/06/2024,CT306384,112,632,18092306.59,Giao dịch mua bán,Sales,CUST0176,VEND0112,Asset,IAS 16,Asset,IAS 16
03/09/2024,CT158920,214,632,16678408.34,Giao dịch mua bán,IT,CUST0086,VEND0124,Asset,IAS 16,Asset,IAS 16
25/08/2024,CT542573,214,111,23032686,Giao dịch mua bán,Finance,CUST0192,VEND0142,Asset,IAS 16,Asset,IAS 16
10/08/2024,CT169670,131,156,18603976.06,Giao dịch mua bán,Sales,CUST0074,VEND0024,Asset,IAS 16,Asset,IAS 16
08/11/2024,CT387197,131,642,5630937.96,Giao dịch mua bán,IT,CUST0007,VEND0158,Asset,IAS 16,Asset,IAS 16
04/11/2024,CT305863,152,211,40894090.32,Giao dịch mua bán,HR,CUST0020,VEND0071,Asset,IAS 16,Asset,IAS 16
23/01/2024,CT228157,112,211,14058254.05,Giao dịch mua bán,HR,CUST0044,VEND0135,Asset,IAS 16,Asset,IAS 16
14/12/2024,CT037842,331,111,35783531.44,Giao dịch mua bán,Finance,CUST0074,VEND0183,Liability,IAS 37,Liability,IAS 37
29/04/2024,CT950245,152,131,19186272.19,Giao dịch mua bán,HR,CUST0097,VEND0189,Asset,IAS 16,Asset,IAS 16
18/05/2024,CT104139,112,214,14801887.14,Giao dịch mua bán,Finance,CUST0139,VEND0185,Asset,IAS 16,Asset,IAS 16
07/10/2024,CT441591,112,632,18923224.36,Giao dịch mua bán,Finance,CUST0007,VEND0169,Asset,IAS 16,Asset,IAS 16
07/08/2024,CT936179,511,112,3339500.2,Giao dịch mua bán,HR,CUST0073,VEND0145,Revenue,IFRS 15,Revenue,IFRS 15
29/02/2024,CT652293,211,111,4694859.98,Giao dịch mua bán,IT,CUST0109,VEND0186,Asset,IAS 16,Asset,IAS 16
21/01/2024,CT426044,152,511,49798648.12,Giao dịch mua bán,Finance,CUST0097,VEND0198,Asset,IAS 16,Asset,IAS 16
25/10/2024,CT400318,211,211,46055774.13,Giao dịch mua bán,IT,CUST0109,VEND0170,Asset,IAS 16,Asset,IAS 16
30/07/2024,CT733229,152,156,29927229.6,Giao dịch mua bán,Finance,CUST0178,VEND0008,Asset,IAS 16,Asset,IAS 16
02/08/2024,CT334807,111,112,35054396.15,Giao dịch mua bán,Finance,CUST0023,VEND0115,Asset,IAS 16,Asset,IAS 16
04/11/2024,CT911900,156,131,392683.4,Giao dịch mua bán,IT,CUST0054,VEND0130,Asset,IAS 16,Asset,IAS 16
03/08/2024,CT015176,131,642,37299109.61,Giao dịch mua bán,HR,CUST0058,VEND0019,Asset,IAS 16,Asset,IAS 16
01/03/2024,CT500946,211,331,41482046.37,Giao dịch mua bán,IT,CUST0072,VEND0162,Asset,IAS 16,Asset,IAS 16
20/03/2024,CT667694,152,632,40275768.69,Giao dịch mua bán,Production,CUST0098,VEND0094,Asset,IAS 16,Asset,IAS 16
23/02/2024,CT851427,112,331,44953467.03,Giao dịch mua bán,Sales,CUST0086,VEND0200,Asset,IAS 16,Asset,IAS 16
12/09/2024,CT872184,156,131,6131729.8,Giao dịch mua bán,Production,CUST0070,VEND0076,Asset,IAS 16,Asset,IAS 16
28/04/2024,CT457203,331,511,21019281.06,Giao dịch mua bán,Finance,CUST0101,VEND0158,Liability,IAS 37,Liability,IAS 37
09/02/2024,CT471652,511,131,47937509.74,Giao dịch mua bán,Finance,CUST0039,VEND0028,Revenue,IFRS 15,Revenue,IFRS 15
03/10/2024,CT315536,511,214,6298487.83,Giao dịch mua bán,IT,CUST0076,VEND0159,Revenue,IFRS 15,Revenue,IFRS 15
13/11/2024,CT035336,331,131,47932788.12,Giao dịch mua bán,Production,CUST0145,VEND0177,Liability,IAS 37,Liability,IAS 37
14/08/2024,CT790832,632,156,49504116.84,Giao dịch mua bán,Production,CUST0058,VEND0096,Expense,IAS 1,Expense,IAS 1
29/09/2024,CT446015,156,152,12743846.85,Giao dịch mua bán,HR,CUST0001,VEND0141,Asset,IAS 16,Asset,IAS 16
30/04/2024,CT663633,131,511,10365620.66,Giao dịch mua bán,Finance,CUST0080,VEND0193,Asset,IAS 16,Asset,IAS 16
13/07/2024,CT921626,331,331,21381874.28,Giao dịch mua bán,HR,CUST0115,VEND0009,Liability,IAS 37,Liability,IAS 37
04/12/2024,CT454759,632,511,7018664.63,Giao dịch mua bán,IT,CUST0012,VEND0092,Expense,IAS 1,Expense,IAS 1
12/08/2024,CT959648,131,331,43381736.28,Giao dịch mua bán,Finance,CUST0039,VEND0174,Asset,IAS 16,Asset,IAS 16
17/06/2024,CT701152,632,511,12661634.15,Giao dịch mua bán,Production,CUST0033,VEND0195,Expense,IAS 1,Expense,IAS 1
04/08/2024,CT238582,642,152,43947504.72,Giao dịch mua bán,Finance,CUST0077,VEND0153,Expense,IAS 1,Expense,IAS 1
01/10/2024,CT549668,152,156,49434721.18,Giao dịch mua bán,HR,CUST0005,VEND0135,Asset,IAS 16,Asset,IAS 16
30/06/2024,CT046135,152,112,1425934.49,Giao dịch mua bán,IT,CUST0101,VEND0102,Asset,IAS 16,Asset,IAS 16
03/02/2024,CT018680,331,331,5627501.05,Giao dịch mua bán,HR,CUST0027,VEND0124,Liability,IAS 37,Liability,IAS 37
01/03/2024,CT266306,511,111,7137669.57,Giao dịch mua bán,Production,CUST0075,VEND0190,Revenue,IFRS 15,Revenue,IFRS 15
31/12/2024,CT788477,111,111,38303498.53,Giao dịch mua bán,HR,CUST0127,VEND0131,Asset,IAS 16,Asset,IAS 16
15/07/2024,CT272761,632,214,22589902.39,Giao dịch mua bán,IT,CUST0024,VEND0071,Expense,IAS 1,Expense,IAS 1
24/06/2024,CT954900,152,211,19662394.58,Giao dịch mua bán,Sales,CUST0087,VEND0121,Asset,IAS 16,Asset,IAS 16
03/06/2024,CT632735,112,211,5564103.02,Giao dịch mua bán,Sales,CUST0001,VEND0198,Asset,IAS 16,Asset,IAS 16
03/08/2024,CT295086,511,211,10156786.02,Giao dịch mua bán,Production,CUST0095,VEND0051,Revenue,IFRS 15,Revenue,IFRS 15
17/03/2024,CT736584,112,131,25014373.38,Giao dịch mua bán,Finance,CUST0118,VEND0113,Asset,IAS 16,Asset,IAS 16
02/08/2024,CT130373,331,511,37043189.67,Giao dịch mua bán,Production,CUST0023,VEND0186,Liability,IAS 37,Liability,IAS 37
01/02/2024,CT530366,511,111,16364968.07,Giao dịch mua bán,IT,CUST0138,VEND0001,Revenue,IFRS 15,Revenue,IFRS 15
23/01/2024,CT968586,156,632,41324149.06,Giao dịch mua bán,HR,CUST0186,VEND0169,Asset,IAS 16,Asset,IAS 16
17/09/2024,CT774248,131,331,27448834.81,Giao dịch mua bán,Production,CUST0141,VEND0044,Asset,IAS 16,Asset,IAS 16
22/11/2024,CT782470,511,511,18499801.95,Giao dịch mua bán,IT,CUST0183,VEND0144,Revenue,IFRS 15,Revenue,IFRS 15
09/12/2024,CT265850,632,111,44712991.96,Giao dịch mua bán,Finance,CUST0091,VEND0068,Expense,IAS 1,Expense,IAS 1
12/10/2024,CT888206,131,156,12592399.23,Giao dịch mua bán,Finance,CUST0128,VEND0075,Asset,IAS 16,Asset,IAS 16
11/06/2024,CT424403,632,152,403723.82,Giao dịch mua bán,HR,CUST0175,VEND0102,Expense,IAS 1,Expense,IAS 1
05/09/2024,CT036337,112,112,25508036.49,Giao dịch mua bán,HR,CUST0007,VEND0035,Asset,IAS 16,Asset,IAS 16
08/09/2024,CT794596,214,632,17280580.83,Giao dịch mua bán,Production,CUST0032,VEND0035,Asset,IAS 16,Asset,IAS 16
02/01/2024,CT333385,642,111,3825886.02,Giao dịch mua bán,Finance,CUST0038,VEND0073,Expense,IAS 1,Expense,IAS 1
22/04/2024,CT767199,642,111,991934.49,Giao dịch mua bán,Sales,CUST0020,VEND0016,Expense,IAS 1,Expense,IAS 1
12/05/2024,CT109042,152,642,43811037.16,Giao dịch mua bán,HR,CUST0062,VEND0037,Asset,IAS 16,Asset,IAS 16
11/09/2024,CT410521,156,214,40362676.72,Giao dịch mua bán,IT,CUST0155,VEND0036,Asset,IAS 16,Asset,IAS 16
06/05/2024,CT987283,331,632,9358015.96,Giao dịch mua bán,Sales,CUST0012,VEND0053,Liability,IAS 37,Liability,IAS 37
26/09/2024,CT334954,152,131,42705338.11,Giao dịch mua bán,Finance,CUST0002,VEND0117,Asset,IAS 16,Asset,IAS 16
27/02/2024,CT847365,156,331,28844501.52,Giao dịch mua bán,Finance,CUST0079,VEND0054,Asset,IAS 16,Asset,IAS 16
29/06/2024,CT013445,642,642,7097794.27,Giao dịch mua bán,IT,CUST0059,VEND0039,Expense,IAS 1,Expense,IAS 1
31/08/2024,CT553885,111,632,16878265.23,Giao dịch mua bán,Sales,CUST0016,VEND0054,Asset,IAS 16,Asset,IAS 16
22/03/2024,CT961632,111,331,23397973.9,Giao dịch mua bán,HR,CUST0075,VEND0058,Asset,IAS 16,Asset,IAS 16
21/10/2024,CT679109,511,152,43932336.59,Giao dịch mua bán,Sales,CUST0145,VEND0118,Revenue,IFRS 15,Revenue,IFRS 15
02/05/2024,CT489581,214,642,16343534.94,Giao dịch mua bán,Production,CUST0096,VEND0139,Asset,IAS 16,Asset,IAS 16
21/07/2024,CT507988,211,632,24793055.29,Giao dịch mua bán,Production,CUST0141,VEND0041,Asset,IAS 16,Asset,IAS 16
10/12/2024,CT948669,211,632,4913971.04,Giao dịch mua bán,IT,CUST0023,VEND0124,Asset,IAS 16,Asset,IAS 16
19/09/2024,CT738530,131,214,35899645.45,Giao dịch mua bán,Production,CUST0176,VEND0048,Asset,IAS 16,Asset,IAS 16
17/11/2024,CT601015,331,211,49693661.94,Giao dịch mua bán,HR,CUST0027,VEND0171,Liability,IAS 37,Liability,IAS 37
29/09/2024,CT038641,211,642,2300024.63,Giao dịch mua bán,Sales,CUST0146,VEND0060,Asset,IAS 16,Asset,IAS 16
19/11/2024,CT285726,131,112,37483386.16,Giao dịch mua bán,Production,CUST0089,VEND0086,Asset,IAS 16,Asset,IAS 16
28/07/2024,CT493197,152,331,34646983.48,Giao dịch mua bán,Finance,CUST0147,VEND0080,Asset,IAS 16,Asset,IAS 16
16/01/2024,CT140803,214,152,31889750.63,Giao dịch mua bán,IT,CUST0155,VEND0062,Asset,IAS 16,Asset,IAS 16
24/11/2024,CT049020,331,642,22479039.77,Giao dịch mua bán,HR,CUST0174,VEND0067,Liability,IAS 37,Liability,IAS 37
27/10/2024,CT081811,214,511,15017604.58,Giao dịch mua bán,Production,CUST0055,VEND0156,Asset,IAS 16,Asset,IAS 16
03/06/2024,CT392068,156,111,3372471.78,Giao dịch mua bán,HR,CUST0019,VEND0096,Asset,IAS 16,Asset,IAS 16
21/02/2024,CT481458,152,111,44137509.24,Giao dịch mua bán,Finance,CUST0131,VEND0085,Asset,IAS 16,Asset,IAS 16
16/08/2024,CT689014,152,211,25468578.03,Giao dịch mua bán,Finance,CUST0149,VEND0070,Asset,IAS 16,Asset,IAS 16
13/07/2024,CT918635,331,111,41729901.61,Giao dịch mua bán,Finance,CUST0101,VEND0158,Liability,IAS 37,Liability,IAS 37
25/06/2024,CT000765,131,214,49542226.9,Giao dịch mua bán,Finance,CUST0141,VEND0144,Asset,IAS 16,Asset,IAS 16
08/01/2024,CT542692,642,632,28916341.15,Giao dịch mua bán,HR,CUST0001,VEND0004,Expense,IAS 1,Expense,IAS 1
03/06/2024,CT249167,112,632,3736664.81,Giao dịch mua bán,IT,CUST0193,VEND0154,Asset,IAS 16,Asset,IAS 16
29/09/2024,CT078593,214,214,6704550.89,Giao dịch mua bán,HR,CUST0133,VEND0025,Asset,IAS 16,Asset,IAS 16
30/03/2024,CT728220,131,511,49959715.48,Giao dịch mua bán,HR,CUST0012,VEND0103,Asset,IAS 16,Asset,IAS 16
22/03/2024,CT297385,131,632,46367276.1,Giao dịch mua bán,Finance,CUST0196,VEND0092,Asset,IAS 16,Asset,IAS 16
10/01/2024,CT383811,152,152,48614477.92,Giao dịch mua bán,Finance,CUST0165,VEND0040,Asset,IAS 16,Asset,IAS 16
22/01/2024,CT400551,152,111,7441380.46,Giao dịch mua bán,Production,CUST0004,VEND0074,Asset,IAS 16,Asset,IAS 16
13/05/2024,CT029995,632,152,13857422.15,Giao dịch mua bán,Finance,CUST0107,VEND0064,Expense,IAS 1,Expense,IAS 1
01/11/2024,CT234016,156,156,20449483.17,Giao dịch mua bán,Sales,CUST0068,VEND0114,Asset,IAS 16,Asset,IAS 16
19/03/2024,CT104456,642,131,7247590.26,Giao dịch mua bán,IT,CUST0035,VEND0157,Expense,IAS 1,Expense,IAS 1
18/10/2024,CT166647,214,211,17939957.97,Giao dịch mua bán,Production,CUST0097,VEND0092,Asset,IAS 16,Asset,IAS 16
18/06/2024,CT102511,152,211,9289281.04,Giao dịch mua bán,Production,CUST0004,VEND0156,Asset,IAS 16,Asset,IAS 16
29/08/2024,CT978775,642,642,2694626.61,Giao dịch mua bán,Production,CUST0044,VEND0195,Expense,IAS 1,Expense,IAS 1
29/08/2024,CT725241,152,211,49020785.16,Giao dịch mua bán,IT,CUST0034,VEND0054,Asset,IAS 16,Asset,IAS 16
25/03/2024,CT714075,642,511,35000835.25,Giao dịch mua bán,Production,CUST0057,VEND0034,Expense,IAS 1,Expense,IAS 1
25/11/2024,CT027239,131,214,16909756.11,Giao dịch mua bán,Production,CUST0012,VEND0017,Asset,IAS 16,Asset,IAS 16
17/11/2024,CT329930,632,511,16003359,Giao dịch mua bán,Finance,CUST0067,VEND0006,Expense,IAS 1,Expense,IAS 1
26/12/2024,CT755694,112,511,38605266.79,Giao dịch mua bán,Sales,CUST0190,VEND0090,Asset,IAS 16,Asset,IAS 16
02/07/2024,CT653010,642,131,48223943.79,Giao dịch mua bán,Finance,CUST0068,VEND0044,Expense,IAS 1,Expense,IAS 1
14/06/2024,CT591925,111,152,23897465.58,Giao dịch mua bán,Sales,CUST0070,VEND0187,Asset,IAS 16,Asset,IAS 16
14/09/2024,CT961342,642,152,46934793.09,Giao dịch mua bán,IT,CUST0003,VEND0161,Expense,IAS 1,Expense,IAS 1
02/05/2024,CT502372,214,152,6986646.68,Giao dịch mua bán,Sales,CUST0024,VEND0181,Asset,IAS 16,Asset,IAS 16
05/11/2024,CT422347,156,111,12229033.21,Giao dịch mua bán,Production,CUST0023,VEND0088,Asset,IAS 16,Asset,IAS 16
19/06/2024,CT843279,214,156,16437682.45,Giao dịch mua bán,Production,CUST0079,VEND0082,Asset,IAS 16,Asset,IAS 16
26/01/2024,CT787527,131,152,44344309.64đ,Giao dịch mua bán,Finance,CUST0098,VEND0145,Asset,IAS 16,Asset,IAS 16
11/01/2024,CT212221,331,642,29603695.98,Giao dịch mua bán,HR,CUST0188,VEND0025,Liability,IAS 37,Liability,IAS 37
11/06/2024,CT909554,214,112,21142830.36,Giao dịch mua bán,Sales,CUST0098,VEND0150,Asset,IAS 16,Asset,IAS 16
02/03/2024,CT591643,211,131,17689788.84,Giao dịch mua bán,IT,CUST0131,VEND0092,Asset,IAS 16,Asset,IAS 16
26/02/2024,CT335045,331,111,28050849.24,Giao dịch mua bán,Finance,CUST0020,VEND0078,Liability,IAS 37,Liability,IAS 37
08/08/2024,CT336908,156,632,26722874.43,Giao dịch mua bán,HR,CUST0097,VEND0018,Asset,IAS 16,Asset,IAS 16
07/03/2024,CT174084,152,211,23671553.51,Giao dịch mua bán,HR,CUST0090,VEND0166,Asset,IAS 16,Asset,IAS 16
08/01/2024,CT619314,131,511,18419222.81,Giao dịch mua bán,HR,CUST0132,VEND0032,Asset,IAS 16,Asset,IAS 16
21/02/2024,CT395274,112,214,47762731.28,Giao dịch mua bán,Production,CUST0141,VEND0051,Asset,IAS 16,Asset,IAS 16
13/10/2024,CT949938,112,211,23023329.39,Giao dịch mua bán,Production,CUST0192,VEND0180,Asset,IAS 16,Asset,IAS 16
20/01/2024,CT219245,331,331,26515714.11,Giao dịch mua bán,IT,CUST0038,VEND0074,Liability,IAS 37,Liability,IAS 37
15/03/2024,CT000337,214,511,45187864.28,Giao dịch mua bán,Production,CUST0124,VEND0173,Asset,IAS 16,Asset,IAS 16
31/05/2024,CT734119,111,111,3025856.87,Giao dịch mua bán,Finance,CUST0165,VEND0008,Asset,IAS 16,Asset,IAS 16
24/04/2024,CT397489,156,214,34135645.39,Giao dịch mua bán,Finance,CUST0076,VEND0170,Asset,IAS 16,Asset,IAS 16
05/06/2024,CT822356,111,112,4837528.57,Giao dịch mua bán,IT,CUST0061,VEND0140,Asset,IAS 16,Asset,IAS 16
12/09/2024,CT592778,642,642,34333830.11,Giao dịch mua bán,Finance,CUST0112,VEND0125,Expense,IAS 1,Expense,IAS 1
23/05/2024,CT012366,211,511,43360224.62,Giao dịch mua bán,Finance,CUST0187,VEND0013,Asset,IAS 16,Asset,IAS 16
30/11/2024,CT490718,511,214,19514666.86,Giao dịch mua bán,IT,CUST0002,VEND0170,Revenue,IFRS 15,Revenue,IFRS 15
31/01/2024,CT776548,214,632,21569206.68,Giao dịch mua bán,Finance,CUST0033,VEND0084,Asset,IAS 16,Asset,IAS 16
30/03/2024,CT698677,511,112,26164739.45,Giao dịch mua bán,Production,CUST0074,VEND0011,Revenue,IFRS 15,Revenue,IFRS 15
06/02/2024,CT416728,211,112,1367545.04,Giao dịch mua bán,Production,CUST0173,VEND0064,Asset,IAS 16,Asset,IAS 16
12/03/2024,CT929728,331,331,9710102.6,Giao dịch mua bán,Sales,CUST0084,VEND0124,Liability,IAS 37,Liability,IAS 37
10/05/2024,CT044101,511,152,41186465.13,Giao dịch mua bán,IT,CUST0025,VEND0136,Revenue,IFRS 15,Revenue,IFRS 15
16/06/2024,CT346826,642,156,31467239.97,Giao dịch mua bán,IT,CUST0021,VEND0179,Expense,IAS 1,Expense,IAS 1
29/06/2024,CT898196,111,111,35540732.09,Giao dịch mua bán,Production,CUST0097,VEND0078,Asset,IAS 16,Asset,IAS 16
18/01/2024,CT037973,152,632,22901148.12,Giao dịch mua bán,Finance,CUST0080,VEND0025,Asset,IAS 16,Asset,IAS 16
04/03/2024,CT489029,632,511,39782589.52,Giao dịch mua bán,Production,CUST0006,VEND0121,Expense,IAS 1,Expense,IAS 1
11/11/2024,CT926838,131,642,1336443.54,Giao dịch mua bán,IT,CUST0130,VEND0042,Asset,IAS 16,Asset,IAS 16
04/05/2024,CT441808,632,632,12554241.77,Giao dịch mua bán,Finance,CUST0128,VEND0161,Expense,IAS 1,Expense,IAS 1
05/05/2024,CT536147,511,156,20844977.71,Giao dịch mua bán,IT,CUST0191,VEND0171,Revenue,IFRS 15,Revenue,IFRS 15
05/07/2024,CT918078,511,131,5741427.07,Giao dịch mua bán,HR,CUST0121,VEND0020,Revenue,IFRS 15,Revenue,IFRS 15
20/07/2024,CT909250,331,331,21130524.4,Giao dịch mua bán,Production,CUST0148,VEND0189,Liability,IAS 37,Liability,IAS 37
09/12/2024,CT207325,331,511,36539535.89,Giao dịch mua bán,Finance,CUST0064,VEND0014,Liability,IAS 37,Liability,IAS 37
24/06/2024,CT675533,152,152,12155125.98,Giao dịch mua bán,Sales,CUST0192,VEND0198,Asset,IAS 16,Asset,IAS 16
19/04/2024,CT892937,642,642,15602262.3,Giao dịch mua bán,Production,CUST0183,VEND0040,Expense,IAS 1,Expense,IAS 1
12/11/2024,CT658826,111,131,7878447.13,Giao dịch mua bán,Production,CUST0012,VEND0150,Asset,IAS 16,Asset,IAS 16
23/11/2024,CT122226,211,642,41727433.26,Giao dịch mua bán,IT,CUST0017,VEND0072,Asset,IAS 16,Asset,IAS 16
02/12/2024,CT739095,111,111,18576981,Giao dịch mua bán,Sales,CUST0125,VEND0101,Asset,IAS 16,Asset,IAS 16
04/12/2024,CT192399,632,214,37056741.6,Giao dịch mua bán,IT,CUST0139,VEND0043,Expense,IAS 1,Expense,IAS 1
24/05/2024,CT025503,111,211,48017713.43,Giao dịch mua bán,Production,CUST0070,VEND0033,Asset,IAS 16,Asset,IAS 16
24/06/2024,CT624701,642,214,420184.91,Giao dịch mua bán,Finance,CUST0010,VEND0134,Expense,IAS 1,Expense,IAS 1
20/01/2024,CT670924,642,211,5387619.9,Giao dịch mua bán,Sales,CUST0012,VEND0123,Expense,IAS 1,Expense,IAS 1
01/11/2024,CT401731,152,131,8384005.08,Giao dịch mua bán,HR,CUST0092,VEND0077,Asset,IAS 16,Asset,IAS 16
08/05/2024,CT349802,211,152,42016890.61,Giao dịch mua bán,Sales,CUST0014,VEND0013,Asset,IAS 16,Asset,IAS 16
12/05/2024,CT460006,642,111,10978189.33,Giao dịch mua bán,Production,CUST0107,VEND0072,Expense,IAS 1,Expense,IAS 1
22/09/2024,CT865048,111,632,31751144.96,Giao dịch mua bán,Sales,CUST0119,VEND0168,Asset,IAS 16,Asset,IAS 16
20/05/2024,CT017130,214,152,37779977.76,Giao dịch mua bán,Production,CUST0056,VEND0166,Asset,IAS 16,Asset,IAS 16
22/02/2024,CT630560,156,131,46699228.01,Giao dịch mua bán,IT,CUST0027,VEND0178,Asset,IAS 16,Asset,IAS 16
09/02/2024,CT231625,331,131,10038392.65,Giao dịch mua bán,IT,CUST0029,VEND0034,Liability,IAS 37,Liability,IAS 37
29/06/2024,CT553687,152,331,42432765.26,Giao dịch mua bán,HR,CUST0108,VEND0068,Asset,IAS 16,Asset,IAS 16
01/10/2024,CT584672,112,112,10366196.56,Giao dịch mua bán,Production,CUST0034,VEND0079,Asset,IAS 16,Asset,IAS 16
13/10/2024,DUPLICATE,642,156,571807.43,Giao dịch mua bán,IT,CUST0041,VEND0051,Expense,IAS 1,Expense,IAS 1
30/03/2024,CT626421,331,214,13528835.94,Giao dịch mua bán,Finance,CUST0072,VEND0155,Liability,IAS 37,Liability,IAS 37
18/09/2024,CT105125,211,131,29791773.6,Giao dịch mua bán,Sales,CUST0017,VEND0037,Asset,IAS 16,Asset,IAS 16
31/10/2024,CT279777,511,511,10954915.8,Giao dịch mua bán,Production,CUST0172,VEND0097,Revenue,IFRS 15,Revenue,IFRS 15
27/09/2024,CT597917,131,642,20163092.16,Giao dịch mua bán,Production,CUST0124,VEND0165,Asset,IAS 16,Asset,IAS 16
04/09/2024,CT918329,112,131,45880903.21,Giao dịch mua bán,Finance,CUST0079,VEND0097,Asset,IAS 16,Asset,IAS 16
08/03/2024,CT103180,156,642,29129031.89,Giao dịch mua bán,IT,CUST0117,VEND0003,Asset,IAS 16,Asset,IAS 16
23/01/2024,CT890180,112,632,1265729.43,Giao dịch mua bán,Sales,CUST0025,VEND0034,Asset,IAS 16,Asset,IAS 16
31/05/2024,CT476719,214,156,11676848.27,Giao dịch mua bán,Sales,CUST0122,VEND0050,Asset,IAS 16,Asset,IAS 16
08/07/2024,CT087108,131,156,33045606.17,Giao dịch mua bán,HR,CUST0001,VEND0106,Asset,IAS 16,Asset,IAS 16
07/09/2024,CT829849,111,211,39825339.96,Giao dịch mua bán,HR,CUST0166,VEND0033,Asset,IAS 16,Asset,IAS 16
26/02/2024,CT934699,642,156,2097995.3,Giao dịch mua bán,Finance,CUST0022,VEND0157,Expense,IAS 1,Expense,IAS 1
11/01/2024,CT200459,152,152,5707057.43,Giao dịch mua bán,Finance,CUST0179,VEND0168,Asset,IAS 16,Asset,IAS 16
26/08/2024,CT792430,131,642,35158193.48,Giao dịch mua bán,Sales,CUST0149,VEND0129,Asset,IAS 16,Asset,IAS 16
05/10/2024,DUPLICATE,642,112,30807666.02,Giao dịch mua bán,Finance,CUST0034,VEND0056,Expense,IAS 1,Expense,IAS 1
26/02/2024,CT294554,214,131,41781364.01,Giao dịch mua bán,Sales,CUST0115,VEND0018,Asset,IAS 16,Asset,IAS 16
06/11/2024,CT804650,642,511,43717053.82,Giao dịch mua bán,Production,CUST0191,VEND0195,Expense,IAS 1,Expense,IAS 1
26/03/2024,CT760997,111,152,34436730.47,Giao dịch mua bán,Production,CUST0034,VEND0101,Asset,IAS 16,Asset,IAS 16
23/11/2024,CT956652,131,156,6516092.93,Giao dịch mua bán,IT,CUST0171,VEND0078,Asset,IAS 16,Asset,IAS 16
12/11/2024,CT768551,131,214,7509077.75,Giao dịch mua bán,IT,CUST0193,VEND0104,Asset,IAS 16,Asset,IAS 16
26/04/2024,CT964923,111,131,15913702.25,Giao dịch mua bán,HR,CUST0073,VEND0177,Asset,IAS 16,Asset,IAS 16
14/12/2024,CT584208,642,214,43647703.54,Giao dịch mua bán,Finance,CUST0127,VEND0091,Expense,IAS 1,Expense,IAS 1
01/12/2024,CT115956,331,111,21560968.72,Giao dịch mua bán,Sales,CUST0088,VEND0191,Liability,IAS 37,Liability,IAS 37
22/10/2024,CT334927,214,211,19883700.55,Giao dịch mua bán,Finance,CUST0036,VEND0160,Asset,IAS 16,Asset,IAS 16
23/03/2024,CT695561,632,511,43101032.78,Giao dịch mua bán,IT,CUST0141,VEND0070,Expense,IAS 1,Expense,IAS 1
13/08/2024,CT201853,331,214,12341593.22,Giao dịch mua bán,Finance,CUST0177,VEND0028,Liability,IAS 37,Liability,IAS 37
30/07/2024,CT532634,112,152,2531884.09,Giao dịch mua bán,HR,CUST0080,VEND0020,Asset,IAS 16,Asset,IAS 16
22/11/2024,CT027990,642,642,45116360.98,Giao dịch mua bán,Finance,CUST0134,VEND0106,Expense,IAS 1,Expense,IAS 1
27/03/2024,CT448951,511,642,11837418.3,Giao dịch mua bán,Sales,CUST0036,VEND0174,Revenue,IFRS 15,Revenue,IFRS 15
26/04/2024,CT194996,642,111,15750343.01,Giao dịch mua bán,IT,CUST0019,VEND0086,Expense,IAS 1,Expense,IAS 1
24/09/2024,CT895117,112,111,13757893.92,Giao dịch mua bán,Sales,CUST0065,VEND0063,Asset,IAS 16,Asset,IAS 16
28/02/2024,CT038368,511,331,6899154.56,Giao dịch mua bán,IT,CUST0015,VEND0078,Revenue,IFRS 15,Revenue,IFRS 15
20/12/2024,CT691811,211,111,35100965.66,Giao dịch mua bán,Finance,CUST0075,VEND0120,Asset,IAS 16,Asset,IAS 16
21/01/2024,CT824533,111,112,2161976.5,Giao dịch mua bán,IT,CUST0165,VEND0091,Asset,IAS 16,Asset,IAS 16
23/02/2024,CT022406,156,112,46597229.9,Giao dịch mua bán,HR,CUST0167,VEND0143,Asset,IAS 16,Asset,IAS 16
22/02/2024,CT742911,214,156,3580914.74,Giao dịch mua bán,Production,CUST0058,VEND0129,Asset,IAS 16,Asset,IAS 16
25/05/2024,CT475290,214,642,22088599.45,Giao dịch mua bán,Sales,CUST0027,VEND0155,Asset,IAS 16,Asset,IAS 16
28/11/2024,CT999259,632,112,21080717.06,Giao dịch mua bán,Sales,CUST0089,VEND0109,Expense,IAS 1,Expense,IAS 1
28/06/2024,CT448959,211,152,2590401.65,Giao dịch mua bán,IT,CUST0134,VEND0072,Asset,IAS 16,Asset,IAS 16
12/02/2024,CT570910,642,511,23684823.17,Giao dịch mua bán,Finance,CUST0128,VEND0161,Expense,IAS 1,Expense,IAS 1
19/10/2024,CT914739,211,331,28167684.61,Giao dịch mua bán,Finance,CUST0053,VEND0010,Asset,IAS 16,Asset,IAS 16
08/12/2024,CT237242,214,511,39735811.23,Giao dịch mua bán,Sales,CUST0083,VEND0024,Asset,IAS 16,Asset,IAS 16
23/03/2024,CT621516,331,214,21017858.87,Giao dịch mua bán,Sales,CUST0060,VEND0006,Liability,IAS 37,Liability,IAS 37
21/09/2024,CT604470,131,131,11976839.69,Giao dịch mua bán,HR,CUST0088,VEND0169,Asset,IAS 16,Asset,IAS 16
06/12/2024,CT109826,211,211,25724193.9,Giao dịch mua bán,Production,CUST0082,VEND0163,Asset,IAS 16,Asset,IAS 16
09/08/2024,CT021708,214,111,31263329.79,Giao dịch mua bán,Production,CUST0146,VEND0069,Asset,IAS 16,Asset,IAS 16
10/03/2024,CT897964,211,111,46610680.88,Giao dịch mua bán,Sales,CUST0079,VEND0197,Asset,IAS 16,Asset,IAS 16
04/06/2024,CT612301,111,152,49758692.26,Giao dịch mua bán,Sales,CUST0054,VEND0115,Asset,IAS 16,Asset,IAS 16
11/04/2024,CT078972,131,156,34718092.03,Giao dịch mua bán,Sales,CUST0038,VEND0050,Asset,IAS 16,Asset,IAS 16
03/07/2024,CT898104,131,632,1427401.09,Giao dịch mua bán,IT,CUST0081,VEND0100,Asset,IAS 16,Asset,IAS 16
06/01/2024,CT584239,156,152,22213875.99,Giao dịch mua bán,Production,CUST0173,VEND0039,Asset,IAS 16,Asset,IAS 16
17/08/2024,CT852162,111,112,48024833.08,Giao dịch mua bán,HR,CUST0093,VEND0170,Asset,IAS 16,Asset,IAS 16
09/08/2024,CT988644,642,511,39264800.14,Giao dịch mua bán,IT,CUST0028,VEND0163,Expense,IAS 1,Expense,IAS 1
28/05/2024,CT084791,331,131,5162816.6,Giao dịch mua bán,HR,CUST0085,VEND0107,Liability,IAS 37,Liability,IAS 37
09/06/2024,CT521885,211,156,16354578.65,Giao dịch mua bán,IT,CUST0076,VEND0178,Asset,IAS 16,Asset,IAS 16
06/02/2024,CT119506,331,632,4381798.2,Giao dịch mua bán,Production,CUST0064,VEND0049,Liability,IAS 37,Liability,IAS 37
21/03/2024,CT171854,214,331,46810948.12,Giao dịch mua bán,Finance,CUST0137,VEND0113,Asset,IAS 16,Asset,IAS 16
30/12/2024,CT173660,511,152,37595765.58,Giao dịch mua bán,Production,CUST0059,VEND0034,Revenue,IFRS 15,Revenue,IFRS 15
31/07/2024,CT727121,331,331,10705804.53,Giao dịch mua bán,Sales,CUST0060,VEND0015,Liability,IAS 37,Liability,IAS 37
27/01/2024,CT546859,131,511,33851116.84,Giao dịch mua bán,IT,CUST0030,VEND0083,Asset,IAS 16,Asset,IAS 16
14/08/2024,CT365011,211,642,21953726.86,Giao dịch mua bán,Finance,CUST0093,VEND0117,Asset,IAS 16,Asset,IAS 16
18/06/2024,CT606212,152,152,13831588.15,Giao dịch mua bán,IT,CUST0052,VEND0189,Asset,IAS 16,Asset,IAS 16
29/03/2024,CT730617,642,331,39828059.71,Giao dịch mua bán,Sales,CUST0035,VEND0092,Expense,IAS 1,Expense,IAS 1
29/01/2024,CT211727,112,331,7918858.08,Giao dịch mua bán,IT,CUST0063,VEND0029,Asset,IAS 16,Asset,IAS 16
16/05/2024,CT872615,131,331,35130425.13,Giao dịch mua bán,Finance,CUST0031,VEND0199,Asset,IAS 16,Asset,IAS 16
05/01/2024,CT572779,152,632,46721639.63,Giao dịch mua bán,Sales,CUST0024,VEND0131,Asset,IAS 16,Asset,IAS 16
12/02/2024,CT275341,642,331,13353964,Giao dịch mua bán,HR,CUST0135,VEND0174,Expense,IAS 1,Expense,IAS 1
04/02/2024,CT657774,112,156,8939283.93,Giao dịch mua bán,HR,CUST0163,VEND0171,Asset,IAS 16,Asset,IAS 16
10/07/2024,CT908921,131,111,4808847.78,Giao dịch mua bán,Sales,CUST0054,VEND0046,Asset,IAS 16,Asset,IAS 16
21/07/2024,CT259532,511,211,36941818.49,Giao dịch mua bán,IT,CUST0003,VEND0024,Revenue,IFRS 15,Revenue,IFRS 15
05/07/2024,CT103769,632,131,40835814.36,Giao dịch mua bán,HR,CUST0061,VEND0132,Expense,IAS 1,Expense,IAS 1
06/05/2024,CT457654,211,331,44502392.47,Giao dịch mua bán,Production,CUST0127,VEND0188,Asset,IAS 16,Asset,IAS 16
21/03/2024,CT706766,331,511,43407418.7,Giao dịch mua bán,HR,CUST0126,VEND0050,Liability,IAS 37,Liability,IAS 37
30/01/2024,CT919347,511,111,25013497.02,Giao dịch mua bán,Sales,CUST0028,VEND0112,Revenue,IFRS 15,Revenue,IFRS 15
27/10/2024,CT209311,642,511,41998150.43,Giao dịch mua bán,Production,CUST0051,VEND0106,Expense,IAS 1,Expense,IAS 1
04/09/2024,CT938199,152,131,47377121.76,Giao dịch mua bán,Sales,CUST0148,VEND0095,Asset,IAS 16,Asset,IAS 16
18/12/2024,CT912733,214,111,17934086.89đ,Giao dịch mua bán,Sales,CUST0096,VEND0089,Asset,IAS 16,Asset,IAS 16
19/09/2024,CT258697,632,152,10504715.52,Giao dịch mua bán,HR,CUST0146,VEND0077,Expense,IAS 1,Expense,IAS 1
16/04/2024,CT989628,632,642,19314321.56,Giao dịch mua bán,HR,CUST0006,VEND0139,Expense,IAS 1,Expense,IAS 1
01/04/2024,CT671885,131,632,30008158.79,Giao dịch mua bán,IT,CUST0104,VEND0060,Asset,IAS 16,Asset,IAS 16
21/12/2024,CT257799,152,211,42509577.8,Giao dịch mua bán,HR,CUST0027,VEND0002,Asset,IAS 16,Asset,IAS 16
28/03/2024,CT853918,131,632,7814089.76,Giao dịch mua bán,Sales,CUST0157,VEND0171,Asset,IAS 16,Asset,IAS 16
22/11/2024,CT822500,511,131,34915218.78,Giao dịch mua bán,HR,CUST0199,VEND0077,Revenue,IFRS 15,Revenue,IFRS 15
03/05/2024,CT488671,331,156,20876483.77,Giao dịch mua bán,Sales,CUST0023,VEND0070,Liability,IAS 37,Liability,IAS 37
06/05/2024,CT437699,211,211,13230301.11,Giao dịch mua bán,Finance,CUST0195,VEND0142,Asset,IAS 16,Asset,IAS 16
25/08/2024,CT505083,131,632,5832680.35,Giao dịch mua bán,IT,CUST0090,VEND0196,Asset,IAS 16,Asset,IAS 16
18/05/2024,CT431102,112,156,17354129.66,Giao dịch mua bán,Sales,CUST0193,VEND0180,Asset,IAS 16,Asset,IAS 16
30/11/2024,CT520403,331,642,37973044.61,Giao dịch mua bán,Finance,CUST0027,VEND0076,Liability,IAS 37,Liability,IAS 37
15/02/2024,CT738904,112,214,22817060.02,Giao dịch mua bán,Production,CUST0040,VEND0060,Asset,IAS 16,Asset,IAS 16
29/09/2024,CT664316,511,152,10102541.87,Giao dịch mua bán,IT,CUST0145,VEND0003,Revenue,IFRS 15,Revenue,IFRS 15
13/08/2024,CT985276,112,131,8008095.48,Giao dịch mua bán,IT,CUST0087,VEND0178,Asset,IAS 16,Asset,IAS 16
07/02/2024,CT116139,214,214,1737142.32,Giao dịch mua bán,Finance,CUST0072,VEND0122,Asset,IAS 16,Asset,IAS 16
27/10/2024,CT020279,331,111,6747477.08,Giao dịch mua bán,IT,CUST0186,VEND0021,Liability,IAS 37,Liability,IAS 37
13/08/2024,CT836522,511,156,36346507.43,Giao dịch mua bán,Sales,CUST0053,VEND0145,Revenue,IFRS 15,Revenue,IFRS 15
17/07/2024,CT725464,112,632,14757480.65,Giao dịch mua bán,IT,CUST0021,VEND0052,Asset,IAS 16,Asset,IAS 16
01/07/2024,CT108748,211,331,13457968.68,Giao dịch mua bán,Sales,CUST0024,VEND0057,Asset,IAS 16,Asset,IAS 16
17/04/2024,CT334151,331,331,46368080.98,Giao dịch mua bán,IT,CUST0146,VEND0090,Liability,IAS 37,Liability,IAS 37
13/08/2024,CT743693,112,152,43115134.96,Giao dịch mua bán,HR,CUST0056,VEND0136,Asset,IAS 16,Asset,IAS 16
02/05/2024,CT802751,331,511,32693060.33,Giao dịch mua bán,Finance,CUST0028,VEND0156,Liability,IAS 37,Liability,IAS 37
27/07/2024,CT365569,632,152,42458249.35,Giao dịch mua bán,IT,CUST0159,VEND0022,Expense,IAS 1,Expense,IAS 1
30/07/2024,CT840634,111,511,36471421.79,Giao dịch mua bán,HR,CUST0182,VEND0153,Asset,IAS 16,Asset,IAS 16
12/05/2024,CT846668,156,331,3003662.24,Giao dịch mua bán,IT,CUST0046,VEND0031,Asset,IAS 16,Asset,IAS 16
09/11/2024,CT651628,331,331,7244504.54,Giao dịch mua bán,Finance,CUST0187,VEND0056,Liability,IAS 37,Liability,IAS 37
21/07/2024,CT457856,131,111,6508188.17,Giao dịch mua bán,Sales,CUST0057,VEND0178,Asset,IAS 16,Asset,IAS 16
22/12/2024,CT152574,632,331,36283636.05,Giao dịch mua bán,Sales,CUST0146,VEND0033,Expense,IAS 1,Expense,IAS 1
15/08/2024,CT801128,111,112,34204551.52,Giao dịch mua bán,Sales,CUST0093,VEND0097,Asset,IAS 16,Asset,IAS 16
17/02/2024,CT049222,511,131,13993259.12,Giao dịch mua bán,HR,CUST0172,VEND0092,Revenue,IFRS 15,Revenue,IFRS 15
25/08/2024,CT845131,331,642,24373180.24,Giao dịch mua bán,Sales,CUST0140,VEND0136,Liability,IAS 37,Liability,IAS 37
16/12/2024,CT823764,156,112,36864836.29,Giao dịch mua bán,Production,CUST0111,VEND0185,Asset,IAS 16,Asset,IAS 16
04/03/2024,CT330161,214,632,13089804.57,Giao dịch mua bán,Production,CUST0031,VEND0187,Asset,IAS 16,Asset,IAS 16
25/09/2024,CT864358,331,152,418278.02,Giao dịch mua bán,HR,CUST0069,VEND0180,Liability,IAS 37,Liability,IAS 37
30/06/2024,CT784893,511,152,28336450,Giao dịch mua bán,HR,CUST0113,VEND0146,Revenue,IFRS 15,Revenue,IFRS 15
29/01/2024,CT813420,331,642,48785841.38,Giao dịch mua bán,Production,CUST0021,VEND0198,Liability,IAS 37,Liability,IAS 37
25/10/2024,CT101229,156,214,11636683.7,Giao dịch mua bán,Production,CUST0085,VEND0139,Asset,IAS 16,Asset,IAS 16
28/06/2024,CT516311,632,511,13458442.45,Giao dịch mua bán,Finance,CUST0194,VEND0174,Expense,IAS 1,Expense,IAS 1
25/11/2024,CT593331,511,642,4935153.49,Giao dịch mua bán,HR,CUST0015,VEND0150,Revenue,IFRS 15,Revenue,IFRS 15
16/01/2024,CT597109,131,331,4388224.56,Giao dịch mua bán,IT,CUST0060,VEND0052,Asset,IAS 16,Asset,IAS 16
18/11/2024,CT684792,211,211,38525225.96,Giao dịch mua bán,Finance,CUST0091,VEND0181,Asset,IAS 16,Asset,IAS 16
09/07/2024,CT617817,112,112,41546044.4,Giao dịch mua bán,Finance,CUST0039,VEND0183,Asset,IAS 16,Asset,IAS 16
17/06/2024,CT028034,111,511,49676883.12,Giao dịch mua bán,Sales,CUST0187,VEND0149,Asset,IAS 16,Asset,IAS 16
18/07/2024,CT315091,211,152,33400174.75,Giao dịch mua bán,Finance,CUST0046,VEND0163,Asset,IAS 16,Asset,IAS 16
17/10/2024,CT451640,642,111,27813557.5,Giao dịch mua bán,Sales,CUST0199,VEND0170,Expense,IAS 1,Expense,IAS 1
22/05/2024,CT282889,112,111,26186175.4,Giao dịch mua bán,Sales,CUST0074,VEND0009,Asset,IAS 16,Asset,IAS 16
02/09/2024,CT610480,214,112,23246060.17,Giao dịch mua bán,Production,CUST0138,VEND0159,Asset,IAS 16,Asset,IAS 16
26/09/2024,CT768437,131,112,46102195.01,Giao dịch mua bán,HR,CUST0132,VEND0192,Asset,IAS 16,Asset,IAS 16
08/03/2024,CT585833,111,131,38019906.25,Giao dịch mua bán,IT,CUST0110,VEND0012,Asset,IAS 16,Asset,IAS 16
23/09/2024,CT839841,331,511,34229009.5,Giao dịch mua bán,HR,CUST0176,VEND0146,Liability,IAS 37,Liability,IAS 37
02/04/2024,CT799867,156,642,24248694.49,Giao dịch mua bán,IT,CUST0116,VEND0081,Asset,IAS 16,Asset,IAS 16
31/08/2024,CT872203,152,632,9766910.7,Giao dịch mua bán,Finance,CUST0155,VEND0171,Asset,IAS 16,Asset,IAS 16
17/12/2024,CT526754,131,331,13549472.74,Giao dịch mua bán,Finance,CUST0035,VEND0071,Asset,IAS 16,Asset,IAS 16
16/02/2024,CT268864,211,131,37610028.85,Giao dịch mua bán,Sales,CUST0127,VEND0088,Asset,IAS 16,Asset,IAS 16
20/09/2024,CT601387,131,111,46999601.2,Giao dịch mua bán,IT,CUST0156,VEND0191,Asset,IAS 16,Asset,IAS 16
17/05/2024,CT190995,331,112,35731509.41,Giao dịch mua bán,IT,CUST0075,VEND0084,Liability,IAS 37,Liability,IAS 37
05/10/2024,CT533351,131,131,4491620.57,Giao dịch mua bán,IT,CUST0168,VEND0136,Asset,IAS 16,Asset,IAS 16
08/09/2024,CT912189,511,331,30000506.2,Giao dịch mua bán,IT,CUST0044,VEND0046,Revenue,IFRS 15,Revenue,IFRS 15
23/11/2024,CT054161,156,632,30400532.57,Giao dịch mua bán,Production,CUST0049,VEND0050,Asset,IAS 16,Asset,IAS 16
30/04/2024,CT828806,156,642,3937604.21,Giao dịch mua bán,IT,CUST0200,VEND0028,Asset,IAS 16,Asset,IAS 16
04/04/2024,CT797199,111,111,28068385.19,Giao dịch mua bán,Finance,CUST0085,VEND0140,Asset,IAS 16,Asset,IAS 16
10/09/2024,CT870247,112,331,4318226.72,Giao dịch mua bán,HR,CUST0128,VEND0136,Asset,IAS 16,Asset,IAS 16
21/10/2024,CT932109,156,211,31040890.76,Giao dịch mua bán,Sales,CUST0165,VEND0136,Asset,IAS 16,Asset,IAS 16
02/02/2024,CT914586,156,131,18018194.45,Giao dịch mua bán,Finance,CUST0149,VEND0191,Asset,IAS 16,Asset,IAS 16
29/09/2024,CT573008,632,214,35697052.07,Giao dịch mua bán,Sales,CUST0046,VEND0181,Expense,IAS 1,Expense,IAS 1
27/10/2024,CT854172,214,112,19857506.15,Giao dịch mua bán,Finance,CUST0105,VEND0142,Asset,IAS 16,Asset,IAS 16
19/05/2024,CT586015,111,214,10039419.86,Giao dịch mua bán,Finance,CUST0025,VEND0095,Asset,IAS 16,Asset,IAS 16
08/02/2024,CT841268,511,214,2722794.58,Giao dịch mua bán,HR,CUST0200,VEND0099,Revenue,IFRS 15,Revenue,IFRS 15
13/03/2024,CT451680,131,214,30537030.33,Giao dịch mua bán,Production,CUST0066,VEND0003,Asset,IAS 16,Asset,IAS 16
02/08/2024,CT744159,156,112,5210657.08,Giao dịch mua bán,Finance,CUST0025,VEND0051,Asset,IAS 16,Asset,IAS 16
24/05/2024,CT632774,642,111,20792493.68,Giao dịch mua bán,Sales,CUST0039,VEND0061,Expense,IAS 1,Expense,IAS 1
27/07/2024,CT282722,511,331,30058203.77,Giao dịch mua bán,Production,CUST0175,VEND0015,Revenue,IFRS 15,Revenue,IFRS 15
11/11/2024,CT705776,152,211,40234843.87,Giao dịch mua bán,HR,CUST0050,VEND0121,Asset,IAS 16,Asset,IAS 16
02/01/2024,CT246188,642,331,11783440.86,Giao dịch mua bán,Production,CUST0041,VEND0026,Expense,IAS 1,Expense,IAS 1
17/02/2024,CT204140,156,152,9275950.26,Giao dịch mua bán,Production,CUST0002,VEND0147,Asset,IAS 16,Asset,IAS 16
27/07/2024,CT509072,331,152,4934928.5,Giao dịch mua bán,Production,CUST0138,VEND0169,Liability,IAS 37,Liability,IAS 37
18/10/2024,CT026217,112,511,10542472.64,Giao dịch mua bán,IT,CUST0157,VEND0109,Asset,IAS 16,Asset,IAS 16
04/02/2024,CT892880,632,112,26561488.3,Giao dịch mua bán,Production,CUST0120,VEND0100,Expense,IAS 1,Expense,IAS 1
20/10/2024,CT781132,642,156,36524260.22,Giao dịch mua bán,Finance,CUST0066,VEND0108,Expense,IAS 1,Expense,IAS 1
05/08/2024,CT572318,511,214,38806618.4,Giao dịch mua bán,HR,CUST0070,VEND0127,Revenue,IFRS 15,Revenue,IFRS 15
28/12/2024,CT784515,632,214,28410857.13đ,Giao dịch mua bán,Production,CUST0130,VEND0047,Expense,IAS 1,Expense,IAS 1
07/06/2024,CT604384,131,214,39183302.25,Giao dịch mua bán,Finance,CUST0002,VEND0083,Asset,IAS 16,Asset,IAS 16
07/08/2024,CT739608,642,112,16441157.59,Giao dịch mua bán,HR,CUST0049,VEND0142,Expense,IAS 1,Expense,IAS 1
13/06/2024,CT819327,331,112,19312333.39,Giao dịch mua bán,Finance,CUST0085,VEND0088,Liability,IAS 37,Liability,IAS 37
30/08/2024,CT195526,131,211,2436705.38,Giao dịch mua bán,Finance,CUST0010,VEND0077,Asset,IAS 16,Asset,IAS 16
20/10/2024,CT440102,211,214,34444284.15,Giao dịch mua bán,IT,CUST0128,VEND0092,Asset,IAS 16,Asset,IAS 16
17/04/2024,CT853037,152,214,46110345.04,Giao dịch mua bán,Finance,CUST0192,VEND0180,Asset,IAS 16,Asset,IAS 16
24/08/2024,CT116560,152,156,31820634.69,Giao dịch mua bán,Finance,CUST0147,VEND0170,Asset,IAS 16,Asset,IAS 16
30/05/2024,CT786120,632,131,21731452.09,Giao dịch mua bán,HR,CUST0161,VEND0013,Expense,IAS 1,Expense,IAS 1
21/06/2024,CT586721,214,131,46716441.27,Giao dịch mua bán,Finance,CUST0159,VEND0039,Asset,IAS 16,Asset,IAS 16
19/06/2024,CT585623,152,112,1129833.22,Giao dịch mua bán,Sales,CUST0164,VEND0111,Asset,IAS 16,Asset,IAS 16
13/06/2024,CT733732,632,152,44630533.37,Giao dịch mua bán,Finance,CUST0117,VEND0001,Expense,IAS 1,Expense,IAS 1
07/07/2024,CT570273,112,331,3960345.27,Giao dịch mua bán,Production,CUST0157,VEND0136,Asset,IAS 16,Asset,IAS 16
09/03/2024,CT473252,131,214,17961796.74,Giao dịch mua bán,Production,CUST0157,VEND0196,Asset,IAS 16,Asset,IAS 16
13/07/2024,CT183688,642,156,25990642.66,Giao dịch mua bán,Finance,CUST0053,VEND0029,Expense,IAS 1,Expense,IAS 1
19/12/2024,CT122865,211,211,6071644.2,Giao dịch mua bán,IT,CUST0098,VEND0139,Asset,IAS 16,Asset,IAS 16
07/09/2024,CT854791,511,156,26577965.55,Giao dịch mua bán,Sales,CUST0100,VEND0021,Revenue,IFRS 15,Revenue,IFRS 15
10/08/2024,CT780611,156,642,2573783.23,Giao dịch mua bán,IT,CUST0012,VEND0095,Asset,IAS 16,Asset,IAS 16
23/06/2024,CT990166,214,211,24603616.32,Giao dịch mua bán,IT,CUST0114,VEND0096,Asset,IAS 16,Asset,IAS 16
09/06/2024,CT526006,112,511,26590836.74,Giao dịch mua bán,Finance,CUST0046,VEND0156,Asset,IAS 16,Asset,IAS 16
30/07/2024,CT768276,111,632,42433989.84,Giao dịch mua bán,Finance,CUST0022,VEND0106,Asset,IAS 16,Asset,IAS 16
05/03/2024,CT354126,331,152,42477286.89,Giao dịch mua bán,IT,CUST0029,VEND0165,Liability,IAS 37,Liability,IAS 37
26/05/2024,CT252101,111,642,24704821.22,Giao dịch mua bán,Finance,CUST0004,VEND0046,Asset,IAS 16,Asset,IAS 16
10/09/2024,CT693548,112,111,10739754.73,Giao dịch mua bán,Production,CUST0161,VEND0051,Asset,IAS 16,Asset,IAS 16
24/12/2024,CT001336,112,642,17083653.71,Giao dịch mua bán,Finance,CUST0117,VEND0061,Asset,IAS 16,Asset,IAS 16
15/05/2024,CT192016,632,156,11085732.45,Giao dịch mua bán,HR,CUST0093,VEND0103,Expense,IAS 1,Expense,IAS 1
28/01/2024,CT463377,152,511,29908842.27,Giao dịch mua bán,Production,CUST0053,VEND0114,Asset,IAS 16,Asset,IAS 16
05/09/2024,CT540541,632,211,19080293.73,Giao dịch mua bán,Finance,CUST0150,VEND0105,Expense,IAS 1,Expense,IAS 1
13/05/2024,CT107507,642,111,42493697.99,Giao dịch mua bán,Production,CUST0165,VEND0013,Expense,IAS 1,Expense,IAS 1
08/03/2024,CT096982,331,632,15442717.9,Giao dịch mua bán,Sales,CUST0084,VEND0050,Liability,IAS 37,Liability,IAS 37
06/08/2024,CT636866,131,331,18543570.51,Giao dịch mua bán,Production,CUST0171,VEND0115,Asset,IAS 16,Asset,IAS 16
14/07/2024,CT338007,511,111,2235998.88,Giao dịch mua bán,Finance,CUST0015,VEND0001,Revenue,IFRS 15,Revenue,IFRS 15
05/03/2024,CT631519,156,511,11261182.84,Giao dịch mua bán,HR,CUST0189,VEND0038,Asset,IAS 16,Asset,IAS 16
08/12/2024,CT910868,642,211,23277480.91,Giao dịch mua bán,HR,CUST0109,VEND0065,Expense,IAS 1,Expense,IAS 1
20/03/2024,CT565623,111,211,668257.88,Giao dịch mua bán,Finance,CUST0112,VEND0199,Asset,IAS 16,Asset,IAS 16
25/05/2024,CT076593,511,211,23206720.99,Giao dịch mua bán,Sales,CUST0062,VEND0070,Revenue,IFRS 15,Revenue,IFRS 15
03/02/2024,CT727928,152,331,1948336.28,Giao dịch mua bán,Sales,CUST0026,VEND0018,Asset,IAS 16,Asset,IAS 16
26/11/2024,CT190205,511,152,36599825.74,Giao dịch mua bán,Sales,CUST0111,VEND0009,Revenue,IFRS 15,Revenue,IFRS 15
26/02/2024,CT077204,156,156,49368246.01,Giao dịch mua bán,IT,CUST0074,VEND0042,Asset,IAS 16,Asset,IAS 16
29/03/2024,CT643930,331,112,12200299.66,Giao dịch mua bán,Production,CUST0057,VEND0072,Liability,IAS 37,Liability,IAS 37
28/09/2024,CT994227,214,642,43032722.02,Giao dịch mua bán,HR,CUST0013,VEND0046,Asset,IAS 16,Asset,IAS 16
04/01/2024,CT765179,632,156,45856206.7,Giao dịch mua bán,IT,CUST0117,VEND0090,Expense,IAS 1,Expense,IAS 1
25/07/2024,CT877989,214,131,43379114.3,Giao dịch mua bán,IT,CUST0058,VEND0036,Asset,IAS 16,Asset,IAS 16
28/08/2024,CT491819,156,156,20135702.6,Giao dịch mua bán,Sales,CUST0121,VEND0027,Asset,IAS 16,Asset,IAS 16
28/08/2024,CT917849,152,214,44357546.71,Giao dịch mua bán,Sales,CUST0175,VEND0193,Asset,IAS 16,Asset,IAS 16
13/05/2024,CT377112,111,331,4674751.38,Giao dịch mua bán,Production,CUST0168,VEND0059,Asset,IAS 16,Asset,IAS 16
15/03/2024,CT115924,331,131,3459369.98,Giao dịch mua bán,Finance,CUST0184,VEND0046,Liability,IAS 37,Liability,IAS 37
29/12/2024,CT708434,112,211,4559916.03,Giao dịch mua bán,HR,CUST0054,VEND0091,Asset,IAS 16,Asset,IAS 16
27/10/2024,CT052743,111,156,25891727,Giao dịch mua bán,Finance,CUST0019,VEND0080,Asset,IAS 16,Asset,IAS 16
24/06/2024,CT317382,131,642,34071886.68,Giao dịch mua bán,Production,CUST0137,VEND0009,Asset,IAS 16,Asset,IAS 16
14/10/2024,DUPLICATE,111,642,23212479.82,Giao dịch mua bán,HR,CUST0084,VEND0040,Asset,IAS 16,Asset,IAS 16
27/12/2024,CT007099,152,511,34995517.67,Giao dịch mua bán,Sales,CUST0199,VEND0132,Asset,IAS 16,Asset,IAS 16
30/10/2024,CT453341,111,211,19380802.75,Giao dịch mua bán,IT,CUST0028,VEND0109,Asset,IAS 16,Asset,IAS 16
30/10/2024,CT662779,211,152,30285566.68,Giao dịch mua bán,IT,CUST0045,VEND0188,Asset,IAS 16,Asset,IAS 16
04/12/2024,CT872682,511,112,9683120.82,Giao dịch mua bán,Finance,CUST0058,VEND0061,Revenue,IFRS 15,Revenue,IFRS 15
08/06/2024,CT366054,214,511,30146685.72,Giao dịch mua bán,Sales,CUST0061,VEND0048,Asset,IAS 16,Asset,IAS 16
18/08/2024,CT711205,131,331,47517202.64,Giao dịch mua bán,Finance,CUST0129,VEND0061,Asset,IAS 16,Asset,IAS 16
25/10/2024,CT922379,211,632,370968.04,Giao dịch mua bán,IT,CUST0189,VEND0121,Asset,IAS 16,Asset,IAS 16
14/05/2024,CT563945,642,156,48320553.56,Giao dịch mua bán,Production,CUST0188,VEND0071,Expense,IAS 1,Expense,IAS 1
13/01/2024,CT536649,511,214,12124520.38,Giao dịch mua bán,Production,CUST0141,VEND0178,Revenue,IFRS 15,Revenue,IFRS 15
01/01/2024,CT359307,331,331,518795.11,Giao dịch mua bán,Production,CUST0148,VEND0112,Liability,IAS 37,Liability,IAS 37
01/04/2024,CT168499,642,156,12177939.39,Giao dịch mua bán,Sales,CUST0070,VEND0059,Expense,IAS 1,Expense,IAS 1
30/06/2024,CT466964,131,331,7490068.32,Giao dịch mua bán,Finance,CUST0084,VEND0025,Asset,IAS 16,Asset,IAS 16
29/12/2024,CT217742,156,152,41037929.21,Giao dịch mua bán,Finance,CUST0068,VEND0067,Asset,IAS 16,Asset,IAS 16
02/10/2024,CT966461,632,331,36011973.74,Giao dịch mua bán,Finance,CUST0170,VEND0078,Expense,IAS 1,Expense,IAS 1
20/01/2024,CT234440,111,511,10575386.91,Giao dịch mua bán,Production,CUST0174,VEND0094,Asset,IAS 16,Asset,IAS 16
06/01/2024,CT467817,511,511,12769620.24,Giao dịch mua bán,Finance,CUST0035,VEND0147,Revenue,IFRS 15,Revenue,IFRS 15
13/05/2024,CT964388,632,152,17530206.78,Giao dịch mua bán,HR,CUST0032,VEND0170,Expense,IAS 1,Expense,IAS 1
07/07/2024,CT920789,131,152,5236162.66,Giao dịch mua bán,Production,CUST0034,VEND0068,Asset,IAS 16,Asset,IAS 16
18/12/2024,CT571020,111,156,33759133.64,Giao dịch mua bán,IT,CUST0071,VEND0079,Asset,IAS 16,Asset,IAS 16
26/08/2024,CT086596,331,642,30059164.34,Giao dịch mua bán,Finance,CUST0191,VEND0034,Liability,IAS 37,Liability,IAS 37
26/11/2024,CT586331,331,111,3732059.45,Giao dịch mua bán,Finance,CUST0181,VEND0156,Liability,IAS 37,Liability,IAS 37
15/08/2024,CT589544,331,632,30576569.38,Giao dịch mua bán,IT,CUST0170,VEND0001,Liability,IAS 37,Liability,IAS 37
05/03/2024,CT872736,131,511,2361170.85,Giao dịch mua bán,IT,CUST0109,VEND0159,Asset,IAS 16,Asset,IAS 16
20/01/2024,CT437444,331,156,12815044.05đ,Giao dịch mua bán,Production,CUST0012,VEND0080,Liability,IAS 37,Liability,IAS 37
25/02/2024,CT172038,111,131,6462852.58,Giao dịch mua bán,Sales,CUST0039,VEND0007,Asset,IAS 16,Asset,IAS 16
10/12/2024,CT112924,642,642,33868688.51,Giao dịch mua bán,Sales,CUST0073,VEND0068,Expense,IAS 1,Expense,IAS 1
20/08/2024,CT379449,211,214,1415660.39,Giao dịch mua bán,HR,CUST0172,VEND0103,Asset,IAS 16,Asset,IAS 16
25/02/2024,CT407991,642,214,14023142.34,Giao dịch mua bán,Finance,CUST0034,VEND0119,Expense,IAS 1,Expense,IAS 1
22/01/2024,CT443440,131,511,27096002.19,Giao dịch mua bán,Finance,CUST0158,VEND0167,Asset,IAS 16,Asset,IAS 16
27/07/2024,CT351569,111,642,36796459.48,Giao dịch mua bán,HR,CUST0096,VEND0078,Asset,IAS 16,Asset,IAS 16
05/06/2024,CT199083,111,331,7036669.23,Giao dịch mua bán,IT,CUST0025,VEND0092,Asset,IAS 16,Asset,IAS 16
29/04/2024,CT135362,642,214,49573132.84,Giao dịch mua bán,HR,CUST0031,VEND0180,Expense,IAS 1,Expense,IAS 1
08/09/2024,CT312320,331,632,43424735.91,Giao dịch mua bán,Production,CUST0001,VEND0153,Liability,IAS 37,Liability,IAS 37
01/11/2024,CT563376,642,112,49199197.53,Giao dịch mua bán,Production,CUST0043,VEND0065,Expense,IAS 1,Expense,IAS 1
02/07/2024,CT296613,131,632,47519610.08,Giao dịch mua bán,Sales,CUST0096,VEND0155,Asset,IAS 16,Asset,IAS 16
22/04/2024,CT851334,642,112,25150304.21,Giao dịch mua bán,Sales,CUST0083,VEND0186,Expense,IAS 1,Expense,IAS 1
03/08/2024,CT764218,111,152,12242166.57,Giao dịch mua bán,Finance,CUST0187,VEND0083,Asset,IAS 16,Asset,IAS 16
17/09/2024,CT544462,331,642,40866633.9,Giao dịch mua bán,HR,CUST0145,VEND0096,Liability,IAS 37,Liability,IAS 37
29/11/2024,CT305661,112,211,18285664.15,Giao dịch mua bán,HR,CUST0170,VEND0015,Asset,IAS 16,Asset,IAS 16
12/12/2024,CT122250,331,111,40666542.3,Giao dịch mua bán,HR,CUST0197,VEND0065,Liability,IAS 37,Liability,IAS 37
26/03/2024,CT291010,211,131,37630718.52,Giao dịch mua bán,Sales,CUST0131,VEND0063,Asset,IAS 16,Asset,IAS 16
23/07/2024,CT240342,131,111,34477427.62,Giao dịch mua bán,Production,CUST0088,VEND0096,Asset,IAS 16,Asset,IAS 16
31/08/2024,CT336971,111,111,25584748.69,Giao dịch mua bán,Finance,CUST0174,VEND0097,Asset,IAS 16,Asset,IAS 16
02/02/2024,CT664276,112,331,38894389.87,Giao dịch mua bán,IT,CUST0191,VEND0068,Asset,IAS 16,Asset,IAS 16
29/04/2024,CT843272,156,511,7800380.61,Giao dịch mua bán,Finance,CUST0108,VEND0179,Asset,IAS 16,Asset,IAS 16
26/10/2024,CT561688,131,111,49963788.33,Giao dịch mua bán,HR,CUST0091,VEND0096,Asset,IAS 16,Asset,IAS 16
10/04/2024,CT743230,331,111,25139418.82,Giao dịch mua bán,Production,CUST0084,VEND0192,Liability,IAS 37,Liability,IAS 37
10/11/2024,CT315874,111,156,22988373.12,Giao dịch mua bán,HR,CUST0013,VEND0055,Asset,IAS 16,Asset,IAS 16
14/03/2024,CT073213,632,131,27202987.95,Giao dịch mua bán,Production,CUST0116,VEND0064,Expense,IAS 1,Expense,IAS 1
28/08/2024,CT966353,152,331,17292004.73,Giao dịch mua bán,HR,CUST0030,VEND0180,Asset,IAS 16,Asset,IAS 16
09/09/2024,CT718362,214,156,30025152.49,Giao dịch mua bán,Production,CUST0037,VEND0011,Asset,IAS 16,Asset,IAS 16
19/03/2024,CT169006,642,131,27492981.02,Giao dịch mua bán,Sales,CUST0168,VEND0053,Expense,IAS 1,Expense,IAS 1
02/08/2024,CT362331,111,642,19667727.23,Giao dịch mua bán,Sales,CUST0060,VEND0074,Asset,IAS 16,Asset,IAS 16
21/08/2024,CT390727,112,331,5037656.84,Giao dịch mua bán,Finance,CUST0156,VEND0032,Asset,IAS 16,Asset,IAS 16
06/01/2024,CT758576,214,642,1088750.58,Giao dịch mua bán,IT,CUST0052,VEND0159,Asset,IAS 16,Asset,IAS 16
03/04/2024,CT721290,632,156,39202581.34,Giao dịch mua bán,Production,CUST0031,VEND0100,Expense,IAS 1,Expense,IAS 1
11/08/2024,CT339381,511,111,33327527.22,Giao dịch mua bán,Finance,CUST0154,VEND0006,Revenue,IFRS 15,Revenue,IFRS 15
10/12/2024,CT477339,214,511,20393610.18,Giao dịch mua bán,Finance,CUST0110,VEND0194,Asset,IAS 16,Asset,IAS 16
01/06/2024,CT840611,112,156,297219.85,Giao dịch mua bán,Finance,CUST0101,VEND0069,Asset,IAS 16,Asset,IAS 16
19/02/2024,CT713292,511,642,11637596.25,Giao dịch mua bán,IT,CUST0089,VEND0129,Revenue,IFRS 15,Revenue,IFRS 15
02/08/2024,CT563868,632,511,46338813.88,Giao dịch mua bán,HR,CUST0198,VEND0012,Expense,IAS 1,Expense,IAS 1
03/05/2024,CT516116,214,211,12989063.63,Giao dịch mua bán,HR,CUST0058,VEND0111,Asset,IAS 16,Asset,IAS 16
12/11/2024,CT582927,642,152,20193384.92,Giao dịch mua bán,IT,CUST0103,VEND0003,Expense,IAS 1,Expense,IAS 1
09/01/2024,CT703259,632,211,16560181.68,Giao dịch mua bán,Production,CUST0124,VEND0145,Expense,IAS 1,Expense,IAS 1
08/03/2024,CT579791,632,111,47911347.58,Giao dịch mua bán,IT,CUST0198,VEND0181,Expense,IAS 1,Expense,IAS 1
18/02/2024,CT436315,211,632,5714610.4,Giao dịch mua bán,IT,CUST0037,VEND0025,Asset,IAS 16,Asset,IAS 16
19/10/2024,CT275198,642,156,31281850.03,Giao dịch mua bán,HR,CUST0161,VEND0141,Expense,IAS 1,Expense,IAS 1
14/01/2024,CT573138,214,131,28864243.75,Giao dịch mua bán,IT,CUST0178,VEND0001,Asset,IAS 16,Asset,IAS 16
30/03/2024,CT488914,642,112,19935524.63,Giao dịch mua bán,Production,CUST0022,VEND0092,Expense,IAS 1,Expense,IAS 1
01/10/2024,CT317119,152,642,31683086.2,Giao dịch mua bán,Finance,CUST0004,VEND0048,Asset,IAS 16,Asset,IAS 16
26/04/2024,CT724910,511,511,24466635.63,Giao dịch mua bán,Sales,CUST0052,VEND0078,Revenue,IFRS 15,Revenue,IFRS 15
17/05/2024,CT934816,111,156,11615529.92,Giao dịch mua bán,HR,CUST0101,VEND0115,Asset,IAS 16,Asset,IAS 16
27/08/2024,CT890696,642,112,22324629.59,Giao dịch mua bán,IT,CUST0071,VEND0036,Expense,IAS 1,Expense,IAS 1
26/05/2024,CT270854,331,331,31772538.34,Giao dịch mua bán,Sales,CUST0189,VEND0133,Liability,IAS 37,Liability,IAS 37
06/11/2024,CT768336,632,511,20798625.44,Giao dịch mua bán,Sales,CUST0094,VEND0112,Expense,IAS 1,Expense,IAS 1
20/10/2024,CT364466,131,511,46532135.56,Giao dịch mua bán,Sales,CUST0119,VEND0073,Asset,IAS 16,Asset,IAS 16
08/09/2024,CT767638,131,642,27426745.14,Giao dịch mua bán,Production,CUST0147,VEND0133,Asset,IAS 16,Asset,IAS 16
06/02/2024,CT645790,156,112,37409936.85đ,Giao dịch mua bán,Finance,CUST0184,VEND0196,Asset,IAS 16,Asset,IAS 16
24/02/2024,DUPLICATE,642,331,42482352.55,Giao dịch mua bán,IT,CUST0073,VEND0179,Expense,IAS 1,Expense,IAS 1
28/04/2024,CT501100,511,214,31679297.33,Giao dịch mua bán,IT,CUST0036,VEND0191,Revenue,IFRS 15,Revenue,IFRS 15
03/05/2024,CT112717,642,211,3521133.46,Giao dịch mua bán,IT,CUST0170,VEND0047,Expense,IAS 1,Expense,IAS 1
25/05/2024,CT579213,152,331,32800268.67,Giao dịch mua bán,Sales,CUST0179,VEND0166,Asset,IAS 16,Asset,IAS 16
22/02/2024,CT312736,511,111,41605001.13,Giao dịch mua bán,Sales,CUST0194,VEND0075,Revenue,IFRS 15,Revenue,IFRS 15
12/07/2024,CT228936,112,214,11692141.38,Giao dịch mua bán,HR,CUST0097,VEND0007,Asset,IAS 16,Asset,IAS 16
07/06/2024,CT591195,112,211,38430234.02đ,Giao dịch mua bán,IT,CUST0030,VEND0024,Asset,IAS 16,Asset,IAS 16
05/05/2024,CT361202,214,156,10248476.36,Giao dịch mua bán,Production,CUST0196,VEND0041,Asset,IAS 16,Asset,IAS 16
08/02/2024,CT391236,112,152,23535969.43,Giao dịch mua bán,Production,CUST0026,VEND0054,Asset,IAS 16,Asset,IAS 16
16/09/2024,CT718694,112,632,48412337.66,Giao dịch mua bán,Sales,CUST0041,VEND0074,Asset,IAS 16,Asset,IAS 16
11/01/2024,CT617043,211,642,20989818.62,Giao dịch mua bán,HR,CUST0106,VEND0181,Asset,IAS 16,Asset,IAS 16
08/02/2024,CT565470,112,111,15804186.58,Giao dịch mua bán,Finance,CUST0008,VEND0143,Asset,IAS 16,Asset,IAS 16
26/12/2024,CT843749,211,156,14769589.54,Giao dịch mua bán,HR,CUST0084,VEND0009,Asset,IAS 16,Asset,IAS 16
09/02/2024,CT486972,331,152,31136726.51,Giao dịch mua bán,IT,CUST0007,VEND0166,Liability,IAS 37,Liability,IAS 37
19/04/2024,CT760720,152,111,25484515.23,Giao dịch mua bán,IT,CUST0198,VEND0047,Asset,IAS 16,Asset,IAS 16
02/10/2024,CT850726,152,112,38187453.08,Giao dịch mua bán,HR,CUST0155,VEND0182,Asset,IAS 16,Asset,IAS 16
16/09/2024,CT464386,642,642,385909.81,Giao dịch mua bán,IT,CUST0146,VEND0118,Expense,IAS 1,Expense,IAS 1
16/12/2024,CT893659,214,511,28380216.24,Giao dịch mua bán,Production,CUST0025,VEND0082,Asset,IAS 16,Asset,IAS 16
24/10/2024,CT320355,156,214,41085961.48,Giao dịch mua bán,Production,CUST0164,VEND0061,Asset,IAS 16,Asset,IAS 16
02/03/2024,CT961158,642,211,45009098.66,Giao dịch mua bán,IT,CUST0194,VEND0054,Expense,IAS 1,Expense,IAS 1
07/10/2024,CT412105,111,156,21962286.45,Giao dịch mua bán,Sales,CUST0191,VEND0111,Asset,IAS 16,Asset,IAS 16
20/12/2024,CT344883,112,131,8722008.19,Giao dịch mua bán,IT,CUST0161,VEND0193,Asset,IAS 16,Asset,IAS 16
07/05/2024,CT869762,131,214,40259561.45,Giao dịch mua bán,IT,CUST0127,VEND0088,Asset,IAS 16,Asset,IAS 16
03/12/2024,CT159955,642,156,8074011.61,Giao dịch mua bán,Sales,CUST0009,VEND0105,Expense,IAS 1,Expense,IAS 1
07/06/2024,CT415230,112,511,30666349.72,Giao dịch mua bán,IT,CUST0043,VEND0119,Asset,IAS 16,Asset,IAS 16
07/12/2024,CT628247,511,511,35875672.36,Giao dịch mua bán,Sales,CUST0100,VEND0016,Revenue,IFRS 15,Revenue,IFRS 15
04/04/2024,CT134820,111,112,6998569.99,Giao dịch mua bán,HR,CUST0069,VEND0035,Asset,IAS 16,Asset,IAS 16
10/06/2024,CT324563,214,331,14567142.82,Giao dịch mua bán,IT,CUST0071,VEND0154,Asset,IAS 16,Asset,IAS 16
14/07/2024,CT216356,632,131,12264776.55,Giao dịch mua bán,HR,CUST0176,VEND0046,Expense,IAS 1,Expense,IAS 1
24/07/2024,CT758545,511,112,39023736.13,Giao dịch mua bán,IT,CUST0041,VEND0119,Revenue,IFRS 15,Revenue,IFRS 15
22/11/2024,CT278541,331,152,20376431.87,Giao dịch mua bán,Finance,CUST0137,VEND0074,Liability,IAS 37,Liability,IAS 37
18/10/2024,CT386772,152,152,32365579.74,Giao dịch mua bán,Sales,CUST0189,VEND0042,Asset,IAS 16,Asset,IAS 16
03/09/2024,CT201387,632,511,15444361.6,Giao dịch mua bán,Production,CUST0050,VEND0082,Expense,IAS 1,Expense,IAS 1
27/03/2024,CT383281,642,156,876682.95,Giao dịch mua bán,Sales,CUST0114,VEND0124,Expense,IAS 1,Expense,IAS 1
08/10/2024,CT277787,111,511,5915570.85,Giao dịch mua bán,Sales,CUST0097,VEND0171,Asset,IAS 16,Asset,IAS 16
12/11/2024,CT570648,111,131,24705137.8,Giao dịch mua bán,Sales,CUST0040,VEND0187,Asset,IAS 16,Asset,IAS 16
03/05/2024,CT395621,112,642,10907968.68,Giao dịch mua bán,IT,CUST0058,VEND0129,Asset,IAS 16,Asset,IAS 16
14/01/2024,CT225211,642,642,20530691.62,Giao dịch mua bán,Sales,CUST0144,VEND0192,Expense,IAS 1,Expense,IAS 1
09/03/2024,CT905736,632,511,46329755.22,Giao dịch mua bán,Production,CUST0075,VEND0086,Expense,IAS 1,Expense,IAS 1
20/12/2024,CT149399,211,511,43292063.88,Giao dịch mua bán,Production,CUST0198,VEND0181,Asset,IAS 16,Asset,IAS 16
10/01/2024,CT239426,211,331,5769761.77,Giao dịch mua bán,Production,CUST0077,VEND0072,Asset,IAS 16,Asset,IAS 16
24/05/2024,CT858388,131,156,18880865.28,Giao dịch mua bán,HR,CUST0037,VEND0149,Asset,IAS 16,Asset,IAS 16
03/08/2024,CT280741,156,156,49166013.68,Giao dịch mua bán,Sales,CUST0154,VEND0159,Asset,IAS 16,Asset,IAS 16
11/10/2024,CT981227,112,211,9290635.77,Giao dịch mua bán,IT,CUST0197,VEND0057,Asset,IAS 16,Asset,IAS 16
09/02/2024,CT241702,632,156,9766447.77,Giao dịch mua bán,Sales,CUST0140,VEND0197,Expense,IAS 1,Expense,IAS 1
22/06/2024,CT068449,156,511,48138103.26,Giao dịch mua bán,Finance,CUST0170,VEND0167,Asset,IAS 16,Asset,IAS 16
01/05/2024,CT424403,511,214,2508739.76,Giao dịch mua bán,Production,CUST0113,VEND0163,Revenue,IFRS 15,Revenue,IFRS 15
12/09/2024,CT268564,632,152,43525043.77,Giao dịch mua bán,IT,CUST0020,VEND0009,Expense,IAS 1,Expense,IAS 1
28/09/2024,CT525996,642,331,47662240.66,Giao dịch mua bán,Sales,CUST0012,VEND0007,Expense,IAS 1,Expense,IAS 1
21/07/2024,CT340835,214,632,21021428.11,Giao dịch mua bán,IT,CUST0146,VEND0112,Asset,IAS 16,Asset,IAS 16
07/06/2024,CT441602,152,642,10637195.46,Giao dịch mua bán,IT,CUST0116,VEND0007,Asset,IAS 16,Asset,IAS 16
09/11/2024,CT507482,214,152,43792904.29,Giao dịch mua bán,Production,CUST0180,VEND0003,Asset,IAS 16,Asset,IAS 16
13/04/2024,CT028047,214,112,30545684.98,Giao dịch mua bán,IT,CUST0054,VEND0012,Asset,IAS 16,Asset,IAS 16
13/08/2024,CT157045,511,511,16014107.5,Giao dịch mua bán,Sales,CUST0171,VEND0169,Revenue,IFRS 15,Revenue,IFRS 15
06/12/2024,CT838208,112,152,24238087.39,Giao dịch mua bán,Finance,CUST0076,VEND0102,Asset,IAS 16,Asset,IAS 16
12/08/2024,CT527979,632,214,38861064.2,Giao dịch mua bán,IT,CUST0028,VEND0064,Expense,IAS 1,Expense,IAS 1
03/12/2024,CT520433,112,152,3966925.23,Giao dịch mua bán,HR,CUST0066,VEND0010,Asset,IAS 16,Asset,IAS 16
05/10/2024,CT987167,152,156,25060839.19,Giao dịch mua bán,Sales,CUST0100,VEND0190,Asset,IAS 16,Asset,IAS 16
26/05/2024,CT499199,131,111,42604348.76,Giao dịch mua bán,HR,CUST0123,VEND0103,Asset,IAS 16,Asset,IAS 16
22/02/2024,CT958821,214,211,48128321.04,Giao dịch mua bán,IT,CUST0022,VEND0088,Asset,IAS 16,Asset,IAS 16
21/12/2024,CT545387,331,112,34296417.1đ,Giao dịch mua bán,IT,CUST0021,VEND0138,Liability,IAS 37,Liability,IAS 37
22/07/2024,CT489548,211,642,47894353.17,Giao dịch mua bán,Sales,CUST0186,VEND0028,Asset,IAS 16,Asset,IAS 16
29/09/2024,CT193722,111,632,47663566.39,Giao dịch mua bán,Sales,CUST0194,VEND0148,Asset,IAS 16,Asset,IAS 16
10/12/2024,CT974583,214,211,29361530.49,Giao dịch mua bán,IT,CUST0016,VEND0131,Asset,IAS 16,Asset,IAS 16
08/10/2024,CT717706,156,211,31852643.94,Giao dịch mua bán,Production,CUST0064,VEND0085,Asset,IAS 16,Asset,IAS 16
30/01/2024,CT816312,156,642,19423949.97,Giao dịch mua bán,Sales,CUST0140,VEND0126,Asset,IAS 16,Asset,IAS 16
01/01/2024,CT839468,511,511,49008968.33,Giao dịch mua bán,Finance,CUST0117,VEND0084,Revenue,IFRS 15,Revenue,IFRS 15
22/10/2024,CT278116,112,642,44369949.32,Giao dịch mua bán,Finance,CUST0080,VEND0087,Asset,IAS 16,Asset,IAS 16
20/09/2024,CT818277,156,112,8252606.25,Giao dịch mua bán,Finance,CUST0034,VEND0054,Asset,IAS 16,Asset,IAS 16
13/10/2024,CT090454,331,331,18975777.95,Giao dịch mua bán,Finance,CUST0128,VEND0185,Liability,IAS 37,Liability,IAS 37
25/11/2024,CT713478,632,111,7435542.63,Giao dịch mua bán,Finance,CUST0112,VEND0175,Expense,IAS 1,Expense,IAS 1
12/09/2024,CT818723,112,511,47263020.15,Giao dịch mua bán,Finance,CUST0178,VEND0066,Asset,IAS 16,Asset,IAS 16
15/08/2024,CT933320,112,642,3039083.91,Giao dịch mua bán,Sales,CUST0165,VEND0076,Asset,IAS 16,Asset,IAS 16
05/07/2024,CT617380,112,131,35202173.09,Giao dịch mua bán,Finance,CUST0180,VEND0073,Asset,IAS 16,Asset,IAS 16
18/12/2024,CT348460,156,112,31813665.18,Giao dịch mua bán,Sales,CUST0173,VEND0194,Asset,IAS 16,Asset,IAS 16
01/04/2024,CT321490,156,156,48231539.95,Giao dịch mua bán,HR,CUST0003,VEND0110,Asset,IAS 16,Asset,IAS 16
28/02/2024,CT838378,152,214,30687643.44,Giao dịch mua bán,Sales,CUST0178,VEND0154,Asset,IAS 16,Asset,IAS 16
08/01/2024,CT918453,214,152,22025119.09,Giao dịch mua bán,Production,CUST0193,VEND0104,Asset,IAS 16,Asset,IAS 16
02/07/2024,CT882149,112,642,40131564.48,Giao dịch mua bán,Finance,CUST0170,VEND0190,Asset,IAS 16,Asset,IAS 16
03/10/2024,CT811368,214,156,45469854.8,Giao dịch mua bán,HR,CUST0069,VEND0062,Asset,IAS 16,Asset,IAS 16
22/08/2024,CT395186,131,632,37060836.97,Giao dịch mua bán,HR,CUST0053,VEND0115,Asset,IAS 16,Asset,IAS 16
23/10/2024,CT473416,511,152,4056298.5,Giao dịch mua bán,Sales,CUST0134,VEND0185,Revenue,IFRS 15,Revenue,IFRS 15
09/08/2024,CT366907,111,642,20598783.51,Giao dịch mua bán,IT,CUST0184,VEND0160,Asset,IAS 16,Asset,IAS 16
01/11/2024,CT641914,331,152,42037885.28,Giao dịch mua bán,HR,CUST0005,VEND0114,Liability,IAS 37,Liability,IAS 37
29/03/2024,CT882034,331,511,14225708.03,Giao dịch mua bán,IT,CUST0042,VEND0149,Liability,IAS 37,Liability,IAS 37
03/10/2024,CT891140,632,156,7909142.3,Giao dịch mua bán,Production,CUST0095,VEND0178,Expense,IAS 1,Expense,IAS 1
05/09/2024,CT804723,331,511,23657246.84,Giao dịch mua bán,Production,CUST0161,VEND0040,Liability,IAS 37,Liability,IAS 37
18/09/2024,CT297874,112,214,43831938.39,Giao dịch mua bán,HR,CUST0016,VEND0016,Asset,IAS 16,Asset,IAS 16
11/02/2024,CT829908,331,112,49981135.04,Giao dịch mua bán,Finance,CUST0135,VEND0112,Liability,IAS 37,Liability,IAS 37
05/11/2024,CT998091,152,331,41363411.78,Giao dịch mua bán,Production,CUST0034,VEND0052,Asset,IAS 16,Asset,IAS 16
08/11/2024,CT802444,511,214,41484743.72,Giao dịch mua bán,HR,CUST0021,VEND0137,Revenue,IFRS 15,Revenue,IFRS 15
11/03/2024,CT367183,211,642,24083946.54,Giao dịch mua bán,Finance,CUST0161,VEND0055,Asset,IAS 16,Asset,IAS 16
11/08/2024,CT323877,511,211,39198723.3,Giao dịch mua bán,Finance,CUST0046,VEND0168,Revenue,IFRS 15,Revenue,IFRS 15
03/03/2024,CT113106,214,211,30929223.18,Giao dịch mua bán,Production,CUST0091,VEND0014,Asset,IAS 16,Asset,IAS 16
26/10/2024,CT745323,112,331,35003756.59,Giao dịch mua bán,Production,CUST0112,VEND0010,Asset,IAS 16,Asset,IAS 16
27/08/2024,CT754130,331,214,47579945.88,Giao dịch mua bán,IT,CUST0183,VEND0174,Liability,IAS 37,Liability,IAS 37
30/04/2024,CT849254,642,632,24262270.49,Giao dịch mua bán,Finance,CUST0147,VEND0010,Expense,IAS 1,Expense,IAS 1
06/01/2024,CT216403,632,214,34802777.07,Giao dịch mua bán,Production,CUST0045,VEND0057,Expense,IAS 1,Expense,IAS 1
30/08/2024,CT696056,152,642,35137955.46,Giao dịch mua bán,Sales,CUST0142,VEND0095,Asset,IAS 16,Asset,IAS 16
12/01/2024,CT363150,156,131,17119743.27,Giao dịch mua bán,Production,CUST0074,VEND0020,Asset,IAS 16,Asset,IAS 16
19/08/2024,CT680708,131,632,29759402.72,Giao dịch mua bán,IT,CUST0125,VEND0063,Asset,IAS 16,Asset,IAS 16
05/09/2024,CT407681,112,642,17478664.69,Giao dịch mua bán,HR,CUST0161,VEND0099,Asset,IAS 16,Asset,IAS 16
07/01/2024,CT216934,152,211,47712646.39,Giao dịch mua bán,Production,CUST0082,VEND0140,Asset,IAS 16,Asset,IAS 16
30/08/2024,CT618099,152,331,24982928.62,Giao dịch mua bán,Sales,CUST0108,VEND0056,Asset,IAS 16,Asset,IAS 16
12/11/2024,CT894412,331,131,14922262.37,Giao dịch mua bán,IT,CUST0015,VEND0187,Liability,IAS 37,Liability,IAS 37
20/05/2024,CT127242,642,131,40381409.02,Giao dịch mua bán,Production,CUST0039,VEND0034,Expense,IAS 1,Expense,IAS 1
12/11/2024,CT100761,211,111,44013724.46,Giao dịch mua bán,Sales,CUST0160,VEND0180,Asset,IAS 16,Asset,IAS 16
13/06/2024,CT972227,331,131,14887379.41,Giao dịch mua bán,Sales,CUST0008,VEND0011,Liability,IAS 37,Liability,IAS 37
10/09/2024,CT386805,131,511,19341374.81,Giao dịch mua bán,Production,CUST0053,VEND0028,Asset,IAS 16,Asset,IAS 16
24/12/2024,CT870304,156,112,20800876.71,Giao dịch mua bán,IT,CUST0142,VEND0164,Asset,IAS 16,Asset,IAS 16
15/12/2024,CT368641,511,156,18592468.86,Giao dịch mua bán,Sales,CUST0143,VEND0131,Revenue,IFRS 15,Revenue,IFRS 15
10/06/2024,CT845348,112,152,11587663.44,Giao dịch mua bán,Production,CUST0112,VEND0137,Asset,IAS 16,Asset,IAS 16
28/04/2024,CT802666,211,511,44220058.47,Giao dịch mua bán,Sales,CUST0123,VEND0050,Asset,IAS 16,Asset,IAS 16
01/01/2024,CT238694,111,511,40066067.04,Giao dịch mua bán,Finance,CUST0114,VEND0003,Asset,IAS 16,Asset,IAS 16
04/05/2024,CT280505,131,211,48872739.61,Giao dịch mua bán,Production,CUST0109,VEND0138,Asset,IAS 16,Asset,IAS 16
06/07/2024,CT534798,152,511,379412.67,Giao dịch mua bán,IT,CUST0170,VEND0098,Asset,IAS 16,Asset,IAS 16
10/02/2024,CT314621,112,211,33680503.9,Giao dịch mua bán,Sales,CUST0136,VEND0061,Asset,IAS 16,Asset,IAS 16
08/08/2024,CT835633,156,331,1763269.1,Giao dịch mua bán,Finance,CUST0169,VEND0153,Asset,IAS 16,Asset,IAS 16
02/05/2024,CT757818,632,331,42981642.68,Giao dịch mua bán,IT,CUST0178,VEND0156,Expense,IAS 1,Expense,IAS 1
08/02/2024,CT405292,642,131,20779710.08,Giao dịch mua bán,HR,CUST0113,VEND0124,Expense,IAS 1,Expense,IAS 1
24/10/2024,CT666678,112,156,25751432.58,Giao dịch mua bán,HR,CUST0062,VEND0016,Asset,IAS 16,Asset,IAS 16
14/06/2024,CT538820,642,632,23422049.71,Giao dịch mua bán,Finance,CUST0119,VEND0176,Expense,IAS 1,Expense,IAS 1
07/06/2024,CT487838,632,214,42673759.79,Giao dịch mua bán,Sales,CUST0002,VEND0027,Expense,IAS 1,Expense,IAS 1
15/01/2024,CT323820,632,111,20249424.42,Giao dịch mua bán,HR,CUST0044,VEND0138,Expense,IAS 1,Expense,IAS 1
08/12/2024,CT230300,642,152,5264063.53,Giao dịch mua bán,IT,CUST0072,VEND0075,Expense,IAS 1,Expense,IAS 1
27/04/2024,CT325446,131,511,27158287.95,Giao dịch mua bán,Sales,CUST0102,VEND0064,Asset,IAS 16,Asset,IAS 16
09/09/2024,CT257451,152,511,11267386.58,Giao dịch mua bán,Production,CUST0013,VEND0082,Asset,IAS 16,Asset,IAS 16
24/03/2024,CT087942,511,111,43526373.21,Giao dịch mua bán,Production,CUST0195,VEND0193,Revenue,IFRS 15,Revenue,IFRS 15
10/07/2024,CT063274,112,214,26895217.85,Giao dịch mua bán,HR,CUST0140,VEND0019,Asset,IAS 16,Asset,IAS 16
02/04/2024,CT500511,632,331,27695959.92,Giao dịch mua bán,Production,CUST0162,VEND0031,Expense,IAS 1,Expense,IAS 1
24/01/2024,CT867716,642,511,35181245.51đ,Giao dịch mua bán,HR,CUST0139,VEND0169,Expense,IAS 1,Expense,IAS 1
27/11/2024,CT287706,211,642,45279477.76,Giao dịch mua bán,IT,CUST0138,VEND0139,Asset,IAS 16,Asset,IAS 16
09/03/2024,CT683761,131,632,5597157.77,Giao dịch mua bán,Sales,CUST0164,VEND0065,Asset,IAS 16,Asset,IAS 16
28/08/2024,CT334008,156,112,41702506.9,Giao dịch mua bán,Sales,CUST0048,VEND0067,Asset,IAS 16,Asset,IAS 16
02/01/2024,CT327634,214,632,2797769.67,Giao dịch mua bán,Sales,CUST0073,VEND0043,Asset,IAS 16,Asset,IAS 16
24/08/2024,CT576404,112,214,16588657.41,Giao dịch mua bán,HR,CUST0061,VEND0114,Asset,IAS 16,Asset,IAS 16
06/04/2024,CT459495,632,511,47055045.9,Giao dịch mua bán,Sales,CUST0068,VEND0054,Expense,IAS 1,Expense,IAS 1
01/02/2024,CT131655,112,511,24168510.15,Giao dịch mua bán,Sales,CUST0148,VEND0061,Asset,IAS 16,Asset,IAS 16
21/05/2024,CT037526,111,211,19366106.77,Giao dịch mua bán,Production,CUST0169,VEND0167,Asset,IAS 16,Asset,IAS 16
14/09/2024,CT860937,642,511,3446441.19,Giao dịch mua bán,Sales,CUST0087,VEND0003,Expense,IAS 1,Expense,IAS 1
16/01/2024,CT567016,156,131,10880537.39,Giao dịch mua bán,Sales,CUST0075,VEND0188,Asset,IAS 16,Asset,IAS 16
12/07/2024,CT672962,211,131,38144539.89,Giao dịch mua bán,IT,CUST0146,VEND0060,Asset,IAS 16,Asset,IAS 16
29/04/2024,CT367431,211,632,32625541.76,Giao dịch mua bán,Sales,CUST0082,VEND0186,Asset,IAS 16,Asset,IAS 16
04/11/2024,CT250186,214,131,35501429.08,Giao dịch mua bán,IT,CUST0035,VEND0053,Asset,IAS 16,Asset,IAS 16
10/11/2024,CT355029,214,152,34445959.96,Giao dịch mua bán,Sales,CUST0015,VEND0022,Asset,IAS 16,Asset,IAS 16
22/12/2024,CT591169,131,642,8463943.47,Giao dịch mua bán,Finance,CUST0038,VEND0081,Asset,IAS 16,Asset,IAS 16
08/09/2024,CT268128,111,211,1875787.52,Giao dịch mua bán,Finance,CUST0186,VEND0132,Asset,IAS 16,Asset,IAS 16
19/01/2024,CT802356,642,632,47271014.53,Giao dịch mua bán,HR,CUST0010,VEND0057,Expense,IAS 1,Expense,IAS 1
12/02/2024,CT579107,211,632,28735476.3,Giao dịch mua bán,IT,CUST0107,VEND0149,Asset,IAS 16,Asset,IAS 16
11/06/2024,CT217631,152,112,9050244.18,Giao dịch mua bán,HR,CUST0014,VEND0030,Asset,IAS 16,Asset,IAS 16
04/11/2024,CT339691,111,111,13564425.37,Giao dịch mua bán,HR,CUST0037,VEND0088,Asset,IAS 16,Asset,IAS 16
16/03/2024,CT078984,214,511,46967354.9,Giao dịch mua bán,Finance,CUST0025,VEND0065,Asset,IAS 16,Asset,IAS 16
25/09/2024,CT316352,632,152,18606929.97,Giao dịch mua bán,Sales,CUST0014,VEND0170,Expense,IAS 1,Expense,IAS 1
27/03/2024,CT671781,131,156,17797193.83,Giao dịch mua bán,Production,CUST0159,VEND0162,Asset,IAS 16,Asset,IAS 16
04/01/2024,CT031749,152,211,16846164.55,Giao dịch mua bán,Sales,CUST0189,VEND0073,Asset,IAS 16,Asset,IAS 16
19/07/2024,CT259162,156,331,39804784.08,Giao dịch mua bán,Production,CUST0150,VEND0159,Asset,IAS 16,Asset,IAS 16
26/02/2024,CT830067,111,112,112520.7,Giao dịch mua bán,Sales,CUST0027,VEND0123,Asset,IAS 16,Asset,IAS 16
05/12/2024,CT912579,112,111,22068127.27,Giao dịch mua bán,HR,CUST0014,VEND0093,Asset,IAS 16,Asset,IAS 16
12/12/2024,CT598409,511,211,32000739.7,Giao dịch mua bán,Finance,CUST0018,VEND0048,Revenue,IFRS 15,Revenue,IFRS 15
02/08/2024,CT145659,112,211,49473522.88,Giao dịch mua bán,Finance,CUST0162,VEND0143,Asset,IAS 16,Asset,IAS 16
20/10/2024,CT026754,214,152,42048840.7,Giao dịch mua bán,HR,CUST0062,VEND0096,Asset,IAS 16,Asset,IAS 16
12/03/2024,CT618265,156,131,48369120.34,Giao dịch mua bán,Sales,CUST0148,VEND0020,Asset,IAS 16,Asset,IAS 16
21/09/2024,CT858249,632,211,12627454.68,Giao dịch mua bán,Sales,CUST0108,VEND0029,Expense,IAS 1,Expense,IAS 1
09/06/2024,CT831783,642,511,25600953.29,Giao dịch mua bán,Finance,CUST0101,VEND0016,Expense,IAS 1,Expense,IAS 1
01/09/2024,CT521648,211,156,3031963.54,Giao dịch mua bán,IT,CUST0195,VEND0074,Asset,IAS 16,Asset,IAS 16
02/11/2024,DUPLICATE,211,111,45330768.67,Giao dịch mua bán,Finance,CUST0057,VEND0066,Asset,IAS 16,Asset,IAS 16
30/06/2024,CT585436,214,632,49887723.04,Giao dịch mua bán,Production,CUST0175,VEND0043,Asset,IAS 16,Asset,IAS 16
31/05/2024,CT770336,156,511,42011684.41,Giao dịch mua bán,Finance,CUST0101,VEND0169,Asset,IAS 16,Asset,IAS 16
19/09/2024,CT922115,156,152,40671098.55,Giao dịch mua bán,IT,CUST0185,VEND0042,Asset,IAS 16,Asset,IAS 16
14/12/2024,CT544998,642,211,24178725.02,Giao dịch mua bán,Sales,CUST0020,VEND0097,Expense,IAS 1,Expense,IAS 1
05/08/2024,CT991822,511,214,42423376.23,Giao dịch mua bán,HR,CUST0012,VEND0169,Revenue,IFRS 15,Revenue,IFRS 15
02/01/2024,CT285271,211,111,31356530.32,Giao dịch mua bán,IT,CUST0187,VEND0026,Asset,IAS 16,Asset,IAS 16
25/02/2024,CT954867,331,632,5920247.98,Giao dịch mua bán,HR,CUST0053,VEND0069,Liability,IAS 37,Liability,IAS 37
19/12/2024,CT166115,131,111,46201590.97,Giao dịch mua bán,IT,CUST0013,VEND0160,Asset,IAS 16,Asset,IAS 16
29/11/2024,CT734945,156,211,17202251.94,Giao dịch mua bán,IT,CUST0130,VEND0085,Asset,IAS 16,Asset,IAS 16
31/01/2024,CT314235,111,156,20784806.68,Giao dịch mua bán,IT,CUST0178,VEND0141,Asset,IAS 16,Asset,IAS 16
27/06/2024,CT918870,112,632,45099364.65,Giao dịch mua bán,IT,CUST0138,VEND0072,Asset,IAS 16,Asset,IAS 16
12/09/2024,CT845661,156,112,12009767.45,Giao dịch mua bán,IT,CUST0155,VEND0168,Asset,IAS 16,Asset,IAS 16
15/04/2024,CT145456,152,156,47657666.49,Giao dịch mua bán,Finance,CUST0125,VEND0084,Asset,IAS 16,Asset,IAS 16
28/06/2024,CT393904,211,211,3653221.65,Giao dịch mua bán,Production,CUST0028,VEND0156,Asset,IAS 16,Asset,IAS 16
01/07/2024,CT840569,511,156,35153375.07,Giao dịch mua bán,Production,CUST0135,VEND0055,Revenue,IFRS 15,Revenue,IFRS 15
16/10/2024,CT300838,331,511,10291806.61,Giao dịch mua bán,HR,CUST0052,VEND0139,Liability,IAS 37,Liability,IAS 37
08/03/2024,CT833435,152,131,16422229.68,Giao dịch mua bán,Finance,CUST0143,VEND0054,Asset,IAS 16,Asset,IAS 16
23/08/2024,CT868203,111,642,5258990.2,Giao dịch mua bán,Finance,CUST0114,VEND0047,Asset,IAS 16,Asset,IAS 16
14/04/2024,CT618312,632,111,39334412.21,Giao dịch mua bán,HR,CUST0162,VEND0073,Expense,IAS 1,Expense,IAS 1
23/04/2024,CT376636,214,111,8658035.36,Giao dịch mua bán,Sales,CUST0048,VEND0107,Asset,IAS 16,Asset,IAS 16
21/03/2024,CT508620,131,152,18381381.18,Giao dịch mua bán,IT,CUST0164,VEND0039,Asset,IAS 16,Asset,IAS 16
01/09/2024,CT861496,511,111,33521175.62,Giao dịch mua bán,Production,CUST0097,VEND0036,Revenue,IFRS 15,Revenue,IFRS 15
08/01/2024,CT602915,152,511,23827149.46,Giao dịch mua bán,Production,CUST0074,VEND0025,Asset,IAS 16,Asset,IAS 16
29/06/2024,CT984286,214,156,1563995.55,Giao dịch mua bán,Finance,CUST0085,VEND0177,Asset,IAS 16,Asset,IAS 16
16/04/2024,CT744005,214,642,5699265.45,Giao dịch mua bán,IT,CUST0147,VEND0012,Asset,IAS 16,Asset,IAS 16
29/02/2024,CT480851,632,511,25313191.55,Giao dịch mua bán,Finance,CUST0016,VEND0021,Expense,IAS 1,Expense,IAS 1
25/04/2024,CT446324,211,632,3620725.13,Giao dịch mua bán,IT,CUST0019,VEND0172,Asset,IAS 16,Asset,IAS 16
04/06/2024,CT885540,511,331,20182315.73,Giao dịch mua bán,IT,CUST0034,VEND0091,Revenue,IFRS 15,Revenue,IFRS 15
13/01/2024,CT233223,211,214,27916577.39,Giao dịch mua bán,Sales,CUST0106,VEND0190,Asset,IAS 16,Asset,IAS 16
08/06/2024,CT092457,112,331,26313924.89,Giao dịch mua bán,Sales,CUST0138,VEND0135,Asset,IAS 16,Asset,IAS 16
04/12/2024,CT518657,156,331,8448086.81,Giao dịch mua bán,Finance,CUST0113,VEND0166,Asset,IAS 16,Asset,IAS 16
03/06/2024,CT750129,511,156,38516481.83,Giao dịch mua bán,Sales,CUST0192,VEND0163,Revenue,IFRS 15,Revenue,IFRS 15
26/08/2024,CT336340,131,214,18004609.57,Giao dịch mua bán,Production,CUST0154,VEND0163,Asset,IAS 16,Asset,IAS 16
17/07/2024,CT089182,112,331,21041735.17,Giao dịch mua bán,Production,CUST0133,VEND0182,Asset,IAS 16,Asset,IAS 16
10/04/2024,CT170324,642,112,24486031.95,Giao dịch mua bán,Sales,CUST0078,VEND0171,Expense,IAS 1,Expense,IAS 1
24/10/2024,CT780563,214,112,28877542.61,Giao dịch mua bán,Sales,CUST0051,VEND0159,Asset,IAS 16,Asset,IAS 16
25/01/2024,CT542007,511,214,43773154.06,Giao dịch mua bán,Finance,CUST0166,VEND0158,Revenue,IFRS 15,Revenue,IFRS 15
30/05/2024,CT666002,156,152,48423900.2,Giao dịch mua bán,IT,CUST0168,VEND0003,Asset,IAS 16,Asset,IAS 16
14/01/2024,CT234151,511,111,46175764.04,Giao dịch mua bán,Production,CUST0062,VEND0178,Revenue,IFRS 15,Revenue,IFRS 15
09/11/2024,CT337323,632,156,46374571.16,Giao dịch mua bán,Sales,CUST0058,VEND0098,Expense,IAS 1,Expense,IAS 1
01/07/2024,CT346538,131,131,48332953.42,Giao dịch mua bán,Production,CUST0128,VEND0084,Asset,IAS 16,Asset,IAS 16
22/09/2024,CT044364,111,152,19124192.95,Giao dịch mua bán,HR,CUST0106,VEND0079,Asset,IAS 16,Asset,IAS 16
13/11/2024,CT568431,152,511,38932174.08,Giao dịch mua bán,Production,CUST0185,VEND0140,Asset,IAS 16,Asset,IAS 16
08/03/2024,CT471244,111,632,44662852.22,Giao dịch mua bán,Production,CUST0074,VEND0115,Asset,IAS 16,Asset,IAS 16
27/09/2024,CT881387,214,214,10566167.79,Giao dịch mua bán,Sales,CUST0027,VEND0121,Asset,IAS 16,Asset,IAS 16
02/02/2024,CT403709,131,131,29908900.77,Giao dịch mua bán,HR,CUST0152,VEND0180,Asset,IAS 16,Asset,IAS 16
07/06/2024,CT175937,214,331,15510631.64,Giao dịch mua bán,Production,CUST0117,VEND0079,Asset,IAS 16,Asset,IAS 16
27/08/2024,CT980265,111,214,25834350.74,Giao dịch mua bán,Sales,CUST0114,VEND0016,Asset,IAS 16,Asset,IAS 16
27/07/2024,CT707437,632,152,25727222.26,Giao dịch mua bán,IT,CUST0012,VEND0023,Expense,IAS 1,Expense,IAS 1
29/11/2024,CT794478,156,331,26482284.49,Giao dịch mua bán,Finance,CUST0089,VEND0104,Asset,IAS 16,Asset,IAS 16
14/04/2024,CT730903,214,111,8457665.63,Giao dịch mua bán,IT,CUST0123,VEND0104,Asset,IAS 16,Asset,IAS 16
20/11/2024,CT085675,111,112,7468103.17,Giao dịch mua bán,Production,CUST0033,VEND0044,Asset,IAS 16,Asset,IAS 16
14/06/2024,CT655832,511,211,16802323.18,Giao dịch mua bán,HR,CUST0121,VEND0117,Revenue,IFRS 15,Revenue,IFRS 15
19/07/2024,CT996806,156,211,25133608.66,Giao dịch mua bán,Sales,CUST0087,VEND0170,Asset,IAS 16,Asset,IAS 16
26/12/2024,CT724656,152,211,28764005.54,Giao dịch mua bán,HR,CUST0072,VEND0118,Asset,IAS 16,Asset,IAS 16
10/07/2024,CT096735,156,642,35454208.3,Giao dịch mua bán,Production,CUST0118,VEND0035,Asset,IAS 16,Asset,IAS 16
02/10/2024,CT326961,112,211,43709709.48,Giao dịch mua bán,HR,CUST0086,VEND0097,Asset,IAS 16,Asset,IAS 16
11/05/2024,CT268644,642,642,7440506.41,Giao dịch mua bán,Sales,CUST0184,VEND0123,Expense,IAS 1,Expense,IAS 1
19/07/2024,CT900871,152,642,44716530.02,Giao dịch mua bán,Production,CUST0181,VEND0092,Asset,IAS 16,Asset,IAS 16
16/08/2024,CT554358,642,331,18144608.52,Giao dịch mua bán,Production,CUST0092,VEND0126,Expense,IAS 1,Expense,IAS 1
07/01/2024,CT019185,632,214,10178547.88,Giao dịch mua bán,Sales,CUST0059,VEND0032,Expense,IAS 1,Expense,IAS 1
10/10/2024,CT900706,112,331,15482002.39,Giao dịch mua bán,Sales,CUST0152,VEND0110,Asset,IAS 16,Asset,IAS 16
12/01/2024,CT856091,331,152,911246.08,Giao dịch mua bán,Sales,CUST0101,VEND0110,Liability,IAS 37,Liability,IAS 37
17/02/2024,CT637972,131,632,18985437.39,Giao dịch mua bán,HR,CUST0020,VEND0095,Asset,IAS 16,Asset,IAS 16
18/02/2024,CT934487,156,642,9849578.7,Giao dịch mua bán,Finance,CUST0095,VEND0084,Asset,IAS 16,Asset,IAS 16
04/07/2024,CT905644,112,511,29931882.29,Giao dịch mua bán,IT,CUST0167,VEND0200,Asset,IAS 16,Asset,IAS 16
30/03/2024,CT619838,211,214,38070412.39,Giao dịch mua bán,IT,CUST0075,VEND0193,Asset,IAS 16,Asset,IAS 16
17/01/2024,CT683249,211,632,44030664.76,Giao dịch mua bán,Production,CUST0082,VEND0153,Asset,IAS 16,Asset,IAS 16
22/03/2024,CT164957,152,214,38461095.02,Giao dịch mua bán,Sales,CUST0169,VEND0090,Asset,IAS 16,Asset,IAS 16
02/06/2024,CT583560,111,111,6746478.56,Giao dịch mua bán,Finance,CUST0016,VEND0036,Asset,IAS 16,Asset,IAS 16
11/05/2024,CT572997,111,152,12575281.84,Giao dịch mua bán,Production,CUST0180,VEND0034,Asset,IAS 16,Asset,IAS 16
24/12/2024,CT886344,642,131,20311245.86,Giao dịch mua bán,HR,CUST0132,VEND0127,Expense,IAS 1,Expense,IAS 1
01/04/2024,CT633715,511,632,34600264.2,Giao dịch mua bán,IT,CUST0148,VEND0139,Revenue,IFRS 15,Revenue,IFRS 15
16/08/2024,CT712287,111,511,18838299.19,Giao dịch mua bán,Production,CUST0184,VEND0090,Asset,IAS 16,Asset,IAS 16
23/04/2024,CT826869,632,632,8538276.38,Giao dịch mua bán,Finance,CUST0097,VEND0107,Expense,IAS 1,Expense,IAS 1
25/10/2024,CT350757,152,156,35909898.86,Giao dịch mua bán,Production,CUST0200,VEND0105,Asset,IAS 16,Asset,IAS 16
20/05/2024,CT625026,131,131,32413860.24,Giao dịch mua bán,Production,CUST0146,VEND0099,Asset,IAS 16,Asset,IAS 16
09/12/2024,CT823011,131,214,43180591.85,Giao dịch mua bán,Production,CUST0027,VEND0076,Asset,IAS 16,Asset,IAS 16
19/06/2024,DUPLICATE,211,632,21078125.96,Giao dịch mua bán,HR,CUST0071,VEND0009,Asset,IAS 16,Asset,IAS 16
03/06/2024,CT130347,511,111,45676317.84,Giao dịch mua bán,Sales,CUST0037,VEND0125,Revenue,IFRS 15,Revenue,IFRS 15
31/07/2024,CT051299,331,156,40794330.36,Giao dịch mua bán,IT,CUST0073,VEND0169,Liability,IAS 37,Liability,IAS 37
10/11/2024,CT786064,331,642,12808140.58,Giao dịch mua bán,IT,CUST0165,VEND0104,Liability,IAS 37,Liability,IAS 37
16/02/2024,CT557036,331,211,40889910.56,Giao dịch mua bán,IT,CUST0023,VEND0038,Liability,IAS 37,Liability,IAS 37
11/04/2024,CT454701,131,214,16379727.02,Giao dịch mua bán,IT,CUST0014,VEND0093,Asset,IAS 16,Asset,IAS 16
23/03/2024,CT442258,152,511,46374293.13,Giao dịch mua bán,HR,CUST0182,VEND0115,Asset,IAS 16,Asset,IAS 16
25/06/2024,CT640692,511,131,4809350.39,Giao dịch mua bán,HR,CUST0192,VEND0173,Revenue,IFRS 15,Revenue,IFRS 15
24/04/2024,CT877713,642,214,21414437.7,Giao dịch mua bán,Sales,CUST0185,VEND0022,Expense,IAS 1,Expense,IAS 1
25/10/2024,CT725912,152,111,34886441.66,Giao dịch mua bán,HR,CUST0044,VEND0010,Asset,IAS 16,Asset,IAS 16
01/11/2024,CT788000,131,131,25748844.47,Giao dịch mua bán,IT,CUST0103,VEND0108,Asset,IAS 16,Asset,IAS 16
21/06/2024,CT741638,152,632,16398716.88,Giao dịch mua bán,IT,CUST0105,VEND0123,Asset,IAS 16,Asset,IAS 16
12/11/2024,CT739303,111,131,13137001.08,Giao dịch mua bán,IT,CUST0191,VEND0127,Asset,IAS 16,Asset,IAS 16
30/09/2024,CT073631,131,331,32683022.55,Giao dịch mua bán,Production,CUST0072,VEND0039,Asset,IAS 16,Asset,IAS 16
22/12/2024,CT072467,156,632,28473461.95,Giao dịch mua bán,IT,CUST0055,VEND0065,Asset,IAS 16,Asset,IAS 16
17/07/2024,CT744984,152,211,25603613.52,Giao dịch mua bán,Sales,CUST0066,VEND0102,Asset,IAS 16,Asset,IAS 16
20/03/2024,CT900032,511,331,42238280.3,Giao dịch mua bán,IT,CUST0116,VEND0046,Revenue,IFRS 15,Revenue,IFRS 15
07/01/2024,CT956411,632,632,33552615.91,Giao dịch mua bán,IT,CUST0098,VEND0037,Expense,IAS 1,Expense,IAS 1
31/12/2024,CT526133,152,632,43976154.59,Giao dịch mua bán,IT,CUST0116,VEND0109,Asset,IAS 16,Asset,IAS 16
18/06/2024,CT041406,642,111,12129009.57,Giao dịch mua bán,IT,CUST0021,VEND0157,Expense,IAS 1,Expense,IAS 1
26/12/2024,CT040222,112,152,33063335.19,Giao dịch mua bán,HR,CUST0106,VEND0020,Asset,IAS 16,Asset,IAS 16
04/08/2024,CT728989,211,211,47568074.49,Giao dịch mua bán,HR,CUST0052,VEND0126,Asset,IAS 16,Asset,IAS 16
12/12/2024,CT018294,642,642,40590933,Giao dịch mua bán,Finance,CUST0054,VEND0091,Expense,IAS 1,Expense,IAS 1
17/11/2024,CT284635,152,214,19807889.66,Giao dịch mua bán,HR,CUST0016,VEND0127,Asset,IAS 16,Asset,IAS 16
01/06/2024,CT878059,152,632,10173294.65,Giao dịch mua bán,HR,CUST0143,VEND0067,Asset,IAS 16,Asset,IAS 16
28/01/2024,CT346973,156,331,37235518.33,Giao dịch mua bán,Finance,CUST0018,VEND0116,Asset,IAS 16,Asset,IAS 16
19/10/2024,CT929274,112,642,30015375.9,Giao dịch mua bán,IT,CUST0033,VEND0041,Asset,IAS 16,Asset,IAS 16
26/06/2024,CT464483,131,111,38086076.95,Giao dịch mua bán,Production,CUST0075,VEND0028,Asset,IAS 16,Asset,IAS 16
18/04/2024,CT795248,152,152,27466694.87,Giao dịch mua bán,Sales,CUST0039,VEND0144,Asset,IAS 16,Asset,IAS 16
31/01/2024,CT573570,632,211,47368555.37,Giao dịch mua bán,Finance,CUST0009,VEND0088,Expense,IAS 1,Expense,IAS 1
01/12/2024,CT301437,112,152,28518399.91,Giao dịch mua bán,Sales,CUST0031,VEND0180,Asset,IAS 16,Asset,IAS 16
03/08/2024,CT167276,111,642,141699.89,Giao dịch mua bán,Production,CUST0181,VEND0094,Asset,IAS 16,Asset,IAS 16
15/01/2024,CT980684,214,211,3594096,Giao dịch mua bán,Finance,CUST0200,VEND0151,Asset,IAS 16,Asset,IAS 16
03/10/2024,CT978523,642,642,24978429.09,Giao dịch mua bán,IT,CUST0054,VEND0065,Expense,IAS 1,Expense,IAS 1
12/04/2024,CT562771,511,131,49470655.56,Giao dịch mua bán,Sales,CUST0136,VEND0083,Revenue,IFRS 15,Revenue,IFRS 15
15/12/2024,CT990605,632,642,39531358.13,Giao dịch mua bán,Production,CUST0018,VEND0016,Expense,IAS 1,Expense,IAS 1
31/12/2024,CT333920,152,112,10848022.48,Giao dịch mua bán,Finance,CUST0020,VEND0044,Asset,IAS 16,Asset,IAS 16
27/11/2024,CT558736,642,211,3101096.74,Giao dịch mua bán,HR,CUST0121,VEND0092,Expense,IAS 1,Expense,IAS 1
19/08/2024,CT812076,214,632,44796750.78,Giao dịch mua bán,Sales,CUST0197,VEND0099,Asset,IAS 16,Asset,IAS 16
11/01/2024,CT015249,211,642,45758375.39,Giao dịch mua bán,Production,CUST0061,VEND0086,Asset,IAS 16,Asset,IAS 16
30/11/2024,CT752779,632,131,28503405.41,Giao dịch mua bán,Sales,CUST0040,VEND0177,Expense,IAS 1,Expense,IAS 1
05/01/2024,CT411082,331,156,42642646.99,Giao dịch mua bán,Finance,CUST0173,VEND0068,Liability,IAS 37,Liability,IAS 37
16/02/2024,CT374262,152,632,28757565.83,Giao dịch mua bán,IT,CUST0027,VEND0180,Asset,IAS 16,Asset,IAS 16
28/10/2024,CT898131,111,156,27692459.43,Giao dịch mua bán,HR,CUST0115,VEND0074,Asset,IAS 16,Asset,IAS 16
06/09/2024,CT652603,214,131,3474204.02,Giao dịch mua bán,HR,CUST0156,VEND0111,Asset,IAS 16,Asset,IAS 16
26/08/2024,CT210094,131,131,14084558.23đ,Giao dịch mua bán,Production,CUST0088,VEND0195,Asset,IAS 16,Asset,IAS 16
02/02/2024,CT103359,331,112,504803.41,Giao dịch mua bán,Sales,CUST0099,VEND0002,Liability,IAS 37,Liability,IAS 37
25/06/2024,CT220661,642,511,24939269.16,Giao dịch mua bán,Finance,CUST0155,VEND0131,Expense,IAS 1,Expense,IAS 1
25/12/2024,CT527347,131,632,48961858.81,Giao dịch mua bán,HR,CUST0176,VEND0111,Asset,IAS 16,Asset,IAS 16
10/11/2024,CT900555,331,131,49435839.27,Giao dịch mua bán,HR,CUST0088,VEND0181,Liability,IAS 37,Liability,IAS 37
04/08/2024,CT948460,632,214,12551574.21,Giao dịch mua bán,HR,CUST0062,VEND0125,Expense,IAS 1,Expense,IAS 1
22/09/2024,CT924627,511,112,42466750.35,Giao dịch mua bán,Production,CUST0049,VEND0045,Revenue,IFRS 15,Revenue,IFRS 15
17/07/2024,CT567625,131,511,27799046.17,Giao dịch mua bán,Production,CUST0159,VEND0096,Asset,IAS 16,Asset,IAS 16
23/07/2024,CT520809,156,642,24959387.99,Giao dịch mua bán,Sales,CUST0080,VEND0021,Asset,IAS 16,Asset,IAS 16
06/10/2024,CT999546,331,156,299228.76,Giao dịch mua bán,IT,CUST0041,VEND0019,Liability,IAS 37,Liability,IAS 37
15/07/2024,CT133063,632,511,44798320.65,Giao dịch mua bán,Production,CUST0124,VEND0100,Expense,IAS 1,Expense,IAS 1
12/11/2024,CT596849,112,112,24270253.8,Giao dịch mua bán,Finance,CUST0124,VEND0043,Asset,IAS 16,Asset,IAS 16
21/03/2024,CT246466,111,211,12178905.05,Giao dịch mua bán,Sales,CUST0062,VEND0135,Asset,IAS 16,Asset,IAS 16
30/06/2024,CT699237,642,511,44815859.49,Giao dịch mua bán,Production,CUST0078,VEND0099,Expense,IAS 1,Expense,IAS 1
16/01/2024,CT117986,511,642,45052696.98,Giao dịch mua bán,Sales,CUST0178,VEND0181,Revenue,IFRS 15,Revenue,IFRS 15
27/06/2024,CT333825,632,331,14193186.63,Giao dịch mua bán,HR,CUST0104,VEND0046,Expense,IAS 1,Expense,IAS 1
09/12/2024,CT819481,211,111,45909294.63,Giao dịch mua bán,HR,CUST0022,VEND0146,Asset,IAS 16,Asset,IAS 16
03/07/2024,CT124711,112,211,21764973.32,Giao dịch mua bán,HR,CUST0023,VEND0027,Asset,IAS 16,Asset,IAS 16
13/05/2024,CT523042,211,156,18698494.44,Giao dịch mua bán,HR,CUST0190,VEND0095,Asset,IAS 16,Asset,IAS 16
12/09/2024,CT257177,131,331,46207264.29,Giao dịch mua bán,Production,CUST0132,VEND0131,Asset,IAS 16,Asset,IAS 16
30/12/2024,CT455062,156,131,22924847.17,Giao dịch mua bán,HR,CUST0071,VEND0019,Asset,IAS 16,Asset,IAS 16
27/08/2024,CT013027,331,131,31915872.99,Giao dịch mua bán,Finance,CUST0115,VEND0130,Liability,IAS 37,Liability,IAS 37
06/05/2024,CT286093,214,214,6272883.76,Giao dịch mua bán,HR,CUST0159,VEND0017,Asset,IAS 16,Asset,IAS 16
01/11/2024,CT206923,511,156,25563850.63,Giao dịch mua bán,IT,CUST0054,VEND0045,Revenue,IFRS 15,Revenue,IFRS 15
07/06/2024,CT393083,511,211,45585724.8,Giao dịch mua bán,HR,CUST0016,VEND0168,Revenue,IFRS 15,Revenue,IFRS 15
23/01/2024,CT911950,156,642,41688967.42,Giao dịch mua bán,Finance,CUST0041,VEND0072,Asset,IAS 16,Asset,IAS 16
10/05/2024,CT619230,152,642,14443525.03,Giao dịch mua bán,Production,CUST0053,VEND0076,Asset,IAS 16,Asset,IAS 16
01/02/2024,CT512285,111,112,32980097.25,Giao dịch mua bán,Finance,CUST0028,VEND0163,Asset,IAS 16,Asset,IAS 16
14/12/2024,CT680405,331,112,32154785.56,Giao dịch mua bán,Production,CUST0114,VEND0022,Liability,IAS 37,Liability,IAS 37
17/03/2024,CT758675,111,511,20184011.18,Giao dịch mua bán,Production,CUST0178,VEND0011,Asset,IAS 16,Asset,IAS 16
06/12/2024,CT362583,111,642,32421658.72,Giao dịch mua bán,Sales,CUST0036,VEND0178,Asset,IAS 16,Asset,IAS 16
07/02/2024,CT045518,131,511,15143297.06,Giao dịch mua bán,Production,CUST0021,VEND0162,Asset,IAS 16,Asset,IAS 16
04/10/2024,CT485793,511,632,14472735.63,Giao dịch mua bán,Finance,CUST0033,VEND0143,Revenue,IFRS 15,Revenue,IFRS 15
31/03/2024,CT985332,642,152,220975.92,Giao dịch mua bán,Sales,CUST0045,VEND0119,Expense,IAS 1,Expense,IAS 1
24/07/2024,CT759472,642,511,46857735.13,Giao dịch mua bán,Production,CUST0005,VEND0010,Expense,IAS 1,Expense,IAS 1
22/12/2024,CT962214,152,111,5248901.71,Giao dịch mua bán,Production,CUST0046,VEND0127,Asset,IAS 16,Asset,IAS 16
23/06/2024,CT374895,156,131,42744312.89,Giao dịch mua bán,Sales,CUST0079,VEND0034,Asset,IAS 16,Asset,IAS 16
08/10/2024,CT411499,111,112,28928222.69,Giao dịch mua bán,Sales,CUST0133,VEND0084,Asset,IAS 16,Asset,IAS 16
03/10/2024,CT421453,511,214,43523954.72,Giao dịch mua bán,Sales,CUST0085,VEND0058,Revenue,IFRS 15,Revenue,IFRS 15
10/01/2024,CT607337,111,156,17280747.91,Giao dịch mua bán,Finance,CUST0180,VEND0116,Asset,IAS 16,Asset,IAS 16
25/03/2024,CT915657,112,112,44153850.6,Giao dịch mua bán,HR,CUST0116,VEND0014,Asset,IAS 16,Asset,IAS 16
16/12/2024,CT621092,642,511,9032386.9,Giao dịch mua bán,HR,CUST0177,VEND0038,Expense,IAS 1,Expense,IAS 1
27/02/2024,CT885961,211,642,23252874.65,Giao dịch mua bán,Finance,CUST0005,VEND0041,Asset,IAS 16,Asset,IAS 16
30/11/2024,CT143299,112,632,45733173.21,Giao dịch mua bán,Sales,CUST0145,VEND0133,Asset,IAS 16,Asset,IAS 16
17/07/2024,CT988489,211,642,34525855.46,Giao dịch mua bán,HR,CUST0074,VEND0064,Asset,IAS 16,Asset,IAS 16
03/08/2024,CT543375,131,632,35106058.19,Giao dịch mua bán,HR,CUST0181,VEND0145,Asset,IAS 16,Asset,IAS 16
17/03/2024,CT018577,152,214,7657494.99,Giao dịch mua bán,Production,CUST0026,VEND0033,Asset,IAS 16,Asset,IAS 16
16/11/2024,CT461547,131,156,12086694.19,Giao dịch mua bán,HR,CUST0200,VEND0115,Asset,IAS 16,Asset,IAS 16
21/04/2024,CT171553,131,211,11680118,Giao dịch mua bán,IT,CUST0116,VEND0089,Asset,IAS 16,Asset,IAS 16
02/08/2024,CT393516,632,112,37917313.49,Giao dịch mua bán,Sales,CUST0117,VEND0017,Expense,IAS 1,Expense,IAS 1
20/08/2024,CT720508,511,112,40050689.13,Giao dịch mua bán,HR,CUST0068,VEND0048,Revenue,IFRS 15,Revenue,IFRS 15
21/05/2024,CT434763,152,214,2181342.54,Giao dịch mua bán,Production,CUST0072,VEND0141,Asset,IAS 16,Asset,IAS 16
17/02/2024,CT960062,152,642,3008272.72,Giao dịch mua bán,Sales,CUST0020,VEND0101,Asset,IAS 16,Asset,IAS 16
10/10/2024,CT290376,112,511,49391989.29,Giao dịch mua bán,Production,CUST0003,VEND0076,Asset,IAS 16,Asset,IAS 16
05/08/2024,CT328635,131,131,45361476.84,Giao dịch mua bán,Sales,CUST0043,VEND0039,Asset,IAS 16,Asset,IAS 16
20/03/2024,CT895412,152,112,16511155.17,Giao dịch mua bán,Sales,CUST0199,VEND0182,Asset,IAS 16,Asset,IAS 16
12/01/2024,CT358624,112,214,12978619.57,Giao dịch mua bán,HR,CUST0085,VEND0124,Asset,IAS 16,Asset,IAS 16
19/11/2024,CT115550,211,331,26788081.27,Giao dịch mua bán,HR,CUST0173,VEND0108,Asset,IAS 16,Asset,IAS 16
20/06/2024,CT687219,211,152,37009093.58,Giao dịch mua bán,Finance,CUST0023,VEND0048,Asset,IAS 16,Asset,IAS 16
13/01/2024,CT148302,331,642,48593591.13,Giao dịch mua bán,IT,CUST0156,VEND0181,Liability,IAS 37,Liability,IAS 37
09/04/2024,CT711276,152,152,5261401.44,Giao dịch mua bán,IT,CUST0070,VEND0051,Asset,IAS 16,Asset,IAS 16
14/02/2024,CT191545,156,211,27529636.92,Giao dịch mua bán,Production,CUST0148,VEND0033,Asset,IAS 16,Asset,IAS 16
09/01/2024,CT762715,331,211,6952091.37đ,Giao dịch mua bán,Sales,CUST0053,VEND0094,Liability,IAS 37,Liability,IAS 37
16/04/2024,CT496915,632,331,6524421.93,Giao dịch mua bán,IT,CUST0009,VEND0038,Expense,IAS 1,Expense,IAS 1
26/10/2024,CT860880,112,111,4621629.73,Giao dịch mua bán,HR,CUST0103,VEND0061,Asset,IAS 16,Asset,IAS 16
12/11/2024,CT608594,511,331,2473893.74,Giao dịch mua bán,Finance,CUST0184,VEND0087,Revenue,IFRS 15,Revenue,IFRS 15
23/05/2024,CT215367,211,214,34411537.08,Giao dịch mua bán,IT,CUST0025,VEND0158,Asset,IAS 16,Asset,IAS 16
18/05/2024,CT049449,111,152,44944742.9,Giao dịch mua bán,Production,CUST0083,VEND0165,Asset,IAS 16,Asset,IAS 16
09/04/2024,DUPLICATE,511,152,3652672.01,Giao dịch mua bán,Production,CUST0148,VEND0049,Revenue,IFRS 15,Revenue,IFRS 15
10/10/2024,CT028574,642,112,49458566.59,Giao dịch mua bán,HR,CUST0122,VEND0001,Expense,IAS 1,Expense,IAS 1
26/11/2024,CT488205,511,632,25850219.73,Giao dịch mua bán,Production,CUST0064,VEND0156,Revenue,IFRS 15,Revenue,IFRS 15
19/02/2024,CT356942,211,152,25104149.64,Giao dịch mua bán,Finance,CUST0077,VEND0010,Asset,IAS 16,Asset,IAS 16
16/09/2024,CT896066,211,152,21094945.48,Giao dịch mua bán,Production,CUST0012,VEND0172,Asset,IAS 16,Asset,IAS 16
23/07/2024,CT526848,152,214,31420891.37,Giao dịch mua bán,Finance,CUST0074,VEND0044,Asset,IAS 16,Asset,IAS 16
27/05/2024,CT734228,111,642,32387918.58,Giao dịch mua bán,Finance,CUST0174,VEND0100,Asset,IAS 16,Asset,IAS 16
14/09/2024,CT169695,111,211,23450194.78,Giao dịch mua bán,IT,CUST0020,VEND0103,Asset,IAS 16,Asset,IAS 16
27/01/2024,CT167421,111,111,5182768.54,Giao dịch mua bán,Sales,CUST0025,VEND0076,Asset,IAS 16,Asset,IAS 16
18/01/2024,CT623925,211,156,8537389.61,Giao dịch mua bán,HR,CUST0009,VEND0084,Asset,IAS 16,Asset,IAS 16
03/03/2024,CT426756,152,152,9816067.25,Giao dịch mua bán,Production,CUST0187,VEND0042,Asset,IAS 16,Asset,IAS 16
09/07/2024,CT604964,131,331,45020343.4đ,Giao dịch mua bán,Sales,CUST0151,VEND0141,Asset,IAS 16,Asset,IAS 16
07/02/2024,CT560709,214,331,49056561.16,Giao dịch mua bán,Sales,CUST0129,VEND0047,Asset,IAS 16,Asset,IAS 16
19/08/2024,CT469289,214,642,1364812.09,Giao dịch mua bán,Production,CUST0140,VEND0155,Asset,IAS 16,Asset,IAS 16
19/09/2024,CT678979,632,632,1314552.47,Giao dịch mua bán,Sales,CUST0094,VEND0079,Expense,IAS 1,Expense,IAS 1
07/05/2024,CT299666,331,331,45602404.64,Giao dịch mua bán,Sales,CUST0036,VEND0018,Liability,IAS 37,Liability,IAS 37
02/04/2024,CT229497,111,642,29436389.87,Giao dịch mua bán,Sales,CUST0186,VEND0167,Asset,IAS 16,Asset,IAS 16
07/06/2024,CT460468,156,152,4504911.07,Giao dịch mua bán,Sales,CUST0004,VEND0103,Asset,IAS 16,Asset,IAS 16
02/01/2024,CT970102,152,642,38033926.44,Giao dịch mua bán,IT,CUST0158,VEND0119,Asset,IAS 16,Asset,IAS 16
21/06/2024,CT667712,211,211,47814137.17,Giao dịch mua bán,Finance,CUST0079,VEND0116,Asset,IAS 16,Asset,IAS 16
22/06/2024,CT633641,214,131,17741888.46,Giao dịch mua bán,Sales,CUST0126,VEND0017,Asset,IAS 16,Asset,IAS 16
03/03/2024,CT307020,632,211,15028727.96đ,Giao dịch mua bán,HR,CUST0019,VEND0135,Expense,IAS 1,Expense,IAS 1
05/05/2024,CT587543,642,211,8384191.08,Giao dịch mua bán,IT,CUST0185,VEND0069,Expense,IAS 1,Expense,IAS 1
