This is pdfTeX, Version 3.141592653-2.6-1.40.28 (MiKTeX 25.12) (preloaded format=pdflatex 2026.6.24)  3 AUG 2026 15:10
entering extended mode
 restricted \write18 enabled.
 %&-line parsing enabled.
**./Slide_Practice_Ch07.tex
(Slide_Practice_Ch07.tex
LaTeX2e <2025-11-01>
L3 programming layer <2025-12-24>
(C:\Users\thanh\AppData\Local\Programs\MiKTeX\tex/latex/beamer\beamer.cls
Document Class: beamer 2026/01/22 v3.77 A class for typesetting presentations

(C:\Users\thanh\AppData\Local\Programs\MiKTeX\tex/latex/beamer\beamerbasemodes.
sty
(C:\Users\thanh\AppData\Local\Programs\MiKTeX\tex/latex/etoolbox\etoolbox.sty
Package: etoolbox 2025/10/02 v2.5m e-TeX tools for LaTeX (JAW)
\etb@tempcnta=\count275
)
\beamer@tempbox=\box53
\beamer@tempcount=\count276
\c@beamerpauses=\count277

(C:\Users\thanh\AppData\Local\Programs\MiKTeX\tex/latex/beamer\beamerbasedecode
.sty
\beamer@slideinframe=\count278
\beamer@minimum=\count279
\beamer@decode@box=\box54
)
\beamer@commentbox=\box55
\beamer@modecount=\count280
)
(C:\Users\thanh\AppData\Local\Programs\MiKTeX\tex/generic/iftex\iftex.sty
Package: iftex 2024/12/12 v1.0g TeX engine tests
)
\headdp=\dimen148
\footheight=\dimen149
\sidebarheight=\dimen150
\beamer@tempdim=\dimen151
\beamer@finalheight=\dimen152
\beamer@animht=\dimen153
\beamer@animdp=\dimen154
\beamer@animwd=\dimen155
\beamer@leftmargin=\dimen156
\beamer@rightmargin=\dimen157
\beamer@leftsidebar=\dimen158
\beamer@rightsidebar=\dimen159
\beamer@boxsize=\dimen160
\beamer@vboxoffset=\dimen161
\beamer@descdefault=\dimen162
\beamer@descriptionwidth=\dimen163
\beamer@lastskip=\skip49
\beamer@areabox=\box56
\beamer@animcurrent=\box57
\beamer@animshowbox=\box58
\beamer@sectionbox=\box59
\beamer@logobox=\box60
\beamer@linebox=\box61
\beamer@sectioncount=\count281
\beamer@subsubsectionmax=\count282
\beamer@subsectionmax=\count283
\beamer@sectionmax=\count284
\beamer@totalheads=\count285
\beamer@headcounter=\count286
\beamer@partstartpage=\count287
\beamer@sectionstartpage=\count288
\beamer@subsectionstartpage=\count289
\beamer@animationtempa=\count290
\beamer@animationtempb=\count291
\beamer@xpos=\count292
\beamer@ypos=\count293
\beamer@ypos@offset=\count294
\beamer@showpartnumber=\count295
\beamer@currentsubsection=\count296
\beamer@coveringdepth=\count297
\beamer@sectionadjust=\count298
\beamer@toclastsection=\count299
\beamer@tocsectionnumber=\count300

(C:\Users\thanh\AppData\Local\Programs\MiKTeX\tex/latex/beamer\beamerbaseoption
s.sty
(C:\Users\thanh\AppData\Local\Programs\MiKTeX\tex/latex/graphics\keyval.sty
Package: keyval 2022/05/29 v1.15 key=value parser (DPC)
\KV@toks@=\toks17
))
\beamer@paperwidth=\skip50
\beamer@paperheight=\skip51

(C:\Users\thanh\AppData\Local\Programs\MiKTeX\tex/latex/geometry\geometry.sty
Package: geometry 2026/03/07 v6.0 Page Geometry

(C:\Users\thanh\AppData\Local\Programs\MiKTeX\tex/generic/iftex\ifvtex.sty
Package: ifvtex 2019/10/25 v1.7 ifvtex legacy package. Use iftex instead.
)
\Gm@cnth=\count301
\Gm@cntv=\count302
\c@Gm@tempcnt=\count303
\Gm@bindingoffset=\dimen164
\Gm@wd@mp=\dimen165
\Gm@odd@mp=\dimen166
\Gm@even@mp=\dimen167
\Gm@layoutwidth=\dimen168
\Gm@layoutheight=\dimen169
\Gm@layouthoffset=\dimen170
\Gm@layoutvoffset=\dimen171
\Gm@dimlist=\toks18

(C:\Users\thanh\AppData\Local\Programs\MiKTeX\tex/latex/geometry\geometry.cfg))
(C:\Users\thanh\AppData\Local\Programs\MiKTeX\tex/latex/pgf/math\pgfmath.sty
(C:\Users\thanh\AppData\Local\Programs\MiKTeX\tex/latex/pgf/utilities\pgfrcs.st
y
(C:\Users\thanh\AppData\Local\Programs\MiKTeX\tex/generic/pgf/utilities\pgfutil
-common.tex
\pgfutil@everybye=\toks19
\pgfutil@tempdima=\dimen172
\pgfutil@tempdimb=\dimen173
)
(C:\Users\thanh\AppData\Local\Programs\MiKTeX\tex/generic/pgf/utilities\pgfutil
-latex.def
\pgfutil@abb=\box62
)
(C:\Users\thanh\AppData\Local\Programs\MiKTeX\tex/generic/pgf/utilities\pgfrcs.
code.tex
(C:\Users\thanh\AppData\Local\Programs\MiKTeX\tex/generic/pgf\pgf.revision.tex)
Package: pgfrcs 2025-08-29 v3.1.11a (3.1.11a)
))
(C:\Users\thanh\AppData\Local\Programs\MiKTeX\tex/latex/pgf/utilities\pgfkeys.s
ty
(C:\Users\thanh\AppData\Local\Programs\MiKTeX\tex/generic/pgf/utilities\pgfkeys
.code.tex
\pgfkeys@pathtoks=\toks20
\pgfkeys@temptoks=\toks21

(C:\Users\thanh\AppData\Local\Programs\MiKTeX\tex/generic/pgf/utilities\pgfkeys
libraryfiltered.code.tex
\pgfkeys@tmptoks=\toks22
)))
(C:\Users\thanh\AppData\Local\Programs\MiKTeX\tex/generic/pgf/math\pgfmath.code
.tex
(C:\Users\thanh\AppData\Local\Programs\MiKTeX\tex/generic/pgf/math\pgfmathutil.
code.tex
\pgf@x=\dimen174
\pgf@xa=\dimen175
\pgf@xb=\dimen176
\pgf@xc=\dimen177
\pgf@y=\dimen178
\pgf@ya=\dimen179
\pgf@yb=\dimen180
\pgf@yc=\dimen181
\c@pgf@counta=\count304
\c@pgf@countb=\count305
\c@pgf@countc=\count306
\c@pgf@countd=\count307
)
(C:\Users\thanh\AppData\Local\Programs\MiKTeX\tex/generic/pgf/math\pgfmathparse
r.code.tex
\pgfmath@dimen=\dimen182
\pgfmath@count=\count308
\pgfmath@box=\box63
\pgfmath@toks=\toks23
\pgfmath@stack@operand=\toks24
\pgfmath@stack@operation=\toks25
)
(C:\Users\thanh\AppData\Local\Programs\MiKTeX\tex/generic/pgf/math\pgfmathfunct
ions.code.tex)
(C:\Users\thanh\AppData\Local\Programs\MiKTeX\tex/generic/pgf/math\pgfmathfunct
ions.basic.code.tex)
(C:\Users\thanh\AppData\Local\Programs\MiKTeX\tex/generic/pgf/math\pgfmathfunct
ions.trigonometric.code.tex)
(C:\Users\thanh\AppData\Local\Programs\MiKTeX\tex/generic/pgf/math\pgfmathfunct
ions.random.code.tex)
(C:\Users\thanh\AppData\Local\Programs\MiKTeX\tex/generic/pgf/math\pgfmathfunct
ions.comparison.code.tex)
(C:\Users\thanh\AppData\Local\Programs\MiKTeX\tex/generic/pgf/math\pgfmathfunct
ions.base.code.tex)
(C:\Users\thanh\AppData\Local\Programs\MiKTeX\tex/generic/pgf/math\pgfmathfunct
ions.round.code.tex)
(C:\Users\thanh\AppData\Local\Programs\MiKTeX\tex/generic/pgf/math\pgfmathfunct
ions.misc.code.tex)
(C:\Users\thanh\AppData\Local\Programs\MiKTeX\tex/generic/pgf/math\pgfmathfunct
ions.integerarithmetics.code.tex)
(C:\Users\thanh\AppData\Local\Programs\MiKTeX\tex/generic/pgf/math\pgfmathcalc.
code.tex)
(C:\Users\thanh\AppData\Local\Programs\MiKTeX\tex/generic/pgf/math\pgfmathfloat
.code.tex
\c@pgfmathroundto@lastzeros=\count309
)))
(C:\Users\thanh\AppData\Local\Programs\MiKTeX\tex/latex/base\size12.clo
File: size12.clo 2025/01/22 v1.4n Standard LaTeX file (size option)
)
(C:\Users\thanh\AppData\Local\Programs\MiKTeX\tex/latex/pgf/basiclayer\pgfcore.
sty
(C:\Users\thanh\AppData\Local\Programs\MiKTeX\tex/latex/graphics\graphicx.sty
Package: graphicx 2024/12/31 v1.2e Enhanced LaTeX Graphics (DPC,SPQR)

(C:\Users\thanh\AppData\Local\Programs\MiKTeX\tex/latex/graphics\graphics.sty
Package: graphics 2024/08/06 v1.4g Standard LaTeX Graphics (DPC,SPQR)

(C:\Users\thanh\AppData\Local\Programs\MiKTeX\tex/latex/graphics\trig.sty
Package: trig 2023/12/02 v1.11 sin cos tan (DPC)
)
(C:\Users\thanh\AppData\Local\Programs\MiKTeX\tex/latex/graphics-cfg\graphics.c
fg
File: graphics.cfg 2016/06/04 v1.11 sample graphics configuration
)
Package graphics Info: Driver file: pdftex.def on input line 106.

(C:\Users\thanh\AppData\Local\Programs\MiKTeX\tex/latex/graphics-def\pdftex.def
File: pdftex.def 2025/09/29 v1.2d Graphics/color driver for pdftex
))
\Gin@req@height=\dimen183
\Gin@req@width=\dimen184
)
(C:\Users\thanh\AppData\Local\Programs\MiKTeX\tex/latex/pgf/systemlayer\pgfsys.
sty
(C:\Users\thanh\AppData\Local\Programs\MiKTeX\tex/generic/pgf/systemlayer\pgfsy
s.code.tex
Package: pgfsys 2025-08-29 v3.1.11a (3.1.11a)
\pgf@x=\dimen185
\pgf@y=\dimen186
\pgf@xa=\dimen187
\pgf@ya=\dimen188
\pgf@xb=\dimen189
\pgf@yb=\dimen190
\pgf@xc=\dimen191
\pgf@yc=\dimen192
\pgf@xd=\dimen193
\pgf@yd=\dimen194
\w@pgf@writea=\write3
\r@pgf@reada=\read2
\c@pgf@counta=\count310
\c@pgf@countb=\count311
\c@pgf@countc=\count312
\c@pgf@countd=\count313
\t@pgf@toka=\toks26
\t@pgf@tokb=\toks27
\t@pgf@tokc=\toks28
\pgf@sys@id@count=\count314

(C:\Users\thanh\AppData\Local\Programs\MiKTeX\tex/generic/pgf/systemlayer\pgf.c
fg
File: pgf.cfg 2025-08-29 v3.1.11a (3.1.11a)
)
Driver file for pgf: pgfsys-pdftex.def

(C:\Users\thanh\AppData\Local\Programs\MiKTeX\tex/generic/pgf/systemlayer\pgfsy
s-pdftex.def
File: pgfsys-pdftex.def 2025-08-29 v3.1.11a (3.1.11a)

(C:\Users\thanh\AppData\Local\Programs\MiKTeX\tex/generic/pgf/systemlayer\pgfsy
s-common-pdf.def
File: pgfsys-common-pdf.def 2025-08-29 v3.1.11a (3.1.11a)
)))
(C:\Users\thanh\AppData\Local\Programs\MiKTeX\tex/generic/pgf/systemlayer\pgfsy
ssoftpath.code.tex
File: pgfsyssoftpath.code.tex 2025-08-29 v3.1.11a (3.1.11a)
\pgfsyssoftpath@smallbuffer@items=\count315
\pgfsyssoftpath@bigbuffer@items=\count316
)
(C:\Users\thanh\AppData\Local\Programs\MiKTeX\tex/generic/pgf/systemlayer\pgfsy
sprotocol.code.tex
File: pgfsysprotocol.code.tex 2025-08-29 v3.1.11a (3.1.11a)
))
(C:\Users\thanh\AppData\Local\Programs\MiKTeX\tex/latex/xcolor\xcolor.sty
Package: xcolor 2024/09/29 v3.02 LaTeX color extensions (UK)

(C:\Users\thanh\AppData\Local\Programs\MiKTeX\tex/latex/graphics-cfg\color.cfg
File: color.cfg 2016/01/02 v1.6 sample color configuration
)
Package xcolor Info: Driver file: pdftex.def on input line 274.
(C:\Users\thanh\AppData\Local\Programs\MiKTeX\tex/latex/graphics\mathcolor.ltx)
Package xcolor Info: Model `cmy' substituted by `cmy0' on input line 1349.
Package xcolor Info: Model `hsb' substituted by `rgb' on input line 1353.
Package xcolor Info: Model `RGB' extended on input line 1365.
Package xcolor Info: Model `HTML' substituted by `rgb' on input line 1367.
Package xcolor Info: Model `Hsb' substituted by `hsb' on input line 1368.
Package xcolor Info: Model `tHsb' substituted by `hsb' on input line 1369.
Package xcolor Info: Model `HSB' substituted by `hsb' on input line 1370.
Package xcolor Info: Model `Gray' substituted by `gray' on input line 1371.
Package xcolor Info: Model `wave' substituted by `hsb' on input line 1372.
)
(C:\Users\thanh\AppData\Local\Programs\MiKTeX\tex/generic/pgf/basiclayer\pgfcor
e.code.tex
Package: pgfcore 2025-08-29 v3.1.11a (3.1.11a)

(C:\Users\thanh\AppData\Local\Programs\MiKTeX\tex/generic/pgf/math\pgfint.code.
tex)
(C:\Users\thanh\AppData\Local\Programs\MiKTeX\tex/generic/pgf/basiclayer\pgfcor
epoints.code.tex
File: pgfcorepoints.code.tex 2025-08-29 v3.1.11a (3.1.11a)
\pgf@picminx=\dimen195
\pgf@picmaxx=\dimen196
\pgf@picminy=\dimen197
\pgf@picmaxy=\dimen198
\pgf@pathminx=\dimen199
\pgf@pathmaxx=\dimen256
\pgf@pathminy=\dimen257
\pgf@pathmaxy=\dimen258
\pgf@xx=\dimen259
\pgf@xy=\dimen260
\pgf@yx=\dimen261
\pgf@yy=\dimen262
\pgf@zx=\dimen263
\pgf@zy=\dimen264
)
(C:\Users\thanh\AppData\Local\Programs\MiKTeX\tex/generic/pgf/basiclayer\pgfcor
epathconstruct.code.tex
File: pgfcorepathconstruct.code.tex 2025-08-29 v3.1.11a (3.1.11a)
\pgf@path@lastx=\dimen265
\pgf@path@lasty=\dimen266
)
(C:\Users\thanh\AppData\Local\Programs\MiKTeX\tex/generic/pgf/basiclayer\pgfcor
epathusage.code.tex
File: pgfcorepathusage.code.tex 2025-08-29 v3.1.11a (3.1.11a)
\pgf@shorten@end@additional=\dimen267
\pgf@shorten@start@additional=\dimen268
)
(C:\Users\thanh\AppData\Local\Programs\MiKTeX\tex/generic/pgf/basiclayer\pgfcor
escopes.code.tex
File: pgfcorescopes.code.tex 2025-08-29 v3.1.11a (3.1.11a)
\pgfpic=\box64
\pgf@hbox=\box65
\pgf@layerbox@main=\box66
\pgf@picture@serial@count=\count317
)
(C:\Users\thanh\AppData\Local\Programs\MiKTeX\tex/generic/pgf/basiclayer\pgfcor
egraphicstate.code.tex
File: pgfcoregraphicstate.code.tex 2025-08-29 v3.1.11a (3.1.11a)
\pgflinewidth=\dimen269
)
(C:\Users\thanh\AppData\Local\Programs\MiKTeX\tex/generic/pgf/basiclayer\pgfcor
etransformations.code.tex
File: pgfcoretransformations.code.tex 2025-08-29 v3.1.11a (3.1.11a)
\pgf@pt@x=\dimen270
\pgf@pt@y=\dimen271
\pgf@pt@temp=\dimen272
)
(C:\Users\thanh\AppData\Local\Programs\MiKTeX\tex/generic/pgf/basiclayer\pgfcor
equick.code.tex
File: pgfcorequick.code.tex 2025-08-29 v3.1.11a (3.1.11a)
)
(C:\Users\thanh\AppData\Local\Programs\MiKTeX\tex/generic/pgf/basiclayer\pgfcor
eobjects.code.tex
File: pgfcoreobjects.code.tex 2025-08-29 v3.1.11a (3.1.11a)
)
(C:\Users\thanh\AppData\Local\Programs\MiKTeX\tex/generic/pgf/basiclayer\pgfcor
epathprocessing.code.tex
File: pgfcorepathprocessing.code.tex 2025-08-29 v3.1.11a (3.1.11a)
)
(C:\Users\thanh\AppData\Local\Programs\MiKTeX\tex/generic/pgf/basiclayer\pgfcor
earrows.code.tex
File: pgfcorearrows.code.tex 2025-08-29 v3.1.11a (3.1.11a)
\pgfarrowsep=\dimen273
)
(C:\Users\thanh\AppData\Local\Programs\MiKTeX\tex/generic/pgf/basiclayer\pgfcor
eshade.code.tex
File: pgfcoreshade.code.tex 2025-08-29 v3.1.11a (3.1.11a)
\pgf@max=\dimen274
\pgf@sys@shading@range@num=\count318
\pgf@shadingcount=\count319
)
(C:\Users\thanh\AppData\Local\Programs\MiKTeX\tex/generic/pgf/basiclayer\pgfcor
eimage.code.tex
File: pgfcoreimage.code.tex 2025-08-29 v3.1.11a (3.1.11a)
)
(C:\Users\thanh\AppData\Local\Programs\MiKTeX\tex/generic/pgf/basiclayer\pgfcor
eexternal.code.tex
File: pgfcoreexternal.code.tex 2025-08-29 v3.1.11a (3.1.11a)
\pgfexternal@startupbox=\box67
)
(C:\Users\thanh\AppData\Local\Programs\MiKTeX\tex/generic/pgf/basiclayer\pgfcor
elayers.code.tex
File: pgfcorelayers.code.tex 2025-08-29 v3.1.11a (3.1.11a)
)
(C:\Users\thanh\AppData\Local\Programs\MiKTeX\tex/generic/pgf/basiclayer\pgfcor
etransparency.code.tex
File: pgfcoretransparency.code.tex 2025-08-29 v3.1.11a (3.1.11a)
)
(C:\Users\thanh\AppData\Local\Programs\MiKTeX\tex/generic/pgf/basiclayer\pgfcor
epatterns.code.tex
File: pgfcorepatterns.code.tex 2025-08-29 v3.1.11a (3.1.11a)
)
(C:\Users\thanh\AppData\Local\Programs\MiKTeX\tex/generic/pgf/basiclayer\pgfcor
erdf.code.tex
File: pgfcorerdf.code.tex 2025-08-29 v3.1.11a (3.1.11a)
)))
(C:\Users\thanh\AppData\Local\Programs\MiKTeX\tex/latex/pgf/utilities\xxcolor.s
ty
Package: xxcolor 2003/10/24 ver 0.1
\XC@nummixins=\count320
\XC@countmixins=\count321
)
(C:\Users\thanh\AppData\Local\Programs\MiKTeX\tex/latex/base\atbegshi-ltx.sty
Package: atbegshi-ltx 2021/01/10 v1.0c Emulation of the original atbegshi
package with kernel methods
)
(C:\Users\thanh\AppData\Local\Programs\MiKTeX\tex/latex/hyperref\hyperref.sty
Package: hyperref 2025-07-12 v7.01o Hypertext links for LaTeX

(C:\Users\thanh\AppData\Local\Programs\MiKTeX\tex/latex/kvsetkeys\kvsetkeys.sty
Package: kvsetkeys 2022-10-05 v1.19 Key value parser (HO)
)
(C:\Users\thanh\AppData\Local\Programs\MiKTeX\tex/generic/kvdefinekeys\kvdefine
keys.sty
Package: kvdefinekeys 2019-12-19 v1.6 Define keys (HO)
)
(C:\Users\thanh\AppData\Local\Programs\MiKTeX\tex/generic/pdfescape\pdfescape.s
ty
Package: pdfescape 2019/12/09 v1.15 Implements pdfTeX's escape features (HO)

(C:\Users\thanh\AppData\Local\Programs\MiKTeX\tex/generic/ltxcmds\ltxcmds.sty
Package: ltxcmds 2023-12-04 v1.26 LaTeX kernel commands for general use (HO)
)
(C:\Users\thanh\AppData\Local\Programs\MiKTeX\tex/generic/pdftexcmds\pdftexcmds
.sty
Package: pdftexcmds 2020-06-27 v0.33 Utility functions of pdfTeX for LuaTeX (HO
)

(C:\Users\thanh\AppData\Local\Programs\MiKTeX\tex/generic/infwarerr\infwarerr.s
ty
Package: infwarerr 2019/12/03 v1.5 Providing info/warning/error messages (HO)
)
Package pdftexcmds Info: \pdf@primitive is available.
Package pdftexcmds Info: \pdf@ifprimitive is available.
Package pdftexcmds Info: \pdfdraftmode found.
))
(C:\Users\thanh\AppData\Local\Programs\MiKTeX\tex/latex/hycolor\hycolor.sty
Package: hycolor 2020-01-27 v1.10 Color options for hyperref/bookmark (HO)
)
(C:\Users\thanh\AppData\Local\Programs\MiKTeX\tex/latex/hyperref\nameref.sty
Package: nameref 2025-06-21 v2.57 Cross-referencing by name of section

(C:\Users\thanh\AppData\Local\Programs\MiKTeX\tex/latex/refcount\refcount.sty
Package: refcount 2019/12/15 v3.6 Data extraction from label references (HO)
)
(C:\Users\thanh\AppData\Local\Programs\MiKTeX\tex/generic/gettitlestring\gettit
lestring.sty
Package: gettitlestring 2019/12/15 v1.6 Cleanup title references (HO)

(C:\Users\thanh\AppData\Local\Programs\MiKTeX\tex/latex/kvoptions\kvoptions.sty
Package: kvoptions 2022-06-15 v3.15 Key value format for package options (HO)
))
\c@section@level=\count322
)
(C:\Users\thanh\AppData\Local\Programs\MiKTeX\tex/generic/stringenc\stringenc.s
ty
Package: stringenc 2019/11/29 v1.12 Convert strings between diff. encodings (HO
)
)
\@linkdim=\dimen275
\Hy@linkcounter=\count323
\Hy@pagecounter=\count324
 (C:\Users\thanh\AppData\Local\Programs\MiKTeX\tex/latex/hyperref\pd1enc.def
File: pd1enc.def 2025-07-12 v7.01o Hyperref: PDFDocEncoding definition (HO)
Now handling font encoding PD1 ...
... no UTF-8 mapping file for font encoding PD1
) (C:\Users\thanh\AppData\Local\Programs\MiKTeX\tex/generic/intcalc\intcalc.sty
Package: intcalc 2019/12/15 v1.3 Expandable calculations with integers (HO)
)
\Hy@SavedSpaceFactor=\count325
 (C:\Users\thanh\AppData\Local\Programs\MiKTeX\tex/latex/hyperref\puenc.def
File: puenc.def 2025-07-12 v7.01o Hyperref: PDF Unicode definition (HO)
Now handling font encoding PU ...
... no UTF-8 mapping file for font encoding PU
)
Package hyperref Info: Option `bookmarks' set `true' on input line 4066.
Package hyperref Info: Option `bookmarksopen' set `true' on input line 4066.
Package hyperref Info: Option `implicit' set `false' on input line 4066.
Package hyperref Info: Hyper figures OFF on input line 4195.
Package hyperref Info: Link nesting OFF on input line 4200.
Package hyperref Info: Hyper index ON on input line 4203.
Package hyperref Info: Plain pages OFF on input line 4210.
Package hyperref Info: Backreferencing OFF on input line 4215.
Package hyperref Info: Implicit mode OFF; no redefinition of LaTeX internals.
Package hyperref Info: Bookmarks ON on input line 4462.
\c@Hy@tempcnt=\count326

(C:\Users\thanh\AppData\Local\Programs\MiKTeX\tex/latex/url\url.sty
\Urlmuskip=\muskip17
Package: url 2013/09/16  ver 3.4  Verb mode for urls, etc.
)
LaTeX Info: Redefining \url on input line 4801.
\XeTeXLinkMargin=\dimen276

(C:\Users\thanh\AppData\Local\Programs\MiKTeX\tex/generic/bitset\bitset.sty
Package: bitset 2019/12/09 v1.3 Handle bit-vector datatype (HO)

(C:\Users\thanh\AppData\Local\Programs\MiKTeX\tex/generic/bigintcalc\bigintcalc
.sty
Package: bigintcalc 2019/12/15 v1.5 Expandable calculations on big integers (HO
)
))
\Fld@menulength=\count327
\Field@Width=\dimen277
\Fld@charsize=\dimen278
Package hyperref Info: Hyper figures OFF on input line 6078.
Package hyperref Info: Link nesting OFF on input line 6083.
Package hyperref Info: Hyper index ON on input line 6086.
Package hyperref Info: backreferencing OFF on input line 6093.
Package hyperref Info: Link coloring OFF on input line 6098.
Package hyperref Info: Link coloring with OCG OFF on input line 6103.
Package hyperref Info: PDF/A mode OFF on input line 6108.
\Hy@abspage=\count328


Package hyperref Message: Stopped early.

)
Package hyperref Info: Driver (autodetected): hpdftex.
 (C:\Users\thanh\AppData\Local\Programs\MiKTeX\tex/latex/hyperref\hpdftex.def
File: hpdftex.def 2025-07-12 v7.01o Hyperref driver for pdfTeX
\Fld@listcount=\count329
\c@bookmark@seq@number=\count330

(C:\Users\thanh\AppData\Local\Programs\MiKTeX\tex/latex/rerunfilecheck\rerunfil
echeck.sty
Package: rerunfilecheck 2025-06-21 v1.11 Rerun checks for auxiliary files (HO)

(C:\Users\thanh\AppData\Local\Programs\MiKTeX\tex/generic/uniquecounter\uniquec
ounter.sty
Package: uniquecounter 2019/12/15 v1.4 Provide unlimited unique counter (HO)
)
Package uniquecounter Info: New unique counter `rerunfilecheck' on input line 2
84.
))
(C:\Users\thanh\AppData\Local\Programs\MiKTeX\tex/latex/beamer\beamerbaserequir
es.sty
(C:\Users\thanh\AppData\Local\Programs\MiKTeX\tex/latex/beamer\beamerbasecompat
ibility.sty)
(C:\Users\thanh\AppData\Local\Programs\MiKTeX\tex/latex/beamer\beamerbasefont.s
ty (C:\Users\thanh\AppData\Local\Programs\MiKTeX\tex/latex/amsfonts\amssymb.sty
Package: amssymb 2013/01/14 v3.01 AMS font symbols
(C:\Users\thanh\AppData\Local\Programs\MiKTeX\tex/latex/amsfonts\amsfonts.sty
Package: amsfonts 2013/01/14 v3.01 Basic AMSFonts support
\@emptytoks=\toks29
\symAMSa=\mathgroup4
\symAMSb=\mathgroup5
LaTeX Font Info:    Redeclaring math symbol \hbar on input line 98.
LaTeX Font Info:    Overwriting math alphabet `\mathfrak' in version `bold'
(Font)                  U/euf/m/n --> U/euf/b/n on input line 106.
))
(C:\Users\thanh\AppData\Local\Programs\MiKTeX\tex/latex/sansmathaccent\sansmath
accent.sty
Package: sansmathaccent 2020/01/31

(C:\Users\thanh\AppData\Local\Programs\MiKTeX\tex/latex/koma-script\scrlfile.st
y
Package: scrlfile 2026/02/02 v3.49.2 KOMA-Script package (file load hooks)

(C:\Users\thanh\AppData\Local\Programs\MiKTeX\tex/latex/koma-script\scrlfile-ho
ok.sty
Package: scrlfile-hook 2026/02/02 v3.49.2 KOMA-Script package (using LaTeX hook
s)

(C:\Users\thanh\AppData\Local\Programs\MiKTeX\tex/latex/koma-script\scrlogo.sty
Package: scrlogo 2026/02/02 v3.49.2 KOMA-Script package (logo)
)))))
(C:\Users\thanh\AppData\Local\Programs\MiKTeX\tex/latex/beamer\beamerbasetransl
ator.sty
(C:\Users\thanh\AppData\Local\Programs\MiKTeX\tex/latex/translator\translator.s
ty
Package: translator 2021-05-31 v1.12d Easy translation of strings in LaTeX
))
(C:\Users\thanh\AppData\Local\Programs\MiKTeX\tex/latex/beamer\beamerbasemisc.s
ty)
(C:\Users\thanh\AppData\Local\Programs\MiKTeX\tex/latex/beamer\beamerbasetwoscr
eens.sty)
(C:\Users\thanh\AppData\Local\Programs\MiKTeX\tex/latex/beamer\beamerbaseoverla
y.sty
\beamer@argscount=\count331
\beamer@lastskipcover=\skip52
\beamer@trivlistdepth=\count332
)
(C:\Users\thanh\AppData\Local\Programs\MiKTeX\tex/latex/beamer\beamerbasetitle.
sty)
(C:\Users\thanh\AppData\Local\Programs\MiKTeX\tex/latex/beamer\beamerbasesectio
n.sty
\c@lecture=\count333
\c@part=\count334
\c@section=\count335
\c@subsection=\count336
\c@subsubsection=\count337
)
(C:\Users\thanh\AppData\Local\Programs\MiKTeX\tex/latex/beamer\beamerbaseframe.
sty
\beamer@framebox=\box68
\beamer@frametitlebox=\box69
\beamer@zoombox=\box70
\beamer@zoomcount=\count338
\beamer@zoomframecount=\count339
\beamer@frametextheight=\dimen279
\c@subsectionslide=\count340
\beamer@frametopskip=\skip53
\beamer@framebottomskip=\skip54
\beamer@frametopskipautobreak=\skip55
\beamer@framebottomskipautobreak=\skip56
\beamer@envbody=\toks30
\framewidth=\dimen280
\c@framenumber=\count341
)
(C:\Users\thanh\AppData\Local\Programs\MiKTeX\tex/latex/beamer\beamerbaseverbat
im.sty
\beamer@verbatimfileout=\write4
)
(C:\Users\thanh\AppData\Local\Programs\MiKTeX\tex/latex/beamer\beamerbaseframes
ize.sty
\beamer@splitbox=\box71
\beamer@autobreakcount=\count342
\beamer@autobreaklastheight=\dimen281
\beamer@frametitletoks=\toks31
\beamer@framesubtitletoks=\toks32
)
(C:\Users\thanh\AppData\Local\Programs\MiKTeX\tex/latex/beamer\beamerbaseframec
omponents.sty
\beamer@colheight=\skip57
\beamer@footins=\box72
)
(C:\Users\thanh\AppData\Local\Programs\MiKTeX\tex/latex/beamer\beamerbasecolor.
sty)
(C:\Users\thanh\AppData\Local\Programs\MiKTeX\tex/latex/beamer\beamerbasenotes.
sty
\beamer@frameboxcopy=\box73
)
(C:\Users\thanh\AppData\Local\Programs\MiKTeX\tex/latex/beamer\beamerbasetoc.st
y)
(C:\Users\thanh\AppData\Local\Programs\MiKTeX\tex/latex/beamer\beamerbasetempla
tes.sty
\beamer@sbttoks=\toks33

(C:\Users\thanh\AppData\Local\Programs\MiKTeX\tex/latex/beamer\beamerbaseauxtem
plates.sty
(C:\Users\thanh\AppData\Local\Programs\MiKTeX\tex/latex/beamer\beamerbaseboxes.
sty
\bmb@box=\box74
\bmb@colorbox=\box75
\bmb@boxwidth=\dimen282
\bmb@boxheight=\dimen283
\bmb@prevheight=\dimen284
\bmb@temp=\dimen285
\bmb@dima=\dimen286
\bmb@dimb=\dimen287
\bmb@prevheight=\dimen288
)
\beamer@blockheadheight=\dimen289
))
(C:\Users\thanh\AppData\Local\Programs\MiKTeX\tex/latex/beamer\beamerbaselocals
tructure.sty
(C:\Users\thanh\AppData\Local\Programs\MiKTeX\tex/latex/tools\enumerate.sty
Package: enumerate 2023/07/04 v3.00 enumerate extensions (DPC)
\@enLab=\toks34
)
\beamer@bibiconwidth=\skip58
\c@figure=\count343
\c@table=\count344
\abovecaptionskip=\skip59
\belowcaptionskip=\skip60
)
(C:\Users\thanh\AppData\Local\Programs\MiKTeX\tex/latex/beamer\beamerbasenaviga
tion.sty
(C:\Users\thanh\AppData\Local\Programs\MiKTeX\tex/latex/beamer\beamerbasenaviga
tionsymbols.tex)
\beamer@section@min@dim=\dimen290
)
(C:\Users\thanh\AppData\Local\Programs\MiKTeX\tex/latex/beamer\beamerbasetheore
ms.sty
(C:\Users\thanh\AppData\Local\Programs\MiKTeX\tex/latex/amsmath\amsmath.sty
Package: amsmath 2025/07/09 v2.17z AMS math features
\@mathmargin=\skip61

For additional information on amsmath, use the `?' option.
(C:\Users\thanh\AppData\Local\Programs\MiKTeX\tex/latex/amsmath\amstext.sty
Package: amstext 2024/11/17 v2.01 AMS text

(C:\Users\thanh\AppData\Local\Programs\MiKTeX\tex/latex/amsmath\amsgen.sty
File: amsgen.sty 1999/11/30 v2.0 generic functions
\@emptytoks=\toks35
\ex@=\dimen291
))
(C:\Users\thanh\AppData\Local\Programs\MiKTeX\tex/latex/amsmath\amsbsy.sty
Package: amsbsy 1999/11/29 v1.2d Bold Symbols
\pmbraise@=\dimen292
)
(C:\Users\thanh\AppData\Local\Programs\MiKTeX\tex/latex/amsmath\amsopn.sty
Package: amsopn 2022/04/08 v2.04 operator names
)
\inf@bad=\count345
LaTeX Info: Redefining \frac on input line 233.
\uproot@=\count346
\leftroot@=\count347
LaTeX Info: Redefining \overline on input line 398.
LaTeX Info: Redefining \colon on input line 409.
\classnum@=\count348
\DOTSCASE@=\count349
LaTeX Info: Redefining \ldots on input line 495.
LaTeX Info: Redefining \dots on input line 498.
LaTeX Info: Redefining \cdots on input line 619.
\Mathstrutbox@=\box76
\strutbox@=\box77
LaTeX Info: Redefining \big on input line 721.
LaTeX Info: Redefining \Big on input line 722.
LaTeX Info: Redefining \bigg on input line 723.
LaTeX Info: Redefining \Bigg on input line 724.
\big@size=\dimen293
LaTeX Font Info:    Redeclaring font encoding OML on input line 742.
LaTeX Font Info:    Redeclaring font encoding OMS on input line 743.
\macc@depth=\count350
LaTeX Info: Redefining \bmod on input line 904.
LaTeX Info: Redefining \pmod on input line 909.
LaTeX Info: Redefining \smash on input line 939.
LaTeX Info: Redefining \relbar on input line 969.
LaTeX Info: Redefining \Relbar on input line 970.
\c@MaxMatrixCols=\count351
\dotsspace@=\muskip18
\c@parentequation=\count352
\dspbrk@lvl=\count353
\tag@help=\toks36
\row@=\count354
\column@=\count355
\maxfields@=\count356
\andhelp@=\toks37
\eqnshift@=\dimen294
\alignsep@=\dimen295
\tagshift@=\dimen296
\tagwidth@=\dimen297
\totwidth@=\dimen298
\lineht@=\dimen299
\@envbody=\toks38
\multlinegap=\skip62
\multlinetaggap=\skip63
\mathdisplay@stack=\toks39
LaTeX Info: Redefining \[ on input line 2950.
LaTeX Info: Redefining \] on input line 2951.
)
(C:\Users\thanh\AppData\Local\Programs\MiKTeX\tex/latex/amscls\amsthm.sty
Package: amsthm 2020/05/29 v2.20.6
\thm@style=\toks40
\thm@bodyfont=\toks41
\thm@headfont=\toks42
\thm@notefont=\toks43
\thm@headpunct=\toks44
\thm@preskip=\skip64
\thm@postskip=\skip65
\thm@headsep=\skip66
\dth@everypar=\toks45
)
\c@theorem=\count357
)
(C:\Users\thanh\AppData\Local\Programs\MiKTeX\tex/latex/beamer\beamerbasethemes
.sty))
(C:\Users\thanh\AppData\Local\Programs\MiKTeX\tex/latex/beamer\beamerthemedefau
lt.sty
(C:\Users\thanh\AppData\Local\Programs\MiKTeX\tex/latex/beamer\beamerfontthemed
efault.sty)
(C:\Users\thanh\AppData\Local\Programs\MiKTeX\tex/latex/beamer\beamercolortheme
default.sty)
(C:\Users\thanh\AppData\Local\Programs\MiKTeX\tex/latex/beamer\beamerinnertheme
default.sty
\beamer@dima=\dimen300
\beamer@dimb=\dimen301
)
(C:\Users\thanh\AppData\Local\Programs\MiKTeX\tex/latex/beamer\beameroutertheme
default.sty)))
(C:\Users\thanh\AppData\Local\Programs\MiKTeX\tex/latex/base\inputenc.sty
Package: inputenc 2024/02/08 v1.3d Input encoding file
\inpenc@prehook=\toks46
\inpenc@posthook=\toks47
)
(C:\Users\thanh\AppData\Local\Programs\MiKTeX\tex/latex/base\fontenc.sty
Package: fontenc 2025/07/18 v2.1d Standard LaTeX package

(C:\Users\thanh\AppData\Local\Programs\MiKTeX\tex/latex/vntex\t5enc.def
File: t5enc.def 2006/11/21 v1.4 Vietnamese T5 encoding
Now handling font encoding T5 ...
... processing UTF-8 mapping file for font encoding T5

(C:\Users\thanh\AppData\Local\Programs\MiKTeX\tex/latex/vntex\t5enc.dfu
File: t5enc.dfu 2006/08/19 v1.1 UTF8 support for Vietnamese
   defining Unicode char U+00AB (decimal 171)
   defining Unicode char U+00BB (decimal 187)
   defining Unicode char U+00C0 (decimal 192)
   defining Unicode char U+00C1 (decimal 193)
   defining Unicode char U+00C2 (decimal 194)
   defining Unicode char U+00C3 (decimal 195)
   defining Unicode char U+00C8 (decimal 200)
   defining Unicode char U+00C9 (decimal 201)
   defining Unicode char U+00CA (decimal 202)
   defining Unicode char U+00CC (decimal 204)
   defining Unicode char U+00CD (decimal 205)
   defining Unicode char U+00D2 (decimal 210)
   defining Unicode char U+00D3 (decimal 211)
   defining Unicode char U+00D4 (decimal 212)
   defining Unicode char U+00D5 (decimal 213)
   defining Unicode char U+00D9 (decimal 217)
   defining Unicode char U+00DA (decimal 218)
   defining Unicode char U+00DD (decimal 221)
   defining Unicode char U+00E0 (decimal 224)
   defining Unicode char U+00E1 (decimal 225)
   defining Unicode char U+00E2 (decimal 226)
   defining Unicode char U+00E3 (decimal 227)
   defining Unicode char U+00E8 (decimal 232)
   defining Unicode char U+00E9 (decimal 233)
   defining Unicode char U+00EA (decimal 234)
   defining Unicode char U+00EC (decimal 236)
   defining Unicode char U+00ED (decimal 237)
   defining Unicode char U+00F2 (decimal 242)
   defining Unicode char U+00F3 (decimal 243)
   defining Unicode char U+00F4 (decimal 244)
   defining Unicode char U+00F5 (decimal 245)
   defining Unicode char U+00F9 (decimal 249)
   defining Unicode char U+00FA (decimal 250)
   defining Unicode char U+00FD (decimal 253)
   defining Unicode char U+0102 (decimal 258)
   defining Unicode char U+0103 (decimal 259)
   defining Unicode char U+0110 (decimal 272)
   defining Unicode char U+0111 (decimal 273)
   defining Unicode char U+0128 (decimal 296)
   defining Unicode char U+0129 (decimal 297)
   defining Unicode char U+0131 (decimal 305)
   defining Unicode char U+0168 (decimal 360)
   defining Unicode char U+0169 (decimal 361)
   defining Unicode char U+01A0 (decimal 416)
   defining Unicode char U+01A1 (decimal 417)
   defining Unicode char U+01AF (decimal 431)
   defining Unicode char U+01B0 (decimal 432)
   defining Unicode char U+1EA0 (decimal 7840)
   defining Unicode char U+1EA1 (decimal 7841)
   defining Unicode char U+1EA2 (decimal 7842)
   defining Unicode char U+1EA3 (decimal 7843)
   defining Unicode char U+1EA4 (decimal 7844)
   defining Unicode char U+1EA5 (decimal 7845)
   defining Unicode char U+1EA6 (decimal 7846)
   defining Unicode char U+1EA7 (decimal 7847)
   defining Unicode char U+1EA8 (decimal 7848)
   defining Unicode char U+1EA9 (decimal 7849)
   defining Unicode char U+1EAA (decimal 7850)
   defining Unicode char U+1EAB (decimal 7851)
   defining Unicode char U+1EAC (decimal 7852)
   defining Unicode char U+1EAD (decimal 7853)
   defining Unicode char U+1EAE (decimal 7854)
   defining Unicode char U+1EAF (decimal 7855)
   defining Unicode char U+1EB0 (decimal 7856)
   defining Unicode char U+1EB1 (decimal 7857)
   defining Unicode char U+1EB2 (decimal 7858)
   defining Unicode char U+1EB3 (decimal 7859)
   defining Unicode char U+1EB4 (decimal 7860)
   defining Unicode char U+1EB5 (decimal 7861)
   defining Unicode char U+1EB6 (decimal 7862)
   defining Unicode char U+1EB7 (decimal 7863)
   defining Unicode char U+1EB8 (decimal 7864)
   defining Unicode char U+1EB9 (decimal 7865)
   defining Unicode char U+1EBA (decimal 7866)
   defining Unicode char U+1EBB (decimal 7867)
   defining Unicode char U+1EBC (decimal 7868)
   defining Unicode char U+1EBD (decimal 7869)
   defining Unicode char U+1EBE (decimal 7870)
   defining Unicode char U+1EBF (decimal 7871)
   defining Unicode char U+1EC0 (decimal 7872)
   defining Unicode char U+1EC1 (decimal 7873)
   defining Unicode char U+1EC2 (decimal 7874)
   defining Unicode char U+1EC3 (decimal 7875)
   defining Unicode char U+1EC4 (decimal 7876)
   defining Unicode char U+1EC5 (decimal 7877)
   defining Unicode char U+1EC6 (decimal 7878)
   defining Unicode char U+1EC7 (decimal 7879)
   defining Unicode char U+1EC8 (decimal 7880)
   defining Unicode char U+1EC9 (decimal 7881)
   defining Unicode char U+1ECA (decimal 7882)
   defining Unicode char U+1ECB (decimal 7883)
   defining Unicode char U+1ECC (decimal 7884)
   defining Unicode char U+1ECD (decimal 7885)
   defining Unicode char U+1ECE (decimal 7886)
   defining Unicode char U+1ECF (decimal 7887)
   defining Unicode char U+1ED0 (decimal 7888)
   defining Unicode char U+1ED1 (decimal 7889)
   defining Unicode char U+1ED2 (decimal 7890)
   defining Unicode char U+1ED3 (decimal 7891)
   defining Unicode char U+1ED4 (decimal 7892)
   defining Unicode char U+1ED5 (decimal 7893)
   defining Unicode char U+1ED6 (decimal 7894)
   defining Unicode char U+1ED7 (decimal 7895)
   defining Unicode char U+1ED8 (decimal 7896)
   defining Unicode char U+1ED9 (decimal 7897)
   defining Unicode char U+1EDA (decimal 7898)
   defining Unicode char U+1EDB (decimal 7899)
   defining Unicode char U+1EDC (decimal 7900)
   defining Unicode char U+1EDD (decimal 7901)
   defining Unicode char U+1EDE (decimal 7902)
   defining Unicode char U+1EDF (decimal 7903)
   defining Unicode char U+1EE0 (decimal 7904)
   defining Unicode char U+1EE1 (decimal 7905)
   defining Unicode char U+1EE2 (decimal 7906)
   defining Unicode char U+1EE3 (decimal 7907)
   defining Unicode char U+1EE4 (decimal 7908)
   defining Unicode char U+1EE5 (decimal 7909)
   defining Unicode char U+1EE6 (decimal 7910)
   defining Unicode char U+1EE7 (decimal 7911)
   defining Unicode char U+1EE8 (decimal 7912)
   defining Unicode char U+1EE9 (decimal 7913)
   defining Unicode char U+1EEA (decimal 7914)
   defining Unicode char U+1EEB (decimal 7915)
   defining Unicode char U+1EEC (decimal 7916)
   defining Unicode char U+1EED (decimal 7917)
   defining Unicode char U+1EEE (decimal 7918)
   defining Unicode char U+1EEF (decimal 7919)
   defining Unicode char U+1EF0 (decimal 7920)
   defining Unicode char U+1EF1 (decimal 7921)
   defining Unicode char U+1EF2 (decimal 7922)
   defining Unicode char U+1EF3 (decimal 7923)
   defining Unicode char U+1EF4 (decimal 7924)
   defining Unicode char U+1EF5 (decimal 7925)
   defining Unicode char U+1EF6 (decimal 7926)
   defining Unicode char U+1EF7 (decimal 7927)
   defining Unicode char U+1EF8 (decimal 7928)
   defining Unicode char U+1EF9 (decimal 7929)
   defining Unicode char U+200C (decimal 8204)
   defining Unicode char U+2013 (decimal 8211)
   defining Unicode char U+2014 (decimal 8212)
   defining Unicode char U+2018 (decimal 8216)
   defining Unicode char U+2019 (decimal 8217)
   defining Unicode char U+201A (decimal 8218)
   defining Unicode char U+201C (decimal 8220)
   defining Unicode char U+201D (decimal 8221)
   defining Unicode char U+201E (decimal 8222)
   defining Unicode char U+2030 (decimal 8240)
   defining Unicode char U+2031 (decimal 8241)
   defining Unicode char U+2039 (decimal 8249)
   defining Unicode char U+203A (decimal 8250)
   defining Unicode char U+2423 (decimal 9251)
))
LaTeX Font Info:    Trying to load font information for T5+cmss on input line 1
16.

(C:\Users\thanh\AppData\Local\Programs\MiKTeX\tex/latex/vntex\t5cmss.fd
File: t5cmss.fd 1999/05/25 v2.5h Standard LaTeX font definitions
))
(C:\Users\thanh\AppData\Local\Programs\MiKTeX\tex/generic/babel\babel.sty
Package: babel 2025/12/11 v25.17 The multilingual framework for LuaLaTeX, pdfLa
TeX and XeLaTeX
\babel@savecnt=\count358
LaTeX Encoding Info:    Redeclaring text command \ij (encoding OT1) on input li
ne 2068.
LaTeX Encoding Info:    Redeclaring text command \IJ (encoding OT1) on input li
ne 2070.
LaTeX Encoding Info:    Redeclaring text command \ij (encoding T1) on input lin
e 2072.
LaTeX Encoding Info:    Redeclaring text command \IJ (encoding T1) on input lin
e 2073.
LaTeX Encoding Info:    Ignoring declaration for text command \ij (encoding ?) 
on input line 2074.
LaTeX Encoding Info:    Ignoring declaration for text command \IJ (encoding ?) 
on input line 2076.
LaTeX Encoding Info:    Ignoring declaration for text command \SS (encoding ?) 
on input line 2101.
\U@D=\dimen302
\l@unhyphenated=\language79

(C:\Users\thanh\AppData\Local\Programs\MiKTeX\tex/generic/babel\txtbabel.def)
\bbl@readstream=\read3
LaTeX Info: Redefining \textlatin on input line 3963.
\bbl@dirlevel=\count359
Package babel Info: Configuration files are deprecated, as
(babel)             they can break document portability.
(babel)             Reported on input line 4196.

*************************************
* Local config file bblopts.cfg used
*
(C:\Users\thanh\AppData\Local\Programs\MiKTeX\tex/latex/arabi\bblopts.cfg
File: bblopts.cfg 2005/09/08 v0.1 add Arabic and Farsi to "declared" options of
 babel
)
(C:\Users\thanh\AppData\Local\Programs\MiKTeX\tex/generic/babel/locale/vi\babel
-vietnamese.tex)
Package babel Info: Importing font and identification data for vietnamese
(babel)             from babel-vi.ini. Reported on input line 4320.

(C:\Users\thanh\AppData\Local\Programs\MiKTeX\tex/latex/babel-vietnamese\vietna
mese.ldf
Language: vietnamese 


Package babel Warning: No hyphenation patterns were preloaded for
(babel)                the language 'Vietnamese' into the format.
(babel)                Please, configure your TeX system to add them and
(babel)                rebuild the format. Now I will use the patterns
(babel)                preloaded for \language=0 instead on input line 36.

Package babel Info: Hyphen rules for 'vietnamese' set to \l@english
(babel)             (\language0). Reported on input line 37.
Package babel Info: Hyphen rules for 'vietnam' set to \l@english
(babel)             (\language0). Reported on input line 38.
Loading definitions for the Vietnamese font encoding
(C:\Users\thanh\AppData\Local\Programs\MiKTeX\tex/latex/vntex\t5enc.def
File: t5enc.def 2006/11/21 v1.4 Vietnamese T5 encoding
LaTeX Font Info:    Redeclaring font encoding T5 on input line 75.
LaTeX Encoding Info:    Redeclaring text command \` (encoding T5) on input line
 79.
LaTeX Encoding Info:    Redeclaring text command \' (encoding T5) on input line
 80.
LaTeX Encoding Info:    Redeclaring text command \^ (encoding T5) on input line
 81.
LaTeX Encoding Info:    Redeclaring text command \~ (encoding T5) on input line
 82.
LaTeX Encoding Info:    Redeclaring text command \" (encoding T5) on input line
 83.
LaTeX Encoding Info:    Redeclaring text command \r (encoding T5) on input line
 84.
LaTeX Encoding Info:    Redeclaring text command \v (encoding T5) on input line
 85.
LaTeX Encoding Info:    Redeclaring text command \u (encoding T5) on input line
 86.
LaTeX Encoding Info:    Redeclaring text command \= (encoding T5) on input line
 87.
LaTeX Encoding Info:    Redeclaring text command \. (encoding T5) on input line
 88.
LaTeX Encoding Info:    Redeclaring text command \b (encoding T5) on input line
 90.
LaTeX Encoding Info:    Redeclaring text command \c (encoding T5) on input line
 94.
LaTeX Encoding Info:    Redeclaring text command \d (encoding T5) on input line
 98.
LaTeX Encoding Info:    Redeclaring text command \h (encoding T5) on input line
 103.
LaTeX Encoding Info:    Redeclaring text symbol \quotesinglbase (encoding T5) o
n input line 105.
LaTeX Encoding Info:    Redeclaring text symbol \guilsinglleft (encoding T5) on
 input line 106.
LaTeX Encoding Info:    Redeclaring text symbol \guilsinglright (encoding T5) o
n input line 107.
LaTeX Encoding Info:    Redeclaring text symbol \textquotedblleft (encoding T5)
 on input line 108.
LaTeX Encoding Info:    Redeclaring text symbol \textquotedblright (encoding T5
) on input line 109.
LaTeX Encoding Info:    Redeclaring text symbol \quotedblbase (encoding T5) on 
input line 110.
LaTeX Encoding Info:    Redeclaring text symbol \guillemotleft (encoding T5) on
 input line 111.
LaTeX Encoding Info:    Redeclaring text symbol \guillemotright (encoding T5) o
n input line 112.
LaTeX Encoding Info:    Redeclaring text symbol \textendash (encoding T5) on in
put line 113.
LaTeX Encoding Info:    Redeclaring text symbol \textemdash (encoding T5) on in
put line 114.
LaTeX Encoding Info:    Redeclaring text symbol \textcompwordmark (encoding T5)
 on input line 115.
LaTeX Encoding Info:    Redeclaring text command \textperthousand (encoding T5)
 on input line 117.
LaTeX Encoding Info:    Redeclaring text command \textpertenthousand (encoding 
T5) on input line 118.
LaTeX Encoding Info:    Redeclaring text symbol \i (encoding T5) on input line 
119.
LaTeX Encoding Info:    Redeclaring text symbol \textvisiblespace (encoding T5)
 on input line 121.
LaTeX Encoding Info:    Redeclaring text symbol \textquotedbl (encoding T5) on 
input line 122.
LaTeX Encoding Info:    Redeclaring text symbol \textdollar (encoding T5) on in
put line 123.
LaTeX Encoding Info:    Redeclaring text symbol \textquoteright (encoding T5) o
n input line 124.
LaTeX Encoding Info:    Redeclaring text symbol \textless (encoding T5) on inpu
t line 125.
LaTeX Encoding Info:    Redeclaring text symbol \textgreater (encoding T5) on i
nput line 126.
LaTeX Encoding Info:    Redeclaring text symbol \textbackslash (encoding T5) on
 input line 127.
LaTeX Encoding Info:    Redeclaring text symbol \textasciicircum (encoding T5) 
on input line 128.
LaTeX Encoding Info:    Redeclaring text symbol \textunderscore (encoding T5) o
n input line 129.
LaTeX Encoding Info:    Redeclaring text symbol \textquoteleft (encoding T5) on
 input line 130.
LaTeX Encoding Info:    Redeclaring text symbol \textbraceleft (encoding T5) on
 input line 131.
LaTeX Encoding Info:    Redeclaring text symbol \textbar (encoding T5) on input
 line 132.
LaTeX Encoding Info:    Redeclaring text symbol \textbraceright (encoding T5) o
n input line 133.
LaTeX Encoding Info:    Redeclaring text symbol \textasciitilde (encoding T5) o
n input line 134.
LaTeX Encoding Info:    Redeclaring text command \horn (encoding T5) on input l
ine 137.
LaTeX Encoding Info:    Redeclaring text symbol \DJ (encoding T5) on input line
 306.
LaTeX Encoding Info:    Redeclaring text symbol \dj (encoding T5) on input line
 307.
LaTeX Encoding Info:    Redeclaring text symbol \Acircumflex (encoding T5) on i
nput line 312.
LaTeX Encoding Info:    Redeclaring text symbol \Abreve (encoding T5) on input 
line 319.
LaTeX Encoding Info:    Redeclaring text symbol \Ecircumflex (encoding T5) on i
nput line 326.
LaTeX Encoding Info:    Redeclaring text symbol \Ocircumflex (encoding T5) on i
nput line 333.
LaTeX Encoding Info:    Redeclaring text symbol \Ohorn (encoding T5) on input l
ine 340.
LaTeX Encoding Info:    Redeclaring text symbol \Uhorn (encoding T5) on input l
ine 347.
LaTeX Encoding Info:    Redeclaring text symbol \acircumflex (encoding T5) on i
nput line 354.
LaTeX Encoding Info:    Redeclaring text symbol \abreve (encoding T5) on input 
line 361.
LaTeX Encoding Info:    Redeclaring text symbol \ecircumflex (encoding T5) on i
nput line 368.
LaTeX Encoding Info:    Redeclaring text symbol \ocircumflex (encoding T5) on i
nput line 375.
LaTeX Encoding Info:    Redeclaring text symbol \ohorn (encoding T5) on input l
ine 382.
LaTeX Encoding Info:    Redeclaring text symbol \uhorn (encoding T5) on input l
ine 389.
LaTeX Encoding Info:    Redeclaring text symbol \ACIRCUMFLEX (encoding T5) on i
nput line 397.
LaTeX Encoding Info:    Redeclaring text symbol \ABREVE (encoding T5) on input 
line 404.
LaTeX Encoding Info:    Redeclaring text symbol \ECIRCUMFLEX (encoding T5) on i
nput line 411.
LaTeX Encoding Info:    Redeclaring text symbol \OCIRCUMFLEX (encoding T5) on i
nput line 418.
LaTeX Encoding Info:    Redeclaring text symbol \OHORN (encoding T5) on input l
ine 425.
LaTeX Encoding Info:    Redeclaring text symbol \UHORN (encoding T5) on input l
ine 432.
)
Package babel Info: Making " an active character on input line 147.
))
(C:\Users\thanh\AppData\Local\Programs\MiKTeX\tex/latex/lm\lmodern.sty
Package: lmodern 2015/05/01 v1.6.1 Latin Modern Fonts
LaTeX Font Info:    Overwriting symbol font `operators' in version `normal'
(Font)                  OT1/cmr/m/n --> OT1/lmr/m/n on input line 22.
LaTeX Font Info:    Overwriting symbol font `letters' in version `normal'
(Font)                  OML/cmm/m/it --> OML/lmm/m/it on input line 23.
LaTeX Font Info:    Overwriting symbol font `symbols' in version `normal'
(Font)                  OMS/cmsy/m/n --> OMS/lmsy/m/n on input line 24.
LaTeX Font Info:    Overwriting symbol font `largesymbols' in version `normal'
(Font)                  OMX/cmex/m/n --> OMX/lmex/m/n on input line 25.
LaTeX Font Info:    Overwriting symbol font `operators' in version `bold'
(Font)                  OT1/cmr/bx/n --> OT1/lmr/bx/n on input line 26.
LaTeX Font Info:    Overwriting symbol font `letters' in version `bold'
(Font)                  OML/cmm/b/it --> OML/lmm/b/it on input line 27.
LaTeX Font Info:    Overwriting symbol font `symbols' in version `bold'
(Font)                  OMS/cmsy/b/n --> OMS/lmsy/b/n on input line 28.
LaTeX Font Info:    Overwriting symbol font `largesymbols' in version `bold'
(Font)                  OMX/cmex/m/n --> OMX/lmex/m/n on input line 29.
LaTeX Font Info:    Overwriting math alphabet `\mathbf' in version `normal'
(Font)                  OT1/cmr/bx/n --> OT1/lmr/bx/n on input line 31.
LaTeX Font Info:    Overwriting math alphabet `\mathsf' in version `normal'
(Font)                  OT1/cmss/m/n --> OT1/lmss/m/n on input line 32.
LaTeX Font Info:    Overwriting math alphabet `\mathit' in version `normal'
(Font)                  OT1/cmr/m/it --> OT1/lmr/m/it on input line 33.
LaTeX Font Info:    Overwriting math alphabet `\mathtt' in version `normal'
(Font)                  OT1/cmtt/m/n --> OT1/lmtt/m/n on input line 34.
LaTeX Font Info:    Overwriting math alphabet `\mathbf' in version `bold'
(Font)                  OT1/cmr/bx/n --> OT1/lmr/bx/n on input line 35.
LaTeX Font Info:    Overwriting math alphabet `\mathsf' in version `bold'
(Font)                  OT1/cmss/bx/n --> OT1/lmss/bx/n on input line 36.
LaTeX Font Info:    Overwriting math alphabet `\mathit' in version `bold'
(Font)                  OT1/cmr/bx/it --> OT1/lmr/bx/it on input line 37.
LaTeX Font Info:    Overwriting math alphabet `\mathtt' in version `bold'
(Font)                  OT1/cmtt/m/n --> OT1/lmtt/m/n on input line 38.
)
(C:\Users\thanh\AppData\Local\Programs\MiKTeX\tex/latex/booktabs\booktabs.sty
Package: booktabs 2020/01/12 v1.61803398 Publication quality tables
\heavyrulewidth=\dimen303
\lightrulewidth=\dimen304
\cmidrulewidth=\dimen305
\belowrulesep=\dimen306
\belowbottomsep=\dimen307
\aboverulesep=\dimen308
\abovetopsep=\dimen309
\cmidrulesep=\dimen310
\cmidrulekern=\dimen311
\defaultaddspace=\dimen312
\@cmidla=\count360
\@cmidlb=\count361
\@aboverulesep=\dimen313
\@belowrulesep=\dimen314
\@thisruleclass=\count362
\@lastruleclass=\count363
\@thisrulewidth=\dimen315
)
(C:\Users\thanh\AppData\Local\Programs\MiKTeX\tex/latex/tools\tabularx.sty
Package: tabularx 2023/12/11 v2.12a `tabularx' package (DPC)

(C:\Users\thanh\AppData\Local\Programs\MiKTeX\tex/latex/tools\array.sty
Package: array 2025/09/25 v2.6n Tabular extension package (FMi)
\col@sep=\dimen316
\ar@mcellbox=\box78
\extrarowheight=\dimen317
\NC@list=\toks48
\extratabsurround=\skip67
\backup@length=\skip68
\ar@cellbox=\box79
)
\TX@col@width=\dimen318
\TX@old@table=\dimen319
\TX@old@col=\dimen320
\TX@target=\dimen321
\TX@delta=\dimen322
\TX@cols=\count364
\TX@ftn=\toks49
)
(C:\Users\thanh\AppData\Local\Programs\MiKTeX\tex/latex/tools\multicol.sty
Package: multicol 2025/10/21 v2.0b multicolumn formatting (FMi)
\c@tracingmulticols=\count365
\mult@box=\box80
\multicol@leftmargin=\dimen323
\c@unbalance=\count366
\c@collectmore=\count367
\doublecol@number=\count368
\multicoltolerance=\count369
\multicolpretolerance=\count370
\full@width=\dimen324
\page@free=\dimen325
\premulticols=\dimen326
\postmulticols=\dimen327
\multicolsep=\skip69
\multicolbaselineskip=\skip70
\partial@page=\box81
\last@line=\box82
\mc@boxedresult=\box83
\maxbalancingoverflow=\dimen328
\mult@rightbox=\box84
\mult@grightbox=\box85
\mult@firstbox=\box86
\mult@gfirstbox=\box87
\@tempa=\box88
\@tempa=\box89
\@tempa=\box90
\@tempa=\box91
\@tempa=\box92
\@tempa=\box93
\@tempa=\box94
\@tempa=\box95
\@tempa=\box96
\@tempa=\box97
\@tempa=\box98
\@tempa=\box99
\@tempa=\box100
\@tempa=\box101
\@tempa=\box102
\@tempa=\box103
\@tempa=\box104
\@tempa=\box105
\@tempa=\box106
\@tempa=\box107
\@tempa=\box108
\@tempa=\box109
\@tempa=\box110
\@tempa=\box111
\@tempa=\box112
\@tempa=\box113
\@tempa=\box114
\@tempa=\box115
\@tempa=\box116
\@tempa=\box117
\@tempa=\box118
\@tempa=\box119
\@tempa=\box120
\@tempa=\box121
\@tempa=\box122
\@tempa=\box123
\c@minrows=\count371
\c@columnbadness=\count372
\c@finalcolumnbadness=\count373
\last@try=\dimen329
\multicolovershoot=\dimen330
\multicolundershoot=\dimen331
\mult@nat@firstbox=\box124
\colbreak@box=\box125
\mc@col@check@num=\count374
\g__mc_curr_col_int=\count375
)
(C:\Users\thanh\AppData\Local\Programs\MiKTeX\tex/latex/pgf/frontendlayer\tikz.
sty
(C:\Users\thanh\AppData\Local\Programs\MiKTeX\tex/latex/pgf/basiclayer\pgf.sty
Package: pgf 2025-08-29 v3.1.11a (3.1.11a)

(C:\Users\thanh\AppData\Local\Programs\MiKTeX\tex/generic/pgf/modules\pgfmodule
shapes.code.tex
File: pgfmoduleshapes.code.tex 2025-08-29 v3.1.11a (3.1.11a)
\pgfnodeparttextbox=\box126
)
(C:\Users\thanh\AppData\Local\Programs\MiKTeX\tex/generic/pgf/modules\pgfmodule
plot.code.tex
File: pgfmoduleplot.code.tex 2025-08-29 v3.1.11a (3.1.11a)
)
(C:\Users\thanh\AppData\Local\Programs\MiKTeX\tex/latex/pgf/compatibility\pgfco
mp-version-0-65.sty
Package: pgfcomp-version-0-65 2025-08-29 v3.1.11a (3.1.11a)
\pgf@nodesepstart=\dimen332
\pgf@nodesepend=\dimen333
)
(C:\Users\thanh\AppData\Local\Programs\MiKTeX\tex/latex/pgf/compatibility\pgfco
mp-version-1-18.sty
Package: pgfcomp-version-1-18 2025-08-29 v3.1.11a (3.1.11a)
))
(C:\Users\thanh\AppData\Local\Programs\MiKTeX\tex/latex/pgf/utilities\pgffor.st
y
(C:\Users\thanh\AppData\Local\Programs\MiKTeX\tex/generic/pgf/utilities\pgffor.
code.tex
Package: pgffor 2025-08-29 v3.1.11a (3.1.11a)
\pgffor@iter=\dimen334
\pgffor@skip=\dimen335
\pgffor@stack=\toks50
\pgffor@toks=\toks51
))
(C:\Users\thanh\AppData\Local\Programs\MiKTeX\tex/generic/pgf/frontendlayer/tik
z\tikz.code.tex
Package: tikz 2025-08-29 v3.1.11a (3.1.11a)

(C:\Users\thanh\AppData\Local\Programs\MiKTeX\tex/generic/pgf/libraries\pgflibr
aryplothandlers.code.tex
File: pgflibraryplothandlers.code.tex 2025-08-29 v3.1.11a (3.1.11a)
\pgf@plot@mark@count=\count376
\pgfplotmarksize=\dimen336
)
\tikz@lastx=\dimen337
\tikz@lasty=\dimen338
\tikz@lastxsaved=\dimen339
\tikz@lastysaved=\dimen340
\tikz@lastmovetox=\dimen341
\tikz@lastmovetoy=\dimen342
\tikzleveldistance=\dimen343
\tikzsiblingdistance=\dimen344
\tikz@figbox=\box127
\tikz@figbox@bg=\box128
\tikz@tempbox=\box129
\tikz@tempbox@bg=\box130
\tikztreelevel=\count377
\tikznumberofchildren=\count378
\tikznumberofcurrentchild=\count379
\tikz@fig@count=\count380

(C:\Users\thanh\AppData\Local\Programs\MiKTeX\tex/generic/pgf/modules\pgfmodule
matrix.code.tex
File: pgfmodulematrix.code.tex 2025-08-29 v3.1.11a (3.1.11a)
\pgfmatrixcurrentrow=\count381
\pgfmatrixcurrentcolumn=\count382
\pgf@matrix@numberofcolumns=\count383
)
\tikz@expandcount=\count384

(C:\Users\thanh\AppData\Local\Programs\MiKTeX\tex/generic/pgf/frontendlayer/tik
z/libraries\tikzlibrarytopaths.code.tex
File: tikzlibrarytopaths.code.tex 2025-08-29 v3.1.11a (3.1.11a)
)))
(C:\Users\thanh\AppData\Local\Programs\MiKTeX\tex/latex/beamer\beamerthemeMadri
d.sty
(C:\Users\thanh\AppData\Local\Programs\MiKTeX\tex/latex/beamer\beamercolortheme
whale.sty)
(C:\Users\thanh\AppData\Local\Programs\MiKTeX\tex/latex/beamer\beamercolortheme
orchid.sty)
(C:\Users\thanh\AppData\Local\Programs\MiKTeX\tex/latex/beamer\beamerinnertheme
rounded.sty)
(C:\Users\thanh\AppData\Local\Programs\MiKTeX\tex/latex/beamer\beameroutertheme
infolines.sty))
(C:\Users\thanh\AppData\Local\Programs\MiKTeX\tex/latex/beamer\beamerfontthemep
rofessionalfonts.sty)
LaTeX Font Info:    Trying to load font information for T5+lmss on input line 3
2.

(C:\Users\thanh\AppData\Local\Programs\MiKTeX\tex/latex/lm\t5lmss.fd
File: t5lmss.fd 2015/05/01 v1.6.1 Font defs for Latin Modern
)
(C:\Users\thanh\AppData\Local\Programs\MiKTeX\tex/latex/l3backend\l3backend-pdf
tex.def
File: l3backend-pdftex.def 2025-10-09 L3 backend support: PDF output (pdfTeX)
\l__color_backend_stack_int=\count385
) (Slide_Practice_Ch07.aux
Package babel Info: 'vietnamese' activates 'vietnamese' shorthands.
(babel)             Reported on input line 8.
)
\openout1 = `Slide_Practice_Ch07.aux'.

LaTeX Font Info:    Checking defaults for OML/cmm/m/it on input line 32.
LaTeX Font Info:    ... okay on input line 32.
LaTeX Font Info:    Checking defaults for OMS/cmsy/m/n on input line 32.
LaTeX Font Info:    ... okay on input line 32.
LaTeX Font Info:    Checking defaults for OT1/cmr/m/n on input line 32.
LaTeX Font Info:    ... okay on input line 32.
LaTeX Font Info:    Checking defaults for T1/cmr/m/n on input line 32.
LaTeX Font Info:    ... okay on input line 32.
LaTeX Font Info:    Checking defaults for TS1/cmr/m/n on input line 32.
LaTeX Font Info:    ... okay on input line 32.
LaTeX Font Info:    Checking defaults for OMX/cmex/m/n on input line 32.
LaTeX Font Info:    ... okay on input line 32.
LaTeX Font Info:    Checking defaults for U/cmr/m/n on input line 32.
LaTeX Font Info:    ... okay on input line 32.
LaTeX Font Info:    Checking defaults for PD1/pdf/m/n on input line 32.
LaTeX Font Info:    ... okay on input line 32.
LaTeX Font Info:    Checking defaults for PU/pdf/m/n on input line 32.
LaTeX Font Info:    ... okay on input line 32.
LaTeX Font Info:    Checking defaults for T5/cmr/m/n on input line 32.
LaTeX Font Info:    Trying to load font information for T5+cmr on input line 32
.

(C:\Users\thanh\AppData\Local\Programs\MiKTeX\tex/latex/vntex\t5cmr.fd
File: t5cmr.fd 1999/05/25 v2.5h Standard LaTeX font definitions
)
LaTeX Font Info:    ... okay on input line 32.

*geometry* driver: auto-detecting
*geometry* detected driver: pdftex
*geometry* verbose mode - [ preamble ] result:
* driver: pdftex
* paper: custom
* layout: <same size as paper>
* layoutoffset:(h,v)=(0.0pt,0.0pt)
* modes: includehead includefoot 
* h-part:(L,W,R)=(11.74713pt, 431.74982pt, 11.74713pt)
* v-part:(T,H,B)=(0.0pt, 256.0748pt, 0.0pt)
* \paperwidth=455.24408pt
* \paperheight=256.0748pt
* \textwidth=431.74982pt
* \textheight=227.62207pt
* \oddsidemargin=-60.52286pt
* \evensidemargin=-60.52286pt
* \topmargin=-72.26999pt
* \headheight=14.22636pt
* \headsep=0.0pt
* \topskip=12.0pt
* \footskip=14.22636pt
* \marginparwidth=4.0pt
* \marginparsep=10.0pt
* \columnsep=10.0pt
* \skip\footins=10.8pt plus 4.0pt minus 2.0pt
* \hoffset=0.0pt
* \voffset=0.0pt
* \mag=1000
* \@twocolumnfalse
* \@twosidefalse
* \@mparswitchfalse
* \@reversemarginfalse
* (1in=72.27pt=25.4mm, 1cm=28.453pt)


(C:\Users\thanh\AppData\Local\Programs\MiKTeX\tex/context/base/mkii\supp-pdf.mk
ii
[Loading MPS to PDF converter (version 2006.09.02).]
\scratchcounter=\count386
\scratchdimen=\dimen345
\scratchbox=\box131
\nofMPsegments=\count387
\nofMParguments=\count388
\everyMPshowfont=\toks52
\MPscratchCnt=\count389
\MPscratchDim=\dimen346
\MPnumerator=\count390
\makeMPintoPDFobject=\count391
\everyMPtoPDFconversion=\toks53
)
(C:\Users\thanh\AppData\Local\Programs\MiKTeX\tex/latex/epstopdf-pkg\epstopdf-b
ase.sty
Package: epstopdf-base 2020-01-24 v2.11 Base part for package epstopdf
Package epstopdf-base Info: Redefining graphics rule for `.eps' on input line 4
85.

(C:\Users\thanh\AppData\Local\Programs\MiKTeX\tex/latex/00miktex\epstopdf-sys.c
fg
File: epstopdf-sys.cfg 2021/03/18 v2.0 Configuration of epstopdf for MiKTeX
))
Package hyperref Info: Link coloring OFF on input line 32.
 (Slide_Practice_Ch07.out) (Slide_Practice_Ch07.out)
\@outlinefile=\write5
\openout5 = `Slide_Practice_Ch07.out'.


(C:\Users\thanh\AppData\Local\Programs\MiKTeX\tex/latex/translator\translator-b
asic-dictionary-English.dict
Dictionary: translator-basic-dictionary, Language: English 
)
(C:\Users\thanh\AppData\Local\Programs\MiKTeX\tex/latex/translator\translator-b
ibliography-dictionary-English.dict
Dictionary: translator-bibliography-dictionary, Language: English 
)
(C:\Users\thanh\AppData\Local\Programs\MiKTeX\tex/latex/translator\translator-e
nvironment-dictionary-English.dict
Dictionary: translator-environment-dictionary, Language: English 
)
(C:\Users\thanh\AppData\Local\Programs\MiKTeX\tex/latex/translator\translator-m
onths-dictionary-English.dict
Dictionary: translator-months-dictionary, Language: English 
)
(C:\Users\thanh\AppData\Local\Programs\MiKTeX\tex/latex/translator\translator-n
umbers-dictionary-English.dict
Dictionary: translator-numbers-dictionary, Language: English 
)
(C:\Users\thanh\AppData\Local\Programs\MiKTeX\tex/latex/translator\translator-t
heorem-dictionary-English.dict
Dictionary: translator-theorem-dictionary, Language: English 
) (Slide_Practice_Ch07.nav) [1

{C:/Users/thanh/AppData/Local/MiKTeX/fonts/map/pdftex/pdftex.map}{C:/Users/than
h/AppData/Local/Programs/MiKTeX/fonts/enc/dvips/lm/lm-t5.enc}] [2

] [3

] [4

]
<../textbookForPractice/Figures/Ch_07/ILLUSTRATION 7.1.png, id=146, 1306.12968p
t x 1234.6125pt>
File: ../textbookForPractice/Figures/Ch_07/ILLUSTRATION 7.1.png Graphic file (t
ype png)
<use ../textbookForPractice/Figures/Ch_07/ILLUSTRATION 7.1.png>
Package pdftex.def Info: ../textbookForPractice/Figures/Ch_07/ILLUSTRATION 7.1.
png  used on input line 72.
(pdftex.def)             Requested size: 193.1208pt x 182.54648pt.
 [5

 <../textbookForPractice/Figures/Ch_07/ILLUSTRATION 7.1.png (PNG copy)>]
<../textbookForPractice/Figures/Ch_07/ILLUSTRATION 7.2.png, id=174, 1340.00626p
t x 508.90125pt>
File: ../textbookForPractice/Figures/Ch_07/ILLUSTRATION 7.2.png Graphic file (t
ype png)
<use ../textbookForPractice/Figures/Ch_07/ILLUSTRATION 7.2.png>
Package pdftex.def Info: ../textbookForPractice/Figures/Ch_07/ILLUSTRATION 7.2.
png  used on input line 80.
(pdftex.def)             Requested size: 410.1428pt x 155.7621pt.
 [6

 <../textbookForPractice/Figures/Ch_07/ILLUSTRATION 7.2.png (PNG copy)>]
<../textbookForPractice/Figures/Ch_07/ILLUSTRATION 7.3.png, id=202, 1162.3425pt
 x 878.53218pt>
File: ../textbookForPractice/Figures/Ch_07/ILLUSTRATION 7.3.png Graphic file (t
ype png)
<use ../textbookForPractice/Figures/Ch_07/ILLUSTRATION 7.3.png>
Package pdftex.def Info: ../textbookForPractice/Figures/Ch_07/ILLUSTRATION 7.3.
png  used on input line 88.
(pdftex.def)             Requested size: 241.52742pt x 182.55342pt.
 [7

 <../textbookForPractice/Figures/Ch_07/ILLUSTRATION 7.3.png (PNG copy)>]
<../textbookForPractice/Figures/Ch_07/ILLUSTRATION 7.4.png, id=231, 700.86844pt
 x 353.06906pt>
File: ../textbookForPractice/Figures/Ch_07/ILLUSTRATION 7.4.png Graphic file (t
ype png)
<use ../textbookForPractice/Figures/Ch_07/ILLUSTRATION 7.4.png>
Package pdftex.def Info: ../textbookForPractice/Figures/Ch_07/ILLUSTRATION 7.4.
png  used on input line 96.
(pdftex.def)             Requested size: 362.38968pt x 182.55719pt.
 [8

 <../textbookForPractice/Figures/Ch_07/ILLUSTRATION 7.4.png (PNG copy)>]
<../textbookForPractice/Figures/Ch_07/ILLUSTRATION 7.5.png, id=259, 1082.54437p
t x 440.39531pt>
File: ../textbookForPractice/Figures/Ch_07/ILLUSTRATION 7.5.png Graphic file (t
ype png)
<use ../textbookForPractice/Figures/Ch_07/ILLUSTRATION 7.5.png>
Package pdftex.def Info: ../textbookForPractice/Figures/Ch_07/ILLUSTRATION 7.5.
png  used on input line 104.
(pdftex.def)             Requested size: 410.14879pt x 166.85468pt.
 [9

 <../textbookForPractice/Figures/Ch_07/ILLUSTRATION 7.5.png (PNG copy)>]
<../textbookForPractice/Figures/Ch_07/ILLUSTRATION 7.6.png, id=287, 1580.90625p
t x 963.6pt>
File: ../textbookForPractice/Figures/Ch_07/ILLUSTRATION 7.6.png Graphic file (t
ype png)
<use ../textbookForPractice/Figures/Ch_07/ILLUSTRATION 7.6.png>
Package pdftex.def Info: ../textbookForPractice/Figures/Ch_07/ILLUSTRATION 7.6.
png  used on input line 112.
(pdftex.def)             Requested size: 299.5069pt x 182.55658pt.
 [10

 <../textbookForPractice/Figures/Ch_07/ILLUSTRATION 7.6.png (PNG copy)>] [11

]
<../textbookForPractice/Figures/Ch_07/ILLUSTRATION 7.7.png, id=342, 753.5653pt 
x 631.60968pt>
File: ../textbookForPractice/Figures/Ch_07/ILLUSTRATION 7.7.png Graphic file (t
ype png)
<use ../textbookForPractice/Figures/Ch_07/ILLUSTRATION 7.7.png>
Package pdftex.def Info: ../textbookForPractice/Figures/Ch_07/ILLUSTRATION 7.7.
png  used on input line 129.
(pdftex.def)             Requested size: 217.80394pt x 182.55495pt.
 [12

 <../textbookForPractice/Figures/Ch_07/ILLUSTRATION 7.7.png (PNG copy)>]
<../textbookForPractice/Figures/Ch_07/ILLUSTRATION 7.8.png, id=370, 649.67719pt
 x 463.7325pt>
File: ../textbookForPractice/Figures/Ch_07/ILLUSTRATION 7.8.png Graphic file (t
ype png)
<use ../textbookForPractice/Figures/Ch_07/ILLUSTRATION 7.8.png>
Package pdftex.def Info: ../textbookForPractice/Figures/Ch_07/ILLUSTRATION 7.8.
png  used on input line 137.
(pdftex.def)             Requested size: 255.76218pt x 182.56024pt.
 [13

 <../textbookForPractice/Figures/Ch_07/ILLUSTRATION 7.8.png (PNG copy)>]
<../textbookForPractice/Figures/Ch_07/ILLUSTRATION 7.9.png, id=399, 983.17313pt
 x 548.80031pt>
File: ../textbookForPractice/Figures/Ch_07/ILLUSTRATION 7.9.png Graphic file (t
ype png)
<use ../textbookForPractice/Figures/Ch_07/ILLUSTRATION 7.9.png>
Package pdftex.def Info: ../textbookForPractice/Figures/Ch_07/ILLUSTRATION 7.9.
png  used on input line 145.
(pdftex.def)             Requested size: 327.04347pt x 182.55336pt.
 [14

 <../textbookForPractice/Figures/Ch_07/ILLUSTRATION 7.9.png (PNG copy)>]
<../textbookForPractice/Figures/Ch_07/ILLUSTRATION 7.10.png, id=427, 1084.05pt 
x 536.0025pt>
File: ../textbookForPractice/Figures/Ch_07/ILLUSTRATION 7.10.png Graphic file (
type png)
<use ../textbookForPractice/Figures/Ch_07/ILLUSTRATION 7.10.png>
Package pdftex.def Info: ../textbookForPractice/Figures/Ch_07/ILLUSTRATION 7.10
.png  used on input line 153.
(pdftex.def)             Requested size: 369.2007pt x 182.54922pt.
 [15

 <../textbookForPractice/Figures/Ch_07/ILLUSTRATION 7.10.png (PNG copy)>]
<../textbookForPractice/Figures/Ch_07/ILLUSTRATION 7.11.png, id=455, 611.28375p
t x 388.45125pt>
File: ../textbookForPractice/Figures/Ch_07/ILLUSTRATION 7.11.png Graphic file (
type png)
<use ../textbookForPractice/Figures/Ch_07/ILLUSTRATION 7.11.png>
Package pdftex.def Info: ../textbookForPractice/Figures/Ch_07/ILLUSTRATION 7.11
.png  used on input line 161.
(pdftex.def)             Requested size: 287.28474pt x 182.56024pt.
 [16

 <../textbookForPractice/Figures/Ch_07/ILLUSTRATION 7.11.png (PNG copy)>]
<../textbookForPractice/Figures/Ch_07/ILLUSTRATION 7.12.png, id=483, 1152.55594
pt x 266.49562pt>
File: ../textbookForPractice/Figures/Ch_07/ILLUSTRATION 7.12.png Graphic file (
type png)
<use ../textbookForPractice/Figures/Ch_07/ILLUSTRATION 7.12.png>
Package pdftex.def Info: ../textbookForPractice/Figures/Ch_07/ILLUSTRATION 7.12
.png  used on input line 169.
(pdftex.def)             Requested size: 410.15387pt x 94.83635pt.
 [17

 <../textbookForPractice/Figures/Ch_07/ILLUSTRATION 7.12.png (PNG copy)>]
LaTeX Font Info:    Font shape `T5/lmss/m/it' in size <12> not available
(Font)              Font shape `T5/lmss/m/sl' tried instead on input line 177.
 [18

]
<../textbookForPractice/Figures/Ch_07/ILLUSTRATION 7.13.png, id=539, 289.08pt x
 386.19281pt>
File: ../textbookForPractice/Figures/Ch_07/ILLUSTRATION 7.13.png Graphic file (
type png)
<use ../textbookForPractice/Figures/Ch_07/ILLUSTRATION 7.13.png>
Package pdftex.def Info: ../textbookForPractice/Figures/Ch_07/ILLUSTRATION 7.13
.png  used on input line 185.
(pdftex.def)             Requested size: 136.64836pt x 182.55367pt.
 [19

 <../textbookForPractice/Figures/Ch_07/ILLUSTRATION 7.13.png (PNG copy)>]
<../textbookForPractice/Figures/Ch_07/ILLUSTRATION 7.14.png, id=568, 782.17218p
t x 510.40688pt>
File: ../textbookForPractice/Figures/Ch_07/ILLUSTRATION 7.14.png Graphic file (
type png)
<use ../textbookForPractice/Figures/Ch_07/ILLUSTRATION 7.14.png>
Package pdftex.def Info: ../textbookForPractice/Figures/Ch_07/ILLUSTRATION 7.14
.png  used on input line 193.
(pdftex.def)             Requested size: 279.75572pt x 182.55473pt.
 [20

 <../textbookForPractice/Figures/Ch_07/ILLUSTRATION 7.14.png (PNG copy)>]
<../textbookForPractice/Figures/Ch_07/ILLUSTRATION 7.15.png, id=596, 1073.51062
pt x 563.10374pt>
File: ../textbookForPractice/Figures/Ch_07/ILLUSTRATION 7.15.png Graphic file (
type png)
<use ../textbookForPractice/Figures/Ch_07/ILLUSTRATION 7.15.png>
Package pdftex.def Info: ../textbookForPractice/Figures/Ch_07/ILLUSTRATION 7.15
.png  used on input line 201.
(pdftex.def)             Requested size: 348.01865pt x 182.55115pt.
 [21

 <../textbookForPractice/Figures/Ch_07/ILLUSTRATION 7.15.png (PNG copy)>]
<../textbookForPractice/Figures/Ch_07/ILLUSTRATION 7.16.png, id=624, 1105.12875
pt x 594.72188pt>
File: ../textbookForPractice/Figures/Ch_07/ILLUSTRATION 7.16.png Graphic file (
type png)
<use ../textbookForPractice/Figures/Ch_07/ILLUSTRATION 7.16.png>
Package pdftex.def Info: ../textbookForPractice/Figures/Ch_07/ILLUSTRATION 7.16
.png  used on input line 209.
(pdftex.def)             Requested size: 339.23067pt x 182.556pt.
 [22

 <../textbookForPractice/Figures/Ch_07/ILLUSTRATION 7.16.png (PNG copy)>]
<../textbookForPractice/Figures/Ch_07/ILLUSTRATION 7.17.png, id=652, 994.46532p
t x 801.74532pt>
File: ../textbookForPractice/Figures/Ch_07/ILLUSTRATION 7.17.png Graphic file (
type png)
<use ../textbookForPractice/Figures/Ch_07/ILLUSTRATION 7.17.png>
Package pdftex.def Info: ../textbookForPractice/Figures/Ch_07/ILLUSTRATION 7.17
.png  used on input line 217.
(pdftex.def)             Requested size: 226.4309pt x 182.55026pt.
 [23

 <../textbookForPractice/Figures/Ch_07/ILLUSTRATION 7.17.png (PNG copy)>] [24

]
<../textbookForPractice/Figures/Ch_07/ILLUSTRATION 7.18.png, id=707, 614.295pt 
x 807.015pt>
File: ../textbookForPractice/Figures/Ch_07/ILLUSTRATION 7.18.png Graphic file (
type png)
<use ../textbookForPractice/Figures/Ch_07/ILLUSTRATION 7.18.png>
Package pdftex.def Info: ../textbookForPractice/Figures/Ch_07/ILLUSTRATION 7.18
.png  used on input line 239.
(pdftex.def)             Requested size: 138.96027pt x 182.55566pt.
 [25

 <../textbookForPractice/Figures/Ch_07/ILLUSTRATION 7.18.png (PNG copy)>]
<../textbookForPractice/Figures/Ch_07/ILLUSTRATION 7.19.png, id=736, 673.76718p
t x 450.9347pt>
File: ../textbookForPractice/Figures/Ch_07/ILLUSTRATION 7.19.png Graphic file (
type png)
<use ../textbookForPractice/Figures/Ch_07/ILLUSTRATION 7.19.png>
Package pdftex.def Info: ../textbookForPractice/Figures/Ch_07/ILLUSTRATION 7.19
.png  used on input line 247.
(pdftex.def)             Requested size: 272.77141pt x 182.55875pt.
 [26

 <../textbookForPractice/Figures/Ch_07/ILLUSTRATION 7.19.png (PNG copy)>]
<../textbookForPractice/Figures/Ch_07/ILLUSTRATION 7.20.png, id=764, 977.15062p
t x 824.32968pt>
File: ../textbookForPractice/Figures/Ch_07/ILLUSTRATION 7.20.png Graphic file (
type png)
<use ../textbookForPractice/Figures/Ch_07/ILLUSTRATION 7.20.png>
Package pdftex.def Info: ../textbookForPractice/Figures/Ch_07/ILLUSTRATION 7.20
.png  used on input line 255.
(pdftex.def)             Requested size: 216.39026pt x 182.54802pt.
 [27

 <../textbookForPractice/Figures/Ch_07/ILLUSTRATION 7.20.png (PNG copy)>]
<../textbookForPractice/Figures/Ch_07/ILLUSTRATION 7.21.png, id=792, 1093.83656
pt x 615.80063pt>
File: ../textbookForPractice/Figures/Ch_07/ILLUSTRATION 7.21.png Graphic file (
type png)
<use ../textbookForPractice/Figures/Ch_07/ILLUSTRATION 7.21.png>
Package pdftex.def Info: ../textbookForPractice/Figures/Ch_07/ILLUSTRATION 7.21
.png  used on input line 263.
(pdftex.def)             Requested size: 324.2646pt x 182.55226pt.
 [28

 <../textbookForPractice/Figures/Ch_07/ILLUSTRATION 7.21.png (PNG copy)>]
<../textbookForPractice/Figures/Ch_07/ILLUSTRATION 7.22.png, id=820, 591.71063p
t x 411.03563pt>
File: ../textbookForPractice/Figures/Ch_07/ILLUSTRATION 7.22.png Graphic file (
type png)
<use ../textbookForPractice/Figures/Ch_07/ILLUSTRATION 7.22.png>
Package pdftex.def Info: ../textbookForPractice/Figures/Ch_07/ILLUSTRATION 7.22
.png  used on input line 271.
(pdftex.def)             Requested size: 262.80028pt x 182.55591pt.
 [29

 <../textbookForPractice/Figures/Ch_07/ILLUSTRATION 7.22.png (PNG copy)>] [30

]
<../textbookForPractice/Figures/Ch_07/ILLUSTRATION 7.23.png, id=875, 1611.77156
pt x 755.07094pt>
File: ../textbookForPractice/Figures/Ch_07/ILLUSTRATION 7.23.png Graphic file (
type png)
<use ../textbookForPractice/Figures/Ch_07/ILLUSTRATION 7.23.png>
Package pdftex.def Info: ../textbookForPractice/Figures/Ch_07/ILLUSTRATION 7.23
.png  used on input line 287.
(pdftex.def)             Requested size: 389.68594pt x 182.5572pt.
 [31

 <../textbookForPractice/Figures/Ch_07/ILLUSTRATION 7.23.png (PNG copy)>]
<../textbookForPractice/Figures/Ch_07/ILLUSTRATION 7.24.png, id=904, 587.19376p
t x 389.95688pt>
File: ../textbookForPractice/Figures/Ch_07/ILLUSTRATION 7.24.png Graphic file (
type png)
<use ../textbookForPractice/Figures/Ch_07/ILLUSTRATION 7.24.png>
Package pdftex.def Info: ../textbookForPractice/Figures/Ch_07/ILLUSTRATION 7.24
.png  used on input line 295.
(pdftex.def)             Requested size: 274.888pt x 182.55382pt.
 [32

 <../textbookForPractice/Figures/Ch_07/ILLUSTRATION 7.24.png (PNG copy)>]
<../textbookForPractice/Figures/Ch_07/ILLUSTRATION 7.25.png, id=932, 782.17218p
t x 550.30594pt>
File: ../textbookForPractice/Figures/Ch_07/ILLUSTRATION 7.25.png Graphic file (
type png)
<use ../textbookForPractice/Figures/Ch_07/ILLUSTRATION 7.25.png>
Package pdftex.def Info: ../textbookForPractice/Figures/Ch_07/ILLUSTRATION 7.25
.png  used on input line 303.
(pdftex.def)             Requested size: 259.4782pt x 182.55878pt.
 [33

 <../textbookForPractice/Figures/Ch_07/ILLUSTRATION 7.25.png (PNG copy)>]
<../textbookForPractice/Figures/Ch_07/ILLUSTRATION 7.26.png, id=960, 1106.63437
pt x 465.99094pt>
File: ../textbookForPractice/Figures/Ch_07/ILLUSTRATION 7.26.png Graphic file (
type png)
<use ../textbookForPractice/Figures/Ch_07/ILLUSTRATION 7.26.png>
Package pdftex.def Info: ../textbookForPractice/Figures/Ch_07/ILLUSTRATION 7.26
.png  used on input line 311.
(pdftex.def)             Requested size: 410.15752pt x 172.71259pt.
 [34

 <../textbookForPractice/Figures/Ch_07/ILLUSTRATION 7.26.png (PNG copy)>] [35

]
<../textbookForPractice/Figures/Ch_07/ILLUSTRATION 7.27.png, id=1015, 541.27219
pt x 395.22656pt>
File: ../textbookForPractice/Figures/Ch_07/ILLUSTRATION 7.27.png Graphic file (
type png)
<use ../textbookForPractice/Figures/Ch_07/ILLUSTRATION 7.27.png>
Package pdftex.def Info: ../textbookForPractice/Figures/Ch_07/ILLUSTRATION 7.27
.png  used on input line 327.
(pdftex.def)             Requested size: 250.01236pt x 182.55421pt.
 [36

 <../textbookForPractice/Figures/Ch_07/ILLUSTRATION 7.27.png (PNG copy)>]
<../textbookForPractice/Figures/Ch_07/ILLUSTRATION 7.28.png, id=1043, 374.14781
pt x 395.22656pt>
File: ../textbookForPractice/Figures/Ch_07/ILLUSTRATION 7.28.png Graphic file (
type png)
<use ../textbookForPractice/Figures/Ch_07/ILLUSTRATION 7.28.png>
Package pdftex.def Info: ../textbookForPractice/Figures/Ch_07/ILLUSTRATION 7.28
.png  used on input line 335.
(pdftex.def)             Requested size: 172.818pt x 182.55421pt.
 [37

 <../textbookForPractice/Figures/Ch_07/ILLUSTRATION 7.28.png (PNG copy)>]
<../textbookForPractice/Figures/Ch_07/ILLUSTRATION 7.29.png, id=1072, 814.54312
pt x 636.87938pt>
File: ../textbookForPractice/Figures/Ch_07/ILLUSTRATION 7.29.png Graphic file (
type png)
<use ../textbookForPractice/Figures/Ch_07/ILLUSTRATION 7.29.png>
Package pdftex.def Info: ../textbookForPractice/Figures/Ch_07/ILLUSTRATION 7.29
.png  used on input line 343.
(pdftex.def)             Requested size: 233.47708pt x 182.55232pt.
 [38

 <../textbookForPractice/Figures/Ch_07/ILLUSTRATION 7.29.png (PNG copy)>]
<../textbookForPractice/Figures/Ch_07/ILLUSTRATION 7.30.png, id=1100, 1013.2856
3pt x 620.3175pt>
File: ../textbookForPractice/Figures/Ch_07/ILLUSTRATION 7.30.png Graphic file (
type png)
<use ../textbookForPractice/Figures/Ch_07/ILLUSTRATION 7.30.png>
Package pdftex.def Info: ../textbookForPractice/Figures/Ch_07/ILLUSTRATION 7.30
.png  used on input line 351.
(pdftex.def)             Requested size: 298.20544pt x 182.55667pt.
 [39

 <../textbookForPractice/Figures/Ch_07/ILLUSTRATION 7.30.png (PNG copy)>] [40

]
<../textbookForPractice/Figures/Ch_07/ILLUSTRATION 7.31.png, id=1155, 599.23875
pt x 609.77812pt>
File: ../textbookForPractice/Figures/Ch_07/ILLUSTRATION 7.31.png Graphic file (
type png)
<use ../textbookForPractice/Figures/Ch_07/ILLUSTRATION 7.31.png>
Package pdftex.def Info: ../textbookForPractice/Figures/Ch_07/ILLUSTRATION 7.31
.png  used on input line 367.
(pdftex.def)             Requested size: 179.39812pt x 182.55336pt.
 [41

 <../textbookForPractice/Figures/Ch_07/ILLUSTRATION 7.31.png (PNG copy)>]
<../textbookForPractice/Figures/Ch_07/ILLUSTRATION 7.32.png, id=1183, 1187.9381
3pt x 499.11469pt>
File: ../textbookForPractice/Figures/Ch_07/ILLUSTRATION 7.32.png Graphic file (
type png)
<use ../textbookForPractice/Figures/Ch_07/ILLUSTRATION 7.32.png>
Package pdftex.def Info: ../textbookForPractice/Figures/Ch_07/ILLUSTRATION 7.32
.png  used on input line 375.
(pdftex.def)             Requested size: 410.16537pt x 172.33183pt.
 [42

 <../textbookForPractice/Figures/Ch_07/ILLUSTRATION 7.32.png (PNG copy)>]
<../textbookForPractice/Figures/Ch_07/ILLUSTRATION 7.33.png, id=1211, 1108.8928
pt x 444.91219pt>
File: ../textbookForPractice/Figures/Ch_07/ILLUSTRATION 7.33.png Graphic file (
type png)
<use ../textbookForPractice/Figures/Ch_07/ILLUSTRATION 7.33.png>
Package pdftex.def Info: ../textbookForPractice/Figures/Ch_07/ILLUSTRATION 7.33
.png  used on input line 383.
(pdftex.def)             Requested size: 410.16548pt x 164.5674pt.
 [43

 <../textbookForPractice/Figures/Ch_07/ILLUSTRATION 7.33.png (PNG copy)>]
<../textbookForPractice/Figures/Ch_07/ILLUSTRATION 7.34.png, id=1240, 1313.6578
pt x 1111.15125pt>
File: ../textbookForPractice/Figures/Ch_07/ILLUSTRATION 7.34.png Graphic file (
type png)
<use ../textbookForPractice/Figures/Ch_07/ILLUSTRATION 7.34.png>
Package pdftex.def Info: ../textbookForPractice/Figures/Ch_07/ILLUSTRATION 7.34
.png  used on input line 391.
(pdftex.def)             Requested size: 215.82213pt x 182.55212pt.
 [44

 <../textbookForPractice/Figures/Ch_07/ILLUSTRATION 7.34.png (PNG copy)>] [45

]
<../textbookForPractice/Figures/Ch_07/ILLUSTRATION 7.35.png, id=1295, 1027.5890
7pt x 407.27156pt>
File: ../textbookForPractice/Figures/Ch_07/ILLUSTRATION 7.35.png Graphic file (
type png)
<use ../textbookForPractice/Figures/Ch_07/ILLUSTRATION 7.35.png>
Package pdftex.def Info: ../textbookForPractice/Figures/Ch_07/ILLUSTRATION 7.35
.png  used on input line 410.
(pdftex.def)             Requested size: 410.16595pt x 162.56393pt.
 [46

 <../textbookForPractice/Figures/Ch_07/ILLUSTRATION 7.35.png (PNG copy)>]
<../textbookForPractice/Figures/Ch_07/ILLUSTRATION 7.36.png, id=1323, 1524.4453
1pt x 1110.39844pt>
File: ../textbookForPractice/Figures/Ch_07/ILLUSTRATION 7.36.png Graphic file (
type png)
<use ../textbookForPractice/Figures/Ch_07/ILLUSTRATION 7.36.png>
Package pdftex.def Info: ../textbookForPractice/Figures/Ch_07/ILLUSTRATION 7.36
.png  used on input line 418.
(pdftex.def)             Requested size: 250.61543pt x 182.54704pt.
 [47

 <../textbookForPractice/Figures/Ch_07/ILLUSTRATION 7.36.png (PNG copy)>]
<../textbookForPractice/Figures/Ch_07/ILLUSTRATION 7.37.png, id=1351, 721.19438
pt x 703.87968pt>
File: ../textbookForPractice/Figures/Ch_07/ILLUSTRATION 7.37.png Graphic file (
type png)
<use ../textbookForPractice/Figures/Ch_07/ILLUSTRATION 7.37.png>
Package pdftex.def Info: ../textbookForPractice/Figures/Ch_07/ILLUSTRATION 7.37
.png  used on input line 426.
(pdftex.def)             Requested size: 187.04393pt x 182.5533pt.
 [48

 <../textbookForPractice/Figures/Ch_07/ILLUSTRATION 7.37.png (PNG copy)>]
<../textbookForPractice/Figures/Ch_07/ILLUSTRATION 7.38.png, id=1379, 1087.0612
5pt x 1014.79124pt>
File: ../textbookForPractice/Figures/Ch_07/ILLUSTRATION 7.38.png Graphic file (
type png)
<use ../textbookForPractice/Figures/Ch_07/ILLUSTRATION 7.38.png>
Package pdftex.def Info: ../textbookForPractice/Figures/Ch_07/ILLUSTRATION 7.38
.png  used on input line 434.
(pdftex.def)             Requested size: 195.54646pt x 182.54614pt.
 [49

 <../textbookForPractice/Figures/Ch_07/ILLUSTRATION 7.38.png (PNG copy)>]
<../textbookForPractice/Figures/Ch_07/ILLUSTRATION 7.39.png, id=1408, 1151.0503
1pt x 693.34032pt>
File: ../textbookForPractice/Figures/Ch_07/ILLUSTRATION 7.39.png Graphic file (
type png)
<use ../textbookForPractice/Figures/Ch_07/ILLUSTRATION 7.39.png>
Package pdftex.def Info: ../textbookForPractice/Figures/Ch_07/ILLUSTRATION 7.39
.png  used on input line 442.
(pdftex.def)             Requested size: 303.05975pt x 182.5494pt.
[50

 <../textbookForPractice/Figures/Ch_07/ILLUSTRATION 7.39.png (PNG copy)>]
<../textbookForPractice/Figures/Ch_07/ILLUSTRATION 7.40.png, id=1436, 1020.0609
4pt x 870.25125pt>
File: ../textbookForPractice/Figures/Ch_07/ILLUSTRATION 7.40.png Graphic file (
type png)
<use ../textbookForPractice/Figures/Ch_07/ILLUSTRATION 7.40.png>
Package pdftex.def Info: ../textbookForPractice/Figures/Ch_07/ILLUSTRATION 7.40
.png  used on input line 450.
(pdftex.def)             Requested size: 213.98564pt x 182.55898pt.

[51

 <../textbookForPractice/Figures/Ch_07/ILLUSTRATION 7.40.png (PNG copy)>]
<../textbookForPractice/Figures/Ch_07/ILLUSTRATION 7.41.png, id=1464, 805.50937
pt x 724.95844pt>
File: ../textbookForPractice/Figures/Ch_07/ILLUSTRATION 7.41.png Graphic file (
type png)
<use ../textbookForPractice/Figures/Ch_07/ILLUSTRATION 7.41.png>
Package pdftex.def Info: ../textbookForPractice/Figures/Ch_07/ILLUSTRATION 7.41
.png  used on input line 458.
(pdftex.def)             Requested size: 202.83948pt x 182.55553pt.

[52

 <../textbookForPractice/Figures/Ch_07/ILLUSTRATION 7.41.png (PNG copy)>]
<../textbookForPractice/Figures/Ch_07/ILLUSTRATION 7.42.png, id=1492, 1383.6693
7pt x 516.42938pt>
File: ../textbookForPractice/Figures/Ch_07/ILLUSTRATION 7.42.png Graphic file (
type png)
<use ../textbookForPractice/Figures/Ch_07/ILLUSTRATION 7.42.png>
Package pdftex.def Info: ../textbookForPractice/Figures/Ch_07/ILLUSTRATION 7.42
.png  used on input line 466.
(pdftex.def)             Requested size: 410.16356pt x 153.08607pt.

[53

 <../textbookForPractice/Figures/Ch_07/ILLUSTRATION 7.42.png (PNG copy)>]
<../textbookForPractice/Figures/Ch_07/ILLUSTRATION 7.43.png, id=1520, 1550.0409
4pt x 1314.41063pt>
File: ../textbookForPractice/Figures/Ch_07/ILLUSTRATION 7.43.png Graphic file (
type png)
<use ../textbookForPractice/Figures/Ch_07/ILLUSTRATION 7.43.png>
Package pdftex.def Info: ../textbookForPractice/Figures/Ch_07/ILLUSTRATION 7.43
.png  used on input line 474.
(pdftex.def)             Requested size: 215.27768pt x 182.55212pt.

[54

 <../textbookForPractice/Figures/Ch_07/ILLUSTRATION 7.43.png (PNG copy)>]
[55

]
<../textbookForPractice/Figures/Ch_07/ILLUSTRATION 7.44.png, id=1576, 1340.0062
6pt x 1282.7925pt>
File: ../textbookForPractice/Figures/Ch_07/ILLUSTRATION 7.44.png Graphic file (
type png)
<use ../textbookForPractice/Figures/Ch_07/ILLUSTRATION 7.44.png>
Package pdftex.def Info: ../textbookForPractice/Figures/Ch_07/ILLUSTRATION 7.44
.png  used on input line 490.
(pdftex.def)             Requested size: 190.68706pt x 182.54536pt.
 [56

 <../textbookForPractice/Figures/Ch_07/ILLUSTRATION 7.44.png (PNG copy)>]
<../textbookForPractice/Figures/Ch_07/ILLUSTRATION 7.45.png, id=1604, 1547.7825
pt x 1315.16344pt>
File: ../textbookForPractice/Figures/Ch_07/ILLUSTRATION 7.45.png Graphic file (
type png)
<use ../textbookForPractice/Figures/Ch_07/ILLUSTRATION 7.45.png>
Package pdftex.def Info: ../textbookForPractice/Figures/Ch_07/ILLUSTRATION 7.45
.png  used on input line 498.
(pdftex.def)             Requested size: 214.84593pt x 182.55634pt.
 [57

 <../textbookForPractice/Figures/Ch_07/ILLUSTRATION 7.45.png (PNG copy)>]
<../textbookForPractice/Figures/Ch_07/ILLUSTRATION 7.46.png, id=1632, 1454.4337
5pt x 1493.58pt>
File: ../textbookForPractice/Figures/Ch_07/ILLUSTRATION 7.46.png Graphic file (
type png)
<use ../textbookForPractice/Figures/Ch_07/ILLUSTRATION 7.46.png>
Package pdftex.def Info: ../textbookForPractice/Figures/Ch_07/ILLUSTRATION 7.46
.png  used on input line 506.
(pdftex.def)             Requested size: 177.76466pt x 182.54922pt.
[58

 <../textbookForPractice/Figures/Ch_07/ILLUSTRATION 7.46.png (PNG copy)>]
<../textbookForPractice/Figures/Ch_07/ILLUSTRATION 7.47.png, id=1660, 1118.6793
8pt x 648.17157pt>
File: ../textbookForPractice/Figures/Ch_07/ILLUSTRATION 7.47.png Graphic file (
type png)
<use ../textbookForPractice/Figures/Ch_07/ILLUSTRATION 7.47.png>
Package pdftex.def Info: ../textbookForPractice/Figures/Ch_07/ILLUSTRATION 7.47
.png  used on input line 514.
(pdftex.def)             Requested size: 315.07161pt x 182.55495pt.

[59

 <../textbookForPractice/Figures/Ch_07/ILLUSTRATION 7.47.png (PNG copy)>]
<../textbookForPractice/Figures/Ch_07/ILLUSTRATION 7.48.png, id=1688, 797.22844
pt x 705.38531pt>
File: ../textbookForPractice/Figures/Ch_07/ILLUSTRATION 7.48.png Graphic file (
type png)
<use ../textbookForPractice/Figures/Ch_07/ILLUSTRATION 7.48.png>
Package pdftex.def Info: ../textbookForPractice/Figures/Ch_07/ILLUSTRATION 7.48
.png  used on input line 522.
(pdftex.def)             Requested size: 206.32565pt x 182.55632pt.

[60

 <../textbookForPractice/Figures/Ch_07/ILLUSTRATION 7.48.png (PNG copy)>]
<../textbookForPractice/Figures/Ch_07/ILLUSTRATION 7.49.png, id=1716, 973.38657
pt x 742.27313pt>
File: ../textbookForPractice/Figures/Ch_07/ILLUSTRATION 7.49.png Graphic file (
type png)
<use ../textbookForPractice/Figures/Ch_07/ILLUSTRATION 7.49.png>
Package pdftex.def Info: ../textbookForPractice/Figures/Ch_07/ILLUSTRATION 7.49
.png  used on input line 530.
(pdftex.def)             Requested size: 239.39523pt x 182.55507pt.

[61

 <../textbookForPractice/Figures/Ch_07/ILLUSTRATION 7.49.png (PNG copy)>]
<../textbookForPractice/Figures/Ch_07/ILLUSTRATION 7.50.png, id=1745, 593.21625
pt x 266.49562pt>
File: ../textbookForPractice/Figures/Ch_07/ILLUSTRATION 7.50.png Graphic file (
type png)
<use ../textbookForPractice/Figures/Ch_07/ILLUSTRATION 7.50.png>
Package pdftex.def Info: ../textbookForPractice/Figures/Ch_07/ILLUSTRATION 7.50
.png  used on input line 538.
(pdftex.def)             Requested size: 406.37784pt x 182.5606pt.

[62

 <../textbookForPractice/Figures/Ch_07/ILLUSTRATION 7.50.png (PNG copy)>]
<../textbookForPractice/Figures/Ch_07/ILLUSTRATION 7.51.png, id=1773, 1273.0059
4pt x 689.57625pt>
File: ../textbookForPractice/Figures/Ch_07/ILLUSTRATION 7.51.png Graphic file (
type png)
<use ../textbookForPractice/Figures/Ch_07/ILLUSTRATION 7.51.png>
Package pdftex.def Info: ../textbookForPractice/Figures/Ch_07/ILLUSTRATION 7.51
.png  used on input line 546.
(pdftex.def)             Requested size: 337.01476pt x 182.55795pt.

[63

 <../textbookForPractice/Figures/Ch_07/ILLUSTRATION 7.51.png (PNG copy)>]
<../textbookForPractice/Figures/Ch_07/ILLUSTRATION 7.52.png, id=1801, 1103.6231
2pt x 688.07062pt>
File: ../textbookForPractice/Figures/Ch_07/ILLUSTRATION 7.52.png Graphic file (
type png)
<use ../textbookForPractice/Figures/Ch_07/ILLUSTRATION 7.52.png>
Package pdftex.def Info: ../textbookForPractice/Figures/Ch_07/ILLUSTRATION 7.52
.png  used on input line 554.
(pdftex.def)             Requested size: 292.79553pt x 182.54782pt.

[64

 <../textbookForPractice/Figures/Ch_07/ILLUSTRATION 7.52.png (PNG copy)>]
[65

]
<../textbookForPractice/Figures/Ch_07/BE 7.6.png, id=1856, 1056.94875pt x 534.4
9687pt>
File: ../textbookForPractice/Figures/Ch_07/BE 7.6.png Graphic file (type png)
<use ../textbookForPractice/Figures/Ch_07/BE 7.6.png>
Package pdftex.def Info: ../textbookForPractice/Figures/Ch_07/BE 7.6.png  used 
on input line 579.
(pdftex.def)             Requested size: 215.8695pt x 109.16478pt.
LaTeX Font Info:    Trying to load font information for OT1+lmr on input line 5
79.
 (C:\Users\thanh\AppData\Local\Programs\MiKTeX\tex/latex/lm\ot1lmr.fd
File: ot1lmr.fd 2015/05/01 v1.6.1 Font defs for Latin Modern
)
LaTeX Font Info:    Trying to load font information for OML+lmm on input line 5
79.

(C:\Users\thanh\AppData\Local\Programs\MiKTeX\tex/latex/lm\omllmm.fd
File: omllmm.fd 2015/05/01 v1.6.1 Font defs for Latin Modern
)
LaTeX Font Info:    Trying to load font information for OMS+lmsy on input line 
579.

(C:\Users\thanh\AppData\Local\Programs\MiKTeX\tex/latex/lm\omslmsy.fd
File: omslmsy.fd 2015/05/01 v1.6.1 Font defs for Latin Modern
)
LaTeX Font Info:    Trying to load font information for OMX+lmex on input line 
579.

(C:\Users\thanh\AppData\Local\Programs\MiKTeX\tex/latex/lm\omxlmex.fd
File: omxlmex.fd 2015/05/01 v1.6.1 Font defs for Latin Modern
)
LaTeX Font Info:    External font `lmex10' loaded for size
(Font)              <12> on input line 579.
LaTeX Font Info:    External font `lmex10' loaded for size
(Font)              <8> on input line 579.
LaTeX Font Info:    External font `lmex10' loaded for size
(Font)              <6> on input line 579.
LaTeX Font Info:    Trying to load font information for U+msa on input line 579
.

(C:\Users\thanh\AppData\Local\Programs\MiKTeX\tex/latex/amsfonts\umsa.fd
File: umsa.fd 2013/01/14 v3.01 AMS symbols A
)
LaTeX Font Info:    Trying to load font information for U+msb on input line 579
.

(C:\Users\thanh\AppData\Local\Programs\MiKTeX\tex/latex/amsfonts\umsb.fd
File: umsb.fd 2013/01/14 v3.01 AMS symbols B
)
<../textbookForPractice/Figures/Ch_07/BE 7.7.png, id=1857, 392.96812pt x 176.91
093pt>
File: ../textbookForPractice/Figures/Ch_07/BE 7.7.png Graphic file (type png)
<use ../textbookForPractice/Figures/Ch_07/BE 7.7.png>
Package pdftex.def Info: ../textbookForPractice/Figures/Ch_07/BE 7.7.png  used 
on input line 579.
(pdftex.def)             Requested size: 215.88129pt x 97.18793pt.

[66

 <../textbookForPractice/Figures/Ch_07/BE 7.6.png (PNG copy)> <../textbookForPr
actice/Figures/Ch_07/BE 7.7.png (PNG copy)>]
<../textbookForPractice/Figures/Ch_07/BE 7.8.png, id=1885, 1248.16313pt x 938.0
0438pt>
File: ../textbookForPractice/Figures/Ch_07/BE 7.8.png Graphic file (type png)
<use ../textbookForPractice/Figures/Ch_07/BE 7.8.png>
Package pdftex.def Info: ../textbookForPractice/Figures/Ch_07/BE 7.8.png  used 
on input line 596.
(pdftex.def)             Requested size: 215.86069pt x 162.221pt.
<../textbookForPractice/Figures/Ch_07/BE 7.9.png, id=1886, 919.18407pt x 132.49
5pt>
File: ../textbookForPractice/Figures/Ch_07/BE 7.9.png Graphic file (type png)
<use ../textbookForPractice/Figures/Ch_07/BE 7.9.png>
Package pdftex.def Info: ../textbookForPractice/Figures/Ch_07/BE 7.9.png  used 
on input line 596.
(pdftex.def)             Requested size: 215.86803pt x 31.1161pt.
 [67

 <../textbookForPractice/Figures/Ch_07/BE 7.8.png (PNG copy)> <../textbookForPr
actice/Figures/Ch_07/BE 7.9.png (PNG copy)>]
<../textbookForPractice/Figures/Ch_07/BE 7.10.png, id=1915, 825.83531pt x 158.0
9062pt>
File: ../textbookForPractice/Figures/Ch_07/BE 7.10.png Graphic file (type png)
<use ../textbookForPractice/Figures/Ch_07/BE 7.10.png>
Package pdftex.def Info: ../textbookForPractice/Figures/Ch_07/BE 7.10.png  used
 on input line 613.
(pdftex.def)             Requested size: 215.87143pt x 41.32451pt.
<../textbookForPractice/Figures/Ch_07/BE 7.11A.png, id=1916, 1425.07407pt x 766
.36313pt>
File: ../textbookForPractice/Figures/Ch_07/BE 7.11A.png Graphic file (type png)

<use ../textbookForPractice/Figures/Ch_07/BE 7.11A.png>
Package pdftex.def Info: ../textbookForPractice/Figures/Ch_07/BE 7.11A.png  use
d on input line 613.
(pdftex.def)             Requested size: 215.86113pt x 116.0838pt.
 [68

 <../textbookForPractice/Figures/Ch_07/BE 7.10.png (PNG copy)> <../textbookForP
ractice/Figures/Ch_07/BE 7.11A.png (PNG copy)>]
<../textbookForPractice/Figures/Ch_07/BE 7.11B.png, id=1944, 1150.2975pt x 429.
85594pt>
File: ../textbookForPractice/Figures/Ch_07/BE 7.11B.png Graphic file (type png)

<use ../textbookForPractice/Figures/Ch_07/BE 7.11B.png>
Package pdftex.def Info: ../textbookForPractice/Figures/Ch_07/BE 7.11B.png  use
d on input line 630.
(pdftex.def)             Requested size: 215.87332pt x 80.66994pt.
<../textbookForPractice/Figures/Ch_07/BE 7.12A.png, id=1945, 1454.43375pt x 804
.75656pt>
File: ../textbookForPractice/Figures/Ch_07/BE 7.12A.png Graphic file (type png)

<use ../textbookForPractice/Figures/Ch_07/BE 7.12A.png>
Package pdftex.def Info: ../textbookForPractice/Figures/Ch_07/BE 7.12A.png  use
d on input line 630.
(pdftex.def)             Requested size: 215.86978pt x 119.44347pt.
 [69

 <../textbookForPractice/Figures/Ch_07/BE 7.11B.png (PNG copy)> <../textbookFor
Practice/Figures/Ch_07/BE 7.12A.png (PNG copy)>]
<../textbookForPractice/Figures/Ch_07/BE 7.12B.png, id=1973, 1568.86125pt x 417
.05812pt>
File: ../textbookForPractice/Figures/Ch_07/BE 7.12B.png Graphic file (type png)

<use ../textbookForPractice/Figures/Ch_07/BE 7.12B.png>
Package pdftex.def Info: ../textbookForPractice/Figures/Ch_07/BE 7.12B.png  use
d on input line 638.
(pdftex.def)             Requested size: 410.14456pt x 109.03075pt.
 [70

 <../textbookForPractice/Figures/Ch_07/BE 7.12B.png (PNG copy)>] [71

]
<../textbookForPractice/Figures/Ch_07/EX 7.3.png, id=2028, 534.49687pt x 323.70
938pt>
File: ../textbookForPractice/Figures/Ch_07/EX 7.3.png Graphic file (type png)
<use ../textbookForPractice/Figures/Ch_07/EX 7.3.png>
Package pdftex.def Info: ../textbookForPractice/Figures/Ch_07/EX 7.3.png  used 
on input line 663.
(pdftex.def)             Requested size: 215.87466pt x 130.741pt.
<../textbookForPractice/Figures/Ch_07/EX 7.4.png, id=2029, 545.78906pt x 386.94
562pt>
File: ../textbookForPractice/Figures/Ch_07/EX 7.4.png Graphic file (type png)
<use ../textbookForPractice/Figures/Ch_07/EX 7.4.png>
Package pdftex.def Info: ../textbookForPractice/Figures/Ch_07/EX 7.4.png  used 
on input line 663.
(pdftex.def)             Requested size: 215.87163pt x 153.04553pt.
 [72

 <../textbookForPractice/Figures/Ch_07/EX 7.3.png (PNG copy)> <../textbookForPr
actice/Figures/Ch_07/EX 7.4.png (PNG copy)>]
<../textbookForPractice/Figures/Ch_07/EX 7.5.png, id=2057, 1135.24126pt x 1032.
10594pt>
File: ../textbookForPractice/Figures/Ch_07/EX 7.5.png Graphic file (type png)
<use ../textbookForPractice/Figures/Ch_07/EX 7.5.png>
Package pdftex.def Info: ../textbookForPractice/Figures/Ch_07/EX 7.5.png  used 
on input line 680.
(pdftex.def)             Requested size: 187.41066pt x 170.38463pt.
<../textbookForPractice/Figures/Ch_07/EX 7.6.png, id=2058, 947.79094pt x 971.88
094pt>
File: ../textbookForPractice/Figures/Ch_07/EX 7.6.png Graphic file (type png)
<use ../textbookForPractice/Figures/Ch_07/EX 7.6.png>
Package pdftex.def Info: ../textbookForPractice/Figures/Ch_07/EX 7.6.png  used 
on input line 680.
(pdftex.def)             Requested size: 166.15514pt x 170.3783pt.
 [73

 <../textbookForPractice/Figures/Ch_07/EX 7.5.png (PNG copy)> <../textbookForPr
actice/Figures/Ch_07/EX 7.6.png (PNG copy)>]
<../textbookForPractice/Figures/Ch_07/EX 7.7.png, id=2087, 925.20656pt x 660.96
938pt>
File: ../textbookForPractice/Figures/Ch_07/EX 7.7.png Graphic file (type png)
<use ../textbookForPractice/Figures/Ch_07/EX 7.7.png>
Package pdftex.def Info: ../textbookForPractice/Figures/Ch_07/EX 7.7.png  used 
on input line 697.
(pdftex.def)             Requested size: 215.87064pt x 154.2184pt.
<../textbookForPractice/Figures/Ch_07/EX 7.8.png, id=2088, 921.4425pt x 567.620
62pt>
File: ../textbookForPractice/Figures/Ch_07/EX 7.8.png Graphic file (type png)
<use ../textbookForPractice/Figures/Ch_07/EX 7.8.png>
Package pdftex.def Info: ../textbookForPractice/Figures/Ch_07/EX 7.8.png  used 
on input line 697.
(pdftex.def)             Requested size: 215.86414pt x 132.97511pt.
 [74

 <../textbookForPractice/Figures/Ch_07/EX 7.7.png (PNG copy)> <../textbookForPr
actice/Figures/Ch_07/EX 7.8.png (PNG copy)>]
<../textbookForPractice/Figures/Ch_07/EX 7.9.png, id=2116, 1436.36626pt x 928.9
7063pt>
File: ../textbookForPractice/Figures/Ch_07/EX 7.9.png Graphic file (type png)
<use ../textbookForPractice/Figures/Ch_07/EX 7.9.png>
Package pdftex.def Info: ../textbookForPractice/Figures/Ch_07/EX 7.9.png  used 
on input line 714.
(pdftex.def)             Requested size: 215.86206pt x 139.6089pt.
<../textbookForPractice/Figures/Ch_07/EX 7.10A.png, id=2117, 375.65344pt x 584.
1825pt>
File: ../textbookForPractice/Figures/Ch_07/EX 7.10A.png Graphic file (type png)

<use ../textbookForPractice/Figures/Ch_07/EX 7.10A.png>
Package pdftex.def Info: ../textbookForPractice/Figures/Ch_07/EX 7.10A.png  use
d on input line 714.
(pdftex.def)             Requested size: 109.5615pt x 170.38019pt.
 [75

 <../textbookForPractice/Figures/Ch_07/EX 7.9.png (PNG copy)> <../textbookForPr
actice/Figures/Ch_07/EX 7.10A.png (PNG copy)>]
<../textbookForPractice/Figures/Ch_07/EX 7.10B.png, id=2145, 1279.02844pt x 374
.14781pt>
File: ../textbookForPractice/Figures/Ch_07/EX 7.10B.png Graphic file (type png)

<use ../textbookForPractice/Figures/Ch_07/EX 7.10B.png>
Package pdftex.def Info: ../textbookForPractice/Figures/Ch_07/EX 7.10B.png  use
d on input line 731.
(pdftex.def)             Requested size: 215.87065pt x 63.14755pt.
<../textbookForPractice/Figures/Ch_07/EX 7.11.png, id=2146, 787.44188pt x 415.5
525pt>
File: ../textbookForPractice/Figures/Ch_07/EX 7.11.png Graphic file (type png)
<use ../textbookForPractice/Figures/Ch_07/EX 7.11.png>
Package pdftex.def Info: ../textbookForPractice/Figures/Ch_07/EX 7.11.png  used
 on input line 731.
(pdftex.def)             Requested size: 215.86832pt x 113.91902pt.
 [76

 <../textbookForPractice/Figures/Ch_07/EX 7.10B.png (PNG copy)> <../textbookFor
Practice/Figures/Ch_07/EX 7.11.png (PNG copy)>]
<../textbookForPractice/Figures/Ch_07/EX 7.12.png, id=2174, 995.21812pt x 446.4
1782pt>
File: ../textbookForPractice/Figures/Ch_07/EX 7.12.png Graphic file (type png)
<use ../textbookForPractice/Figures/Ch_07/EX 7.12.png>
Package pdftex.def Info: ../textbookForPractice/Figures/Ch_07/EX 7.12.png  used
 on input line 748.
(pdftex.def)             Requested size: 215.86595pt x 96.82942pt.
<../textbookForPractice/Figures/Ch_07/EX 7.13.png, id=2175, 1148.03906pt x 332.
74312pt>
File: ../textbookForPractice/Figures/Ch_07/EX 7.13.png Graphic file (type png)
<use ../textbookForPractice/Figures/Ch_07/EX 7.13.png>
Package pdftex.def Info: ../textbookForPractice/Figures/Ch_07/EX 7.13.png  used
 on input line 748.
(pdftex.def)             Requested size: 215.8699pt x 62.56688pt.
 [77

 <../textbookForPractice/Figures/Ch_07/EX 7.12.png (PNG copy)> <../textbookForP
ractice/Figures/Ch_07/EX 7.13.png (PNG copy)>]
<../textbookForPractice/Figures/Ch_07/EX 7.14.png, id=2203, 539.01375pt x 581.1
7125pt>
File: ../textbookForPractice/Figures/Ch_07/EX 7.14.png Graphic file (type png)
<use ../textbookForPractice/Figures/Ch_07/EX 7.14.png>
Package pdftex.def Info: ../textbookForPractice/Figures/Ch_07/EX 7.14.png  used
 on input line 765.
(pdftex.def)             Requested size: 158.02893pt x 170.38875pt.
<../textbookForPractice/Figures/Ch_07/EX 7.15.png, id=2204, 1263.21938pt x 763.
35187pt>
File: ../textbookForPractice/Figures/Ch_07/EX 7.15.png Graphic file (type png)
<use ../textbookForPractice/Figures/Ch_07/EX 7.15.png>
Package pdftex.def Info: ../textbookForPractice/Figures/Ch_07/EX 7.15.png  used
 on input line 765.
(pdftex.def)             Requested size: 215.86241pt x 130.44366pt.
 [78

 <../textbookForPractice/Figures/Ch_07/EX 7.14.png (PNG copy)> <../textbookForP
ractice/Figures/Ch_07/EX 7.15.png (PNG copy)>]
<../textbookForPractice/Figures/Ch_07/LO 2.10.png, id=2232, 1184.92688pt x 557.
08125pt>
File: ../textbookForPractice/Figures/Ch_07/LO 2.10.png Graphic file (type png)
<use ../textbookForPractice/Figures/Ch_07/LO 2.10.png>
Package pdftex.def Info: ../textbookForPractice/Figures/Ch_07/LO 2.10.png  used
 on input line 773.
(pdftex.def)             Requested size: 388.29692pt x 182.55382pt.
 [79

 <../textbookForPractice/Figures/Ch_07/LO 2.10.png (PNG copy)>]
<../textbookForPractice/Figures/Ch_07/LO 2.11.png, id=2261, 370.38374pt x 258.9
675pt>
File: ../textbookForPractice/Figures/Ch_07/LO 2.11.png Graphic file (type png)
<use ../textbookForPractice/Figures/Ch_07/LO 2.11.png>
Package pdftex.def Info: ../textbookForPractice/Figures/Ch_07/LO 2.11.png  used
 on input line 781.
(pdftex.def)             Requested size: 261.10927pt x 182.5642pt.
 [80

 <../textbookForPractice/Figures/Ch_07/LO 2.11.png (PNG copy)>]
<../textbookForPractice/Figures/Ch_07/LO 2.14.png, id=2289, 1268.48906pt x 767.
11594pt>
File: ../textbookForPractice/Figures/Ch_07/LO 2.14.png Graphic file (type png)
<use ../textbookForPractice/Figures/Ch_07/LO 2.14.png>
Package pdftex.def Info: ../textbookForPractice/Figures/Ch_07/LO 2.14.png  used
 on input line 789.
(pdftex.def)             Requested size: 301.86931pt x 182.55478pt.
 [81

 <../textbookForPractice/Figures/Ch_07/LO 2.14.png (PNG copy)>]
<../textbookForPractice/Figures/Ch_07/LO 2.14_1.png, id=2317, 837.1275pt x 545.
03625pt>
File: ../textbookForPractice/Figures/Ch_07/LO 2.14_1.png Graphic file (type png
)
<use ../textbookForPractice/Figures/Ch_07/LO 2.14_1.png>
Package pdftex.def Info: ../textbookForPractice/Figures/Ch_07/LO 2.14_1.png  us
ed on input line 797.
(pdftex.def)             Requested size: 280.39154pt x 182.55708pt.
 [82

 <../textbookForPractice/Figures/Ch_07/LO 2.14_1.png (PNG copy)>]
<../textbookForPractice/Figures/Ch_07/LO 2.15.png, id=2345, 1020.06094pt x 539.
01375pt>
File: ../textbookForPractice/Figures/Ch_07/LO 2.15.png Graphic file (type png)
<use ../textbookForPractice/Figures/Ch_07/LO 2.15.png>
Package pdftex.def Info: ../textbookForPractice/Figures/Ch_07/LO 2.15.png  used
 on input line 805.
(pdftex.def)             Requested size: 345.47755pt x 182.55492pt.
 [83

 <../textbookForPractice/Figures/Ch_07/LO 2.15.png (PNG copy)>]
<../textbookForPractice/Figures/Ch_07/LO 3.15.png, id=2373, 1458.19781pt x 648.
17157pt>
File: ../textbookForPractice/Figures/Ch_07/LO 3.15.png Graphic file (type png)
<use ../textbookForPractice/Figures/Ch_07/LO 3.15.png>
Package pdftex.def Info: ../textbookForPractice/Figures/Ch_07/LO 3.15.png  used
 on input line 813.
(pdftex.def)             Requested size: 410.16162pt x 182.31758pt.
 [84

 <../textbookForPractice/Figures/Ch_07/LO 3.15.png (PNG copy)>]
<../textbookForPractice/Figures/Ch_07/LO 3.16.png, id=2401, 1338.50063pt x 758.
835pt>
File: ../textbookForPractice/Figures/Ch_07/LO 3.16.png Graphic file (type png)
<use ../textbookForPractice/Figures/Ch_07/LO 3.16.png>
Package pdftex.def Info: ../textbookForPractice/Figures/Ch_07/LO 3.16.png  used
 on input line 821.
(pdftex.def)             Requested size: 322.0024pt x 182.55254pt.

[85

 <../textbookForPractice/Figures/Ch_07/LO 3.16.png (PNG copy)>]
<../textbookForPractice/Figures/Ch_07/LO 3.17.png, id=2430, 627.84563pt x 191.2
1437pt>
File: ../textbookForPractice/Figures/Ch_07/LO 3.17.png Graphic file (type png)
<use ../textbookForPractice/Figures/Ch_07/LO 3.17.png>
Package pdftex.def Info: ../textbookForPractice/Figures/Ch_07/LO 3.17.png  used
 on input line 829.
(pdftex.def)             Requested size: 410.15454pt x 124.91516pt.
 [86

 <../textbookForPractice/Figures/Ch_07/LO 3.17.png (PNG copy)>]
<../textbookForPractice/Figures/Ch_07/LO 3.18.png, id=2458, 1373.88281pt x 752.
0597pt>
File: ../textbookForPractice/Figures/Ch_07/LO 3.18.png Graphic file (type png)
<use ../textbookForPractice/Figures/Ch_07/LO 3.18.png>
Package pdftex.def Info: ../textbookForPractice/Figures/Ch_07/LO 3.18.png  used
 on input line 837.
(pdftex.def)             Requested size: 333.49112pt x 182.55212pt.
 [87

 <../textbookForPractice/Figures/Ch_07/LO 3.18.png (PNG copy)>]
<../textbookForPractice/Figures/Ch_07/LO 3.19.png, id=2486, 762.59906pt x 371.8
8937pt>
File: ../textbookForPractice/Figures/Ch_07/LO 3.19.png Graphic file (type png)
<use ../textbookForPractice/Figures/Ch_07/LO 3.19.png>
Package pdftex.def Info: ../textbookForPractice/Figures/Ch_07/LO 3.19.png  used
 on input line 845.
(pdftex.def)             Requested size: 374.36336pt x 182.56218pt.
 [88

 <../textbookForPractice/Figures/Ch_07/LO 3.19.png (PNG copy)>]
<../textbookForPractice/Figures/Ch_07/LO 3.20A.png, id=2514, 723.45282pt x 166.
37157pt>
File: ../textbookForPractice/Figures/Ch_07/LO 3.20A.png Graphic file (type png)

<use ../textbookForPractice/Figures/Ch_07/LO 3.20A.png>
Package pdftex.def Info: ../textbookForPractice/Figures/Ch_07/LO 3.20A.png  use
d on input line 853.
(pdftex.def)             Requested size: 410.1646pt x 94.32504pt.
 [89

 <../textbookForPractice/Figures/Ch_07/LO 3.20A.png (PNG copy)>]
<../textbookForPractice/Figures/Ch_07/LO 3.20B.png, id=2542, 1463.4675pt x 590.
205pt>
File: ../textbookForPractice/Figures/Ch_07/LO 3.20B.png Graphic file (type png)

<use ../textbookForPractice/Figures/Ch_07/LO 3.20B.png>
Package pdftex.def Info: ../textbookForPractice/Figures/Ch_07/LO 3.20B.png  use
d on input line 861.
(pdftex.def)             Requested size: 410.14774pt x 165.40936pt.
 [90

 <../textbookForPractice/Figures/Ch_07/LO 3.20B.png (PNG copy)>]
<../textbookForPractice/Figures/Ch_07/LO 3.20C.png, id=2570, 730.98094pt x 401.
24907pt>
File: ../textbookForPractice/Figures/Ch_07/LO 3.20C.png Graphic file (type png)

<use ../textbookForPractice/Figures/Ch_07/LO 3.20C.png>
Package pdftex.def Info: ../textbookForPractice/Figures/Ch_07/LO 3.20C.png  use
d on input line 869.
(pdftex.def)             Requested size: 332.57454pt x 182.55635pt.
 [91

 <../textbookForPractice/Figures/Ch_07/LO 3.20C.png (PNG copy)>]
<../textbookForPractice/Figures/Ch_07/LO 3.20A_1.png, id=2599, 1487.5575pt x 58
8.69937pt>
File: ../textbookForPractice/Figures/Ch_07/LO 3.20A_1.png Graphic file (type pn
g)
<use ../textbookForPractice/Figures/Ch_07/LO 3.20A_1.png>
Package pdftex.def Info: ../textbookForPractice/Figures/Ch_07/LO 3.20A_1.png  u
sed on input line 877.
(pdftex.def)             Requested size: 410.15775pt x 162.3195pt.

[92

 <../textbookForPractice/Figures/Ch_07/LO 3.20A_1.png (PNG copy)>]
<../textbookForPractice/Figures/Ch_07/LO 3.20A_2.png, id=2627, 723.45282pt x 40
1.24907pt>
File: ../textbookForPractice/Figures/Ch_07/LO 3.20A_2.png Graphic file (type pn
g)
<use ../textbookForPractice/Figures/Ch_07/LO 3.20A_2.png>
Package pdftex.def Info: ../textbookForPractice/Figures/Ch_07/LO 3.20A_2.png  u
sed on input line 885.
(pdftex.def)             Requested size: 329.14948pt x 182.55635pt.
 [93

 <../textbookForPractice/Figures/Ch_07/LO 3.20A_2.png (PNG copy)>]
<../textbookForPractice/Figures/Ch_07/Info 7.0.png, id=2655, 1462.71469pt x 925
.95938pt>
File: ../textbookForPractice/Figures/Ch_07/Info 7.0.png Graphic file (type png)

<use ../textbookForPractice/Figures/Ch_07/Info 7.0.png>
Package pdftex.def Info: ../textbookForPractice/Figures/Ch_07/Info 7.0.png  use
d on input line 893.
(pdftex.def)             Requested size: 288.36406pt x 182.54648pt.
 [94

 <../textbookForPractice/Figures/Ch_07/Info 7.0.png (PNG copy)>]
<../textbookForPractice/Figures/Ch_07/Apply It 7.1A.png, id=2683, 593.96906pt x
 883.80188pt>
File: ../textbookForPractice/Figures/Ch_07/Apply It 7.1A.png Graphic file (type
 png)
<use ../textbookForPractice/Figures/Ch_07/Apply It 7.1A.png>
Package pdftex.def Info: ../textbookForPractice/Figures/Ch_07/Apply It 7.1A.png
  used on input line 901.
(pdftex.def)             Requested size: 122.68889pt x 182.55609pt.
 [95

 <../textbookForPractice/Figures/Ch_07/Apply It 7.1A.png (PNG copy)>]
<../textbookForPractice/Figures/Ch_07/Apply It 7.1B.png, id=2711, 636.87938pt x
 225.09094pt>
File: ../textbookForPractice/Figures/Ch_07/Apply It 7.1B.png Graphic file (type
 png)
<use ../textbookForPractice/Figures/Ch_07/Apply It 7.1B.png>
Package pdftex.def Info: ../textbookForPractice/Figures/Ch_07/Apply It 7.1B.png
  used on input line 909.
(pdftex.def)             Requested size: 410.15724pt x 144.961pt.
 [96

 <../textbookForPractice/Figures/Ch_07/Apply It 7.1B.png (PNG copy)>]
<../textbookForPractice/Figures/Ch_07/Apply It 7.2.png, id=2739, 1067.48813pt x
 994.46532pt>
File: ../textbookForPractice/Figures/Ch_07/Apply It 7.2.png Graphic file (type 
png)
<use ../textbookForPractice/Figures/Ch_07/Apply It 7.2.png>
Package pdftex.def Info: ../textbookForPractice/Figures/Ch_07/Apply It 7.2.png 
 used on input line 917.
(pdftex.def)             Requested size: 195.95108pt x 182.54681pt.
 [97

 <../textbookForPractice/Figures/Ch_07/Apply It 7.2.png (PNG copy)>]
<../textbookForPractice/Figures/Ch_07/Apply It 7.3A.png, id=2768, 1455.93938pt 
x 1491.32156pt>
File: ../textbookForPractice/Figures/Ch_07/Apply It 7.3A.png Graphic file (type
 png)
<use ../textbookForPractice/Figures/Ch_07/Apply It 7.3A.png>
Package pdftex.def Info: ../textbookForPractice/Figures/Ch_07/Apply It 7.3A.png
  used on input line 925.
(pdftex.def)             Requested size: 178.21529pt x 182.54626pt.
 [98

 <../textbookForPractice/Figures/Ch_07/Apply It 7.3A.png (PNG copy)>]
<../textbookForPractice/Figures/Ch_07/Apply It 7.3B.png, id=2796, 1219.55624pt 
x 856.70062pt>
File: ../textbookForPractice/Figures/Ch_07/Apply It 7.3B.png Graphic file (type
 png)
<use ../textbookForPractice/Figures/Ch_07/Apply It 7.3B.png>
Package pdftex.def Info: ../textbookForPractice/Figures/Ch_07/Apply It 7.3B.png
  used on input line 933.
(pdftex.def)             Requested size: 259.87337pt x 182.55302pt.
 [99

 <../textbookForPractice/Figures/Ch_07/Apply It 7.3B.png (PNG copy)>]
<../textbookForPractice/Figures/Ch_07/Apply It 7.3A_1.png, id=2824, 1214.28656p
t x 864.98157pt>
File: ../textbookForPractice/Figures/Ch_07/Apply It 7.3A_1.png Graphic file (ty
pe png)
<use ../textbookForPractice/Figures/Ch_07/Apply It 7.3A_1.png>
Package pdftex.def Info: ../textbookForPractice/Figures/Ch_07/Apply It 7.3A_1.p
ng  used on input line 941.
(pdftex.def)             Requested size: 256.26764pt x 182.54898pt.
 [100

 <../textbookForPractice/Figures/Ch_07/Apply It 7.3A_1.png (PNG copy)>]
<../textbookForPractice/Figures/Ch_07/Apply It 7.3A_2.png, id=2852, 1451.4225pt
 x 1493.58pt>
File: ../textbookForPractice/Figures/Ch_07/Apply It 7.3A_2.png Graphic file (ty
pe png)
<use ../textbookForPractice/Figures/Ch_07/Apply It 7.3A_2.png>
Package pdftex.def Info: ../textbookForPractice/Figures/Ch_07/Apply It 7.3A_2.p
ng  used on input line 949.
(pdftex.def)             Requested size: 177.39662pt x 182.54922pt.
 [101

 <../textbookForPractice/Figures/Ch_07/Apply It 7.3A_2.png (PNG copy)>]
<../textbookForPractice/Figures/Ch_07/NoTable 7.16.png, id=2880, 1346.78156pt x
 987.69pt>
File: ../textbookForPractice/Figures/Ch_07/NoTable 7.16.png Graphic file (type 
png)
<use ../textbookForPractice/Figures/Ch_07/NoTable 7.16.png>
Package pdftex.def Info: ../textbookForPractice/Figures/Ch_07/NoTable 7.16.png 
 used on input line 957.
(pdftex.def)             Requested size: 248.92464pt x 182.554pt.
 [102

 <../textbookForPractice/Figures/Ch_07/NoTable 7.16.png (PNG copy)>] [103

]
\tf@nav=\write6
\openout6 = `Slide_Practice_Ch07.nav'.

\tf@toc=\write7
\openout7 = `Slide_Practice_Ch07.toc'.

\tf@snm=\write8
\openout8 = `Slide_Practice_Ch07.snm'.

 (Slide_Practice_Ch07.aux
LaTeX Font Info:    Trying to load font information for OT1+lmss on input line 
8.

(C:\Users\thanh\AppData\Local\Programs\MiKTeX\tex/latex/lm\ot1lmss.fd
File: ot1lmss.fd 2015/05/01 v1.6.1 Font defs for Latin Modern
))
 ***********
LaTeX2e <2025-11-01>
L3 programming layer <2025-12-24>
 ***********
Package rerunfilecheck Info: File `Slide_Practice_Ch07.out' has not changed.
(rerunfilecheck)             Checksum: D41D8CD98F00B204E9800998ECF8427E;0.
 ) 
Here is how much of TeX's memory you used:
 28193 strings out of 467870
 585437 string characters out of 5418355
 916630 words of memory out of 5000000
 56296 multiletter control sequences out of 15000+600000
 700257 words of font info for 71 fonts, out of 8000000 for 9000
 1141 hyphenation exceptions out of 8191
 128i,15n,123p,423b,678s stack positions out of 10000i,1000n,20000p,200000b,200000s
<C:/Users/thanh/AppData/Local/Programs/MiKTeX/fonts/type1/public/lm/lmss10.pf
b><C:/Users/thanh/AppData/Local/Programs/MiKTeX/fonts/type1/public/lm/lmss12.pf
b><C:/Users/thanh/AppData/Local/Programs/MiKTeX/fonts/type1/public/lm/lmss17.pf
b><C:/Users/thanh/AppData/Local/Programs/MiKTeX/fonts/type1/public/lm/lmss8.pfb
><C:/Users/thanh/AppData/Local/Programs/MiKTeX/fonts/type1/public/lm/lmssbx10.p
fb><C:/Users/thanh/AppData/Local/Programs/MiKTeX/fonts/type1/public/lm/lmsso12.
pfb>
Output written on Slide_Practice_Ch07.pdf (103 pages, 10190016 bytes).
PDF statistics:
 3006 PDF objects out of 3580 (max. 8388607)
 207 named destinations out of 1000 (max. 500000)
 586 words of extra memory for PDF output out of 10000 (max. 10000000)

